Report Number,Local Case Number,Agency Name,ACRS Report Type,Crash Date/Time,Route Type,Road Name,Cross-Street Name,Off-Road Description,Municipality,Related Non-Motorist,Collision Type,Weather,Surface Condition,Light,Traffic Control,Driver Substance Abuse,Non-Motorist Substance Abuse,Person ID,Pedestrian Type,Pedestrian Movement,Pedestrian Actions,Pedestrian Location,At Fault,Injury Severity,Safety Equipment,Latitude,Longitude,Location
MCP30970039,240024980,MONTGOMERY,Injury Crash,05/26/2024 09:25:00 PM,US (State),COLESVILLE RD,,,,Pedestrian,Single Vehicle,Clear,Dry,Dark - Lighted,No Controls,"Not Suspect of Alcohol Use, Not Suspect of Drug Use","Not Suspect of Alcohol Use, Not Suspect of Drug Use",445CB442-1657-4D84-9E2A-B5BEF23CC755,Pedestrian,Cross/Enter Not at Intersection,"In Roadway Improperly (Standing, Lying, Working, Playing)",Travel Lane Other Location,Yes,Possible Injury,None,38.99774665,-77.02691171,"(38.99774665, -77.02691171)"
MCP3145004Q,240005352,MONTGOMERY,Injury Crash,02/02/2024 02:45:00 PM,Maryland (State) Route,NEW HAMPSHIRE AVE (SB/L),,,,Pedestrian,Single Vehicle,Clear,Dry,Daylight,Traffic Control Signal,"Not Suspect of Alcohol Use, Not Suspect of Drug Use","Suspect of Alcohol Use, Suspect of Drug Use",01777F13-C9D5-410D-AC88-C4049743D8D7,Pedestrian,Walking/Cycling on Sidewalk,"In Roadway Improperly (Standing, Lying, Working, Playing)",Sidewalk,No,Suspected Minor Injury,None,39.0206038,-76.97690901,"(39.0206038, -76.97690901)"
EJ78940044,240012277,GAITHERSBURG,Injury Crash,03/14/2024 02:34:00 PM,Maryland (State) Route,,WHETSTONE DR,,,Pedestrian,Single Vehicle,Clear,Dry,Daylight,No Controls,"Not Suspect of Alcohol Use, Not Suspect of Drug Use","Not Suspect of Alcohol Use, Not Suspect of Drug Use",6E4C0105-B0DF-476C-A8DE-2574943A0915,Pedestrian,Walking/Cycling on Sidewalk,None (No Improper Action),Sidewalk,No,Possible Injury,None,39.14769554,-77.20609231,"(39.14769554, -77.20609231)"
MCP33500035,240022827,MONTGOMERY,Injury Crash,05/14/2024 08:56:00 PM,County Route,OLD GEORGETOWN RD (SB/L),,,,Pedestrian,Other,Rain,Wet,Dark - Not Lighted,Traffic Control Signal,"Not Suspect of Alcohol Use, Not Suspect of Drug Use, Not Suspect of Alcohol Use, Not Suspect of Drug Use","Not Suspect of Alcohol Use, Not Suspect of Drug Use",841B6384-1750-475D-8B4A-030D66334AF9,Pedestrian,Other,None (No Improper Action),Midblock Marked Crosswalk,No,Suspected Minor Injury,None,39.04952927,-77.11431887,"(39.04952927, -77.11431887)"
MCP26670097,240022004,MONTGOMERY,Injury Crash,05/10/2024 07:30:00 AM,Maryland (State) Route,WOODFIELD RD (SB/L),,,,Cyclist (non-electric),Single Vehicle,Cloudy,Dry,Daylight,No Controls,"Not Suspect of Alcohol Use, Not Suspect of Drug Use","Unknown, Unknown",CE442334-8707-4CA7-9D11-8A7C204CD541,Cyclist (non-electric),Cross/Enter Not at Intersection,"In Roadway Improperly (Standing, Lying, Working, Playing)",Travel Lane Other Location,Yes,Suspected Serious Injury,"Helmet, Lighting, Reflective Wear (backpack, triangles, etc.)",39.16279636,-77.1707702,"(39.16279636, -77.1707702)"
MCP2799007T,240021515,MONTGOMERY,Injury Crash,05/07/2024 04:05:00 PM,County Route,FENTON ST,,,,Pedestrian,Single Vehicle,Clear,Dry,Daylight,No Controls,"Not Suspect of Alcohol Use, Not Suspect of Drug Use","Not Suspect of Alcohol Use, Not Suspect of Drug Use",5CB63A41-195E-49FB-97E2-B54D669379EE,Pedestrian,Cross/Enter at Intersection,"Inattentive (Talking, Eating, etc.)",Intersection Marked Crosswalk,No,Suspected Minor Injury,None,38.99536046,-77.02441446,"(38.99536046, -77.02441446)"
MCP3229001Y,240006253,MONTGOMERY,Injury Crash,02/08/2024 06:11:00 AM,County Route,FRIENDSHIP BLVD,,,,Scooter (electric),Single Vehicle,Clear,Dry,Dark - Lighted,No Controls,"Not Suspect of Alcohol Use, Not Suspect of Drug Use","Not Suspect of Alcohol Use, Not Suspect of Drug Use",D1404CC7-C67F-4281-A0A5-913480789725,Scooter (electric),Other,None (No Improper Action),Shoulder/Roadside,No,Suspected Minor Injury,None,38.96065304,-77.08796601,"(38.96065304, -77.08796601)"
MCP2656007B,240024940,MONTGOMERY,Property Damage Crash,05/26/2024 03:40:00 PM,County Route,WISTERIA DR,FATHER HURLEY BLVD,,,Pedestrian,Single Vehicle,Clear,Dry,Daylight,Traffic Control Signal,"Not Suspect of Alcohol Use, Not Suspect of Drug Use","Unknown, Not Suspect of Drug Use",53727E77-8B68-41F6-B420-8B0E599A5194,Pedestrian,Cross/Enter at Intersection,Unknown,Intersection Marked Crosswalk,No,No Apparent Injury,None,39.18155678,-77.27635162,"(39.18155678, -77.27635162)"
MCP3339003J,240009407,MONTGOMERY,Injury Crash,02/26/2024 06:41:00 PM,County Route,RANDOLPH RD,VEIRS MILL RD,,,Pedestrian,Single Vehicle,Clear,Dry,Dark - Lighted,Traffic Control Signal,"Unknown, Unknown","Not Suspect of Alcohol Use, Not Suspect of Drug Use",1EE5DB46-C9A5-43D1-B9B6-7AD5A95D1D50,Pedestrian,Cross/Enter at Intersection,Unknown,Intersection Marked Crosswalk,No,Suspected Minor Injury,None,39.05603947,-77.08254334,"(39.05603947, -77.08254334)"
DD5668000S,240006008,ROCKVILLE,Injury Crash,02/06/2024 06:10:00 PM,Municipality Route,,,,,Pedestrian,Front to Rear,Clear,Dry,Dark - Lighted,No Controls,"Not Suspect of Alcohol Use, Not Suspect of Drug Use, Not Suspect of Alcohol Use, Not Suspect of Drug Use","Not Suspect of Alcohol Use, Not Suspect of Drug Use",B6F6C801-CDD9-47A4-8FA2-B32DE85A4097,Pedestrian,Standing,None (No Improper Action),Sidewalk,No,Suspected Minor Injury,None,39.07846387,-77.11221092,"(39.07846387, -77.11221092)"
MCP31290093,240019902,MONTGOMERY,Property Damage Crash,04/29/2024 09:12:00 AM,County Route,BURNING BUSH LA,,,,"Other Pedestrian (person in a building, skater, personal conveyance, etc.)",Single Vehicle,Clear,Dry,Daylight,No Controls,"Not Suspect of Alcohol Use, Not Suspect of Drug Use","Not Suspect of Alcohol Use, Not Suspect of Drug Use",97755F8F-3F2C-4E6C-9A70-06587C1DA368,"Other Pedestrian (person in a building, skater, personal conveyance, etc.)",None,None (No Improper Action),Other,No,No Apparent Injury,None,39.089868,-77.05889183,"(39.089868, -77.05889183)"
MCP2231007W,240024589,MONTGOMERY,Injury Crash,05/24/2024 11:54:00 AM,Maryland (State) Route,,PHEASANT RUN DR W WATKINS MILL RD,,,Pedestrian,Single Vehicle,Cloudy,Dry,Daylight,Pedestrian Crossing,"Not Suspect of Alcohol Use, Not Suspect of Drug Use","Not Suspect of Alcohol Use, Not Suspect of Drug Use",C4DDE296-EF32-4A9C-B025-B6940E59029D,Pedestrian,Cross/Enter at Intersection,Dart/Dash,Intersection Marked Crosswalk,No,Suspected Minor Injury,None,39.14751986,-77.23289754,"(39.14751986, -77.23289754)"
MCP235800CL,240019794,MONTGOMERY,Injury Crash,04/28/2024 02:00:00 PM,County Route,LANDY LA,RIVER RD,,,Scooter (electric),Single Vehicle,Clear,Dry,Daylight,Pedestrian Crossing Sign,"Not Suspect of Alcohol Use, Not Suspect of Drug Use","Not Suspect of Alcohol Use, Not Suspect of Drug Use",14762609-5E77-4249-BA68-A130A1144B78,Scooter (electric),Cross/Enter Not at Intersection,None (No Improper Action),Intersection Marked Crosswalk,No,Suspected Minor Injury,None,38.96466414,-77.10328567,"(38.96466414, -77.10328567)"
DD55670045,240025636,ROCKVILLE,Injury Crash,05/30/2024 02:14:00 PM,Municipality Route,MAPLE AVE,BALTIMORE RD,,,Cyclist (non-electric),Single Vehicle,Clear,Dry,Daylight,No Controls,"Unknown, Unknown","Not Suspect of Alcohol Use, Not Suspect of Drug Use",754CBF79-DA36-42F6-BA8C-B515B8E84C9F,Cyclist (non-electric),Walking/Cycling Along Roadway With Traffic (In or Adjacent to Travel Lane),Improper Turn/Merge),Intersection Other,Yes,Suspected Minor Injury,None,39.08397212,-77.14064733,"(39.08397212, -77.14064733)"
MCP3085004J,240008772,MONTGOMERY,Injury Crash,02/22/2024 07:57:00 PM,Maryland (State) Route,CONNECTICUT AVE,EAST WEST HWY,,,Pedestrian,Single Vehicle,Rain,Wet,Dark - Lighted,Traffic Control Signal,"Not Suspect of Alcohol Use, Not Suspect of Drug Use","Not Suspect of Alcohol Use, Not Suspect of Drug Use",3A602CC9-9E1D-4D12-8F8F-426A9E87B709,Pedestrian,Cross/Enter Not at Intersection,Other,Travel Lane Other Location,No,Suspected Minor Injury,None,38.9879328,-77.07702617,"(38.9879328, -77.07702617)"
MCP3262003Y,240008357,MONTGOMERY,Injury Crash,02/20/2024 03:30:00 PM,County Route,BRIGGS CHANEY RD,GATESHEAD MANOR WAY,,,Pedestrian,Unknown,Clear,Dry,Daylight,Traffic Control Signal,"Not Suspect of Alcohol Use, Not Suspect of Drug Use","Not Suspect of Alcohol Use, Not Suspect of Drug Use",1EB96E25-C47F-45DF-AAC4-D7B98FAFDA21,Pedestrian,Cross/Enter at Intersection,None (No Improper Action),Intersection Marked Crosswalk,No,No Apparent Injury,None,39.07707533,-76.94250183,"(39.07707533, -76.94250183)"
MCP3391000T,240020219,MONTGOMERY,Injury Crash,04/30/2024 07:02:00 PM,County Route,REEDIE DR,TRIANGLE LA,,,Pedestrian,Single Vehicle,Clear,Dry,Daylight,Pedestrian Crossing Sign,"Not Suspect of Alcohol Use, Not Suspect of Drug Use","Not Suspect of Alcohol Use, Unknown",DF20D100-650D-46A5-A55E-92CC431BDA83,Pedestrian,Cross/Enter Not at Intersection,"Dart/Dash, In Roadway Improperly (Standing, Lying, Working, Playing), Inattentive (Talking, Eating, etc.)",Intersection Other,Yes,Suspected Minor Injury,None,39.03850063,-77.05172492,"(39.03850063, -77.05172492)"
DD56630010,240016375,ROCKVILLE,Injury Crash,04/08/2024 02:51:00 PM,Maryland (State) Route,ROCKVILLE PIKE (SB/L),,,,Cyclist (non-electric),Single Vehicle,Clear,Dry,Daylight,No Controls,"Not Suspect of Alcohol Use, Not Suspect of Drug Use","Not Suspect of Alcohol Use, Not Suspect of Drug Use",A69184A4-FAFB-4749-8A89-16F432C711AA,Cyclist (non-electric),Walking/Cycling on Sidewalk,None (No Improper Action),Sidewalk,No,Possible Injury,None,39.0661019,-77.1276435,"(39.0661019, -77.1276435)"
MCP3111007T,240006093,MONTGOMERY,Injury Crash,02/07/2024 09:30:00 AM,County Route,WOODMONT AVE,BETHESDA AVE,,,Pedestrian,Single Vehicle,Clear,Dry,Daylight,Traffic Control Signal,"Not Suspect of Alcohol Use, Not Suspect of Drug Use","Not Suspect of Alcohol Use, Not Suspect of Drug Use",A8131224-91A5-4E97-8DDC-4A5C6D1C88EC,Pedestrian,Cross/Enter at Intersection,"Failure to Obey Traffic Signs, Signals, or Officer, Inattentive (Talking, Eating, etc.)",Intersection Marked Crosswalk,Yes,Suspected Minor Injury,None,38.98099904,-77.0953276,"(38.98099904, -77.0953276)"
MCP25450017,240013443,MONTGOMERY,Injury Crash,03/21/2024 07:45:00 AM,County Route,ENNALLS AVE (EB/L),GRANDVIEW AVE GRANDVIEW AVE (SB/L),,,Pedestrian,Single Vehicle,Clear,Dry,Daylight,Stop Sign,"Not Suspect of Alcohol Use, Not Suspect of Drug Use","Not Suspect of Alcohol Use, Not Suspect of Drug Use",0BFC6851-FA64-49AE-8B8E-E2679ECB5B82,Pedestrian,Cross/Enter at Intersection,None (No Improper Action),Intersection Marked Crosswalk,No,Suspected Minor Injury,None,39.039995,-77.05283017,"(39.039995, -77.05283017)"
MCP302600CN,240013190,MONTGOMERY,Injury Crash,03/19/2024 04:32:00 PM,Municipality Route,EAST AVE,,,,Pedestrian,Single Vehicle,Clear,Dry,Daylight,Stop Sign,"Not Suspect of Alcohol Use, Not Suspect of Drug Use","Not Suspect of Alcohol Use, Not Suspect of Drug Use",5E6977EF-ACB5-40E8-8E27-AF68C48EC90C,Pedestrian,Cross/Enter at Intersection,None (No Improper Action),Intersection Marked Crosswalk,No,Suspected Minor Injury,None,38.9772305,-77.086782,"(38.9772305, -77.086782)"
MCP3387001B,240027052,MONTGOMERY,Injury Crash,06/07/2024 05:37:00 AM,County Route,TAMARACK RD,E RANDOLPH RD E RANDOLPH RD (WB/L),,,Pedestrian,Single Vehicle,Clear,Wet,Dawn,Traffic Control Signal,"Not Suspect of Alcohol Use, Not Suspect of Drug Use","Not Suspect of Alcohol Use, Not Suspect of Drug Use",729346F6-F89E-4620-B7B9-C467FF838551,Pedestrian,Cross/Enter at Intersection,None (No Improper Action),Intersection Marked Crosswalk,No,Suspected Minor Injury,None,39.0677689,-76.98574508,"(39.0677689, -76.98574508)"
MCP3396000H,240005414,MONTGOMERY,Injury Crash,02/02/2024 08:32:00 PM,Maryland (State) Route,OLNEY SANDY SPRING RD (WB/L),,,,Pedestrian,Single Vehicle,Clear,Dry,Dark - Lighted,No Controls,"Not Suspect of Alcohol Use, Not Suspect of Drug Use","Not Suspect of Alcohol Use, Unknown",57E4111C-834E-4B45-BDC1-346210B2F197,Pedestrian,Cross/Enter Not at Intersection,None (No Improper Action),Travel Lane Other Location,Yes,Suspected Serious Injury,None,39.15296583,-77.0662905,"(39.15296583, -77.0662905)"
DM8498000Z,240020619,TAKOMA,Injury Crash,05/02/2024 07:38:00 PM,Maryland (State) Route,UNIVERSITY BLVD,,,,Pedestrian,Single Vehicle,Clear,Dry,Daylight,No Controls,"Not Suspect of Alcohol Use, Not Suspect of Drug Use","Not Suspect of Alcohol Use, Not Suspect of Drug Use",905F25CD-FF8C-46F4-AE05-4C4349A16CA6,Pedestrian,Walking/Cycling Along Roadway Against Traffic (In or Adjacent to Travel Lane),None (No Improper Action),Intersection Unmarked Crosswalk,No,Suspected Minor Injury,None,38.98956538,-76.98858805,"(38.98956538, -76.98858805)"
MCP33980016,240022040,MONTGOMERY,Injury Crash,05/10/2024 10:30:00 AM,County Route,STEDWICK RD,,,,Cyclist (non-electric),Single Vehicle,Rain,Wet,Daylight,Traffic Control Signal,"Not Suspect of Alcohol Use, Not Suspect of Drug Use","Not Suspect of Alcohol Use, Not Suspect of Drug Use",663AB215-50A3-44FD-8A51-B1D955F6E689,Cyclist (non-electric),Walking/Cycling on Sidewalk,Unknown,Intersection Marked Crosswalk,Yes,Suspected Minor Injury,None,39.16981992,-77.20488477,"(39.16981992, -77.20488477)"
MCP2934005T,240013723,MONTGOMERY,Injury Crash,03/22/2024 03:10:00 PM,County Route,ROCKLEDGE DR (SB/L),,,,Pedestrian,Single Vehicle,Clear,Dry,Daylight,No Controls,"Not Suspect of Alcohol Use, Not Suspect of Drug Use","Not Suspect of Alcohol Use, Not Suspect of Drug Use",F77995C3-C69E-46D8-A68F-0CB42997BEFC,Pedestrian,Other,"In Roadway Improperly (Standing, Lying, Working, Playing)",Travel Lane Other Location,Yes,Suspected Minor Injury,None,39.02365833,-77.13244333,"(39.02365833, -77.13244333)"
MCP20010026,240007244,MONTGOMERY,Fatal Crash,02/13/2024 08:04:00 PM,Maryland (State) Route,METRORAIL TRACK B1 RAIL,,,,Pedestrian,Single Vehicle,Clear,Dry,Dark - Not Lighted,No Controls,"Not Suspect of Alcohol Use, Not Suspect of Drug Use","Not Suspect of Alcohol Use, Suspect of Drug Use",64B58DB3-8B0C-417C-99FF-3FF6A7048980,Pedestrian,Standing,"In Roadway Improperly (Standing, Lying, Working, Playing), Not Visible (Dark Clothing, No Lighting, etc.)",Travel Lane Other Location,Yes,Fatal Injury,None,39.01069829,-77.04096076,"(39.01069829, -77.04096076)"
MCP3063004V,240018963,MONTGOMERY,Property Damage Crash,04/23/2024 01:30:00 PM,US (State),GEORGIA AVE (SB/L),COLESVILLE RD COLESVILLE RD (WB/L) GEORGIA AVE (SB/L),,,Pedestrian,Single Vehicle,Clear,Dry,Daylight,Traffic Control Signal,"Not Suspect of Alcohol Use, Not Suspect of Drug Use","Not Suspect of Alcohol Use, Not Suspect of Drug Use",ADA002E2-A8CB-4501-8E4F-9B367E20ABEC,Pedestrian,Cross/Enter at Intersection,None (No Improper Action),Intersection Marked Crosswalk,No,No Apparent Injury,None,38.99593661,-77.02821263,"(38.99593661, -77.02821263)"
EJ7904000X,240024343,GAITHERSBURG,Injury Crash,05/23/2024 07:04:00 AM,Local Route,FELLOWSHIP CIR,,,,Wheelchair (electric),Single Vehicle,Cloudy,Dry,Daylight,Stop Sign,"Not Suspect of Alcohol Use, Not Suspect of Drug Use","Not Suspect of Alcohol Use, Not Suspect of Drug Use",5067F440-2868-4D65-8DC4-09C9DD471AA4,Wheelchair (electric),Cross/Enter at Intersection,Unknown,Intersection Marked Crosswalk,No,Suspected Serious Injury,None,39.14847788,-77.19880316,"(39.14847788, -77.19880316)"
MCP2761005W,240024195,MONTGOMERY,Injury Crash,05/22/2024 11:22:00 AM,Maryland (State) Route,CLOPPER RD,,,,Pedestrian,Single Vehicle,Clear,Dry,Daylight,No Controls,"Not Suspect of Alcohol Use, Not Suspect of Drug Use","Not Suspect of Alcohol Use, Not Suspect of Drug Use",9BD2A1A9-790E-4552-A858-F1AEEA8D7233,Pedestrian,Walking/Cycling on Sidewalk,None (No Improper Action),Sidewalk,No,Possible Injury,None,39.1616434,-77.28091018,"(39.1616434, -77.28091018)"
MCP304800C7,240016679,MONTGOMERY,Injury Crash,04/10/2024 01:00:00 PM,Maryland (State) Route,KNOWLES AVE,BEACH DR,,,"Other Pedestrian (person in a building, skater, personal conveyance, etc.)",Single Vehicle,Clear,Dry,Daylight,Traffic Control Signal,"Not Suspect of Alcohol Use, Not Suspect of Drug Use","Not Suspect of Alcohol Use, Not Suspect of Drug Use",D9ADE396-3FB5-4F50-BC5B-96B9594AD7D7,"Other Pedestrian (person in a building, skater, personal conveyance, etc.)",Cross/Enter Not at Intersection,Dart/Dash,Intersection Marked Crosswalk,No,Suspected Minor Injury,None,39.03098125,-77.08612198,"(39.03098125, -77.08612198)"
MCP3111007R,240004060,MONTGOMERY,Injury Crash,01/26/2024 07:33:00 AM,County Route,ARLINGTON RD,EDGEMOOR LA,,,Pedestrian,Single Vehicle,Cloudy,Wet,Dawn,Traffic Control Signal,"Not Suspect of Alcohol Use, Not Suspect of Drug Use","Not Suspect of Alcohol Use, Not Suspect of Drug Use",83E8317F-CB3D-4A03-9AA8-B4AD6BEE1F8B,Pedestrian,Cross/Enter at Intersection,None (No Improper Action),Intersection Marked Crosswalk,No,Possible Injury,None,38.98465601,-77.09870588,"(38.98465601, -77.09870588)"
MCP3319002D,240017529,MONTGOMERY,Injury Crash,04/15/2024 12:30:00 PM,County Route,COLUMBIA BLVD,,,,Pedestrian,Unknown,Clear,Dry,Daylight,Traffic Control Signal,"Unknown, Unknown","Not Suspect of Alcohol Use, Not Suspect of Drug Use",3220636C-981D-43E9-9219-6C9B03BA5F1E,Pedestrian,Unknown,Unknown,Unknown,No,Possible Injury,None,39.00871503,-77.04023594,"(39.00871503, -77.04023594)"
MCP3249005K,240011476,MONTGOMERY,Property Damage Crash,03/09/2024 07:50:00 PM,County Route,SCARLET SAGE DR,CEDAR TREE DR,,,Pedestrian,Single Vehicle,Rain,Wet,Dark - Not Lighted,No Controls,"Not Suspect of Alcohol Use, Not Suspect of Drug Use","Not Suspect of Alcohol Use, Not Suspect of Drug Use",C5539E09-07EB-4539-B756-EF202D7229D9,Pedestrian,Cross/Enter at Intersection,Unknown,Intersection Unmarked Crosswalk,No,No Apparent Injury,None,39.10359182,-76.92336952,"(39.10359182, -76.92336952)"
MCP27600058,240016560,MONTGOMERY,Injury Crash,04/09/2024 05:00:00 PM,County Route,MONTGOMERY VILLAGE AVE,ARROWHEAD RD,,,Cyclist (non-electric),Single Vehicle,Clear,Dry,Daylight,Traffic Control Signal,"Not Suspect of Alcohol Use, Not Suspect of Drug Use","Not Suspect of Alcohol Use, Not Suspect of Drug Use",CC6E55A4-55E3-42F4-8A80-618BE05618A0,Cyclist (non-electric),Cross/Enter at Intersection,"Failure to Obey Traffic Signs, Signals, or Officer",Intersection Marked Crosswalk,Yes,Possible Injury,None,39.18790352,-77.19726271,"(39.18790352, -77.19726271)"
MCP32590049,240011146,MONTGOMERY,Injury Crash,03/07/2024 08:29:00 PM,Bicycle Route,,,,,Cyclist (non-electric),Single Vehicle,Clear,Dry,Dark - Lighted,Traffic Control Signal,"Not Suspect of Alcohol Use, Not Suspect of Drug Use","Not Suspect of Alcohol Use, Not Suspect of Drug Use",B7ED0625-B8D0-4831-8836-4A0EA94E3AD1,Cyclist (non-electric),Walking/Cycling on Sidewalk,None (No Improper Action),Intersection Marked Crosswalk,No,Suspected Minor Injury,Reflectors,38.96456566,-77.13610046,"(38.96456566, -77.13610046)"
MCP2195006B,240015645,MONTGOMERY,Injury Crash,04/04/2024 07:49:00 AM,Maryland (State) Route,RIDGE RD (SB/L),OAK DR,,,Pedestrian,Single Vehicle,Clear,Wet,Daylight,Traffic Control Signal,"Not Suspect of Alcohol Use, Not Suspect of Drug Use","Not Suspect of Alcohol Use, Not Suspect of Drug Use",EC423D70-E527-4FFD-9FF5-E4E54A1FDE4D,Pedestrian,Cross/Enter at Intersection,None (No Improper Action),Intersection Marked Crosswalk,No,Suspected Serious Injury,None,39.27546833,-77.21441833,"(39.27546833, -77.21441833)"
MCP3094003Y,240008731,MONTGOMERY,Injury Crash,02/22/2024 04:56:00 PM,County Route,,FLOWER HILL WAY MINERAL SPRINGS DR,,,Pedestrian,Single Vehicle,Rain,Wet,Daylight,Stop Sign,"Not Suspect of Alcohol Use, Not Suspect of Drug Use","Not Suspect of Alcohol Use, Not Suspect of Drug Use",28DD01A1-0647-413C-95B6-99A9C289F4FD,Pedestrian,Cross/Enter at Intersection,None (No Improper Action),Intersection Marked Crosswalk,No,Suspected Minor Injury,None,39.15467038,-77.16380452,"(39.15467038, -77.16380452)"
MCP3341003M,240019891,MONTGOMERY,Injury Crash,04/29/2024 07:44:00 AM,County Route,,PARKER FARM WAY (SB/L),,,Pedestrian,Single Vehicle,Clear,Dry,Daylight,Traffic Control Signal,"Not Suspect of Alcohol Use, Not Suspect of Drug Use","Not Suspect of Alcohol Use, Not Suspect of Drug Use",6909B83D-4B99-499E-895B-64B5A9559584,Pedestrian,Cross/Enter at Intersection,None (No Improper Action),Intersection Marked Crosswalk,No,Suspected Minor Injury,None,39.09047817,-77.04794717,"(39.09047817, -77.04794717)"
MCP242500J5,240009833,MONTGOMERY,Injury Crash,02/29/2024 08:03:00 AM,County Route,DENNIS AVE,,,,Pedestrian,Single Vehicle,Clear,Dry,Daylight,No Controls,"Not Suspect of Alcohol Use, Not Suspect of Drug Use","Not Suspect of Alcohol Use, Not Suspect of Drug Use",FA5E9182-801D-4CCB-89A9-BCB6379FD686,Pedestrian,Cross/Enter Not at Intersection,None (No Improper Action),Intersection Marked Crosswalk,No,Suspected Serious Injury,None,39.02604876,-77.03444774,"(39.02604876, -77.03444774)"
MCP27980064,240019798,MONTGOMERY,Injury Crash,04/28/2024 02:16:00 PM,County Route,CENTURY BLVD,,,,Pedestrian,Single Vehicle,Clear,Dry,Daylight,No Controls,"Not Suspect of Alcohol Use, Not Suspect of Drug Use","Not Suspect of Alcohol Use, Not Suspect of Drug Use",3340937D-F1DE-4098-B1DB-C26743637862,Pedestrian,Cross/Enter Not at Intersection,"Dart/Dash, Failure to Yield Right-Of-Way",Other,Yes,Suspected Minor Injury,None,39.18273844,-77.26399388,"(39.18273844, -77.26399388)"
MCP3312004S,240012802,MONTGOMERY,Injury Crash,03/17/2024 01:40:00 PM,County Route,DEERHEAD CT,AUTUMN DR,,,Cyclist (non-electric),Single Vehicle,Clear,Dry,Daylight,Stop Sign,"Not Suspect of Alcohol Use, Not Suspect of Drug Use","Not Suspect of Alcohol Use, Not Suspect of Drug Use",29861CB0-19AD-477D-A7B3-4121998D3E33,Cyclist (non-electric),Walking/Cycling Along Roadway With Traffic (In or Adjacent to Travel Lane),"Failure to Obey Traffic Signs, Signals, or Officer",Intersection Other,Yes,Suspected Minor Injury,None,39.06750575,-76.99758036,"(39.06750575, -76.99758036)"