Report Number,Local Case Number,Agency Name,ACRS Report Type,Crash Date/Time,Route Type,Road Name,Cross-Street Name,Off-Road Description,Municipality,Related Non-Motorist,Collision Type,Weather,Surface Condition,Light,Traffic Control,Driver Substance Abuse,Non-Motorist Substance Abuse,Person ID,Pedestrian Type,Pedestrian Movement,Pedestrian Actions,Pedestrian Location,At Fault,Injury Severity,Safety Equipment,Latitude,Longitude,Location
MCP2864004L,220043830,Montgomery County Police,Injury Crash,10/07/2022 12:39:00 PM,,,,REAR PARKING LOT OF:,,PEDESTRIAN,SAME DIR REAR END,CLEAR,,DAYLIGHT,N/A,UNKNOWN,NONE DETECTED,89C413AE-3846-4D8F-A361-73F9D5E08902,PEDESTRIAN,Other,NO IMPROPER ACTIONS,OTHER,No,POSSIBLE INJURY,NONE,38.98569885,-77.09213895,"(38.98569885, -77.09213895)"
MCP2905004W,200042628,Montgomery County Police,Injury Crash,10/29/2020 07:19:00 AM,,,,ACCESS ROAD AT SUBURBAN HOSPITAL,,PEDESTRIAN,OTHER,RAINING,,DARK LIGHTS ON,STOP SIGN,N/A,N/A,13160380-4104-4443-BC65-9F90FADDADAF,PEDESTRIAN,Cross/Enter at Intersection,NO IMPROPER ACTIONS,DRIVEWAY ACCESS MARKED CROSSWALK,No,SUSPECTED MINOR INJURY,N/A,38.99797667,-77.11014333,"(38.99797667, -77.11014333)"
MCP2740001C,15058201,MONTGOMERY,Injury Crash,11/15/2015 06:49:00 PM,Maryland (State),PINEY BRANCH RD,DALE DR,,N/A,PEDESTRIAN,SINGLE VEHICLE,CLEAR,DRY,DARK LIGHTS ON,TRAFFIC SIGNAL,UNKNOWN,NONE DETECTED,A73E325B-FF18-44ED-BB1A-9167A011786F,PEDESTRIAN,Cross/Enter at Intersection,NO IMPROPER ACTIONS,ON ROADWAY AT CROSSWALK,No,SUSPECTED MINOR INJURY,NONE,38.99374833,-77.00917167,"(38.99374833, -77.00917167)"
MCP0619000T,16012744,MONTGOMERY,Injury Crash,03/15/2016 11:56:00 AM,Municipality,JEFFERSON PLAZA,PARK AVE,,ROCKVILLE,PEDESTRIAN,OTHER,CLOUDY,DRY,DAYLIGHT,OTHER,N/A,N/A,F27E8171-409F-4DE4-86BE-08171A7005AC,PEDESTRIAN,Other,OTHER,ON ROADWAY NOT AT CROSSWALK,No,SUSPECTED MINOR INJURY,N/A,39.08102248,-77.14677796,"(39.08102248, -77.14677796)"
MCP30940030,230025759,Montgomery County Police,Injury Crash,05/29/2023 02:45:00 PM,,,,"PARKING LOT OF 18250 FLOWER HILL WAY, GAITHERSBURG, MD 20879",,PEDESTRIAN,OTHER,N/A,,DAYLIGHT,N/A,UNKNOWN,NONE DETECTED,63C2CC36-9CBA-4D3B-B92A-E6C830BC4977,PEDESTRIAN,Standing,NO IMPROPER ACTIONS,OTHER,No,POSSIBLE INJURY,N/A,39.15571,-77.16567,"(39.15571, -77.16567)"
MCP10640087,180054932,Montgomery County Police,Injury Crash,11/02/2018 07:22:00 AM,County,SECOND AVE,LUZERNE AVE,,N/A,PEDESTRIAN,OTHER,CLOUDY,DRY,DARK LIGHTS ON,STOP SIGN,N/A,N/A,D4DF902E-EE66-46BB-86C6-2DCA187296EA,PEDESTRIAN,Cross/Enter at Intersection,NO IMPROPER ACTIONS,ON ROADWAY AT CROSSWALK,No,SUSPECTED SERIOUS INJURY,N/A,39.00658333,-77.04286,"(39.00658333, -77.04286)"
MCP3239002D,220036543,Montgomery County Police,Injury Crash,08/24/2022 10:59:00 AM,Maryland (State),NEW HAMPSHIRE AVE,LOCKWOOD DR,,N/A,PEDESTRIAN,SINGLE VEHICLE,CLEAR,DRY,DAYLIGHT,TRAFFIC SIGNAL,NONE DETECTED,NONE DETECTED,39D95549-5256-4226-B319-5E195EF6C1E2,PEDESTRIAN,Cross/Enter at Intersection,DART DASH,ON ROADWAY AT CROSSWALK,Yes,POSSIBLE INJURY,NONE,39.05603763,-76.95429638,"(39.05603763, -76.95429638)"
EJ7863002G,190034222,Gaithersburg Police Depar,Injury Crash,07/18/2019 09:37:00 PM,,,,"PARKING LOT IN FRONT OF 1014 WEST SIDE DRIVE GAITHERSBURG, MD.",,BICYCLIST,OTHER,CLEAR,,DARK LIGHTS ON,N/A,NONE DETECTED,NONE DETECTED,C256EAF6-33DE-4F83-99EC-FC1CB55FC390,BICYCLIST,Playing,DART DASH,OTHER,Yes,SUSPECTED MINOR INJURY,NONE,39.12534167,-77.20220667,"(39.12534167, -77.20220667)"
MCP2617009W,210048446,Montgomery County Police,Injury Crash,11/29/2021 03:45:00 PM,County,OLD COLUMBIA PIKE,OAKHURST DR,,N/A,PEDESTRIAN,OTHER,CLEAR,DRY,DAYLIGHT,NO CONTROLS,UNKNOWN,NONE DETECTED,173B1597-A1F5-40AA-A5A1-C8A9C1EE9BE0,PEDESTRIAN,Cross/Enter not at Intersection,UNKNOWN,ON ROADWAY NOT AT CROSSWALK,Unknown,SUSPECTED MINOR INJURY,NONE,39.10077696,-76.94146436,"(39.10077696, -76.94146436)"
MCP24960020,200044354,Montgomery County Police,Injury Crash,11/10/2020 10:52:00 AM,US (State),COLESVILLE RD,SPUR TO SLIGO CREEK PKWY,,N/A,BICYCLIST,OTHER,CLEAR,DRY,DAYLIGHT,TRAFFIC SIGNAL,NONE DETECTED,NONE DETECTED,83D6C3C7-BB25-4E59-8A43-16E6EDF3F991,BICYCLIST,Cross/Enter at Intersection,NO IMPROPER ACTIONS,AT INTERSECTION MARKED CROSSWALK,No,POSSIBLE INJURY,MC/BIKE HELMET,39.00769202,-77.02013074,"(39.00769202, -77.02013074)"
MCP2866001J,15042115,MONTGOMERY,Injury Crash,08/22/2015 04:58:00 PM,County,TUCKERMAN LA,MONTROSE AVE,,N/A,BICYCLIST,STRAIGHT MOVEMENT ANGLE,CLEAR,DRY,DAYLIGHT,STOP SIGN,NONE DETECTED,NONE DETECTED,56E02D29-11B2-4D99-9FDF-405A71DE190C,BICYCLIST,Cross/Enter at Intersection,NO IMPROPER ACTIONS,AT INTERSECTION MARKED CROSSWALK,No,POSSIBLE INJURY,MC/BIKE HELMET,39.02618333,-77.10142833,"(39.02618333, -77.10142833)"
MCP1378012Z,220053074,Montgomery County Police,Injury Crash,12/01/2022 05:16:00 PM,Maryland (State),GERMANTOWN RD,MIDDLEBROOK RD,,N/A,PEDESTRIAN,SINGLE VEHICLE,CLEAR,DRY,DARK LIGHTS ON,NO CONTROLS,NONE DETECTED,NONE DETECTED,F344DDB7-8FF0-4CE9-BC7B-FAC53405377C,PEDESTRIAN,Cross/Enter not at Intersection,IN ROADWAY IMPROPERLY,ON ROADWAY NOT AT CROSSWALK,Yes,SUSPECTED MINOR INJURY,NONE,39.17815333,-77.26833,"(39.17815333, -77.26833)"
MCP3316000N,220009715,Montgomery County Police,Injury Crash,03/06/2022 08:34:00 PM,County,VALLEYWOOD DR,VEIRS MILL RD,,N/A,PEDESTRIAN,OTHER,RAINING,WET,DARK NO LIGHTS,NO CONTROLS,NONE DETECTED,NONE DETECTED,F65F1296-FFB1-4183-B1A0-1D5FB5FB2CFC,PEDESTRIAN,Cross/Enter not at Intersection,UNKNOWN,UNKNOWN,Unknown,SUSPECTED MINOR INJURY,NONE,39.049535,-77.07046333,"(39.049535, -77.07046333)"
MCP2717003W,15037541,MONTGOMERY,Injury Crash,11/12/2015 07:10:00 PM,County,MARINELLI RD,CITADEL AVE,,N/A,PEDESTRIAN,OTHER,CLEAR,DRY,DARK LIGHTS ON,NO CONTROLS,NONE DETECTED,NONE DETECTED,E31764FE-4F85-416B-BC0E-29FFA4C89A09,PEDESTRIAN,Cross/Enter at Intersection,NO IMPROPER ACTIONS,AT INTERSECTION MARKED CROSSWALK,No,SUSPECTED MINOR INJURY,N/A,39.04724412,-77.11291909,"(39.04724412, -77.11291909)"
MCP11230022,180038074,Montgomery County Police,Injury Crash,08/01/2018 07:09:00 AM,Maryland (State),GEORGIA AVE,SHOREFIELD RD,,N/A,PEDESTRIAN,SINGLE VEHICLE,CLOUDY,DRY,DAYLIGHT,TRAFFIC SIGNAL,NONE DETECTED,NONE DETECTED,6FE789F9-0D50-411A-AB33-C43A865E7C39,PEDESTRIAN,Cross/Enter at Intersection,NO IMPROPER ACTIONS,AT INTERSECTION MARKED CROSSWALK,No,SUSPECTED MINOR INJURY,NONE,39.052985,-77.05087667,"(39.052985, -77.05087667)"
MCP3162002J,190027023,Montgomery County Police,Injury Crash,06/06/2019 11:10:00 AM,County,SEMINARY PL,SECOND AVE,,N/A,OTHER,OTHER,CLEAR,DRY,DAYLIGHT,PERSON,NONE DETECTED,NONE DETECTED,12FD9BC9-12D0-438C-8708-839D4CAA19DD,OTHER,Other Working,N/A,N/A,No,POSSIBLE INJURY,REFLECTIVE CLOTHING,39.00928333,-77.04383333,"(39.00928333, -77.04383333)"
DM84580027,180051834,Takoma Park Police Depart,Injury Crash,10/16/2018 04:20:00 PM,Municipality,MAPLE AVE,SLIGO CREEK PKWY,,N/A,BICYCLIST,OTHER,CLEAR,DRY,DAYLIGHT,STOP SIGN,NONE DETECTED,NONE DETECTED,D33465FA-EE2D-4C16-A0DC-57D5164A5897,BICYCLIST,Cross/Enter at Intersection,NO IMPROPER ACTIONS,ON ROADWAY AT CROSSWALK,No,SUSPECTED MINOR INJURY,MC/BIKE HELMET,38.98616333,-77.00342667,"(38.98616333, -77.00342667)"
MCP2116003T,16008338,Montgomery County Police,Injury Crash,02/19/2016 01:05:00 PM,County,RIDING LOOP DR,RIDING LOOP TERR,,N/A,MACHINE OPERATOR/RIDER,N/A,CLEAR,DRY,DAYLIGHT,N/A,NONE DETECTED,NONE DETECTED,97655624-37A3-49C3-979F-7A6697BED521,MACHINE OPERATOR/RIDER,Push/Work on Vehicle,NO IMPROPER ACTIONS,ON ROADWAY NOT AT CROSSWALK,No,SUSPECTED MINOR INJURY,REFLECTIVE CLOTHING,39.084125,-77.24578,"(39.084125, -77.24578)"
MCP2939004W,200023632,Montgomery County Police,Injury Crash,06/16/2020 05:10:00 PM,,,,GLACIER LILY DR@ DOGWOOD HILLS DR,,BICYCLIST,STRAIGHT MOVEMENT ANGLE,CLEAR,,DAYLIGHT,STOP SIGN,NONE DETECTED,N/A,91FDF3B8-B481-4EFF-94F6-9166590E2111,BICYCLIST,Cross/Enter at Intersection,INATTENTIVE,AT INTERSECTION MARKED CROSSWALK,Yes,SUSPECTED MINOR INJURY,NONE,39.22867167,-77.24095833,"(39.22867167, -77.24095833)"
MCP29340040,200018218,Montgomery County Police,Injury Crash,05/04/2020 05:11:00 PM,County,E JEFFERSON ST,MONTROSE PKWY,,N/A,PEDESTRIAN,OTHER,CLEAR,DRY,DAYLIGHT,TRAFFIC SIGNAL,NONE DETECTED,NONE DETECTED,92C26D8D-EF6E-46D0-9177-FD7F06C00DA3,PEDESTRIAN,Cross/Enter at Intersection,NO IMPROPER ACTIONS,AT INTERSECTION MARKED CROSSWALK,No,POSSIBLE INJURY,NONE,39.051115,-77.12608667,"(39.051115, -77.12608667)"
MCP3164005Z,220034861,Montgomery County Police,Injury Crash,08/13/2022 07:00:00 AM,US (State),GEORGIA AVE,BONIFANT ST,,N/A,BICYCLIST,SAME DIRECTION SIDESWIPE,CLEAR,UNKNOWN,DAYLIGHT,NO CONTROLS,UNKNOWN,UNKNOWN,59C021BD-68CA-4B4C-B81B-51BDBDC784C9,BICYCLIST,Walking/Riding w/Traffic,NO IMPROPER ACTIONS,IN BIKEWAY,No,POSSIBLE INJURY,UNKNOWN,39.04526575,-77.02301941,"(39.04526575, -77.02301941)"
MCP2351003L,190052610,Montgomery County Police,Injury Crash,11/01/2019 11:57:00 AM,,,,SIDEWALK ADJACENT 5451 RANDOLPH RD,,BICYCLIST,OTHER,CLEAR,,DAYLIGHT,NO CONTROLS,NONE DETECTED,NONE DETECTED,748E462C-28C6-454A-961B-48B1F1AC16DA,BICYCLIST,Walking/Cycling on Sidewalk,UNKNOWN,SIDEWALK,Unknown,SUSPECTED MINOR INJURY,NONE,39.05356833,-77.10807833,"(39.05356833, -77.10807833)"
MCP2923002F,17004482,Montgomery County Police,Injury Crash,01/26/2017 06:59:00 AM,County,ARCOLA AVE,GEORGIA AVE,,N/A,BICYCLIST,OTHER,CLOUDY,DRY,DARK LIGHTS ON,FLASHING TRAFFIC SIGNAL,NONE DETECTED,NONE DETECTED,663618DF-3A43-4448-9CD6-95A957A65B08,BICYCLIST,Cross/Enter at Intersection,NO IMPROPER ACTIONS,ON ROADWAY AT CROSSWALK,No,POSSIBLE INJURY,UNKNOWN,39.04694,-77.05190333,"(39.04694, -77.05190333)"
DM8456001G,180004684,Takoma Park Police Depart,Injury Crash,01/27/2018 06:33:00 PM,Maryland (State),ETHAN ALLEN AVE,ELM AVE,,TAKOMA PARK,BICYCLIST,SINGLE VEHICLE,CLEAR,DRY,DARK LIGHTS ON,STOP SIGN,NONE DETECTED,NONE DETECTED,C925E3F0-2465-4E5F-A4BE-380A1E821D96,BICYCLIST,Cross/Enter at Intersection,UNKNOWN,ON ROADWAY NOT AT CROSSWALK,Yes,SUSPECTED MINOR INJURY,NONE,38.98136,-77.01029333,"(38.98136, -77.01029333)"
MCP2565005G,180031935,Montgomery County Police,Injury Crash,06/28/2018 08:00:00 PM,Maryland (State),BRADLEY BLVD,ARLINGTON RD,,N/A,PEDESTRIAN,SINGLE VEHICLE,N/A,DRY,DUSK,TRAFFIC SIGNAL,NONE DETECTED,NONE DETECTED,2C4EB5CE-CD7D-4D11-B8C1-D569EF3B6B18,PEDESTRIAN,Cross/Enter at Intersection,IN ROADWAY IMPROPERLY,ON ROADWAY NOT AT CROSSWALK,Yes,POSSIBLE INJURY,NONE,38.97816333,-77.09871667,"(38.97816333, -77.09871667)"
MCP3121003M,200039969,Montgomery County Police,Property Damage Crash,10/10/2020 08:00:00 PM,,,,IFO 19508 BURLINGAME WAY MONTGOMERY VILLAGE MD 20886,,PEDESTRIAN,HEAD ON,CLEAR,,DARK LIGHTS ON,NO CONTROLS,UNKNOWN,NONE DETECTED,4756E6B8-026E-48CF-8150-587F905CE5D0,PEDESTRIAN,Standing,NO IMPROPER ACTIONS,OTHER,No,NO APPARENT INJURY,NONE,39.17551415,-77.21163542,"(39.17551415, -77.21163542)"
MCP3249000H,200035420,Montgomery County Police,Injury Crash,09/09/2020 09:20:00 PM,County,DENNIS AVE,UNIVERSITY BLVD W,,N/A,PEDESTRIAN,OTHER,RAINING,WET,DARK LIGHTS ON,TRAFFIC SIGNAL,NONE DETECTED,NONE DETECTED,E37B48A4-D042-4338-922A-41C148DF6913,PEDESTRIAN,Cross/Enter at Intersection,N/A,AT INTERSECTION MARKED CROSSWALK,No,SUSPECTED MINOR INJURY,NONE,39.02661129,-77.02008882,"(39.02661129, -77.02008882)"
MCP31440024,220055597,Montgomery County Police,Injury Crash,12/15/2022 09:16:00 PM,County,CEDAR LA,ELMHIRST PKWY,,N/A,BICYCLIST,SINGLE VEHICLE,RAINING,WET,DARK LIGHTS ON,TRAFFIC SIGNAL,NONE DETECTED,NONE DETECTED,0C230F9D-3C9F-42C1-B6DB-DCF9C98AFEC5,BICYCLIST,Cross/Enter at Intersection,NOT VISIBLE,IN BIKEWAY,Unknown,SUSPECTED MINOR INJURY,NONE,39.00803188,-77.09460208,"(39.00803188, -77.09460208)"
MCP30160021,180051626,Montgomery County Police,Injury Crash,10/15/2018 02:30:00 PM,Maryland (State),GREAT SENECA HWY,RICHTER FARM RD,,N/A,PEDESTRIAN,SINGLE VEHICLE,RAINING,WET,DAYLIGHT,TRAFFIC SIGNAL,N/A,N/A,FCC458A9-A600-4209-B76A-3CC4C622EE00,PEDESTRIAN,Cross/Enter at Intersection,DART DASH,ON ROADWAY AT CROSSWALK,Yes,POSSIBLE INJURY,NONE,39.148822,-77.27670067,"(39.148822, -77.27670067)"
MCP20010017,200000963,Montgomery County Police,Fatal Crash,01/06/2020 06:26:00 PM,Maryland (State),GEORGIA AVE,ENT TO CEMETERY,,N/A,PEDESTRIAN,SINGLE VEHICLE,CLEAR,DRY,DARK LIGHTS ON,NO CONTROLS,NONE DETECTED,NONE DETECTED,17CC6A8F-DA25-48B7-8EB6-38504A278A44,PEDESTRIAN,Cross/Enter not at Intersection,FAILURE TO YIELD RIGHT OF WAY,ON ROADWAY NOT AT CROSSWALK,Yes,FATAL INJURY,NONE,39.08100667,-77.07525333,"(39.08100667, -77.07525333)"
MCP3078000V,180005122,Montgomery County Police,Injury Crash,01/30/2018 02:13:00 PM,,,,"GIANT FOOD STORE PARKING LOT 
2900 UNIVERSITY BLVD W",,PEDESTRIAN,OTHER,CLEAR,,DAYLIGHT,NO CONTROLS,N/A,N/A,6C3C5CFD-66A4-4EAF-93B5-E3A8EDEF00FE,PEDESTRIAN,Cross/Enter not at Intersection,NO IMPROPER ACTIONS,OTHER,No,SUSPECTED MINOR INJURY,N/A,39.037405,-77.058225,"(39.037405, -77.058225)"
MCP29190027,16064538,Montgomery County Police,Injury Crash,12/16/2016 02:22:00 PM,US (State),GEORGIA AVE,WAYNE AVE,,N/A,PEDESTRIAN,OTHER,CLOUDY,DRY,DAYLIGHT,OTHER,NONE DETECTED,NONE DETECTED,51E6F444-CF01-407D-B729-A5CE2B6CEF68,PEDESTRIAN,Cross/Enter at Intersection,NO IMPROPER ACTIONS,ON ROADWAY AT CROSSWALK,No,SUSPECTED SERIOUS INJURY,N/A,38.99502667,-77.02572667,"(38.99502667, -77.02572667)"
MCP28950034,230065235,Montgomery County Police,Injury Crash,11/08/2023 06:00:00 PM,County,RICHTER FARM RD,GERMANTOWN RD,,N/A,PEDESTRIAN,OTHER,CLEAR,DRY,DARK LIGHTS ON,TRAFFIC SIGNAL,NONE DETECTED,NONE DETECTED,EA2F9AF9-D3A4-40DE-A1A0-575A5D151CB0,PEDESTRIAN,Cross/Enter at Intersection,NO IMPROPER ACTIONS,ON ROADWAY AT CROSSWALK,No,SUSPECTED MINOR INJURY,NONE,39.15420562,-77.28726558,"(39.15420562, -77.28726558)"
MCP1174003T,190045056,Montgomery County Police,Injury Crash,09/20/2019 10:09:00 AM,Maryland (State),WISCONSIN AVE,MIDDLETON LA,,N/A,PEDESTRIAN,SINGLE VEHICLE,CLEAR,DRY,DAYLIGHT,PERSON,UNKNOWN,NONE DETECTED,49FA17D4-6FE9-43F1-AA2E-054D7A78EF04,PEDESTRIAN,Standing,NO IMPROPER ACTIONS,ON ROADWAY NOT AT CROSSWALK,No,POSSIBLE INJURY,REFLECTIVE CLOTHING,38.98695093,-77.09486145,"(38.98695093, -77.09486145)"
MCP2446002G,16064765,Montgomery County Police,Property Damage Crash,12/17/2016 08:10:00 PM,,,,IN THE PARKING LOT OF 19533 FETLOCK DR. GERMANTOWN MD. 20874,,OTHER,OTHER,CLEAR,,DARK LIGHTS ON,NO CONTROLS,NONE DETECTED,N/A,F687F200-4A4C-48E4-9FFD-5C18E3C747F2,OTHER,Other,OTHER,OTHER,No,NO APPARENT INJURY,N/A,39.176098,-77.26007,"(39.176098, -77.26007)"
MCP2667005L,190003151,Montgomery County Police,Injury Crash,01/20/2019 01:00:00 PM,County,GOSHEN RD,WIGHTMAN RD,,N/A,PEDESTRIAN,SINGLE VEHICLE,CLEAR,DRY,DAYLIGHT,TRAFFIC SIGNAL,NONE DETECTED,NONE DETECTED,E55166EB-213F-4588-9169-3FB9A26F38CD,PEDESTRIAN,Cross/Enter at Intersection,NO IMPROPER ACTIONS,ON ROADWAY AT CROSSWALK,No,POSSIBLE INJURY,NONE,39.18813983,-77.1883335,"(39.18813983, -77.1883335)"
MCP28740024,170506089,Montgomery County Police,Injury Crash,05/05/2017 03:51:00 PM,County,AMHERST AVE,EVANS PKWY,,N/A,PEDESTRIAN,SINGLE VEHICLE,CLOUDY,DRY,DAYLIGHT,OTHER,NONE DETECTED,NONE DETECTED,E9853992-2AB6-4C93-9E34-3C094F53C594,PEDESTRIAN,Cross/Enter at Intersection,NO IMPROPER ACTIONS,ON ROADWAY AT CROSSWALK,No,POSSIBLE INJURY,NONE,39.04309667,-77.047665,"(39.04309667, -77.047665)"
MCP137800PJ,190002358,Montgomery County Police,Injury Crash,01/15/2019 07:02:00 PM,,,,PARKING LOT OF 457  FREDERICK RD,,PEDESTRIAN,SINGLE VEHICLE,CLEAR,,DARK LIGHTS ON,NO CONTROLS,NONE DETECTED,NONE DETECTED,695291B1-2CD8-4722-A382-8914FBD0FDF3,PEDESTRIAN,Walking/Cycling on Sidewalk,NO IMPROPER ACTIONS,SIDEWALK,No,SUSPECTED MINOR INJURY,NONE,39.148535,-77.206375,"(39.148535, -77.206375)"
MCP2395000P,170522165,Montgomery County Police,Injury Crash,07/31/2017 06:35:00 PM,County,CLUB HOLLOW RD,TRUNDLE RD,,N/A,OTHER,SINGLE VEHICLE,CLEAR,DRY,DAYLIGHT,NO CONTROLS,NONE DETECTED,N/A,3A52C989-AF48-43FB-8246-25AD4F6CB889,OTHER,N/A,N/A,N/A,No,NO APPARENT INJURY,N/A,39.13548333,-77.46941167,"(39.13548333, -77.46941167)"
MCP2937000W,15035669,MONTGOMERY,Injury Crash,07/20/2015 08:39:00 AM,Maryland (State),NEW HAMPSHIRE AVE,LOCKWOOD DR,,N/A,PEDESTRIAN,SINGLE VEHICLE,N/A,DRY,DAYLIGHT,TRAFFIC SIGNAL,NONE DETECTED,NONE DETECTED,B88791ED-7A43-4A1C-9D77-F478493CF668,PEDESTRIAN,Cross/Enter at Intersection,DART DASH,SIDEWALK,Yes,SUSPECTED MINOR INJURY,NONE,39.03960299,-76.99068546,"(39.03960299, -76.99068546)"
MCP2892006B,190019056,Montgomery County Police,Injury Crash,04/23/2019 05:16:00 PM,County,SEMINARY RD,WARREN ST,,N/A,PEDESTRIAN,OTHER,CLEAR,DRY,DAYLIGHT,OTHER,NONE DETECTED,NONE DETECTED,FF909D17-9457-4564-AAC3-35FF7F091DA8,PEDESTRIAN,Cross/Enter at Intersection,DART DASH,ON ROADWAY AT CROSSWALK,No,POSSIBLE INJURY,NONE,39.01063611,-77.04838361,"(39.01063611, -77.04838361)"
MCP2450003X,220003835,Montgomery County Police,Injury Crash,01/28/2022 07:10:00 PM,,,,PARKING LOT OF 8523 PINEY BRANCH RD,,PEDESTRIAN,OTHER,SNOW,,DARK LIGHTS ON,NO CONTROLS,ALCOHOL PRESENT,NONE DETECTED,3C1E2079-23AD-4A77-8C5E-05E95BB9DFE8,PEDESTRIAN,Other,NO IMPROPER ACTIONS,OTHER,No,SUSPECTED MINOR INJURY,N/A,38.99833014,-77.00240002,"(38.99833014, -77.00240002)"
MCP3000000W,16032017,Montgomery County Police,Property Damage Crash,06/24/2016 04:33:00 PM,Maryland (State),GERMANTOWN RD,MIDDLEBROOK RD,,N/A,PEDESTRIAN,OTHER,CLEAR,DRY,DAYLIGHT,TRAFFIC SIGNAL,NONE DETECTED,NONE DETECTED,CF49303B-7DF1-4CFF-B299-E1B0DCB918D0,PEDESTRIAN,Cross/Enter at Intersection,INATTENTIVE,ON ROADWAY AT CROSSWALK,Yes,NO APPARENT INJURY,NONE,39.17876167,-77.26707333,"(39.17876167, -77.26707333)"
MCP27820016,15057063,MONTGOMERY,Injury Crash,11/09/2015 07:30:00 AM,County,LONGMEAD CROSSING DR,LADY MEADE DR,,N/A,PEDESTRIAN,STRAIGHT MOVEMENT ANGLE,CLEAR,DRY,DAYLIGHT,NO CONTROLS,NONE DETECTED,NONE DETECTED,0F9815A6-3679-48D5-8AA2-F8E08F66B9A5,PEDESTRIAN,Cross/Enter not at Intersection,IN ROADWAY IMPROPERLY,ON ROADWAY NOT AT CROSSWALK,Yes,SUSPECTED MINOR INJURY,NONE,39.10058167,-77.05125,"(39.10058167, -77.05125)"
MCP3296000N,210037118,Montgomery County Police,Injury Crash,09/20/2021 01:46:00 PM,Maryland (State),GEORGIA AVE,TILTON DR,,N/A,BICYCLIST,STRAIGHT MOVEMENT ANGLE,CLEAR,DRY,DAYLIGHT,STOP SIGN,NONE DETECTED,NONE DETECTED,84615557-B2A6-4918-AACA-BC819ABFE5DE,BICYCLIST,Cross/Enter at Intersection,WRONG WAY RIDING OR WALKING,SHOULDER,Yes,SUSPECTED MINOR INJURY,NONE,39.01841657,-77.04355064,"(39.01841657, -77.04355064)"
MCP31560011,190048989,Montgomery County Police,Injury Crash,10/12/2019 01:03:00 AM,Maryland (State),16TH ST,EAST WEST HWY,,N/A,PEDESTRIAN,SINGLE VEHICLE,CLEAR,DRY,DARK LIGHTS ON,TRAFFIC SIGNAL,UNKNOWN,NONE DETECTED,40BDAFA1-6BFD-481E-AD3F-19D51C03673E,PEDESTRIAN,Cross/Enter at Intersection,IN ROADWAY IMPROPERLY,ON ROADWAY AT CROSSWALK,Yes,NO APPARENT INJURY,N/A,38.99460544,-77.03637746,"(38.99460544, -77.03637746)"
MCP24730011,170517780,Montgomery County Police,Injury Crash,07/07/2017 10:36:00 AM,County,CHERRY HILL RD,PLUM ORCHARD DR,,N/A,BICYCLIST,STRAIGHT MOVEMENT ANGLE,CLOUDY,DRY,DAYLIGHT,TRAFFIC SIGNAL,N/A,N/A,E12695FC-1C67-4188-ADD9-F1E7F2426E20,BICYCLIST,Cross/Enter at Intersection,NO IMPROPER ACTIONS,ON ROADWAY AT CROSSWALK,Yes,POSSIBLE INJURY,NONE,39.05214833,-76.953245,"(39.05214833, -76.953245)"
MCP30390052,200039668,Montgomery County Police,Injury Crash,10/08/2020 05:15:00 PM,County,FENTON ST,SLIGO AVE,,N/A,PEDESTRIAN,OTHER,CLEAR,DRY,DAYLIGHT,TRAFFIC SIGNAL,NONE DETECTED,NONE DETECTED,68DD22B0-EF67-4DBA-B9C8-0A4EF1F9A7C1,PEDESTRIAN,Cross/Enter at Intersection,NO IMPROPER ACTIONS,ON ROADWAY AT CROSSWALK,No,SUSPECTED MINOR INJURY,NONE,38.99015233,-77.0236765,"(38.99015233, -77.0236765)"
MCP9379002X,200006303,Montgomery County Police,Injury Crash,02/07/2020 11:30:00 AM,,,,PARKING LOT OF 903 W EDMONSTON DR,,PEDESTRIAN,STRAIGHT MOVEMENT ANGLE,CLEAR,,DAYLIGHT,NO CONTROLS,NONE DETECTED,NONE DETECTED,58808274-094F-434D-A0D2-679192DBA9AE,PEDESTRIAN,Walking/Riding against Traffic,NO IMPROPER ACTIONS,SIDEWALK,No,SUSPECTED MINOR INJURY,N/A,39.07406667,-77.13548167,"(39.07406667, -77.13548167)"
MCP29050017,15034795,MONTGOMERY,Property Damage Crash,07/15/2015 03:51:00 PM,County,PERSIMMON TREE RD,SAUNDERS LA,,N/A,BICYCLIST,SAME DIRECTION SIDESWIPE,CLEAR,DRY,DAYLIGHT,NO CONTROLS,NONE DETECTED,NONE DETECTED,4228B66E-7424-47B1-AFE7-A5D9EC71A9CD,BICYCLIST,Walking/Riding w/Traffic,UNKNOWN,ON ROADWAY NOT AT CROSSWALK,Unknown,NO APPARENT INJURY,MC/BIKE HELMET,38.99170667,-77.17801333,"(38.99170667, -77.17801333)"
MCP1227001R,220049219,Montgomery County Police,Fatal Crash,11/08/2022 07:20:00 AM,Municipality,SCHOOL DR,BIG ACRE SQUARE,,N/A,PEDESTRIAN,SINGLE VEHICLE,CLEAR,DRY,DAYLIGHT,NO CONTROLS,ALCOHOL CONTRIBUTED,NONE DETECTED,0AF800EF-B4D8-403D-8FE1-2BEB5EFEA413,PEDESTRIAN,Walking to/from school,FAILURE TO YIELD RIGHT OF WAY,AT INTERSECTION BUT NO CROSSWALK,No,FATAL INJURY,NONE,39.11820121,-77.21493809,"(39.11820121, -77.21493809)"
MCP2875005Y,220027515,Montgomery County Police,Injury Crash,06/26/2022 02:00:00 PM,,,,PARKING LOT OF 26075 RIDGE RD.,,PEDESTRIAN,OTHER,CLEAR,,DAYLIGHT,NO CONTROLS,NONE DETECTED,NONE DETECTED,3CCDD0E9-2B24-43F5-9CBC-DA61C29A6B1F,PEDESTRIAN,Standing,NO IMPROPER ACTIONS,OTHER,No,POSSIBLE INJURY,N/A,39.28503986,-77.20887197,"(39.28503986, -77.20887197)"
MCP2771002B,230034003,Montgomery County Police,Injury Crash,07/17/2023 12:53:00 PM,County,PECAN DR,BUTTERNUT DR,,N/A,OTHER,SINGLE VEHICLE,CLOUDY,DRY,DAYLIGHT,N/A,,N/A,263E6D27-5F3B-4F27-9D29-B7F2F866CCEB,OTHER,Getting off/on Vehicle,OTHER,OTHER,Yes,SUSPECTED MINOR INJURY,N/A,39.09178359,-77.09882296,"(39.09178359, -77.09882296)"