Report Number,Local Case Number,Agency Name,ACRS Report Type,Crash Date/Time,Route Type,Road Name,Cross-Street Name,Off-Road Description,Municipality,Related Non-Motorist,Collision Type,Weather,Surface Condition,Light,Traffic Control,Driver Substance Abuse,Non-Motorist Substance Abuse,Person ID,Pedestrian Type,Pedestrian Movement,Pedestrian Actions,Pedestrian Location,At Fault,Injury Severity,Safety Equipment,Latitude,Longitude,Location
MCP24460061,220037705,Montgomery County Police,Injury Crash,08/31/2022 02:06:00 PM,,,,"IN THE PARKING LOT OF 6820 OLNEY LAYTONSVILLE RD. LAYTONSVILLE, MD. 20882",,BICYCLIST,OTHER,CLEAR,,DAYLIGHT,NO CONTROLS,NONE DETECTED,NONE DETECTED,35179F08-9F14-4F49-B90A-418D652B5BD3,BICYCLIST,Cross/Enter at Intersection,FAILURE TO YIELD RIGHT OF WAY,OTHER,Yes,POSSIBLE INJURY,MC/BIKE HELMET,39.20394554,-77.13950048,"(39.20394554, -77.13950048)"
HA24510007,19002496,Maryland-National Capital,Injury Crash,09/15/2019 03:35:00 PM,Government,BEACH DR,WEXFORD DR,,N/A,BICYCLIST,OTHER,CLEAR,DRY,DAYLIGHT,N/A,NONE DETECTED,N/A,2307DF7E-2A41-45D4-B9EE-6C32D0AA1804,BICYCLIST,Walking/Riding w/Traffic,NO IMPROPER ACTIONS,SHOULDER,No,SUSPECTED MINOR INJURY,MC/BIKE HELMET,39.03754636,-77.08591912,"(39.03754636, -77.08591912)"
MCP2298005W,15040401,MONTGOMERY,Property Damage Crash,08/13/2015 04:24:00 PM,County,REXMORE DR,LOCBURY DR,,N/A,BICYCLIST,OTHER,CLEAR,DRY,DAYLIGHT,NO CONTROLS,NONE DETECTED,NONE DETECTED,40F8BD2E-EAAB-486F-A9CB-BBDF6562C9FD,BICYCLIST,Walking/Riding against Traffic,FAILURE TO YIELD RIGHT OF WAY,OUTSIDE RIGHT OF WAY,Yes,NO APPARENT INJURY,NONE,39.18472631,-77.26615906,"(39.18472631, -77.26615906)"
MCP2936001H,17005282,Montgomery County Police,Injury Crash,01/30/2017 07:04:00 PM,Maryland (State),WISCONSIN AVE,SOMERSET TERRACE,,N/A,PEDESTRIAN,OTHER,CLEAR,DRY,DARK LIGHTS ON,NO CONTROLS,NONE DETECTED,NONE DETECTED,E9EE8979-153E-42FA-A612-BA63CB487B32,PEDESTRIAN,Cross/Enter not at Intersection,FAILURE TO YIELD RIGHT OF WAY,ON ROADWAY NOT AT CROSSWALK,Yes,SUSPECTED SERIOUS INJURY,NONE,38.964665,-77.08758833,"(38.964665, -77.08758833)"
DM8388003L,200051119,Takoma Park Police Depart,Injury Crash,12/28/2020 06:38:00 PM,Maryland (State),NEW HAMPSHIRE AVE,AUBURN AVE,,TAKOMA PARK,PEDESTRIAN,SINGLE VEHICLE,CLEAR,DRY,DARK LIGHTS ON,NO CONTROLS,NONE DETECTED,COMBINATION CONTRIBUTED,332EEBAD-CC97-4806-B867-ED4F5277370B,PEDESTRIAN,Cross/Enter not at Intersection,IN ROADWAY IMPROPERLY,ON ROADWAY NOT AT CROSSWALK,Yes,SUSPECTED MINOR INJURY,NONE,38.9758395,-76.99383967,"(38.9758395, -76.99383967)"
MCP2087000B,16054837,Montgomery County Police,Injury Crash,10/25/2016 06:58:00 AM,County,RANDOLPH RD,TIVOLI LAKE BLVD,,N/A,PEDESTRIAN,OTHER,CLEAR,DRY,DARK LIGHTS ON,TRAFFIC SIGNAL,UNKNOWN,NONE DETECTED,BB4E5E69-0616-4188-A7B5-60C6FDC95D4B,PEDESTRIAN,Cross/Enter at Intersection,NO IMPROPER ACTIONS,AT INTERSECTION MARKED CROSSWALK,No,SUSPECTED SERIOUS INJURY,NONE,39.06611114,-77.03449532,"(39.06611114, -77.03449532)"
MCP1505000H,15034210,MONTGOMERY,Injury Crash,07/12/2015 02:04:00 PM,County,DAVIS MILL RD,WILDCAT RD,,N/A,BICYCLIST,STRAIGHT MOVEMENT ANGLE,CLEAR,DRY,DAYLIGHT,NO CONTROLS,N/A,N/A,62B66522-35C0-4221-A98C-1948C1824B61,BICYCLIST,Walking/Riding w/Traffic,NO IMPROPER ACTIONS,SHOULDER,No,SUSPECTED MINOR INJURY,MC/BIKE HELMET,39.219934,-77.221913,"(39.219934, -77.221913)"
MCP27980053,220036655,Montgomery County Police,Injury Crash,08/24/2022 05:35:00 PM,Maryland (State),FREDERICK RD,E GUDE DR,,N/A,PEDESTRIAN,OTHER,CLEAR,DRY,DAYLIGHT,TRAFFIC SIGNAL,UNKNOWN,NONE DETECTED,8A3D7BF6-C4ED-4550-A080-AB94DE23382A,PEDESTRIAN,Cross/Enter at Intersection,NO IMPROPER ACTIONS,AT INTERSECTION MARKED CROSSWALK,No,SUSPECTED MINOR INJURY,NONE,39.18405333,-77.263825,"(39.18405333, -77.263825)"
MCP3193004N,230031612,Montgomery County Police,Property Damage Crash,07/02/2023 07:20:00 PM,Maryland (State),UNIVERSITY BLVD W,AMHERST AVE,,N/A,BICYCLIST,OTHER,CLEAR,DRY,DAYLIGHT,NO CONTROLS,NONE DETECTED,NONE DETECTED,49C06472-24B2-4959-A297-B7A54C09FDDA,BICYCLIST,Walking/Cycling on Sidewalk,N/A,SIDEWALK,No,NO APPARENT INJURY,NONE,39.04115333,-77.04706333,"(39.04115333, -77.04706333)"
MCP3040004V,200045141,Montgomery County Police,Injury Crash,11/15/2020 07:30:00 PM,Maryland (State),GEORGIA AVE,OLNEY SANDY SPRING RD,,N/A,PEDESTRIAN,SINGLE VEHICLE,RAINING,WET,DARK LIGHTS ON,TRAFFIC SIGNAL,NONE DETECTED,NONE DETECTED,277548F2-2C2A-49F6-B222-6A8B66ABB9E5,PEDESTRIAN,Cross/Enter at Intersection,DART DASH,AT INTERSECTION MARKED CROSSWALK,Yes,POSSIBLE INJURY,NONE,39.15308776,-77.0666712,"(39.15308776, -77.0666712)"
MCP23140014,180009646,Montgomery County Police,Injury Crash,02/24/2018 08:16:00 PM,County,S GLEN RD,DEEP GLEN DR,,N/A,PEDESTRIAN,OTHER,RAINING,WET,DARK NO LIGHTS,N/A,NONE DETECTED,NONE DETECTED,3269E4C8-91A3-491E-BB34-A610234567D1,PEDESTRIAN,Other,NO IMPROPER ACTIONS,OTHER,No,SUSPECTED MINOR INJURY,REFLECTIVE CLOTHING,39.0358,-77.21754833,"(39.0358, -77.21754833)"
MCP29910069,220011254,Montgomery County Police,Injury Crash,03/16/2022 07:59:00 AM,Maryland (State),GEORGIA AVE,RANDOLPH RD,,N/A,BICYCLIST,SINGLE VEHICLE,N/A,DRY,DAYLIGHT,OTHER,NONE DETECTED,NONE DETECTED,8222379E-738F-415D-A46F-2D41222780C8,BICYCLIST,Cross/Enter at Intersection,NO IMPROPER ACTIONS,AT INTERSECTION MARKED CROSSWALK,No,POSSIBLE INJURY,NONE,39.05780143,-77.0501592,"(39.05780143, -77.0501592)"
MCP0036009Y,190024134,Montgomery County Police,Injury Crash,05/21/2019 05:34:00 PM,County,DAMASCUS BLVD,RIDGE RD,,N/A,PEDESTRIAN,SINGLE VEHICLE,CLOUDY,DRY,DAYLIGHT,NO CONTROLS,NONE DETECTED,NONE DETECTED,F158C80A-86E1-4895-A8D2-06B7C07ABB56,PEDESTRIAN,Other,NO IMPROPER ACTIONS,SIDEWALK,No,SUSPECTED SERIOUS INJURY,N/A,39.28760167,-77.20626833,"(39.28760167, -77.20626833)"
MCP3360000R,230051437,Montgomery County Police,Injury Crash,08/26/2023 09:16:00 AM,County,WATKINS MILL RD,CLUB LAKE RD,,N/A,PEDESTRIAN,SINGLE VEHICLE,CLEAR,DRY,DAYLIGHT,OTHER,NONE DETECTED,NONE DETECTED,06B5AEFC-4174-408E-8EEB-53CE57502FB4,PEDESTRIAN,Cross/Enter not at Intersection,NO IMPROPER ACTIONS,ON ROADWAY AT CROSSWALK,No,SUSPECTED SERIOUS INJURY,NONE,39.17692667,-77.20998,"(39.17692667, -77.20998)"
MCP94040034,210016740,Montgomery County Police,Injury Crash,05/04/2021 02:41:00 PM,Maryland (State),FREDERICK RD,S WESTLAND DR,,N/A,PEDESTRIAN,OTHER,CLEAR,DRY,DAYLIGHT,TRAFFIC SIGNAL,NONE DETECTED,NONE DETECTED,CB0EAAF2-0D45-4F64-895A-A46FB46776AF,PEDESTRIAN,Cross/Enter at Intersection,UNKNOWN,AT INTERSECTION MARKED CROSSWALK,Unknown,SUSPECTED MINOR INJURY,NONE,39.12590716,-77.18300281,"(39.12590716, -77.18300281)"
MCP2678003X,230002041,Montgomery County Police,Injury Crash,01/13/2023 08:24:00 AM,,,,"DRIVEWAY OF 11939 CLARIDGE RD, SILVER SPRING MD 20902",,OTHER PEDALCYCLIST,STRAIGHT MOVEMENT ANGLE,CLOUDY,,DAYLIGHT,N/A,NONE DETECTED,NONE DETECTED,B062DF59-2962-450B-B0C8-AD6EE4B2B4C0,OTHER PEDALCYCLIST,Walking/Cycling on Sidewalk,NO IMPROPER ACTIONS,SIDEWALK,No,POSSIBLE INJURY,N/A,39.05806167,-77.04848667,"(39.05806167, -77.04848667)"
MCP2927000L,15054457,MONTGOMERY,Injury Crash,10/27/2015 07:04:00 AM,US (State),GEORGIA AVE,BONIFANT ST,,N/A,PEDESTRIAN,OTHER,CLEAR,DRY,DARK LIGHTS ON,TRAFFIC SIGNAL,NONE DETECTED,NONE DETECTED,401D48C1-CFB0-4D78-A0D7-4C7FF4A1B049,PEDESTRIAN,Cross/Enter at Intersection,NO IMPROPER ACTIONS,AT INTERSECTION MARKED CROSSWALK,No,POSSIBLE INJURY,NONE,38.99350333,-77.026545,"(38.99350333, -77.026545)"
EJ7781003S,230005206,Gaithersburg Police Depar,Injury Crash,02/01/2023 09:45:00 AM,County,MUDDY BRANCH RD,WEST SIDE DR,,GAITHERSBURG,PEDESTRIAN,OTHER,CLEAR,DRY,DAYLIGHT,STOP SIGN,NONE DETECTED,NONE DETECTED,2F8CA36D-017D-45EB-AE40-31F586468190,PEDESTRIAN,Cross/Enter at Intersection,NO IMPROPER ACTIONS,AT INTERSECTION BUT NO CROSSWALK,No,POSSIBLE INJURY,N/A,39.12896292,-77.20577262,"(39.12896292, -77.20577262)"
MCP2214000W,220042736,Montgomery County Police,Injury Crash,09/30/2022 07:26:00 PM,County,GUNNERS BRANCH RD,FREDERICK RD,,N/A,PEDESTRIAN,SINGLE VEHICLE,RAINING,WET,DARK LIGHTS ON,TRAFFIC SIGNAL,NONE DETECTED,ALCOHOL PRESENT,928E34C0-E069-4AB1-A956-ECDAEF348873,PEDESTRIAN,Cross/Enter at Intersection,NO IMPROPER ACTIONS,AT INTERSECTION MARKED CROSSWALK,No,SUSPECTED SERIOUS INJURY,NONE,39.179065,-77.23771667,"(39.179065, -77.23771667)"
MCP3075001V,180056814,Montgomery County Police,Injury Crash,11/12/2018 06:24:00 PM,,,,"STAPLES PARKING LOT,
 LOCATED AT 20906A FREDERICK RD, GERMANTOWN, MD",,PEDESTRIAN,SINGLE VEHICLE,RAINING,,DARK LIGHTS ON,N/A,NONE DETECTED,NONE DETECTED,A6882AE5-C3B1-466D-BD6C-01BA0A463C13,PEDESTRIAN,Cross/Enter not at Intersection,IN ROADWAY IMPROPERLY,ON ROADWAY NOT AT CROSSWALK,Yes,POSSIBLE INJURY,N/A,39.19905167,-77.24735,"(39.19905167, -77.24735)"
MCP2588007P,200030814,Montgomery County Police,Injury Crash,08/08/2020 12:54:00 PM,Maryland (State),GEORGIA AVE,HENDERSON AVE,,N/A,PEDESTRIAN,OTHER,CLEAR,DRY,DAYLIGHT,NO CONTROLS,NONE DETECTED,NONE DETECTED,5CEAC53D-AC8F-4068-87DA-FCC1A53BCB06,PEDESTRIAN,Cross/Enter at Intersection,NO IMPROPER ACTIONS,ON ROADWAY AT CROSSWALK,No,POSSIBLE INJURY,N/A,39.05064097,-77.05166819,"(39.05064097, -77.05166819)"
MCP2774001G,15057231,MONTGOMERY,Injury Crash,11/10/2015 05:34:00 AM,Maryland (State),EAST WEST HWY,COLESVILLE RD,,N/A,PEDESTRIAN,N/A,RAINING,WET,DARK LIGHTS ON,TRAFFIC SIGNAL,NONE DETECTED,N/A,977A32E2-2588-4465-91E8-867BFFB7BD43,PEDESTRIAN,Cross/Enter at Intersection,NO IMPROPER ACTIONS,AT INTERSECTION MARKED CROSSWALK,No,SUSPECTED MINOR INJURY,N/A,38.99418,-77.03288167,"(38.99418, -77.03288167)"
MCP136600B1,20004686,Montgomery County Police,Injury Crash,10/22/2020 12:46:00 PM,Maryland (State),DARNESTOWN RD,MUDDY BRANCH RD,,N/A,BICYCLIST,SAME DIRECTION SIDESWIPE,CLEAR,DRY,DAYLIGHT,TRAFFIC SIGNAL,NONE DETECTED,NONE DETECTED,D2AB854A-B546-4230-A6CC-049638D7B170,BICYCLIST,Cross/Enter at Intersection,NO IMPROPER ACTIONS,ON ROADWAY AT CROSSWALK,No,SUSPECTED MINOR INJURY,MC/BIKE HELMET,39.10287667,-77.220525,"(39.10287667, -77.220525)"
EJ7876003Y,210045443,Gaithersburg Police Depar,Injury Crash,11/09/2021 06:00:00 PM,Municipality,STORY DR,CROWN FARM DR,,N/A,BICYCLIST,OTHER,CLEAR,DRY,DARK -- UNKNOWN LIGHTING,NO CONTROLS,NONE DETECTED,NONE DETECTED,9036A371-124E-44E4-8342-B1E225F44399,BICYCLIST,Cross/Enter at Intersection,NO IMPROPER ACTIONS,ON ROADWAY AT CROSSWALK,No,POSSIBLE INJURY,MC/BIKE HELMET,39.11586362,-77.21188477,"(39.11586362, -77.21188477)"
MCP3024002G,220017750,Montgomery County Police,Injury Crash,04/27/2022 03:58:00 PM,County,WISTERIA DR,CIRCLE GATE DR,,N/A,PEDESTRIAN,SINGLE VEHICLE,CLEAR,DRY,DAYLIGHT,NO CONTROLS,N/A,N/A,86E1A882-F253-4067-B374-E51D7BEB9CE3,PEDESTRIAN,Cross/Enter at Intersection,UNKNOWN,UNKNOWN,Unknown,SUSPECTED MINOR INJURY,N/A,39.17272678,-77.26414402,"(39.17272678, -77.26414402)"
MCP2818001W,16028823,Montgomery County Police,Injury Crash,06/08/2016 05:00:00 PM,Maryland (State),GEORGIA AVE,CAMERON ST,,N/A,PEDESTRIAN,OTHER,CLEAR,DRY,DAYLIGHT,TRAFFIC SIGNAL,NONE DETECTED,NONE DETECTED,4FE83547-1427-491C-8EE2-43C3D39EDAEE,PEDESTRIAN,Cross/Enter at Intersection,NO IMPROPER ACTIONS,AT INTERSECTION MARKED CROSSWALK,No,POSSIBLE INJURY,N/A,38.99769833,-77.02968333,"(38.99769833, -77.02968333)"
MCP3035000B,17006938,Montgomery County Police,Injury Crash,02/08/2017 05:03:00 PM,County,MARSTON LA,THOMAS FARM RD,,N/A,PEDESTRIAN,SINGLE VEHICLE,CLEAR,DRY,DAYLIGHT,N/A,NONE DETECTED,NONE DETECTED,18C3CE11-B7BB-40C7-9142-FFEBE00CA9B0,PEDESTRIAN,Standing,NO IMPROPER ACTIONS,SIDEWALK,No,SUSPECTED SERIOUS INJURY,N/A,39.17397283,-77.197193,"(39.17397283, -77.197193)"
MCP2552005G,230013787,Montgomery County Police,Injury Crash,03/21/2023 09:51:00 PM,County,SHADY GROVE RD,BRIARDALE RD,,N/A,BICYCLIST,SAME DIR REAR END,CLEAR,DRY,DARK LIGHTS ON,NO CONTROLS,UNKNOWN,NONE DETECTED,6229535D-57C0-4810-B59E-3B121845FA3F,BICYCLIST,Walking/Riding w/Traffic,NO IMPROPER ACTIONS,ON ROADWAY NOT AT CROSSWALK,No,SUSPECTED MINOR INJURY,NONE,39.13441178,-77.15753169,"(39.13441178, -77.15753169)"
DD56470017,210032646,Rockville Police Departme,Injury Crash,08/21/2021 06:51:00 PM,Municipality,TWINBROOK PKWY,CHAPMAN AVE,,ROCKVILLE,PEDESTRIAN,SINGLE VEHICLE,CLEAR,DRY,DUSK,TRAFFIC SIGNAL,N/A,N/A,5529AB08-65AF-481D-929A-75075A104D8C,PEDESTRIAN,Walking/Cycling on Sidewalk,NO IMPROPER ACTIONS,AT INTERSECTION MARKED CROSSWALK,No,SUSPECTED SERIOUS INJURY,N/A,39.05867525,-77.11878494,"(39.05867525, -77.11878494)"
MCP3237000G,200013398,Montgomery County Police,Injury Crash,03/20/2020 02:39:00 PM,,PORTSIDE CT,FALLBROOK CT,,N/A,PEDESTRIAN,SINGLE VEHICLE,CLEAR,DRY,DAYLIGHT,NO CONTROLS,NONE DETECTED,NONE DETECTED,8D4A634C-FDD0-47C5-87AF-4A8734AF57CA,PEDESTRIAN,Getting off/on Vehicle,ENTERING EXITING PARKED STANDING VEHICLE,ON ROADWAY NOT AT CROSSWALK,Yes,SUSPECTED SERIOUS INJURY,NONE,39.14381833,-77.184915,"(39.14381833, -77.184915)"
MCP94390002,15017410,Montgomery County Police,Injury Crash,04/15/2015 10:32:00 PM,Maryland (State),FREDERICK RD,REDLAND BLVD,,ROCKVILLE,PEDESTRIAN,STRAIGHT MOVEMENT ANGLE,RAINING,WET,DARK LIGHTS ON,TRAFFIC SIGNAL,NONE DETECTED,N/A,476C1954-0A5D-4E96-9403-239F9359DCE9,PEDESTRIAN,Cross/Enter at Intersection,NO IMPROPER ACTIONS,ON ROADWAY AT CROSSWALK,,POSSIBLE INJURY,N/A,39.11569,-77.166265,"(39.11569, -77.166265)"
MCP23940023,16007106,Montgomery County Police,Injury Crash,02/11/2016 03:07:00 PM,Municipality,EDMONSTON DR,VEIRS MILL RD,,N/A,PEDESTRIAN,OTHER,CLEAR,DRY,DAYLIGHT,TRAFFIC SIGNAL,NONE DETECTED,NONE DETECTED,CAE9D29F-EA8D-49AA-9653-76EC852868F2,PEDESTRIAN,Cross/Enter not at Intersection,FAILURE TO YIELD RIGHT OF WAY,ON ROADWAY NOT AT CROSSWALK,Yes,SUSPECTED MINOR INJURY,NONE,39.053355,-77.12371333,"(39.053355, -77.12371333)"
DD56350015,190029923,Rockville Police Departme,Injury Crash,06/22/2019 10:22:00 PM,,,,14672 SOUTHLAWN LN,,PEDESTRIAN,OTHER,CLEAR,,DARK LIGHTS ON,N/A,NONE DETECTED,NONE DETECTED,A7553BB8-7090-48D4-A07F-CCE2079021C7,PEDESTRIAN,Standing,OTHER,OTHER,No,POSSIBLE INJURY,N/A,39.09605299,-77.13893373,"(39.09605299, -77.13893373)"
MCP2466004M,230066764,Montgomery County Police,Injury Crash,11/16/2023 06:05:00 PM,County,SETTLERS LANDING WAY,LAKE WINDS WAY,,N/A,PEDESTRIAN,SINGLE VEHICLE,CLEAR,DRY,DARK LIGHTS ON,NO CONTROLS,NONE DETECTED,NONE DETECTED,7AEAC3AA-D60C-4E71-A650-4D7998C51AB5,PEDESTRIAN,Walking/Cycling on Sidewalk,UNKNOWN,AT INTERSECTION BUT NO CROSSWALK,Unknown,POSSIBLE INJURY,NONE,39.0906019,-77.22631213,"(39.0906019, -77.22631213)"
MCP26670017,15050547,MONTGOMERY,Injury Crash,10/06/2015 07:24:00 AM,County,WASHINGTON GROVE LA,FLOWER HILL WAY,,N/A,PEDESTRIAN,SINGLE VEHICLE,CLEAR,DRY,DAYLIGHT,NO CONTROLS,NONE DETECTED,NONE DETECTED,CA4E4198-32AC-43F4-BD16-466469A3F174,PEDESTRIAN,Cross/Enter not at Intersection,IN ROADWAY IMPROPERLY,ON ROADWAY NOT AT CROSSWALK,Yes,SUSPECTED MINOR INJURY,NONE,39.15103,-77.16846667,"(39.15103, -77.16846667)"
MCP30180049,220000180,Montgomery County Police,Injury Crash,01/02/2022 04:49:00 PM,Maryland (State),GEORGIA AVE,REEDIE DR,,N/A,PEDESTRIAN,OTHER,CLEAR,DRY,DAYLIGHT,TRAFFIC SIGNAL,NONE DETECTED,NONE DETECTED,7B6421A8-59F8-47CB-A1C5-532050BED017,PEDESTRIAN,Cross/Enter at Intersection,NO IMPROPER ACTIONS,AT INTERSECTION MARKED CROSSWALK,No,POSSIBLE INJURY,NONE,39.03879333,-77.05089667,"(39.03879333, -77.05089667)"
MCP26500010,210015754,Montgomery County Police,Injury Crash,04/27/2021 09:49:00 PM,,,,DRIVEWAY OF6912 BRADLEY BLVD,,PEDESTRIAN,OTHER,CLEAR,,DARK LIGHTS ON,N/A,N/A,ALCOHOL PRESENT,7BCD6B50-CF78-449E-A7C1-FEBBA0C77549,PEDESTRIAN,Standing,NO IMPROPER ACTIONS,OTHER,No,SUSPECTED MINOR INJURY,N/A,39.00566333,-77.14188333,"(39.00566333, -77.14188333)"
MCP271700P6,190031745,Montgomery County Police,Injury Crash,07/03/2019 04:30:00 PM,,,,10400 AUTO PARK AVENUE (PARKING LOT OF CADILLAC CAR DEALERSHIP),,PEDESTRIAN,OTHER,CLEAR,,DAYLIGHT,NO CONTROLS,NONE DETECTED,NONE DETECTED,029B25FB-1974-4A62-B43A-E47F6D35BF47,PEDESTRIAN,Cross/Enter not at Intersection,DART DASH,ON ROADWAY NOT AT CROSSWALK,Yes,SUSPECTED MINOR INJURY,N/A,39.027235,-77.14683467,"(39.027235, -77.14683467)"
MCP2954002Y,17008657,Montgomery County Police,Injury Crash,02/17/2017 03:12:00 PM,,,,10801 LOCKWOOD DR IN THE PARKING LOT TO THE REAR NEAR THE ENTRANCE,,PEDESTRIAN,SINGLE VEHICLE,CLEAR,,DAYLIGHT,NO CONTROLS,UNKNOWN,NONE DETECTED,8B95DAC6-2678-4587-A9F8-C0BBD10C7A6C,PEDESTRIAN,Other,N/A,ON ROADWAY AT CROSSWALK,No,POSSIBLE INJURY,N/A,39.03250899,-77.00229138,"(39.03250899, -77.00229138)"
MCP3257000R,200035349,Montgomery County Police,Injury Crash,09/09/2020 02:01:00 PM,,,,PARKING LOT OF LEDOS PIZZA 5245 RIVER RD,,PEDESTRIAN,OTHER,CLEAR,,DAYLIGHT,NO CONTROLS,UNKNOWN,N/A,C766C177-36C4-4AA1-87C9-D06FC903C9DE,PEDESTRIAN,Standing,N/A,OTHER,No,SUSPECTED MINOR INJURY,NONE,38.96603276,-77.10452051,"(38.96603276, -77.10452051)"
MCP28400013,170504579,Montgomery County Police,Injury Crash,04/27/2017 06:30:00 PM,Maryland (State),NEW HAMPSHIRE AVE,SHAW AVE E,,N/A,PEDESTRIAN,SAME DIR REAR END,N/A,DRY,DAYLIGHT,NO CONTROLS,"N/A, NONE DETECTED",N/A,B4D5073C-DEF5-4D4D-982A-4A1B0D41DC6C,PEDESTRIAN,Standing,NO IMPROPER ACTIONS,SHOULDER,No,SUSPECTED MINOR INJURY,N/A,39.06878816,-77.00289488,"(39.06878816, -77.00289488)"
MCP2592002L,230007232,Montgomery County Police,Injury Crash,02/13/2023 09:40:00 AM,County,GOSHEN RD,SNOUFFERS SCHOOL RD,,N/A,PEDESTRIAN,HEAD ON LEFT TURN,CLEAR,WET,DAYLIGHT,TRAFFIC SIGNAL,NONE DETECTED,NONE DETECTED,F5DA0A76-E05C-4FFF-88FA-35556A299799,PEDESTRIAN,Standing,NO IMPROPER ACTIONS,SIDEWALK,No,SUSPECTED SERIOUS INJURY,NONE,39.18786333,-77.187085,"(39.18786333, -77.187085)"
MCP26870032,180027292,Montgomery County Police,Injury Crash,06/03/2018 02:36:00 PM,Government,SOUTH DR,ROCKVILLE PIKE,,N/A,PEDESTRIAN,SINGLE VEHICLE,RAINING,WET,DAYLIGHT,NO CONTROLS,NONE DETECTED,NONE DETECTED,C72D8A9C-F81E-4F45-B2B5-B26BF9C1BF14,PEDESTRIAN,Cross/Enter at Intersection,NO IMPROPER ACTIONS,ON ROADWAY AT CROSSWALK,No,POSSIBLE INJURY,N/A,38.99958604,-77.09809452,"(38.99958604, -77.09809452)"
MCP31990038,210039544,Montgomery County Police,Injury Crash,10/05/2021 06:33:00 AM,Maryland (State),GEORGIA AVE,SHOREFIELD RD,,N/A,PEDESTRIAN,OTHER,FOGGY,DRY,DARK LIGHTS ON,TRAFFIC SIGNAL,UNKNOWN,NONE DETECTED,49863E10-727F-4567-A18B-402227F552F6,PEDESTRIAN,Cross/Enter at Intersection,NO IMPROPER ACTIONS,ON ROADWAY AT CROSSWALK,No,SUSPECTED MINOR INJURY,NONE,39.05301402,-77.05093333,"(39.05301402, -77.05093333)"
MCP27080043,180064590,Montgomery County Police,Injury Crash,12/26/2018 05:00:00 PM,Maryland (State),PINEY BRANCH RD,FLOWER AVE,,N/A,PEDESTRIAN,HEAD ON LEFT TURN,CLEAR,DRY,DUSK,TRAFFIC SIGNAL,NONE DETECTED,NONE DETECTED,0F06F111-E7C9-4CA0-B271-2EC1F5E2BAC5,PEDESTRIAN,Cross/Enter at Intersection,N/A,AT INTERSECTION MARKED CROSSWALK,No,SUSPECTED MINOR INJURY,NONE,38.99819333,-77.00348,"(38.99819333, -77.00348)"
MCP1174001Z,17012153,Montgomery County Police,Injury Crash,03/08/2017 08:31:00 AM,,,,PARKING GARAGE OF 6800 WISCONSIN AVE.  LEVEL 1.  ENTRENCE FOR GARAGE IS OFF BRADLEY BLVD.,,PEDESTRIAN,SINGLE VEHICLE,N/A,,DARK LIGHTS ON,N/A,N/A,NONE DETECTED,5AB0FBF7-8553-4356-8376-AFD93BF1FFFC,PEDESTRIAN,Other,NO IMPROPER ACTIONS,OTHER,No,SUSPECTED MINOR INJURY,NONE,38.9779771,-77.09241629,"(38.9779771, -77.09241629)"
MCP2695000W,16047338,Montgomery County Police,Injury Crash,09/15/2016 12:01:00 PM,County,LOCKWOOD DR,NEW HAMPSHIRE AVE,,N/A,PEDESTRIAN,SINGLE VEHICLE,CLEAR,DRY,DAYLIGHT,NO CONTROLS,N/A,N/A,A68A07D2-1361-49A9-B844-BDD4E03A0C9B,PEDESTRIAN,Cross/Enter at Intersection,IN ROADWAY IMPROPERLY,ON ROADWAY NOT AT CROSSWALK,No,POSSIBLE INJURY,N/A,39.0393207,-76.99142575,"(39.0393207, -76.99142575)"
MCP3027001C,170541992,Montgomery County Police,Injury Crash,11/10/2017 07:13:00 AM,,,,8301 FENTON ST,,OTHER,OTHER,CLEAR,,DAYLIGHT,N/A,N/A,N/A,901E9F88-EADF-4E9A-98C8-FE9BB15BC478,OTHER,Getting off/on Vehicle,NO IMPROPER ACTIONS,OTHER,No,SUSPECTED MINOR INJURY,NONE,38.99330667,-77.02398167,"(38.99330667, -77.02398167)"
MCP1213008D,230058536,Montgomery County Police,Injury Crash,10/04/2023 04:45:00 PM,County,GOOD HOPE RD,SANDY HOLLOW CT,,N/A,PEDESTRIAN,SINGLE VEHICLE,CLEAR,DRY,DAYLIGHT,NO CONTROLS,,NONE DETECTED,8AD7DDE0-812C-47E7-B588-943F8B3F232B,PEDESTRIAN,Standing,ENTERING EXITING PARKED STANDING VEHICLE,ON ROADWAY NOT AT CROSSWALK,Yes,SUSPECTED SERIOUS INJURY,NONE,39.09764333,-76.98539167,"(39.09764333, -76.98539167)"
MCP2552000X,16029030,Montgomery County Police,Injury Crash,06/09/2016 04:42:00 PM,,,,"PARKING LOT OF 12321 PARKLAWN DRIVE, ROCKVILLE, MD 20852",,PEDESTRIAN,OTHER,CLEAR,,DAYLIGHT,N/A,UNKNOWN,N/A,1AFCEF25-F233-4C41-975B-6E1AF1A3DC91,PEDESTRIAN,Other Working,NO IMPROPER ACTIONS,OTHER,No,SUSPECTED MINOR INJURY,N/A,39.059955,-77.11130667,"(39.059955, -77.11130667)"
DM8445001H,17515696,Takoma Park Police Depart,Injury Crash,06/25/2017 02:55:00 PM,,,,"COLLISION OCCURRED WITHIN THE LOT OF 7551 NEW HAMPSHIRE AVE. TAKOMA PARK, MD - CAR WASH",,"OTHER, PEDESTRIAN",SINGLE VEHICLE,CLEAR,,DAYLIGHT,N/A,,N/A,489625C1-9A77-44F5-AF9B-A7D3DA981E3F,OTHER,Other,N/A,N/A,Unknown,NO APPARENT INJURY,N/A,38.98556444,-76.98794156,"(38.98556444, -76.98794156)"
MCP2914003L,16051235,Montgomery County Police,Injury Crash,10/05/2016 05:30:00 AM,Maryland (State),NEW HAMPSHIRE AVE,ADELPHI RD,,N/A,BICYCLIST,OTHER,CLEAR,N/A,DAWN,TRAFFIC SIGNAL,N/A,N/A,4E8CBDF3-8E7D-46E3-8C78-733C69F61AAF,BICYCLIST,Cross/Enter at Intersection,NO IMPROPER ACTIONS,AT INTERSECTION MARKED CROSSWALK,No,SUSPECTED MINOR INJURY,NONE,39.01145616,-76.97879657,"(39.01145616, -76.97879657)"