Report Number,Local Case Number,Agency Name,ACRS Report Type,Crash Date/Time,Route Type,Road Name,Cross-Street Name,Off-Road Description,Municipality,Related Non-Motorist,Collision Type,Weather,Surface Condition,Light,Traffic Control,Driver Substance Abuse,Non-Motorist Substance Abuse,Person ID,Pedestrian Type,Pedestrian Movement,Pedestrian Actions,Pedestrian Location,At Fault,Injury Severity,Safety Equipment,Latitude,Longitude,Location
MCP26860061,230005347,Montgomery County Police,Fatal Crash,02/01/2023 07:40:00 PM,County,MONTGOMERY VILLAGE AVE,CENTERWAY RD,,N/A,PEDESTRIAN,SINGLE VEHICLE,CLEAR,DRY,DARK LIGHTS ON,TRAFFIC SIGNAL,NONE DETECTED,NONE DETECTED,1BDE7422-DF79-4118-9BE3-40B35DE6B6BB,PEDESTRIAN,Cross/Enter at Intersection,UNKNOWN,ON ROADWAY AT CROSSWALK,Unknown,FATAL INJURY,NONE,39.17288383,-77.203517,"(39.17288383, -77.203517)"
MCP2667008P,230056889,Montgomery County Police,Injury Crash,09/26/2023 06:42:00 AM,County,EAST VILLAGE AVE,HERITAGE FARM DR,,N/A,PEDESTRIAN,OTHER,RAINING,WET,DARK LIGHTS ON,NO CONTROLS,NONE DETECTED,UNKNOWN,0FE82681-9EB1-49B6-B9E9-878C85BAB1EA,PEDESTRIAN,Cross/Enter at Intersection,DART DASH,ON ROADWAY NOT AT CROSSWALK,Yes,SUSPECTED SERIOUS INJURY,N/A,39.18791826,-77.16043581,"(39.18791826, -77.16043581)"
DD5610006N,210025218,Rockville Police Departme,Injury Crash,07/01/2021 10:20:00 AM,Maryland (State),ROCKVILLE PIKE,TALBOTT ST,,ROCKVILLE,BICYCLIST,OTHER,CLEAR,DRY,DAYLIGHT,NO CONTROLS,N/A,N/A,33319449-333E-497E-9508-F03B74E5C5EE,BICYCLIST,Cross/Enter not at Intersection,DART DASH,ON ROADWAY NOT AT CROSSWALK,Yes,POSSIBLE INJURY,UNKNOWN,39.07108307,-77.13208008,"(39.07108307, -77.13208008)"
MCP2888000Z,15051790,MONTGOMERY,Injury Crash,10/12/2015 06:03:00 PM,County,TRAVILAH RD,PINEY MEETINGHOUSE RD,,N/A,BICYCLIST,STRAIGHT MOVEMENT ANGLE,CLEAR,DRY,DAYLIGHT,N/A,N/A,N/A,49BFDFA0-0A00-4D04-A13D-56715DA50FDF,BICYCLIST,Other,NOT VISIBLE,SIDEWALK,No,SUSPECTED MINOR INJURY,MC/BIKE HELMET,39.08636177,-77.21926332,"(39.08636177, -77.21926332)"
MCP1227000T,180057601,Montgomery County Police,Injury Crash,11/16/2018 11:10:00 PM,Maryland (State),CONNECTICUT AVE,JONES BRIDGE RD,,N/A,BICYCLIST,OTHER,CLEAR,DRY,DARK LIGHTS ON,TRAFFIC SIGNAL,NONE DETECTED,NONE DETECTED,C0A77A8E-CECE-46BB-B89E-81ABE51EB0FF,BICYCLIST,Cross/Enter at Intersection,FAILURE TO OBEY TRAFFIC SIGNS SIGNALS OR OFFICER,ON ROADWAY NOT AT CROSSWALK,Unknown,SUSPECTED SERIOUS INJURY,NONE,38.99987864,-77.0770297,"(38.99987864, -77.0770297)"
MCP271700TQ,210007143,Montgomery County Police,Injury Crash,02/24/2021 05:50:00 PM,Municipality,DORSET AVE,LITTLE FALLS PKWY,,N/A,BICYCLIST,OTHER,CLEAR,DRY,DARK LIGHTS ON,STOP SIGN,NONE DETECTED,NONE DETECTED,001E9B06-8BC9-4488-A8F2-A21AFC9EFA05,BICYCLIST,Cross/Enter at Intersection,NO IMPROPER ACTIONS,ON ROADWAY AT CROSSWALK,No,SUSPECTED MINOR INJURY,MC/BIKE HELMET,38.96878033,-77.10200367,"(38.96878033, -77.10200367)"
DD5590000T,17004389,Rockville Police Departme,Injury Crash,01/25/2017 05:55:00 PM,Municipality,E MONTGOMERY AVE AT COURTHOUSE SQ,MARYLAND AVE,,ROCKVILLE,OTHER CONVEYANCE,STRAIGHT MOVEMENT ANGLE,CLEAR,DRY,DARK LIGHTS ON,STOP SIGN,UNKNOWN,NONE DETECTED,9B63EAB9-2A22-4F9C-B775-8009EFAFA2D1,OTHER CONVEYANCE,Other,NO IMPROPER ACTIONS,OTHER,No,POSSIBLE INJURY,NONE,39.08435833,-77.14889667,"(39.08435833, -77.14889667)"
DD56150065,180045944,Rockville Police Departme,Injury Crash,09/14/2018 01:45:00 PM,Maryland (State),HUNGERFORD DR,N WASHINGTON ST,,ROCKVILLE,PEDESTRIAN,OTHER,CLOUDY,DRY,DAYLIGHT,NO CONTROLS,NONE DETECTED,NONE DETECTED,23B9D278-E50B-4FAC-B1B0-EAC47034D0B7,PEDESTRIAN,Walking/Cycling on Sidewalk,NO IMPROPER ACTIONS,SIDEWALK,No,POSSIBLE INJURY,NONE,39.09085167,-77.15302333,"(39.09085167, -77.15302333)"
MCP32980015,220008285,Montgomery County Police,Injury Crash,02/23/2022 11:30:00 PM,,,,PARKING LOT OF RESIDENCE,,PEDESTRIAN,N/A,CLEAR,,DARK LIGHTS ON,NO CONTROLS,UNKNOWN,NONE DETECTED,76F12666-A7E9-4116-A655-4AAD8AFD2C71,PEDESTRIAN,Other,NO IMPROPER ACTIONS,N/A,No,SUSPECTED MINOR INJURY,N/A,39.18853182,-77.16383449,"(39.18853182, -77.16383449)"
MCP2877002Q,16046916,Montgomery County Police,Injury Crash,09/13/2016 12:12:00 PM,County,ELLSWORTH DR,FENTON ST,,N/A,PEDESTRIAN,OTHER,CLEAR,DRY,DAYLIGHT,TRAFFIC SIGNAL,NONE DETECTED,NONE DETECTED,EAB795A3-B7B8-4C0A-815E-A31EB6E721B3,PEDESTRIAN,Cross/Enter at Intersection,NO IMPROPER ACTIONS,ON ROADWAY AT CROSSWALK,No,POSSIBLE INJURY,NONE,38.99681,-77.02537333,"(38.99681, -77.02537333)"
MCP1174003R,190039979,Montgomery County Police,Injury Crash,08/21/2019 01:13:00 PM,,,,PUBLIC PARKING LOT #8 OF 4821 ST. ELMO AVE.,,BICYCLIST,SINGLE VEHICLE,CLEAR,,DAYLIGHT,NO CONTROLS,NONE DETECTED,NONE DETECTED,27002D3C-C508-4874-94C6-1347917E68BC,BICYCLIST,Walking/Cycling on Sidewalk,NO IMPROPER ACTIONS,SIDEWALK,No,SUSPECTED MINOR INJURY,MC/BIKE HELMET,38.98917806,-77.09713215,"(38.98917806, -77.09713215)"
MCP2937003N,200008940,Montgomery County Police,Injury Crash,02/22/2020 11:21:00 PM,County,MAYOR LA,THAYER AVE,,N/A,PEDESTRIAN,SINGLE VEHICLE,CLEAR,DRY,DARK LIGHTS ON,NO CONTROLS,NONE DETECTED,NONE DETECTED,633C7111-1012-4D20-B835-345DAC5A7920,PEDESTRIAN,Other Working,NO IMPROPER ACTIONS,ON ROADWAY NOT AT CROSSWALK,No,SUSPECTED MINOR INJURY,NONE,38.99279534,-77.0259186,"(38.99279534, -77.0259186)"
MCP29160025,180018910,Montgomery County Police,Injury Crash,04/18/2018 11:30:00 AM,County,OLD COLUMBIA PIKE,BRIGGS CHANEY RD,,N/A,PEDESTRIAN,OTHER,CLEAR,DRY,DAYLIGHT,NO CONTROLS,NONE DETECTED,NONE DETECTED,4F9B9A0E-7E74-4C3A-A9FC-955757C59108,PEDESTRIAN,Cross/Enter not at Intersection,INATTENTIVE,ON ROADWAY NOT AT CROSSWALK,Yes,SUSPECTED MINOR INJURY,N/A,39.08642319,-76.95042282,"(39.08642319, -76.95042282)"
MCP25880055,180061797,Montgomery County Police,Injury Crash,12/11/2018 05:53:00 AM,County,PARKLAND DR,VEIRS MILL RD,,N/A,PEDESTRIAN,OTHER,CLEAR,DRY,DARK NO LIGHTS,TRAFFIC SIGNAL,NONE DETECTED,NONE DETECTED,52D77901-A0C1-44A1-81CD-28BA35AF8178,PEDESTRIAN,Cross/Enter at Intersection,NO IMPROPER ACTIONS,ON ROADWAY AT CROSSWALK,No,SUSPECTED MINOR INJURY,N/A,39.06169333,-77.09196833,"(39.06169333, -77.09196833)"
MCP2192003Y,210025523,Montgomery County Police,Injury Crash,07/03/2021 08:44:00 AM,County,LONGMEAD CROSSING DR,LAYHILL RD,,N/A,PEDESTRIAN,OTHER,CLOUDY,DRY,DAYLIGHT,TRAFFIC SIGNAL,NONE DETECTED,NONE DETECTED,B646C7C6-CEF9-4C3C-967B-59A1255CD4CC,PEDESTRIAN,Cross/Enter at Intersection,NO IMPROPER ACTIONS,ON ROADWAY AT CROSSWALK,No,SUSPECTED MINOR INJURY,N/A,39.09567667,-77.044915,"(39.09567667, -77.044915)"
MCP26030051,230027813,Montgomery County Police,Injury Crash,06/09/2023 04:00:00 PM,,,,PARKING LOT OF 18568 WOODFIELD RD,,BICYCLIST,OTHER,N/A,,DAYLIGHT,N/A,N/A,N/A,B7B6C6AC-E47B-44A4-8557-BAC8361302D9,BICYCLIST,Other,UNKNOWN,ON ROADWAY NOT AT CROSSWALK,Unknown,POSSIBLE INJURY,MC/BIKE HELMET,39.16095542,-77.15910523,"(39.16095542, -77.15910523)"
MCP2198003J,170546802,Montgomery County Police,Injury Crash,12/05/2017 06:57:00 PM,County,SHADY GROVE RD,RAMP 4 FR RAMP 1 TO SHADY GROVE RD,,N/A,PEDESTRIAN,OTHER,N/A,WET,DARK LIGHTS ON,N/A,N/A,N/A,BC384F2E-128E-44A6-B220-E901C3B8B210,PEDESTRIAN,Standing,NO IMPROPER ACTIONS,OTHER,No,POSSIBLE INJURY,N/A,39.11376667,-77.18679833,"(39.11376667, -77.18679833)"
MCP3195000Q,190053930,Montgomery County Police,Injury Crash,11/08/2019 06:40:00 PM,US (State),COLUMBIA PIKE,INDUSTRIAL PKWY,,N/A,PEDESTRIAN,STRAIGHT MOVEMENT ANGLE,CLEAR,DRY,DARK LIGHTS ON,TRAFFIC SIGNAL,N/A,NONE DETECTED,3B8C5C72-9AC7-4E13-B77B-F5ABE182368F,PEDESTRIAN,Cross/Enter at Intersection,DART DASH,ON ROADWAY NOT AT CROSSWALK,Yes,SUSPECTED SERIOUS INJURY,NONE,39.0563,-76.97162333,"(39.0563, -76.97162333)"
MCP1512000J,15040629,MONTGOMERY,Injury Crash,08/14/2015 07:00:00 PM,,,,Parking Lot of 50 Bureau Dr. Gaithersburg,,PEDESTRIAN,SINGLE VEHICLE,CLEAR,,DAYLIGHT,NO CONTROLS,NONE DETECTED,NONE DETECTED,05A667B7-7F62-422A-A125-EE292710D63F,PEDESTRIAN,Other,NO IMPROPER ACTIONS,N/A,No,SUSPECTED MINOR INJURY,NONE,39.14424667,-77.21852833,"(39.14424667, -77.21852833)"
MCP3091002Q,210028782,Montgomery County Police,Injury Crash,07/25/2021 10:38:00 AM,County,SHADY GROVE RD,ENT TO MONT CO TRANSFER STATION,,N/A,PEDESTRIAN,OTHER,CLEAR,DRY,DAYLIGHT,PERSON,UNKNOWN,N/A,092D9189-23C4-40C5-BA1B-DD446EDC670A,PEDESTRIAN,Standing,NO IMPROPER ACTIONS,OTHER,No,POSSIBLE INJURY,NONE,39.05411483,-77.1133085,"(39.05411483, -77.1133085)"
MCP2405000B,15025529,Montgomery County Police,Injury Crash,05/27/2015 03:03:00 PM,US (State),GEORGIA AVE,STRUC #15078,,N/A,BICYCLIST,STRAIGHT MOVEMENT ANGLE,CLEAR,DRY,DAYLIGHT,STOP SIGN,NONE DETECTED,N/A,262591AE-B112-4046-A80A-1365D56FC58B,BICYCLIST,Cross/Enter at Intersection,NO IMPROPER ACTIONS,ON ROADWAY AT CROSSWALK,,SUSPECTED MINOR INJURY,MC/BIKE HELMET,38.98887725,-77.02685237,"(38.98887725, -77.02685237)"
MCP2656001D,16051276,Montgomery County Police,Injury Crash,10/05/2016 08:49:00 PM,County,ROBEY RD,BRIGGS CHANEY RD,,N/A,PEDESTRIAN,N/A,CLEAR,DRY,DARK LIGHTS ON,NO CONTROLS,NONE DETECTED,NONE DETECTED,4810D2C4-6988-4979-B94B-698CD2EACB40,PEDESTRIAN,Cross/Enter at Intersection,NO IMPROPER ACTIONS,MIDBLOCK MARKED CROSSWALK,No,POSSIBLE INJURY,N/A,39.07956333,-76.94503167,"(39.07956333, -76.94503167)"
MCP1205004Y,190012166,Montgomery County Police,Injury Crash,03/16/2019 11:58:00 AM,County,LAWRENCE AVE,DECATUR AVE,,N/A,BICYCLIST,OTHER,CLEAR,DRY,DAYLIGHT,NO CONTROLS,,NONE DETECTED,FFBA20EE-6DD3-493B-BCE5-2B6DF0B73153,BICYCLIST,Walking/Riding w/Traffic,IMPROPER TURN MERGE,ON ROADWAY NOT AT CROSSWALK,Yes,SUSPECTED MINOR INJURY,MC/BIKE HELMET,39.03525833,-77.08123667,"(39.03525833, -77.08123667)"
MCP9311000R,16047305,Montgomery County Police,Injury Crash,09/15/2016 09:31:00 AM,,,,"PARKING LOT OF 10400 FERNWOOD ROAD, BETHESDA, MD 20817 (MARRIOTT CORP BUILDING)",,PEDESTRIAN,SINGLE VEHICLE,CLOUDY,,DAYLIGHT,NO CONTROLS,NONE DETECTED,NONE DETECTED,768D53E6-EAB1-4916-8113-10459AC1ED64,PEDESTRIAN,Other,NO IMPROPER ACTIONS,ON ROADWAY AT CROSSWALK,No,SUSPECTED MINOR INJURY,N/A,39.02551333,-77.14379333,"(39.02551333, -77.14379333)"
MCP2859000R,15008735,Montgomery County Police,Property Damage Crash,02/23/2015 01:07:00 PM,Municipality,DUVALL LA,W DEER PARK RD,,GAITHERSBURG,PEDESTRIAN,OTHER,CLEAR,DRY,DAYLIGHT,NO CONTROLS,NONE DETECTED,NONE DETECTED,BBC84C74-63B7-4E3E-AFB0-F2B201BA0E9E,PEDESTRIAN,Other Working,NO IMPROPER ACTIONS,ON ROADWAY NOT AT CROSSWALK,,NO APPARENT INJURY,NONE,39.12917181,-77.20271677,"(39.12917181, -77.20271677)"
MCP30630043,230020870,Montgomery County Police,Injury Crash,05/02/2023 05:52:00 AM,Maryland (State),PINEY BRANCH RD,DALE DR,,N/A,PEDESTRIAN,N/A,CLEAR,DRY,DARK LIGHTS ON,TRAFFIC SIGNAL,NONE DETECTED,NONE DETECTED,50DDB45E-92F5-4E0F-A313-56422A892EF9,PEDESTRIAN,Cross/Enter at Intersection,N/A,ON ROADWAY AT CROSSWALK,No,POSSIBLE INJURY,NONE,38.99371605,-77.00914387,"(38.99371605, -77.00914387)"
MCP2503001H,230050612,Montgomery County Police,Injury Crash,08/21/2023 09:23:00 PM,Maryland (State),FREDERICK RD,KING FARM BLVD,,ROCKVILLE,PEDESTRIAN,SINGLE VEHICLE,CLEAR,DRY,DARK LIGHTS ON,TRAFFIC SIGNAL,NONE DETECTED,N/A,989DEA05-F114-4114-9D25-28F84504F088,PEDESTRIAN,Cross/Enter at Intersection,FAILURE TO YIELD RIGHT OF WAY,ON ROADWAY AT CROSSWALK,Yes,POSSIBLE INJURY,N/A,39.11718167,-77.16909,"(39.11718167, -77.16909)"
MCP2161000D,170516378,Montgomery County Police,Injury Crash,06/29/2017 08:50:00 AM,Ramp,RAMP 10 FR RAMP 5 TO OMEGA DR,RAMP 5 FR IS 270 SB TO SHADY GROVE RD,,N/A,OTHER CONVEYANCE,STRAIGHT MOVEMENT ANGLE,CLEAR,DRY,DAYLIGHT,STOP SIGN,N/A,N/A,18F13A5A-AD14-41F8-B363-6D0F4711825D,OTHER CONVEYANCE,Cross/Enter at Intersection,NO IMPROPER ACTIONS,ON ROADWAY AT CROSSWALK,No,SUSPECTED MINOR INJURY,NONE,39.11172833,-77.191985,"(39.11172833, -77.191985)"
MCP2868002M,180056349,Montgomery County Police,Injury Crash,11/09/2018 05:59:00 PM,Maryland (State),ROCKVILLE PIKE,MARINELLI RD,,N/A,PEDESTRIAN,OTHER,RAINING,WET,DARK LIGHTS ON,TRAFFIC SIGNAL,NONE DETECTED,NONE DETECTED,841270CF-73CD-43AD-8017-6FB5CAE0630A,PEDESTRIAN,Cross/Enter at Intersection,NO IMPROPER ACTIONS,AT INTERSECTION MARKED CROSSWALK,No,POSSIBLE INJURY,NONE,39.04725167,-77.112785,"(39.04725167, -77.112785)"
DD5670000B,230070710,Rockville Police Departme,Injury Crash,12/08/2023 11:17:00 PM,Municipality,CHAPMAN AVE,THOMPSON AVE,,ROCKVILLE,PEDESTRIAN,SINGLE VEHICLE,N/A,DRY,DARK LIGHTS ON,NO CONTROLS,NONE DETECTED,NONE DETECTED,2BE0D4AA-1ED3-43ED-A6E7-9132342AACF7,PEDESTRIAN,Standing,IN ROADWAY IMPROPERLY,ON ROADWAY NOT AT CROSSWALK,Yes,NO APPARENT INJURY,N/A,39.06013877,-77.12017775,"(39.06013877, -77.12017775)"
MCP9301002V,190028026,Montgomery County Police,Injury Crash,06/12/2019 12:18:00 PM,Municipality,WASHINGTONIAN BLVD,FIELDS RD,,N/A,BICYCLIST,OTHER,CLEAR,DRY,DAYLIGHT,TRAFFIC SIGNAL,N/A,N/A,96E180BF-EBD4-4EBB-981E-2C95045BD35E,BICYCLIST,Walking/Riding against Traffic,WRONG WAY RIDING OR WALKING,ON ROADWAY AT CROSSWALK,Yes,SUSPECTED MINOR INJURY,MC/BIKE HELMET,39.11299333,-77.191215,"(39.11299333, -77.191215)"
MCP3294001H,230022690,Montgomery County Police,Injury Crash,05/11/2023 07:00:00 PM,,,,PARKING LOT OF,,PEDESTRIAN,OTHER,CLEAR,,DAYLIGHT,NO CONTROLS,NONE DETECTED,NONE DETECTED,6C214792-2455-422B-979D-A436B79F61B7,PEDESTRIAN,Other,UNKNOWN,SIDEWALK,No,POSSIBLE INJURY,N/A,39.17183167,-77.204945,"(39.17183167, -77.204945)"
MCP13050010,16045730,Montgomery County Police,Property Damage Crash,09/07/2016 09:18:00 AM,,,,PRIVATE PROPERTY OF 17807 BOWIE MILL RD,,OTHER,SINGLE VEHICLE,N/A,,DAYLIGHT,NO CONTROLS,NONE DETECTED,N/A,DFD60ED1-F305-4490-ACB7-3CC3E630D6C5,OTHER,N/A,NO IMPROPER ACTIONS,INSIDE BUILDING,No,NO APPARENT INJURY,N/A,39.1485255,-77.11275816,"(39.1485255, -77.11275816)"
MCP2656001Y,170517828,Montgomery County Police,Injury Crash,07/07/2017 01:00:00 PM,County,BRIGGS CHANEY RD,ENT TO BRIGGS CHANEY OUTLETS,,N/A,BICYCLIST,STRAIGHT MOVEMENT ANGLE,N/A,DRY,DAYLIGHT,UNKNOWN,UNKNOWN,N/A,06ADDC19-CDD5-4437-9803-D2928712FE5D,BICYCLIST,Cross/Enter at Intersection,FAILURE TO YIELD RIGHT OF WAY,ON ROADWAY AT CROSSWALK,Unknown,POSSIBLE INJURY,MC/BIKE HELMET,39.08292167,-76.94823833,"(39.08292167, -76.94823833)"
MCP3005005R,210023152,Montgomery County Police,Injury Crash,06/17/2021 11:18:00 AM,Maryland (State),VEIRS MILL RD,ENNALLS AVE,,N/A,OTHER,SINGLE VEHICLE,CLEAR,DRY,DAYLIGHT,NO CONTROLS,NONE DETECTED,NONE DETECTED,CCDC043E-939B-48BF-BE69-4C3E39BB66E9,OTHER,Cross/Enter at Intersection,DART DASH,ON ROADWAY NOT AT CROSSWALK,Yes,POSSIBLE INJURY,NONE,39.03906333,-77.05424833,"(39.03906333, -77.05424833)"
MCP3361000G,230022085,Montgomery County Police,Injury Crash,05/08/2023 08:04:00 PM,County,KEMP MILL RD,ARCOLA AVE,,N/A,BICYCLIST,SINGLE VEHICLE,CLEAR,DRY,DARK LIGHTS ON,TRAFFIC SIGNAL,UNKNOWN,NONE DETECTED,293A3CD4-C9F1-4175-A268-3CB2C8E331E8,BICYCLIST,Cross/Enter at Intersection,NO IMPROPER ACTIONS,SIDEWALK,No,SUSPECTED MINOR INJURY,MC/BIKE HELMET,39.04602409,-77.03221547,"(39.04602409, -77.03221547)"
MCP27490029,180036410,Montgomery County Police,Injury Crash,07/23/2018 11:05:00 AM,County,E RANDOLPH RD,NEW HAMPSHIRE AVE,,N/A,PEDESTRIAN,SINGLE VEHICLE,CLOUDY,WET,DAYLIGHT,N/A,NONE DETECTED,NONE DETECTED,FA69E49E-9F65-43A2-8B69-0C2694FB1C8E,PEDESTRIAN,Cross/Enter not at Intersection,IN ROADWAY IMPROPERLY,ON ROADWAY NOT AT CROSSWALK,Yes,SUSPECTED MINOR INJURY,N/A,39.07577,-77.00072333,"(39.07577, -77.00072333)"
MCP3079001M,180064250,Montgomery County Police,Injury Crash,12/23/2018 08:44:00 PM,County,MIDDLEBROOK RD,ENT TO BUSINESS,,N/A,PEDESTRIAN,OTHER,CLEAR,DRY,DARK LIGHTS ON,N/A,NONE DETECTED,ALCOHOL PRESENT,21EAB453-8059-4334-B847-5EE35D8F26B4,PEDESTRIAN,Cross/Enter not at Intersection,IN ROADWAY IMPROPERLY,ON ROADWAY NOT AT CROSSWALK,Yes,SUSPECTED MINOR INJURY,NONE,39.17553667,-77.25554167,"(39.17553667, -77.25554167)"
MCP3254003N,240000590,Montgomery County Police,Injury Crash,12/31/2023 01:00:00 PM,,,,ON THE SIDEWALK IN FRONT OF EXXON AT 448 N FREDERICK AVENUE GAITHERSBURG MD 20877,,PEDESTRIAN,SINGLE VEHICLE,CLEAR,,DAYLIGHT,TRAFFIC SIGNAL,UNKNOWN,N/A,1BA94396-6FC0-4510-8C88-EA1FEC1BDD8A,PEDESTRIAN,Walking/Cycling on Sidewalk,NO IMPROPER ACTIONS,SIDEWALK,No,SUSPECTED MINOR INJURY,N/A,39.14832345,-77.20689024,"(39.14832345, -77.20689024)"
EJ7833007G,220056645,Gaithersburg Police Depar,Injury Crash,12/21/2022 03:10:00 PM,Municipality,WASHINGTONIAN BLVD,END ROUNDABOUT,,N/A,PEDESTRIAN,SINGLE VEHICLE,CLEAR,DRY,DAYLIGHT,NO CONTROLS,NONE DETECTED,NONE DETECTED,8E6DBBBB-1095-4616-B219-5B8DAF8E36E0,PEDESTRIAN,Cross/Enter at Intersection,NO IMPROPER ACTIONS,AT INTERSECTION MARKED CROSSWALK,Unknown,POSSIBLE INJURY,REFLECTIVE CLOTHING,39.11804855,-77.20324627,"(39.11804855, -77.20324627)"
DD5583000N,15041103,ROCKVILLE,Injury Crash,08/17/2015 01:28:00 PM,,,,PARKING LOT OF THE GIANT FOODS 625 HUNGERFORD DR ROCKVILLE,,PEDESTRIAN,SINGLE VEHICLE,CLEAR,,DAYLIGHT,N/A,NONE DETECTED,NONE DETECTED,8AAF039C-42B9-43F7-9666-A6F1FDDF0A76,PEDESTRIAN,Other,NO IMPROPER ACTIONS,OTHER,No,SUSPECTED MINOR INJURY,N/A,39.09248235,-77.15241194,"(39.09248235, -77.15241194)"
MCP2723001P,16029171,Montgomery County Police,Injury Crash,06/10/2016 10:09:00 AM,Maryland (State),NEW HAMPSHIRE AVE,EDNOR RD,,N/A,BICYCLIST,STRAIGHT MOVEMENT ANGLE,CLEAR,DRY,DAYLIGHT,NO CONTROLS,N/A,N/A,F2A18E84-4B32-4C3C-AA4D-E6AC0ADBF4CC,BICYCLIST,Walking/Riding w/Traffic,NO IMPROPER ACTIONS,ON ROADWAY NOT AT CROSSWALK,No,SUSPECTED SERIOUS INJURY,MC/BIKE HELMET,39.20948333,-77.24713,"(39.20948333, -77.24713)"
MCP2812005H,190060799,Montgomery County Police,Injury Crash,12/17/2019 05:32:00 PM,Maryland (State),GEORGIA AVE,FENWICK LA,,N/A,PEDESTRIAN,OTHER,RAINING,WET,DARK LIGHTS ON,NO CONTROLS,N/A,N/A,33511FFE-97FB-4934-B7E1-C1BABC7A6008,PEDESTRIAN,Cross/Enter at Intersection,UNKNOWN,ON ROADWAY AT CROSSWALK,No,POSSIBLE INJURY,N/A,38.99814,-77.03068,"(38.99814, -77.03068)"
MCP29760024,16050199,Montgomery County Police,Injury Crash,09/30/2016 02:15:00 AM,,,,PARKING LOT OF 12281 TECH RD,,PEDESTRIAN,OTHER,RAINING,,DARK LIGHTS ON,N/A,ALCOHOL PRESENT,NONE DETECTED,2D29F4DB-70FE-4170-BBD7-3062B89F9124,PEDESTRIAN,Standing,NO IMPROPER ACTIONS,OTHER,No,SUSPECTED MINOR INJURY,N/A,39.05669961,-76.96690366,"(39.05669961, -76.96690366)"
DD56050033,17000408,Rockville Police Departme,Injury Crash,01/03/2017 02:41:00 PM,Maryland (State),HUNGERFORD DR,N WASHINGTON ST,,ROCKVILLE,PEDESTRIAN,OTHER,RAINING,WET,DAYLIGHT,OTHER,NONE DETECTED,NONE DETECTED,C96FF6CE-C97E-4E0A-9128-0BF0073AE236,PEDESTRIAN,Cross/Enter at Intersection,NO IMPROPER ACTIONS,SIDEWALK,No,POSSIBLE INJURY,NONE,39.08999167,-77.15239333,"(39.08999167, -77.15239333)"
MCP0942002Z,200027774,Montgomery County Police,Injury Crash,07/17/2020 12:25:00 PM,Maryland (State),OLD GEORGETOWN RD,FAIRMONT AVE,,N/A,BICYCLIST,SINGLE VEHICLE,CLEAR,DRY,DAYLIGHT,NO CONTROLS,NONE DETECTED,NONE DETECTED,075DED8C-9D1A-4ABD-9B2F-C1ECF92B44D7,BICYCLIST,Cross/Enter at Intersection,NO IMPROPER ACTIONS,AT INTERSECTION MARKED CROSSWALK,No,POSSIBLE INJURY,MC/BIKE HELMET,38.98703151,-77.0979798,"(38.98703151, -77.0979798)"
MCP27390034,200006250,Montgomery County Police,Injury Crash,02/06/2020 10:02:00 PM,Maryland (State),UNIVERSITY BLVD W,SUTHERLAND RD,,N/A,PEDESTRIAN,SINGLE VEHICLE,RAINING,WET,DARK LIGHTS ON,N/A,NONE DETECTED,ALCOHOL CONTRIBUTED,161D89ED-46F9-4EFB-BC29-17B9C933FEDE,PEDESTRIAN,Cross/Enter not at Intersection,IN ROADWAY IMPROPERLY,ON ROADWAY NOT AT CROSSWALK,Yes,POSSIBLE INJURY,NONE,39.02032667,-77.014,"(39.02032667, -77.014)"
MCP28090026,15045544,MONTGOMERY,Injury Crash,09/09/2015 01:40:00 PM,,,,Parking lot of 12345 Georgia Avenue,,OTHER,OTHER,N/A,,DAYLIGHT,N/A,UNKNOWN,N/A,29788FD1-54F4-467E-A018-33BA5BD0DC45,OTHER,Other,NO IMPROPER ACTIONS,N/A,No,POSSIBLE INJURY,N/A,39.05783667,-77.04875833,"(39.05783667, -77.04875833)"
MCP3042003M,220004277,Montgomery County Police,Injury Crash,02/01/2022 07:40:00 AM,County,GLENALLAN AVE,LAYHILL RD,,N/A,PEDESTRIAN,OTHER,CLEAR,DRY,DAWN,TRAFFIC SIGNAL,UNKNOWN,NONE DETECTED,1444A6CF-24CF-4763-9295-83BA90D7BB4C,PEDESTRIAN,Cross/Enter at Intersection,NO IMPROPER ACTIONS,ON ROADWAY AT CROSSWALK,No,SUSPECTED MINOR INJURY,NONE,39.06318568,-77.05016024,"(39.06318568, -77.05016024)"
MCP3212000Y,190057885,Montgomery County Police,Injury Crash,12/01/2019 09:09:00 PM,Maryland (State),NEW HAMPSHIRE AVE,OAKVIEW DR,,N/A,PEDESTRIAN,N/A,OTHER,WET,DARK LIGHTS ON,TRAFFIC SIGNAL,NONE DETECTED,NONE DETECTED,28565E9C-0ACF-4596-AD6C-76A3F9D43672,PEDESTRIAN,Cross/Enter at Intersection,NO IMPROPER ACTIONS,ON ROADWAY AT CROSSWALK,No,SUSPECTED MINOR INJURY,NONE,39.01531982,-76.97760212,"(39.01531982, -76.97760212)"
DD56190001,16009838,Rockville Police Departme,Injury Crash,02/27/2016 09:47:00 PM,Municipality,W EDMONSTON DR,WOOTTON PKWY,,ROCKVILLE,PEDESTRIAN,OTHER,CLEAR,DRY,DARK LIGHTS ON,OTHER,NONE DETECTED,NONE DETECTED,289A8B8D-32F9-473A-82BD-DC957CE35E12,PEDESTRIAN,Cross/Enter at Intersection,NO IMPROPER ACTIONS,ON ROADWAY AT CROSSWALK,No,POSSIBLE INJURY,NONE,39.07354333,-77.13685667,"(39.07354333, -77.13685667)"
MCP3330001M,230066422,Montgomery County Police,Injury Crash,11/15/2023 08:23:00 AM,County,AMHERST AVE,ALLEY,,N/A,BICYCLIST,SAME DIRECTION LEFT TURN,CLEAR,DRY,DAYLIGHT,NO CONTROLS,NONE DETECTED,NONE DETECTED,0B260352-7FFA-4A3D-AE40-71BDA24C4F14,BICYCLIST,Cross/Enter not at Intersection,NO IMPROPER ACTIONS,SIDEWALK,No,SUSPECTED SERIOUS INJURY,MC/BIKE HELMET,39.033292,-77.04715867,"(39.033292, -77.04715867)"
MCP30760018,180006535,Montgomery County Police,Injury Crash,02/07/2018 02:25:00 PM,Maryland (State),GEORGIA AVE,FENWICK LA,,N/A,BICYCLIST,STRAIGHT MOVEMENT ANGLE,RAINING,WET,DAYLIGHT,NO CONTROLS,NONE DETECTED,NONE DETECTED,63DCCDF7-4C19-4625-A50C-29E8A1B43E89,BICYCLIST,Cross/Enter at Intersection,FAILURE TO YIELD RIGHT OF WAY,ON ROADWAY NOT AT CROSSWALK,Yes,POSSIBLE INJURY,REFLECTIVE CLOTHING,38.99823833,-77.0304035,"(38.99823833, -77.0304035)"