Report Number,Local Case Number,Agency Name,ACRS Report Type,Crash Date/Time,Route Type,Road Name,Cross-Street Name,Off-Road Description,Municipality,Related Non-Motorist,Collision Type,Weather,Surface Condition,Light,Traffic Control,Driver Substance Abuse,Non-Motorist Substance Abuse,Person ID,Pedestrian Type,Pedestrian Movement,Pedestrian Actions,Pedestrian Location,At Fault,Injury Severity,Safety Equipment,Latitude,Longitude,Location
MCP93110037,210017682,Montgomery County Police,Injury Crash,05/11/2021 11:12:00 AM,County,HACKAMORE DR,BRICKYARD RD,,N/A,PEDESTRIAN,SAME DIR REAR END,CLEAR,DRY,DAYLIGHT,NO CONTROLS,NONE DETECTED,NONE DETECTED,DEA09DEA-EEBA-44BB-9A46-306FFA6084A6,PEDESTRIAN,Other Working,NO IMPROPER ACTIONS,OTHER,No,SUSPECTED MINOR INJURY,N/A,38.98572667,-77.21298333,"(38.98572667, -77.21298333)"
MCP2756004R,220056264,Montgomery County Police,Injury Crash,12/19/2022 04:25:00 PM,,,,"PARKING LOT OF COSTCO 11160 VEIRS MILL RD. SILVER SPRING, MD 20902",,PEDESTRIAN,OPPOSITE DIRECTION SIDESWIPE,CLEAR,,DAYLIGHT,NO CONTROLS,NONE DETECTED,NONE DETECTED,A996772C-5A83-443E-9157-89C789086C88,PEDESTRIAN,Standing,NO IMPROPER ACTIONS,SIDEWALK,No,POSSIBLE INJURY,NONE,39.03562333,-77.055785,"(39.03562333, -77.055785)"
MCP2767008V,210001648,Montgomery County Police,Injury Crash,01/13/2021 05:40:00 PM,County,RANDOLPH RD,HEURICH RD,,N/A,BICYCLIST,SINGLE VEHICLE,CLEAR,DRY,DUSK,NO CONTROLS,UNKNOWN,NONE DETECTED,5BC95A45-7042-4825-9138-8FA5D048F7C9,BICYCLIST,Cross/Enter at Intersection,NO IMPROPER ACTIONS,ON ROADWAY NOT AT CROSSWALK,No,POSSIBLE INJURY,NONE,39.06225291,-77.04188665,"(39.06225291, -77.04188665)"
MCP2094005G,15049899,MONTGOMERY,Injury Crash,10/02/2015 07:58:00 AM,Maryland (State),ROCKVILLE PIKE,STRATHMORE AVE,,N/A,PEDESTRIAN,OTHER,RAINING,WET,DARK LIGHTS ON,TRAFFIC SIGNAL,NONE DETECTED,NONE DETECTED,59610ACD-8FE1-447E-8851-C653CE887A34,PEDESTRIAN,Cross/Enter at Intersection,NO IMPROPER ACTIONS,ON ROADWAY AT CROSSWALK,No,POSSIBLE INJURY,NONE,39.03480667,-77.10679,"(39.03480667, -77.10679)"
MCP3230001H,200034830,Montgomery County Police,Injury Crash,09/05/2020 06:40:00 PM,,,,REAR PARKING LOT OF 13625 GEORGIA AVE,,PEDESTRIAN,SINGLE VEHICLE,CLEAR,,DAYLIGHT,NO CONTROLS,NONE DETECTED,NONE DETECTED,EE77B261-1CEE-4B69-8C5F-8A14A482B3B0,PEDESTRIAN,Other,INATTENTIVE,OTHER,No,SUSPECTED MINOR INJURY,N/A,39.08032256,-77.07115942,"(39.08032256, -77.07115942)"
MCP3012000S,16016902,Montgomery County Police,Injury Crash,04/07/2016 07:42:00 AM,,,,ASPEN HILL SHOPPING CENTER PARKING LOT,,PEDESTRIAN,N/A,RAINING,,DAYLIGHT,NO CONTROLS,NONE DETECTED,NONE DETECTED,EB0FE60D-7D1D-481E-B9D6-F74CC581B516,PEDESTRIAN,Walking/Cycling on Sidewalk,NO IMPROPER ACTIONS,ON ROADWAY AT CROSSWALK,No,SUSPECTED MINOR INJURY,NONE,39.07721738,-77.0799011,"(39.07721738, -77.0799011)"
EJ7809000V,16060797,Gaithersburg Police Depar,Property Damage Crash,11/26/2016 08:47:00 PM,Maryland (State),S FREDERICK RD,CEDAR AVE,,GAITHERSBURG,PEDESTRIAN,SINGLE VEHICLE,CLEAR,DRY,DARK LIGHTS ON,NO CONTROLS,NONE DETECTED,NONE DETECTED,298EE32F-4D36-4EA4-A983-BADE1D1B3C61,PEDESTRIAN,Cross/Enter not at Intersection,DART DASH,ON ROADWAY NOT AT CROSSWALK,Yes,NO APPARENT INJURY,N/A,39.13965754,-77.1964176,"(39.13965754, -77.1964176)"
MCP2311002B,16026138,Montgomery County Police,Injury Crash,05/26/2016 01:46:00 AM,County,MONTGOMERY VILLAGE AVE,WALKERS CHOICE RD,,N/A,BICYCLIST,SAME DIR REAR END,CLEAR,DRY,DARK NO LIGHTS,N/A,N/A,N/A,C2C964E2-0C7D-4B2C-8FBB-42D9302E3F2D,BICYCLIST,Walking/Riding w/Traffic,NOT VISIBLE,ON ROADWAY NOT AT CROSSWALK,No,SUSPECTED MINOR INJURY,N/A,39.16437333,-77.20392167,"(39.16437333, -77.20392167)"
DD56370028,210006695,Rockville Police Departme,Injury Crash,02/21/2021 04:23:00 PM,,,,PARKING GARAGE OF 1628 E JEFFERSON ST,,PEDESTRIAN,OTHER,CLEAR,,N/A,NO CONTROLS,NONE DETECTED,NONE DETECTED,558878A4-6EEE-49CE-A6FC-7CC240648B1C,PEDESTRIAN,Cross/Enter not at Intersection,DART DASH,OTHER,Yes,SUSPECTED MINOR INJURY,NONE,39.06067784,-77.1270258,"(39.06067784, -77.1270258)"
MCP1378007T,15049147,MONTGOMERY,Injury Crash,09/28/2015 12:22:00 PM,County,S WESTLAND DR,FREDERICK RD,,N/A,PEDESTRIAN,SINGLE VEHICLE,CLOUDY,DRY,DAYLIGHT,TRAFFIC SIGNAL,NONE DETECTED,NONE DETECTED,7B9B6D74-600E-4FB6-A812-D1C9295FAACF,PEDESTRIAN,Cross/Enter at Intersection,NO IMPROPER ACTIONS,ON ROADWAY AT CROSSWALK,No,SUSPECTED SERIOUS INJURY,N/A,39.12589833,-77.18296,"(39.12589833, -77.18296)"
MCP3127000T,180025354,Montgomery County Police,Injury Crash,05/23/2018 05:55:00 PM,Maryland (State),WILSON LA,STRATFORD RD,,N/A,PEDESTRIAN,OTHER,CLEAR,DRY,DAYLIGHT,NO CONTROLS,NONE DETECTED,NONE DETECTED,7AD2ECC4-7349-4185-956F-08E1363A53E5,PEDESTRIAN,Cross/Enter at Intersection,INATTENTIVE,ON ROADWAY AT CROSSWALK,Yes,SUSPECTED MINOR INJURY,NONE,38.98715102,-77.10850954,"(38.98715102, -77.10850954)"
MCP1048003N,180021141,Montgomery County Police,Injury Crash,04/30/2018 04:21:00 PM,County,E GUDE DR,CECIL ST,,N/A,BICYCLIST,SAME DIRECTION RIGHT TURN,CLEAR,DRY,DAYLIGHT,TRAFFIC SIGNAL,N/A,NONE DETECTED,934EF8FF-DE08-4F00-97BA-2D53376D8597,BICYCLIST,Cross/Enter at Intersection,NO IMPROPER ACTIONS,AT INTERSECTION MARKED CROSSWALK,No,SUSPECTED MINOR INJURY,NONE,39.10631936,-77.15231538,"(39.10631936, -77.15231538)"
MCP1580003H,15029144,Montgomery County Police,Injury Crash,06/15/2015 03:55:00 PM,County,CLUB HOUSE RD,MONTGOMERY VILLAGE AVE,,N/A,PEDESTRIAN,SINGLE VEHICLE,CLEAR,DRY,DAYLIGHT,NO CONTROLS,NONE DETECTED,NONE DETECTED,427011B3-37A4-4B4F-96AE-4B2F686824C1,PEDESTRIAN,Cross/Enter not at Intersection,DART DASH,ON ROADWAY NOT AT CROSSWALK,,SUSPECTED MINOR INJURY,N/A,39.1746,-77.20453667,"(39.1746, -77.20453667)"
MCP3064004C,220007560,Montgomery County Police,Injury Crash,02/21/2022 10:45:00 AM,County,SHOREFIELD RD,GEORGIA AVE,,N/A,PEDESTRIAN,SINGLE VEHICLE,CLEAR,DRY,DAYLIGHT,TRAFFIC SIGNAL,NONE DETECTED,NONE DETECTED,643E452F-611A-4871-BEF1-5B414644148E,PEDESTRIAN,Cross/Enter at Intersection,UNKNOWN,AT INTERSECTION BUT NO CROSSWALK,Unknown,POSSIBLE INJURY,NONE,39.05301805,-77.05083386,"(39.05301805, -77.05083386)"
MCP2992002M,190041453,Montgomery County Police,Injury Crash,08/29/2019 09:35:00 PM,Maryland (State),LAYHILL RD,BEL PRE RD,,N/A,PEDESTRIAN,OTHER,N/A,DRY,DARK NO LIGHTS,NO CONTROLS,N/A,ALCOHOL PRESENT,225036BE-DCA0-4732-A692-FB3669F00C31,PEDESTRIAN,Getting off/on Vehicle,DART DASH,OTHER,Yes,SUSPECTED MINOR INJURY,N/A,39.09172333,-77.04509833,"(39.09172333, -77.04509833)"
MCP29920030,200036769,Montgomery County Police,Injury Crash,09/19/2020 04:45:00 PM,County,BEL PRE RD,ENT TO APARTMENTS,,N/A,BICYCLIST,OTHER,CLEAR,DRY,DAYLIGHT,NO CONTROLS,N/A,N/A,885F94EE-1F46-49A9-B52E-FFA9711F97D6,BICYCLIST,Walking/Cycling on Sidewalk,NO IMPROPER ACTIONS,ON ROADWAY AT CROSSWALK,No,SUSPECTED MINOR INJURY,MC/BIKE HELMET,39.09117667,-77.066665,"(39.09117667, -77.066665)"
MCP26990012,180027240,Montgomery County Police,Injury Crash,06/03/2018 12:13:00 AM,County,TWINBROOK PKWY,VEIRS MILL RD,,N/A,PEDESTRIAN,SINGLE VEHICLE,RAINING,WET,DARK LIGHTS ON,TRAFFIC SIGNAL,NONE DETECTED,N/A,1EC6C722-80A2-40AC-A4C2-62E7748A7809,PEDESTRIAN,Cross/Enter at Intersection,FAILURE TO YIELD RIGHT OF WAY,ON ROADWAY AT CROSSWALK,Yes,POSSIBLE INJURY,NONE,39.07319,-77.11212,"(39.07319, -77.11212)"
MCP2339000Y,15020839,Montgomery County Police,Property Damage Crash,05/03/2015 03:08:00 AM,County,ASPEN HILL RD,EADES ST,,N/A,OTHER,SAME DIR REAR END,CLEAR,DRY,DARK -- UNKNOWN LIGHTING,NO CONTROLS,ILLEGAL DRUG PRESENT,N/A,DCA2F068-A328-40CC-A347-DCF3ECF1D503,OTHER,N/A,N/A,N/A,,NO APPARENT INJURY,N/A,39.07341,-77.095435,"(39.07341, -77.095435)"
MCP2693003F,200046853,Montgomery County Police,Injury Crash,11/27/2020 05:20:00 PM,County,BAUER DR,GREENSPAN LA,,N/A,PEDESTRIAN,SINGLE VEHICLE,CLEAR,DRY,DARK LIGHTS ON,NO CONTROLS,UNKNOWN,NONE DETECTED,B01D8D6E-50AF-407A-B46D-C316754E35D7,PEDESTRIAN,Getting off/on Vehicle,NO IMPROPER ACTIONS,SHOULDER,No,POSSIBLE INJURY,N/A,39.09043193,-77.10772271,"(39.09043193, -77.10772271)"
MCP271700DF,170535162,Montgomery County Police,Injury Crash,10/06/2017 04:20:00 PM,County,ST ELMO AVE,OLD GEORGETOWN RD,,N/A,BICYCLIST,OTHER,CLEAR,DRY,DAYLIGHT,TRAFFIC SIGNAL,NONE DETECTED,NONE DETECTED,E0D63E65-14B3-43C1-B15C-D418CB168A50,BICYCLIST,Cross/Enter at Intersection,DART DASH,ON ROADWAY AT CROSSWALK,Yes,SUSPECTED MINOR INJURY,MC/BIKE HELMET,38.98773617,-77.09930067,"(38.98773617, -77.09930067)"
MCP2420003V,200029614,Montgomery County Police,Injury Crash,07/30/2020 05:53:00 PM,County,EMORY LA,JILRICK ST,,N/A,BICYCLIST,SAME DIR REAR END,N/A,DRY,DAYLIGHT,NO CONTROLS,N/A,NONE DETECTED,F2F07AB9-C65E-457C-907F-1E9CE0441696,BICYCLIST,Walking/Riding w/Traffic,UNKNOWN,OTHER,Unknown,POSSIBLE INJURY,MC/BIKE HELMET,39.126365,-77.08620333,"(39.126365, -77.08620333)"
MCP3012007H,200044352,Montgomery County Police,Injury Crash,11/10/2020 10:48:00 AM,Maryland (State),VEIRS MILL RD,ENT TO BUSINESS,,N/A,PEDESTRIAN,OTHER,CLEAR,DRY,DAYLIGHT,NO CONTROLS,NONE DETECTED,NONE DETECTED,81858FC3-D906-4D79-9A84-74C639E7551F,PEDESTRIAN,Cross/Enter not at Intersection,IN ROADWAY IMPROPERLY,OUTSIDE RIGHT OF WAY,Yes,SUSPECTED MINOR INJURY,NONE,39.05671333,-77.08339167,"(39.05671333, -77.08339167)"
MCP2195005Q,230003647,Montgomery County Police,Injury Crash,01/23/2023 07:02:00 AM,County,CRABBS BRANCH WAY,INDIAN HILLS DR,,N/A,PEDESTRIAN,OTHER,RAINING,WET,DARK -- UNKNOWN LIGHTING,OTHER,NONE DETECTED,NONE DETECTED,5E14EBCD-2426-430D-9CFF-E9CC678BA247,PEDESTRIAN,Cross/Enter at Intersection,NO IMPROPER ACTIONS,ON ROADWAY AT CROSSWALK,No,SUSPECTED SERIOUS INJURY,N/A,39.11650667,-77.15667333,"(39.11650667, -77.15667333)"
MCP2682000H,16015156,Montgomery County Police,Injury Crash,03/28/2016 02:27:00 PM,County,WATKINS MILL RD,APPLE RIDGE RD,,N/A,BICYCLIST,HEAD ON,CLEAR,DRY,DAYLIGHT,TRAFFIC SIGNAL,NONE DETECTED,NONE DETECTED,4471D236-B436-4353-A16D-4FCC62E83CAD,BICYCLIST,Cross/Enter at Intersection,FAILURE TO OBEY TRAFFIC SIGNS SIGNALS OR OFFICER,ON ROADWAY AT CROSSWALK,Yes,SUSPECTED MINOR INJURY,NONE,39.184465,-77.21097167,"(39.184465, -77.21097167)"
MCP26220034,220035336,Montgomery County Police,Injury Crash,08/16/2022 02:06:00 PM,County,E RANDOLPH RD,TAMARACK RD,,N/A,PEDESTRIAN,SINGLE VEHICLE,CLEAR,DRY,DAYLIGHT,TRAFFIC SIGNAL,NONE DETECTED,NONE DETECTED,63DA8297-AADB-43BC-8AB5-8A41B41147D1,PEDESTRIAN,Cross/Enter at Intersection,NO IMPROPER ACTIONS,ON ROADWAY AT CROSSWALK,No,POSSIBLE INJURY,NONE,39.0676863,-76.9856664,"(39.0676863, -76.9856664)"
MCP2504000X,15042843,MONTGOMERY,Injury Crash,08/26/2015 04:15:00 PM,County,DARNESTOWN RD,GLEN MILL RD,,N/A,BICYCLIST,STRAIGHT MOVEMENT ANGLE,CLEAR,DRY,DAYLIGHT,TRAFFIC SIGNAL,NONE DETECTED,NONE DETECTED,7C786537-AF72-4A8E-9E22-8F302A77CD65,BICYCLIST,Cross/Enter at Intersection,FAILURE TO OBEY TRAFFIC SIGNS SIGNALS OR OFFICER,ON ROADWAY AT CROSSWALK,Yes,SUSPECTED MINOR INJURY,MC/BIKE HELMET,39.092535,-77.19375833,"(39.092535, -77.19375833)"
MCP3121003H,200031763,Montgomery County Police,Injury Crash,08/14/2020 08:18:00 PM,County,WATKINS MILL RD,CLUB LAKE RD,,N/A,PEDESTRIAN,SINGLE VEHICLE,RAINING,WET,DARK NO LIGHTS,OTHER,NONE DETECTED,NONE DETECTED,F93633C4-BA27-4056-81A3-DFC039CEC073,PEDESTRIAN,Other,NO IMPROPER ACTIONS,ON ROADWAY AT CROSSWALK,No,SUSPECTED SERIOUS INJURY,NONE,39.17667994,-77.21006808,"(39.17667994, -77.21006808)"
MCP2395000G,16058910,Montgomery County Police,Property Damage Crash,11/15/2016 06:06:00 PM,County,WASCHE RD,W HUNTER RD,,N/A,OTHER,SINGLE VEHICLE,CLEAR,DRY,DARK NO LIGHTS,N/A,NONE DETECTED,N/A,BFA01931-03CF-452C-834B-3217F73507EA,OTHER,N/A,N/A,N/A,No,NO APPARENT INJURY,N/A,39.170425,-77.44684833,"(39.170425, -77.44684833)"
MCP2792000C,15013088,Montgomery County Police,Injury Crash,03/21/2015 08:30:00 PM,Municipality,QUINCE ORCHARD BLVD,FIRSTFIELD RD,,GAITHERSBURG,PEDESTRIAN,STRAIGHT MOVEMENT ANGLE,CLEAR,DRY,DARK LIGHTS ON,STOP SIGN,UNKNOWN,NONE DETECTED,3D7BAEF1-F1F1-4B6D-93D7-F586EB61E566,PEDESTRIAN,Cross/Enter at Intersection,INATTENTIVE,N/A,,SUSPECTED MINOR INJURY,N/A,39.141885,-77.224545,"(39.141885, -77.224545)"
MCP2728001P,15051286,MONTGOMERY,Injury Crash,10/09/2015 05:47:00 PM,,,,parking lot of 10101 New Hampshire Ave,,PEDESTRIAN,SINGLE VEHICLE,CLEAR,,DAYLIGHT,N/A,NONE DETECTED,NONE DETECTED,A4C526EC-962A-4793-8C82-55C59054BC92,PEDESTRIAN,Cross/Enter not at Intersection,DART DASH,AT INTERSECTION BUT NO CROSSWALK,Yes,SUSPECTED MINOR INJURY,NONE,39.022415,-76.97700833,"(39.022415, -76.97700833)"
EJ7829001N,15057386,GAITHERSBURG,Injury Crash,11/10/2015 05:40:00 PM,Municipality,PALM SPRING DR,PALMTREE DR,,GAITHERSBURG,PEDESTRIAN,SINGLE VEHICLE,RAINING,WET,DARK LIGHTS ON,NO CONTROLS,NONE DETECTED,NONE DETECTED,56E96419-7E87-418E-9E15-E50886C20558,PEDESTRIAN,Cross/Enter at Intersection,FAILURE TO YIELD RIGHT OF WAY,ON ROADWAY AT CROSSWALK,No,SUSPECTED MINOR INJURY,NONE,39.12377667,-77.21204167,"(39.12377667, -77.21204167)"
MCP2243000J,180040556,Montgomery County Police,Injury Crash,08/15/2018 08:23:00 AM,County,DELCRIS DR,IVYBRIDGE CT,,N/A,PEDESTRIAN,SINGLE VEHICLE,CLOUDY,DRY,DAYLIGHT,NO CONTROLS,UNKNOWN,NONE DETECTED,B648E2E6-B2D5-40EE-8F45-7BA3C0AAE732,PEDESTRIAN,Walking/Riding against Traffic,UNKNOWN,ON ROADWAY NOT AT CROSSWALK,Unknown,POSSIBLE INJURY,NONE,39.18848433,-77.17804819,"(39.18848433, -77.17804819)"
MCP30630048,230033523,Montgomery County Police,Property Damage Crash,07/14/2023 09:53:00 AM,Maryland (State),COLESVILLE RD,GEORGIA AVE,,N/A,OTHER,N/A,CLEAR,DRY,DAYLIGHT,TRAFFIC SIGNAL,UNKNOWN,NONE DETECTED,3F1932EE-B09E-4563-847F-4AC083B4B5C4,OTHER,Cross/Enter at Intersection,NO IMPROPER ACTIONS,AT INTERSECTION MARKED CROSSWALK,No,NO APPARENT INJURY,NONE,38.99628671,-77.02810809,"(38.99628671, -77.02810809)"
MCP242500BD,170537705,Montgomery County Police,Injury Crash,10/20/2017 06:51:00 AM,Maryland (State),EAST WEST HWY,NOAA,,N/A,PEDESTRIAN,SINGLE VEHICLE,CLEAR,DRY,DARK LIGHTS ON,OTHER,NONE DETECTED,NONE DETECTED,2EB8A18A-73D6-4EC5-A237-6433866E533A,PEDESTRIAN,Walking/Cycling on Sidewalk,DART DASH,ON ROADWAY AT CROSSWALK,No,SUSPECTED MINOR INJURY,NONE,38.99100333,-77.03061333,"(38.99100333, -77.03061333)"
MCP3086000W,170548544,Montgomery County Police,Injury Crash,12/14/2017 12:45:00 PM,County,WIGHTMAN RD,GOSHEN RD,,N/A,PEDESTRIAN,N/A,CLEAR,DRY,DAYLIGHT,NO CONTROLS,NONE DETECTED,NONE DETECTED,69227D70-DF2A-497B-95F8-01B393535E63,PEDESTRIAN,Cross/Enter at Intersection,NO IMPROPER ACTIONS,ON ROADWAY AT CROSSWALK,No,SUSPECTED MINOR INJURY,NONE,39.18797267,-77.18702867,"(39.18797267, -77.18702867)"
MCP1575009K,190048063,Montgomery County Police,Injury Crash,10/07/2019 07:41:00 AM,County,CRABBS BRANCH WAY,REDLAND RD,,N/A,BICYCLIST,OTHER,CLOUDY,DRY,DAYLIGHT,TRAFFIC SIGNAL,NONE DETECTED,NONE DETECTED,43E22780-ED05-47D4-8D23-1702A0B9AD8C,BICYCLIST,Cross/Enter at Intersection,IN ROADWAY IMPROPERLY,ON ROADWAY NOT AT CROSSWALK,No,POSSIBLE INJURY,MC/BIKE HELMET,39.12108167,-77.15834833,"(39.12108167, -77.15834833)"
MCP29300021,210049298,Montgomery County Police,Injury Crash,12/04/2021 08:30:00 PM,,,,PARKING LOT AT 12301 GEORGIA AVE (MCDONALDS),,PEDESTRIAN,OTHER,CLEAR,,DARK LIGHTS ON,NO CONTROLS,UNKNOWN,NONE DETECTED,4C488E43-F17C-4A4D-B621-C17ABFC2DB02,PEDESTRIAN,Other,UNKNOWN,OTHER,No,POSSIBLE INJURY,NONE,39.05915086,-77.04962114,"(39.05915086, -77.04962114)"
DM8463000L,180009268,Takoma Park Police Depart,Injury Crash,02/22/2018 03:18:00 PM,,,,"PARKING LOT OF 6300 NEW HAMPSHIRE AVE, TAKOMA PARK, MD 20912",,PEDESTRIAN,SINGLE VEHICLE,RAINING,,DAYLIGHT,N/A,UNKNOWN,N/A,C8346045-CF2B-469F-807E-94ADB11BB7AE,PEDESTRIAN,Standing,OTHER,OTHER,No,SUSPECTED SERIOUS INJURY,N/A,38.96627446,-77.00259447,"(38.96627446, -77.00259447)"
MCP1580004J,15054696,MONTGOMERY,Injury Crash,10/28/2015 09:18:00 AM,County,MONTGOMERY VILLAGE AVE,WHETSTONE DR,,N/A,PEDESTRIAN,OTHER,CLOUDY,WET,DAYLIGHT,STOP SIGN,NONE DETECTED,NONE DETECTED,CB63F7F2-312B-401B-8A15-5D40B6D4CA7E,PEDESTRIAN,Cross/Enter at Intersection,NO IMPROPER ACTIONS,DRIVEWAY ACCESS MARKED CROSSWALK,No,POSSIBLE INJURY,N/A,39.17076833,-77.204165,"(39.17076833, -77.204165)"
MCP23110071,230027025,Montgomery County Police,Injury Crash,06/05/2023 04:38:00 PM,County,GREENTREE RD,BRADMOOR DR,,N/A,PEDESTRIAN,HEAD ON,CLEAR,DRY,DAYLIGHT,NO CONTROLS,NONE DETECTED,NONE DETECTED,0E09DC0E-F908-4226-A00E-363302A29B8C,PEDESTRIAN,Cross/Enter at Intersection,DART DASH,AT INTERSECTION BUT NO CROSSWALK,Yes,POSSIBLE INJURY,NONE,39.00093833,-77.12096167,"(39.00093833, -77.12096167)"
MCP137800PQ,190006725,Montgomery County Police,Injury Crash,02/11/2019 06:14:00 PM,County,MONTGOMERY VILLAGE AVE,CROSSOVER,,N/A,PEDESTRIAN,SINGLE VEHICLE,RAINING,WET,DARK LIGHTS ON,NO CONTROLS,NONE DETECTED,NONE DETECTED,DC070AD4-673D-4CB2-ABC2-DB1CBF227BD4,PEDESTRIAN,Cross/Enter at Intersection,NO IMPROPER ACTIONS,AT INTERSECTION BUT NO CROSSWALK,No,POSSIBLE INJURY,NONE,39.16801667,-77.20546667,"(39.16801667, -77.20546667)"
MCP2952001X,16024236,Montgomery County Police,Injury Crash,05/16/2016 07:36:00 AM,Maryland (State),16TH ST,EAST WEST HWY,,N/A,BICYCLIST,HEAD ON LEFT TURN,CLEAR,DRY,DAYLIGHT,TRAFFIC SIGNAL,NONE DETECTED,NONE DETECTED,9A1BC954-DCA3-4202-A7D6-830D9F402958,BICYCLIST,Other,NO IMPROPER ACTIONS,SIDEWALK,No,SUSPECTED MINOR INJURY,NONE,38.99429,-77.03634833,"(38.99429, -77.03634833)"
MCP3126002C,200040224,Montgomery County Police,Property Damage Crash,10/12/2020 07:15:00 PM,Interstate (State),EISENHOWER MEMORIAL HWY,EXIT #16,,N/A,PEDESTRIAN,SAME DIR REAR END,RAINING,WET,DARK LIGHTS ON,NO CONTROLS,NONE DETECTED,NONE DETECTED,4285FC3D-C52F-47C9-839A-489C6290C417,PEDESTRIAN,Cross/Enter not at Intersection,FAILURE TO YIELD RIGHT OF WAY,OTHER,Yes,NO APPARENT INJURY,NONE,39.18905667,-77.25816833,"(39.18905667, -77.25816833)"
MCP32680017,210041737,Montgomery County Police,Injury Crash,10/18/2021 06:32:00 AM,County,BROADBIRCH DR,TECH RD,,N/A,PEDESTRIAN,N/A,N/A,DRY,DARK LIGHTS ON,STOP SIGN,N/A,N/A,0E2C2542-D181-4A58-8E53-451452AC9238,PEDESTRIAN,Cross/Enter at Intersection,NO IMPROPER ACTIONS,SIDEWALK,No,POSSIBLE INJURY,N/A,39.05594117,-76.96627683,"(39.05594117, -76.96627683)"
MCP2689001Y,16032179,Montgomery County Police,Injury Crash,06/25/2016 01:17:00 PM,,,,IN PARKING LOT TO THE NORTH OF 12216 PARKLAWN DR,,PEDESTRIAN,SINGLE VEHICLE,CLEAR,,DAYLIGHT,NO CONTROLS,NONE DETECTED,NONE DETECTED,EF8E26EF-505B-46B7-B316-B9B2D3344893,PEDESTRIAN,Other,INATTENTIVE,OTHER,Yes,POSSIBLE INJURY,NONE,39.05756292,-77.11069152,"(39.05756292, -77.11069152)"
MCP9321001J,170522720,Montgomery County Police,Injury Crash,08/03/2017 11:09:00 AM,County,RANDOLPH RD,GLENMONT CIR #1,,N/A,PEDESTRIAN,SINGLE VEHICLE,CLEAR,DRY,DAYLIGHT,TRAFFIC SIGNAL,NONE DETECTED,NONE DETECTED,4D55F6AB-9505-416F-BC1B-3535CB32CD74,PEDESTRIAN,Cross/Enter at Intersection,NO IMPROPER ACTIONS,ON ROADWAY AT CROSSWALK,No,SUSPECTED SERIOUS INJURY,N/A,39.05913833,-77.047445,"(39.05913833, -77.047445)"
MCP10220036,15050564,MONTGOMERY,Injury Crash,10/06/2015 07:30:00 AM,Maryland (State),GREAT SENECA HWY,WISTERIA DR,,N/A,BICYCLIST,SINGLE VEHICLE,N/A,DRY,DAYLIGHT,TRAFFIC SIGNAL,,NONE DETECTED,D0FB7959-855C-4F89-970D-7EAD2438051D,BICYCLIST,Cross/Enter at Intersection,NO IMPROPER ACTIONS,ON ROADWAY AT CROSSWALK,No,SUSPECTED MINOR INJURY,MC/BIKE HELMET,39.17105338,-77.26269364,"(39.17105338, -77.26269364)"
MCP20080089,210009231,Montgomery County Police,Fatal Crash,03/11/2021 09:08:00 PM,Maryland (State),NEW HAMPSHIRE AVE,CAPITAL BELTWAY,,N/A,PEDESTRIAN,OTHER,CLEAR,DRY,DARK NO LIGHTS,NO CONTROLS,NONE DETECTED,NONE DETECTED,951350A3-5590-418F-AD4A-14442DEF10BF,PEDESTRIAN,Cross/Enter not at Intersection,IN ROADWAY IMPROPERLY,ON ROADWAY NOT AT CROSSWALK,Yes,FATAL INJURY,N/A,39.01722684,-76.97709106,"(39.01722684, -76.97709106)"
MCP31930037,20016483,Montgomery County Police,Property Damage Crash,04/18/2022 04:00:00 PM,County,SEMINARY RD,SELWAY LA,,N/A,PEDESTRIAN,OTHER,RAINING,WET,DAYLIGHT,UNKNOWN,UNKNOWN,NONE DETECTED,F3923552-7D22-432E-A32D-1ABF54307E0C,PEDESTRIAN,Cross/Enter at Intersection,INATTENTIVE,CURB,No,NO APPARENT INJURY,NONE,39.00951005,-77.04136017,"(39.00951005, -77.04136017)"
MCP29340048,210027767,Montgomery County Police,Injury Crash,07/18/2021 04:20:00 PM,Maryland (State),OLD GEORGETOWN RD,ROCK SPRING DR,,N/A,BICYCLIST,OTHER,CLEAR,DRY,DAYLIGHT,TRAFFIC SIGNAL,NONE DETECTED,NONE DETECTED,34ABDF8A-2748-43CF-A722-98D737317442,BICYCLIST,Cross/Enter at Intersection,FAILURE TO YIELD RIGHT OF WAY,AT INTERSECTION MARKED CROSSWALK,Yes,POSSIBLE INJURY,MC/BIKE HELMET,39.02685239,-77.12636166,"(39.02685239, -77.12636166)"
MCP3199001X,200021288,Montgomery County Police,Injury Crash,05/29/2020 02:12:00 PM,,,,PARKING LOT AT 2205 GEORGIAN WAY,,PEDESTRIAN,OTHER,CLOUDY,,DAYLIGHT,NO CONTROLS,NONE DETECTED,NONE DETECTED,018C90C2-0C67-4C20-BE6D-55CFB0C7DD52,PEDESTRIAN,Other,NO IMPROPER ACTIONS,OTHER,No,SUSPECTED MINOR INJURY,NONE,39.05454333,-77.04696,"(39.05454333, -77.04696)"
MCP137800R1,190029100,Montgomery County Police,Injury Crash,06/18/2019 12:03:00 PM,,,,PARKING LOT OF 19230 WOODFIELD RD,,PEDESTRIAN,SINGLE VEHICLE,CLOUDY,,DAYLIGHT,NO CONTROLS,NONE DETECTED,NONE DETECTED,186C1D61-591D-4E2F-983B-4E5FA2B43298,PEDESTRIAN,Other,NO IMPROPER ACTIONS,OTHER,No,SUSPECTED MINOR INJURY,NONE,39.17218667,-77.15340333,"(39.17218667, -77.15340333)"
MCP1616002K,15051176,MONTGOMERY,Injury Crash,10/09/2015 07:39:00 AM,Maryland (State),ROCKVILLE PIKE,LOCUST HILL RD,,N/A,BICYCLIST,SAME DIR REAR END,CLOUDY,WET,DUSK,NO CONTROLS,NONE DETECTED,NONE DETECTED,00CC188C-BC90-4458-959A-E2571AA2D729,BICYCLIST,Walking/Riding w/Traffic,NO IMPROPER ACTIONS,ON ROADWAY NOT AT CROSSWALK,No,POSSIBLE INJURY,MC/BIKE HELMET,39.00999167,-77.09724333,"(39.00999167, -77.09724333)"