Report Number,Local Case Number,Agency Name,ACRS Report Type,Crash Date/Time,Route Type,Road Name,Cross-Street Name,Off-Road Description,Municipality,Related Non-Motorist,Collision Type,Weather,Surface Condition,Light,Traffic Control,Driver Substance Abuse,Non-Motorist Substance Abuse,Person ID,Pedestrian Type,Pedestrian Movement,Pedestrian Actions,Pedestrian Location,At Fault,Injury Severity,Safety Equipment,Latitude,Longitude,Location
MCP2974001L,180002145,Montgomery County Police,Injury Crash,01/14/2018 02:05:00 AM,Maryland (State),PINEY BRANCH RD,ARLISS ST,,N/A,PEDESTRIAN,OTHER,CLEAR,N/A,DARK LIGHTS ON,FLASHING TRAFFIC SIGNAL,ILLEGAL DRUG PRESENT,ALCOHOL PRESENT,ABC4C28D-5D11-4895-9DAE-050142ACFE7D,PEDESTRIAN,Cross/Enter not at Intersection,IN ROADWAY IMPROPERLY,ON ROADWAY NOT AT CROSSWALK,Yes,SUSPECTED MINOR INJURY,N/A,38.99842602,-77.0010978,"(38.99842602, -77.0010978)"
DD5628002R,190055308,Rockville Police Departme,Injury Crash,11/16/2019 12:25:00 PM,Municipality,BEALL AVE #2,N WASHINGTON ST,,ROCKVILLE,PEDESTRIAN,OTHER,CLEAR,DRY,DAYLIGHT,TRAFFIC SIGNAL,NONE DETECTED,NONE DETECTED,EA70521F-2038-4C9E-B027-8F1CF6664520,PEDESTRIAN,Cross/Enter at Intersection,IN ROADWAY IMPROPERLY,OUTSIDE RIGHT OF WAY,Yes,SUSPECTED MINOR INJURY,N/A,39.08684397,-77.1530733,"(39.08684397, -77.1530733)"
MCP3063004G,230063405,Montgomery County Police,Property Damage Crash,10/30/2023 01:51:00 PM,County,SECOND AVE,FENWICK LA,,N/A,BICYCLIST,OTHER,CLEAR,DRY,DAYLIGHT,NO CONTROLS,NONE DETECTED,NONE DETECTED,5D7E26C2-9D16-4D55-A281-7E7FE2E72D34,BICYCLIST,Walking/Riding against Traffic,FAILURE TO YIELD RIGHT OF WAY,OTHER,Yes,NO APPARENT INJURY,NONE,38.9971265,-77.0334099,"(38.9971265, -77.0334099)"
MCP29730056,200029057,Montgomery County Police,Injury Crash,07/27/2020 02:09:00 AM,Maryland (State),GEORGIA AVE,HENDERSON AVE,,N/A,PEDESTRIAN,OTHER,CLEAR,DRY,DARK LIGHTS ON,NO CONTROLS,"ALCOHOL CONTRIBUTED, NONE DETECTED",NONE DETECTED,38D62503-736D-43B3-BD88-ECC9274AF996,PEDESTRIAN,Walking/Riding against Traffic,NO IMPROPER ACTIONS,SIDEWALK,No,SUSPECTED SERIOUS INJURY,N/A,39.05016403,-77.05163365,"(39.05016403, -77.05163365)"
MCP2720001M,15055240,MONTGOMERY,Property Damage Crash,10/30/2015 05:54:00 PM,Maryland (State),CONNECTICUT AVE,ASPEN HILL RD,,N/A,BICYCLIST,STRAIGHT MOVEMENT ANGLE,CLEAR,DRY,DUSK,TRAFFIC SIGNAL,NONE DETECTED,NONE DETECTED,E935B0CB-B36A-45AE-A7BD-3232A79E13D0,BICYCLIST,Cross/Enter at Intersection,NO IMPROPER ACTIONS,AT INTERSECTION MARKED CROSSWALK,No,NO APPARENT INJURY,NONE,39.07991,-77.08024833,"(39.07991, -77.08024833)"
MCP2687001T,17013092,Montgomery County Police,Injury Crash,03/13/2017 01:25:00 PM,County,ARLINGTON RD,ELM ST,,N/A,PEDESTRIAN,OTHER,CLEAR,DRY,DAYLIGHT,PERSON,NONE DETECTED,N/A,FD67E159-D78C-4915-9A81-CB72479A0F53,PEDESTRIAN,Cross/Enter at Intersection,NO IMPROPER ACTIONS,AT INTERSECTION MARKED CROSSWALK,No,POSSIBLE INJURY,NONE,38.98206798,-77.09851563,"(38.98206798, -77.09851563)"
MCP2789001X,15062188,MONTGOMERY,Property Damage Crash,12/05/2015 05:45:00 PM,US (State),COLESVILLE RD,DALE DR,,N/A,PEDESTRIAN,SINGLE VEHICLE,N/A,DRY,DARK LIGHTS ON,TRAFFIC SIGNAL,N/A,N/A,DFDAD423-87DB-4882-9DF9-EEB2CC8707C1,PEDESTRIAN,Cross/Enter at Intersection,NO IMPROPER ACTIONS,ON ROADWAY AT CROSSWALK,No,NO APPARENT INJURY,NONE,39.00511833,-77.02262,"(39.00511833, -77.02262)"
MCP158000CY,200021626,Montgomery County Police,Injury Crash,06/01/2020 12:02:00 PM,Municipality,KENTLANDS BLVD,GREAT SENECA HWY,,N/A,BICYCLIST,STRAIGHT MOVEMENT ANGLE,CLEAR,DRY,DAYLIGHT,TRAFFIC SIGNAL,NONE DETECTED,NONE DETECTED,5A1C4A25-6376-4B79-A3C7-D9EAD70E4C88,BICYCLIST,Cross/Enter at Intersection,NO IMPROPER ACTIONS,ON ROADWAY AT CROSSWALK,No,SUSPECTED MINOR INJURY,MC/BIKE HELMET,39.123385,-77.23133333,"(39.123385, -77.23133333)"
MCP0942001D,170530718,Montgomery County Police,Injury Crash,09/15/2017 09:31:00 AM,County,WOODMONT AVE,EDGEMOOR LA,,N/A,BICYCLIST,OTHER,CLEAR,DRY,DAYLIGHT,TRAFFIC SIGNAL,NONE DETECTED,NONE DETECTED,F3F6AA34-D9BB-4141-8300-E2D11A0CC1FD,BICYCLIST,Cross/Enter at Intersection,NO IMPROPER ACTIONS,ON ROADWAY NOT AT CROSSWALK,No,SUSPECTED MINOR INJURY,NONE,38.984935,-77.0967,"(38.984935, -77.0967)"
MCP2671001L,170541531,Montgomery County Police,Property Damage Crash,11/06/2017 06:10:00 AM,US (State),GEORGIA AVE,ELLSWORTH DR,,N/A,PEDESTRIAN,SINGLE VEHICLE,N/A,WET,DARK LIGHTS ON,TRAFFIC SIGNAL,UNKNOWN,NONE DETECTED,01B85228-75E1-449C-AA22-883BD81276C2,PEDESTRIAN,Cross/Enter at Intersection,FAILURE TO OBEY TRAFFIC SIGNS SIGNALS OR OFFICER,AT INTERSECTION MARKED CROSSWALK,Yes,NO APPARENT INJURY,NONE,38.99514804,-77.02733517,"(38.99514804, -77.02733517)"
MCP1378005N,15016641,Montgomery County Police,Injury Crash,04/10/2015 04:42:00 PM,,,,PARKING LOT OF 104 N FREDERICK RD,,OTHER,OTHER,CLOUDY,,DAYLIGHT,N/A,,NONE DETECTED,2004E3F8-6F36-4B34-8B39-F090D0089922,OTHER,Other,OTHER,OTHER,,SUSPECTED MINOR INJURY,N/A,39.142305,-77.20062167,"(39.142305, -77.20062167)"
MCP3227002L,210032187,Montgomery County Police,Injury Crash,08/18/2021 06:03:00 PM,County,CARROLL AVE,UNIVERSITY BLVD E,,N/A,PEDESTRIAN,SINGLE VEHICLE,CLEAR,DRY,DAYLIGHT,NO CONTROLS,NONE DETECTED,NONE DETECTED,F397A0AB-7318-4FF1-BB39-1D90AE73F470,PEDESTRIAN,Cross/Enter not at Intersection,DART DASH,ON ROADWAY NOT AT CROSSWALK,Yes,SUSPECTED MINOR INJURY,N/A,38.99366283,-76.99300267,"(38.99366283, -76.99300267)"
MCP2813001L,15058336,MONTGOMERY,Injury Crash,11/15/2015 05:15:00 PM,County,VALLEYWOOD DR,MEDWAY ST,,N/A,PEDESTRIAN,SINGLE VEHICLE,CLEAR,DRY,DARK LIGHTS ON,NO CONTROLS,N/A,N/A,5BABD51C-FFB9-428B-8499-50EDC28BEE22,PEDESTRIAN,Playing,INATTENTIVE,CURB,Yes,POSSIBLE INJURY,NONE,39.05404333,-77.06722167,"(39.05404333, -77.06722167)"
MCP3225003F,230002162,Montgomery County Police,Injury Crash,01/13/2023 07:30:00 PM,County,ASPEN HILL RD,PARKLAND DR,,N/A,PEDESTRIAN,SINGLE VEHICLE,CLEAR,DRY,DARK LIGHTS ON,TRAFFIC SIGNAL,NONE DETECTED,NONE DETECTED,77E23754-E912-4A40-ADC8-D9BC689E0D3A,PEDESTRIAN,Cross/Enter at Intersection,UNKNOWN,ON ROADWAY AT CROSSWALK,Unknown,SUSPECTED MINOR INJURY,NONE,39.07911733,-77.08718417,"(39.07911733, -77.08718417)"
MCP2475004W,200010420,Montgomery County Police,Injury Crash,03/02/2020 03:15:00 PM,County,DENNIS AVE,SLIGO CREEK PKWY,,N/A,BICYCLIST,OTHER,N/A,DRY,DAYLIGHT,N/A,NONE DETECTED,NONE DETECTED,243093DA-E172-4BBD-A166-3E850333A5A2,BICYCLIST,Cross/Enter not at Intersection,NO IMPROPER ACTIONS,ON ROADWAY AT CROSSWALK,No,SUSPECTED MINOR INJURY,MC/BIKE HELMET,39.02432,-77.03063667,"(39.02432, -77.03063667)"
MCP1554001L,16052519,Montgomery County Police,Injury Crash,10/12/2016 05:33:00 PM,County,REDLAND RD,SOMERVILLE DR,,N/A,PEDESTRIAN,SAME DIRECTION SIDESWIPE,CLEAR,DRY,DAYLIGHT,NO CONTROLS,NONE DETECTED,ALCOHOL PRESENT,44897226-993D-497F-990C-96CBE74D781C,PEDESTRIAN,Walking/Riding w/Traffic,IN ROADWAY IMPROPERLY,SHOULDER,Yes,POSSIBLE INJURY,NONE,39.11629,-77.16580833,"(39.11629, -77.16580833)"
MCP15540018,16012852,MONTGOMERY,Injury Crash,03/15/2016 08:33:00 PM,County,REDLAND RD,FREDERICK RD,,N/A,PEDESTRIAN,OTHER,CLEAR,DRY,DARK LIGHTS ON,TRAFFIC SIGNAL,NONE DETECTED,NONE DETECTED,215C76F2-7863-4B2E-93D5-EB8B9CD814B0,PEDESTRIAN,Cross/Enter at Intersection,NO IMPROPER ACTIONS,ON ROADWAY AT CROSSWALK,No,SUSPECTED MINOR INJURY,N/A,39.11576833,-77.165735,"(39.11576833, -77.165735)"
MCP2556001M,170545616,Montgomery County Police,Injury Crash,12/01/2017 06:56:00 PM,Maryland (State),FREDERICK RD,MONTGOMERY VILLAGE AVE,,N/A,PEDESTRIAN,STRAIGHT MOVEMENT ANGLE,N/A,DRY,DARK NO LIGHTS,NO CONTROLS,NONE DETECTED,NONE DETECTED,1BC14C26-8291-4949-A6DC-F1D54F100005,PEDESTRIAN,Cross/Enter not at Intersection,UNKNOWN,N/A,Yes,POSSIBLE INJURY,N/A,39.15134675,-77.21046098,"(39.15134675, -77.21046098)"
MCP3170003C,230048102,Montgomery County Police,Injury Crash,08/06/2023 04:53:00 PM,Maryland (State),GERMANTOWN RD,CRYSTAL ROCK DR,,N/A,BICYCLIST,STRAIGHT MOVEMENT ANGLE,CLEAR,DRY,N/A,TRAFFIC SIGNAL,NONE DETECTED,NONE DETECTED,4398C386-C9E5-4A5B-8EBC-0ED082E90511,BICYCLIST,Cross/Enter at Intersection,FAILURE TO YIELD RIGHT OF WAY,ON ROADWAY NOT AT CROSSWALK,Yes,SUSPECTED MINOR INJURY,NONE,39.18094231,-77.26247228,"(39.18094231, -77.26247228)"
MCP2968003L,200050987,Montgomery County Police,Injury Crash,12/28/2020 08:57:00 AM,County,SHADY GROVE RD,W MONTGOMERY AVE,,N/A,PEDESTRIAN,SINGLE VEHICLE,CLEAR,DRY,DAYLIGHT,TRAFFIC SIGNAL,NONE DETECTED,N/A,1521911B-410F-4447-AEEB-6C76E94F2D9E,PEDESTRIAN,Cross/Enter at Intersection,NO IMPROPER ACTIONS,ON ROADWAY AT CROSSWALK,No,POSSIBLE INJURY,N/A,39.10297833,-77.190165,"(39.10297833, -77.190165)"
MCP27080080,230007388,Montgomery County Police,Injury Crash,02/12/2023 06:00:00 PM,County,CARROLL AVE,PINEY BRANCH RD,,N/A,PEDESTRIAN,HEAD ON LEFT TURN,RAINING,WET,DUSK,TRAFFIC SIGNAL,N/A,N/A,D6CE3300-5017-42DD-A7C4-F2E6CF947C6A,PEDESTRIAN,Cross/Enter at Intersection,UNKNOWN,ON ROADWAY AT CROSSWALK,Unknown,POSSIBLE INJURY,N/A,38.99994443,-76.99078522,"(38.99994443, -76.99078522)"
DD5595006M,180047423,Rockville Police Departme,Injury Crash,09/22/2018 01:40:00 PM,,,,GAS STATION LOT LOCATED AT 1911 ROCKVILLE PIKE,,PEDESTRIAN,SINGLE VEHICLE,CLOUDY,,DAYLIGHT,N/A,NONE DETECTED,NONE DETECTED,BE241182-AD03-45F8-B04E-ABC2035CA57E,PEDESTRIAN,Other,OTHER,OTHER,Unknown,POSSIBLE INJURY,N/A,39.05834067,-77.12128983,"(39.05834067, -77.12128983)"
DD5624003P,200000481,Rockville Police Departme,Injury Crash,01/03/2020 06:05:00 PM,Municipality,HURLEY AVE,W MONTGOMERY AVE,,N/A,PEDESTRIAN,OTHER,RAINING,WET,DARK LIGHTS ON,TRAFFIC SIGNAL,NONE DETECTED,NONE DETECTED,B7E9065B-C7CE-4CBF-8E29-E45A85A53CA8,PEDESTRIAN,Cross/Enter at Intersection,N/A,ON ROADWAY AT CROSSWALK,No,POSSIBLE INJURY,NONE,39.08949067,-77.17789667,"(39.08949067, -77.17789667)"
MCP1378006L,15029556,Montgomery County Police,Injury Crash,06/17/2015 04:23:00 PM,County,WALKERS CHOICE RD,MONTGOMERY VILLAGE AVE,,N/A,BICYCLIST,STRAIGHT MOVEMENT ANGLE,CLOUDY,DRY,DAYLIGHT,TRAFFIC SIGNAL,NONE DETECTED,NONE DETECTED,F847E8CE-6578-4A58-B678-F9AA618F8AB1,BICYCLIST,Cross/Enter at Intersection,NO IMPROPER ACTIONS,ON ROADWAY AT CROSSWALK,,POSSIBLE INJURY,MC/BIKE HELMET,39.16136167,-77.20243,"(39.16136167, -77.20243)"
DD5628002M,190052934,Rockville Police Departme,Injury Crash,11/07/2019 10:20:00 AM,Municipality,PICCARD DR,REDLAND BLVD,,ROCKVILLE,PEDESTRIAN,OTHER,CLEAR,OTHER,DAYLIGHT,OTHER,NONE DETECTED,NONE DETECTED,EECECE2E-DD11-4576-87BC-F31BC2EA8579,PEDESTRIAN,Other Working,WRONG WAY RIDING OR WALKING,ON ROADWAY NOT AT CROSSWALK,Yes,SUSPECTED MINOR INJURY,REFLECTIVE CLOTHING,39.113975,-77.17959258,"(39.113975, -77.17959258)"
MCP2192004B,220006027,Montgomery County Police,Injury Crash,02/11/2022 02:19:00 PM,,,,PARKING LOT 18140 VILLAGE CENTER DR.,,PEDESTRIAN,OTHER,CLEAR,,DAYLIGHT,N/A,NONE DETECTED,NONE DETECTED,D3EE4E19-AA05-44E0-8006-05117AD33E7D,PEDESTRIAN,N/A,NO IMPROPER ACTIONS,OTHER,No,SUSPECTED MINOR INJURY,N/A,39.15276333,-77.06383,"(39.15276333, -77.06383)"
MCP2917005K,190047266,Montgomery County Police,Injury Crash,10/02/2019 02:34:00 PM,Maryland (State),NEW HAMPSHIRE AVE,BRIGHTON DAM RD,,N/A,BICYCLIST,SAME DIR REAR END,CLEAR,DRY,DAYLIGHT,NO CONTROLS,NONE DETECTED,NONE DETECTED,23BE9A5F-3A32-4A9B-B987-31CD58DECAFC,BICYCLIST,Walking/Riding w/Traffic,IN ROADWAY IMPROPERLY,SHOULDER,Unknown,SUSPECTED MINOR INJURY,NONE,39.19523661,-77.02560639,"(39.19523661, -77.02560639)"
MCP3034000N,170507489,Montgomery County Police,Injury Crash,05/12/2017 10:36:00 PM,Maryland (State),PINEY BRANCH RD,GREENWOOD AVE,,N/A,PEDESTRIAN,N/A,RAINING,WET,DARK LIGHTS ON,TRAFFIC SIGNAL,,NONE DETECTED,036D96BF-B47B-427B-B15A-D10428932C05,PEDESTRIAN,Cross/Enter at Intersection,NO IMPROPER ACTIONS,AT INTERSECTION MARKED CROSSWALK,No,SUSPECTED MINOR INJURY,NONE,38.99821,-77.00249833,"(38.99821, -77.00249833)"
MCP1512000J,15040629,MONTGOMERY,Injury Crash,08/14/2015 07:00:00 PM,,,,Parking Lot of 50 Bureau Dr. Gaithersburg,,PEDESTRIAN,SINGLE VEHICLE,CLEAR,,DAYLIGHT,NO CONTROLS,NONE DETECTED,NONE DETECTED,AF0863C0-86A8-46BB-B9D8-0716F6F284A8,PEDESTRIAN,Other,NO IMPROPER ACTIONS,OTHER,No,POSSIBLE INJURY,NONE,39.14424667,-77.21852833,"(39.14424667, -77.21852833)"
MCP1022009Q,180042151,Montgomery County Police,Injury Crash,08/24/2018 08:43:00 AM,County,WANEGARDEN DR,WISTERIA DR,,N/A,BICYCLIST,SINGLE VEHICLE,CLEAR,DRY,DAYLIGHT,STOP SIGN,NONE DETECTED,NONE DETECTED,24B81EAA-0874-4A36-95CC-D71BD10DF8C5,BICYCLIST,Walking/Riding w/Traffic,NO IMPROPER ACTIONS,ON ROADWAY NOT AT CROSSWALK,No,SUSPECTED MINOR INJURY,NONE,39.18197833,-77.28993667,"(39.18197833, -77.28993667)"
MCP3100000B,180023767,Montgomery County Police,Injury Crash,05/14/2018 09:00:00 PM,,,,PARKING LOT OF 245 KENTLANDS BLVD,,PEDESTRIAN,N/A,RAINING,,DARK LIGHTS ON,STOP SIGN,NONE DETECTED,NONE DETECTED,7F9B8F89-4977-4999-91F9-4A627D7C7850,PEDESTRIAN,Cross/Enter not at Intersection,FAILURE TO YIELD RIGHT OF WAY,ON ROADWAY NOT AT CROSSWALK,Yes,SUSPECTED MINOR INJURY,NONE,39.12499127,-77.23936379,"(39.12499127, -77.23936379)"
MCP2934004M,220022524,Montgomery County Police,Injury Crash,05/26/2022 03:03:00 PM,County,TILDEN LA,ENT SCHOOL,,N/A,BICYCLIST,OTHER,CLOUDY,DRY,DAYLIGHT,NO CONTROLS,NONE DETECTED,NONE DETECTED,A6E19EC5-8F8D-4547-A883-B0C14E9966BF,BICYCLIST,Cross/Enter at Intersection,NO IMPROPER ACTIONS,ON ROADWAY AT CROSSWALK,No,POSSIBLE INJURY,MC/BIKE HELMET,39.04364167,-77.13082667,"(39.04364167, -77.13082667)"
DD5603009R,230021013,Rockville Police Departme,Injury Crash,05/02/2023 05:40:00 PM,Municipality,FLEET ST,JEFFERSON PLAZA,,ROCKVILLE,BICYCLIST,OTHER,RAINING,WET,DAYLIGHT,STOP SIGN,NONE DETECTED,NONE DETECTED,6D8336C7-A6F7-4FE2-878C-5E829DED63DB,BICYCLIST,Cross/Enter at Intersection,NO IMPROPER ACTIONS,AT INTERSECTION MARKED CROSSWALK,No,SUSPECTED MINOR INJURY,MC/BIKE HELMET,39.080116,-77.14711414,"(39.080116, -77.14711414)"
MCP24370057,230056385,Montgomery County Police,Injury Crash,09/22/2023 07:10:00 AM,County,MONTROSE RD,TOWNE RD,,N/A,BICYCLIST,STRAIGHT MOVEMENT ANGLE,CLEAR,DRY,DAYLIGHT,TRAFFIC SIGNAL,UNKNOWN,UNKNOWN,F0ECCB2F-0056-4F56-B9A4-F094CE66045B,BICYCLIST,Cross/Enter at Intersection,NO IMPROPER ACTIONS,ON ROADWAY AT CROSSWALK,No,SUSPECTED MINOR INJURY,UNKNOWN,39.05312911,-77.11833221,"(39.05312911, -77.11833221)"
MCP91130017,16011299,MONTGOMERY,Injury Crash,03/07/2016 01:24:00 PM,County,RANDOLPH RD,SELFRIDGE RD,,N/A,PEDESTRIAN,OTHER,CLEAR,DRY,DAYLIGHT,TRAFFIC SIGNAL,NONE DETECTED,UNKNOWN,BDFA5AC1-C20D-437A-890E-23B1D95570B6,PEDESTRIAN,Cross/Enter at Intersection,OTHER,ON ROADWAY AT CROSSWALK,Yes,SUSPECTED MINOR INJURY,N/A,39.05523167,-77.08356667,"(39.05523167, -77.08356667)"
MCP3094000N,180023448,Montgomery County Police,Injury Crash,05/12/2018 09:48:00 PM,Maryland (State),S FREDERICK RD,ROSEMONT DR,,GAITHERSBURG,PEDESTRIAN,OTHER,CLEAR,DRY,DARK LIGHTS ON,NO CONTROLS,N/A,ALCOHOL CONTRIBUTED,E26B2767-2865-4023-ABB8-B3355FCBB2A4,PEDESTRIAN,Cross/Enter not at Intersection,IN ROADWAY IMPROPERLY,MEDIAN,Yes,POSSIBLE INJURY,NONE,39.12851224,-77.1858108,"(39.12851224, -77.1858108)"
MCP2456001L,17015273,Montgomery County Police,Property Damage Crash,03/25/2017 12:44:00 PM,,,,PARKING LOT OF 8805 FLOWER AVENUE,,OTHER,OTHER,CLEAR,,DAYLIGHT,NO CONTROLS,NONE DETECTED,N/A,AF540C38-D32B-449A-9FF6-A0CDA070321F,OTHER,N/A,N/A,OTHER,No,NO APPARENT INJURY,N/A,38.99980667,-77.00371833,"(38.99980667, -77.00371833)"
MCP2728006F,190044758,Montgomery County Police,Injury Crash,09/18/2019 05:47:00 PM,Maryland (State),EAST WEST HWY,BLAIR MILL WAY,,N/A,PEDESTRIAN,OTHER,CLEAR,DRY,DAYLIGHT,STOP SIGN,NONE DETECTED,NONE DETECTED,D47A6140-C340-4FC4-B570-20C7BDC5A07E,PEDESTRIAN,Cross/Enter at Intersection,NO IMPROPER ACTIONS,AT INTERSECTION MARKED CROSSWALK,No,POSSIBLE INJURY,NONE,38.98890167,-77.02780167,"(38.98890167, -77.02780167)"
MCP26390030,180005064,Montgomery County Police,Injury Crash,01/30/2018 06:46:00 AM,Maryland (State),ROCKVILLE PIKE,MARINELLI RD,,N/A,PEDESTRIAN,STRAIGHT MOVEMENT ANGLE,RAINING,WET,DARK LIGHTS ON,TRAFFIC SIGNAL,NONE DETECTED,NONE DETECTED,47F94309-C4C2-48F7-93E8-4114A9276AFE,PEDESTRIAN,Cross/Enter not at Intersection,DART DASH,ON ROADWAY NOT AT CROSSWALK,Yes,SUSPECTED MINOR INJURY,NONE,39.04686,-77.1127,"(39.04686, -77.1127)"
MCP3112003J,190049350,Montgomery County Police,Injury Crash,10/14/2019 07:38:00 PM,,,,"REAR ENTRANCE TO 7620 OLD GEORGETOWN ROAD, BETHESDA MD-- ENTRANCE ON WOODMONT AVE",,PEDESTRIAN,SINGLE VEHICLE,CLEAR,,DARK NO LIGHTS,N/A,NONE DETECTED,NONE DETECTED,8ACD8093-00B1-4017-937D-4F8E7B0729EF,PEDESTRIAN,Walking/Cycling on Sidewalk,NO IMPROPER ACTIONS,SIDEWALK,No,POSSIBLE INJURY,N/A,38.98563933,-77.09691383,"(38.98563933, -77.09691383)"
MCP2831000Y,15053895,MONTGOMERY,Injury Crash,10/23/2015 07:13:00 PM,County,CENTURY BLVD,CRYSTAL ROCK DR,,N/A,PEDESTRIAN,SINGLE VEHICLE,CLEAR,DRY,DARK LIGHTS ON,TRAFFIC SIGNAL,N/A,N/A,7EFC9613-C2BD-4E9C-958F-30C0ADE68F71,PEDESTRIAN,Cross/Enter at Intersection,NO IMPROPER ACTIONS,ON ROADWAY AT CROSSWALK,No,SUSPECTED MINOR INJURY,NONE,39.182685,-77.263615,"(39.182685, -77.263615)"
MCP28130074,190038870,Montgomery County Police,Injury Crash,08/14/2019 06:25:00 PM,Maryland (State),UNIVERSITY BLVD W,ELKIN ST,,N/A,PEDESTRIAN,SINGLE VEHICLE,CLEAR,DRY,DAYLIGHT,NO CONTROLS,N/A,N/A,7B74C51B-C27A-4AD7-988D-E3BE4B0C138E,PEDESTRIAN,Cross/Enter not at Intersection,FAILURE TO YIELD RIGHT OF WAY,ON ROADWAY NOT AT CROSSWALK,Yes,SUSPECTED MINOR INJURY,N/A,39.04166333,-77.05040167,"(39.04166333, -77.05040167)"
MCP9301000R,15067125,Montgomery County Police,Injury Crash,12/31/2015 01:40:00 PM,Maryland (State),QUINCE ORCHARD RD,FIRSTFIELD RD,,GAITHERSBURG,PEDESTRIAN,SINGLE VEHICLE,N/A,DRY,DAYLIGHT,TRAFFIC SIGNAL,NONE DETECTED,N/A,6A4BB574-EFF1-4687-9E69-39822CA0310F,PEDESTRIAN,Getting off/on Vehicle,DART DASH,AT INTERSECTION BUT NO CROSSWALK,Yes,SUSPECTED SERIOUS INJURY,N/A,39.14588333,-77.22,"(39.14588333, -77.22)"
MCP2546002G,180028225,Montgomery County Police,Fatal Crash,06/08/2018 03:50:00 AM,Maryland (State),GEORGIA AVE,HEWITT AVE,,N/A,PEDESTRIAN,SINGLE VEHICLE,CLEAR,DRY,DARK LIGHTS ON,UNKNOWN,UNKNOWN,UNKNOWN,5B6DC136-A844-4ECF-B2D8-2E6A86779938,PEDESTRIAN,Unknown,UNKNOWN,UNKNOWN,Unknown,FATAL INJURY,NONE,39.077337,-77.070821,"(39.077337, -77.070821)"
MCP2339003M,180038573,Montgomery County Police,Injury Crash,08/03/2018 07:32:00 PM,County,RANDOLPH RD,PARKLAWN DR,,N/A,BICYCLIST,OTHER,RAINING,WET,DAYLIGHT,TRAFFIC SIGNAL,NONE DETECTED,NONE DETECTED,2AFD2FE0-A041-4D97-8EF7-76D59E45F9A7,BICYCLIST,Cross/Enter at Intersection,NO IMPROPER ACTIONS,ON ROADWAY AT CROSSWALK,No,SUSPECTED MINOR INJURY,NONE,39.05342667,-77.10708,"(39.05342667, -77.10708)"
EJ7899000N,230015429,Gaithersburg Police Depar,Injury Crash,03/30/2023 09:04:00 PM,Maryland (State),QUINCE ORCHARD RD,ENT TO PARK & RIDE,,N/A,PEDESTRIAN,OTHER,CLEAR,DRY,DARK LIGHTS ON,TRAFFIC SIGNAL,NONE DETECTED,NONE DETECTED,52EDA201-0103-4F0E-9CC8-E50DAFA09CA9,PEDESTRIAN,Cross/Enter at Intersection,IN ROADWAY IMPROPERLY,ON ROADWAY NOT AT CROSSWALK,Yes,SUSPECTED SERIOUS INJURY,NONE,39.14799243,-77.21799047,"(39.14799243, -77.21799047)"
DM83360010,170518092,Takoma Park Police Depart,Injury Crash,07/09/2017 02:47:00 AM,County,MERRIMAC DR,UNIVERSITY BLVD E,,N/A,PEDESTRIAN,OTHER,CLEAR,DRY,DARK LIGHTS ON,N/A,,ALCOHOL PRESENT,85673EDF-27DC-49E6-97C8-DE527E735354,PEDESTRIAN,Other,OTHER,OTHER,Yes,POSSIBLE INJURY,N/A,38.99255995,-76.99145928,"(38.99255995, -76.99145928)"
MCP3170000M,190020480,Montgomery County Police,Property Damage Crash,05/01/2019 05:14:00 PM,Maryland (State),FREDERICK RD,SHAKESPEARE BLVD,,N/A,BICYCLIST,SINGLE VEHICLE,CLEAR,DRY,DAYLIGHT,TRAFFIC SIGNAL,UNKNOWN,NONE DETECTED,3B9FA903-8F7C-43BE-973E-A142F6B42DF9,BICYCLIST,Cross/Enter at Intersection,UNKNOWN,AT INTERSECTION MARKED CROSSWALK,No,NO APPARENT INJURY,NONE,39.19820748,-77.24499271,"(39.19820748, -77.24499271)"
MCP00360058,16052787,Montgomery County Police,Injury Crash,10/14/2016 08:10:00 AM,Maryland (State),FREDERICK RD,RIDGE RD,,N/A,PEDESTRIAN,SAME DIR REAR END,CLEAR,DRY,DAYLIGHT,NO CONTROLS,NONE DETECTED,NONE DETECTED,D7DAA2E8-DD99-4892-84A3-60A31804C803,PEDESTRIAN,Other Working,NO IMPROPER ACTIONS,SIDEWALK,No,SUSPECTED MINOR INJURY,NONE,39.20437833,-77.245845,"(39.20437833, -77.245845)"
MCP30060049,190028002,Montgomery County Police,Injury Crash,06/12/2019 09:25:00 AM,Maryland (State),VEIRS MILL RD,CLARIDGE RD,,N/A,PEDESTRIAN,SINGLE VEHICLE,CLEAR,DRY,DAYLIGHT,TRAFFIC SIGNAL,NONE DETECTED,NONE DETECTED,A0A1FAD0-EE78-42D8-AE7A-0E25B5ED24AD,PEDESTRIAN,Cross/Enter at Intersection,NO IMPROPER ACTIONS,ON ROADWAY AT CROSSWALK,No,SUSPECTED MINOR INJURY,N/A,39.04920667,-77.07006,"(39.04920667, -77.07006)"
EJ7858007W,23003339,Gaithersburg Police Depar,Injury Crash,07/13/2023 10:35:00 AM,Maryland (State),FREDERICK RD,WATKINS MILL RD,,N/A,BICYCLIST,SINGLE VEHICLE,CLEAR,DRY,DAYLIGHT,STOP SIGN,UNKNOWN,NONE DETECTED,025FAB54-6097-4D3B-925B-4B2587534FD2,BICYCLIST,Walking/Riding w/Traffic,N/A,ON ROADWAY NOT AT CROSSWALK,No,POSSIBLE INJURY,MC/BIKE HELMET,39.15697668,-77.22112836,"(39.15697668, -77.22112836)"
EJ7852002G,190033192,Gaithersburg Police Depar,Injury Crash,07/12/2019 07:19:00 PM,,,,PARKING LOT IN FRONT OF 608 QUINCE ORCHARD ROAD.,,PEDESTRIAN,OTHER,N/A,,DAYLIGHT,N/A,NONE DETECTED,NONE DETECTED,B8D7A4F0-AF23-489D-8490-C0EE1FC24C7B,PEDESTRIAN,Other,UNKNOWN,OTHER,Unknown,SUSPECTED MINOR INJURY,N/A,39.141925,-77.22315833,"(39.141925, -77.22315833)"
MCP2708000T,15053446,MONTGOMERY,Injury Crash,10/21/2015 03:41:00 PM,Maryland (State),PINEY BRANCH RD,BARRON ST,,N/A,BICYCLIST,SAME DIR REAR END,CLEAR,DRY,DAYLIGHT,NO CONTROLS,NONE DETECTED,NONE DETECTED,3C4C8618-56E0-4077-8334-D53D62DDD8D3,BICYCLIST,Walking/Riding w/Traffic,IMPROPER PASSING,ON ROADWAY NOT AT CROSSWALK,Yes,SUSPECTED MINOR INJURY,NONE,38.99899404,-76.99782282,"(38.99899404, -76.99782282)"