Report Number,Local Case Number,Agency Name,ACRS Report Type,Crash Date/Time,Route Type,Road Name,Cross-Street Name,Off-Road Description,Municipality,Related Non-Motorist,Collision Type,Weather,Surface Condition,Light,Traffic Control,Driver Substance Abuse,Non-Motorist Substance Abuse,Person ID,Pedestrian Type,Pedestrian Movement,Pedestrian Actions,Pedestrian Location,At Fault,Injury Severity,Safety Equipment,Latitude,Longitude,Location
MCP00360034,15057435,MONTGOMERY,Injury Crash,11/10/2015 08:18:00 PM,Maryland (State),WOODFIELD RD,BETHESDA CHURCH RD,,N/A,PEDESTRIAN,SINGLE VEHICLE,RAINING,WET,DARK LIGHTS ON,NO CONTROLS,NONE DETECTED,NONE DETECTED,165315B7-130C-4534-B51B-1C2A0886D9FB,PEDESTRIAN,Cross/Enter not at Intersection,DART DASH,OUTSIDE RIGHT OF WAY,Unknown,SUSPECTED SERIOUS INJURY,N/A,39.28388833,-77.20184667,"(39.28388833, -77.20184667)"
MCP26360005,15010082,Montgomery County Police,Injury Crash,03/03/2015 08:16:00 PM,County,RAMSEY AVE,FIDLER LA,,N/A,PEDESTRIAN,SINGLE VEHICLE,WINTRY MIX,ICE,DARK LIGHTS ON,N/A,NONE DETECTED,NONE DETECTED,D157D5A7-0C33-4029-9565-F360929E9F14,PEDESTRIAN,Other,NO IMPROPER ACTIONS,ON ROADWAY NOT AT CROSSWALK,No,POSSIBLE INJURY,N/A,38.99561499,-77.03070402,"(38.99561499, -77.03070402)"
MCP31540027,210022474,Montgomery County Police,Injury Crash,06/12/2021 02:48:00 PM,Maryland (State),GERMANTOWN RD,CROWNSGATE WAY,,N/A,BICYCLIST,SINGLE VEHICLE,CLEAR,DRY,DAYLIGHT,NO CONTROLS,NONE DETECTED,NONE DETECTED,AB06485C-8627-4B88-A8E9-61259B3D5C53,BICYCLIST,Walking/Riding w/Traffic,NO IMPROPER ACTIONS,SHOULDER,No,SUSPECTED SERIOUS INJURY,MC/BIKE HELMET,39.15750667,-77.28540833,"(39.15750667, -77.28540833)"
DD5648000S,220024140,Rockville Police Departme,Injury Crash,06/06/2022 01:06:00 AM,,,,2232 VEIRS MILL RD,,PEDESTRIAN,OTHER,CLEAR,,DARK LIGHTS ON,NO CONTROLS,UNKNOWN,ALCOHOL PRESENT,B233B25F-B1D7-4B47-AF42-28E4BB85E71E,PEDESTRIAN,Getting off/on Vehicle,UNKNOWN,OTHER,No,POSSIBLE INJURY,UNKNOWN,39.0764055,-77.11770133,"(39.0764055, -77.11770133)"
DD5652001N,220048412,Rockville Police Departme,Injury Crash,11/03/2022 01:09:00 PM,,,,625 HUNGERFORD DR,,PEDESTRIAN,SAME DIR REAR END,CLEAR,,DAYLIGHT,NO CONTROLS,NONE DETECTED,NONE DETECTED,8AED5528-70E0-424A-8F19-B76AFDF93EE0,PEDESTRIAN,Other,NO IMPROPER ACTIONS,OTHER,No,SUSPECTED MINOR INJURY,NONE,39.09214059,-77.15244737,"(39.09214059, -77.15244737)"
EJ7864001G,180018143,Gaithersburg Police Depar,Injury Crash,04/13/2018 09:06:00 PM,County,MONTGOMERY VILLAGE AVE,MIDCOUNTY HWY,,N/A,PEDESTRIAN,SINGLE VEHICLE,N/A,N/A,DARK LIGHTS ON,N/A,NONE DETECTED,N/A,F85B5A6E-2C3E-4E43-90A4-F67B0E49B6B1,PEDESTRIAN,Cross/Enter at Intersection,DART DASH,ON ROADWAY NOT AT CROSSWALK,Yes,SUSPECTED SERIOUS INJURY,NONE,39.15709333,-77.20544667,"(39.15709333, -77.20544667)"
MCP2874000W,15058210,MONTGOMERY,Injury Crash,11/14/2015 08:07:00 PM,Maryland (State),GEORGIA AVE,SHOREFIELD RD,,N/A,PEDESTRIAN,SINGLE VEHICLE,CLEAR,DRY,DARK LIGHTS ON,TRAFFIC SIGNAL,NONE DETECTED,UNKNOWN,0265D3BF-51A5-4DC2-9C1F-30170CF57E07,PEDESTRIAN,Cross/Enter at Intersection,NO IMPROPER ACTIONS,ON ROADWAY AT CROSSWALK,No,SUSPECTED MINOR INJURY,N/A,39.053245,-77.05103333,"(39.053245, -77.05103333)"
MCP3086000M,170537350,Montgomery County Police,Injury Crash,10/18/2017 08:00:00 AM,Other Public Roadway,BAY BERRY DR,CLOPPER RD,,N/A,PEDESTRIAN,SINGLE VEHICLE,CLEAR,DRY,DAYLIGHT,STOP SIGN,UNKNOWN,NONE DETECTED,C7DA580A-F8FC-45A9-8969-AC588F3BB78B,PEDESTRIAN,Cross/Enter at Intersection,NO IMPROPER ACTIONS,AT INTERSECTION BUT NO CROSSWALK,No,SUSPECTED MINOR INJURY,UNKNOWN,39.1581598,-77.27337956,"(39.1581598, -77.27337956)"
MCP2959000W,15035001,MONTGOMERY,Injury Crash,07/16/2015 04:23:00 PM,,,,"Occured in the 7-11 Parking lot at11445 AMHERST AVE, WHEATON, MARYLAND, 20902.",,PEDESTRIAN,SINGLE VEHICLE,CLEAR,,DAYLIGHT,NO CONTROLS,NONE DETECTED,ALCOHOL PRESENT,BD4AAB0A-A547-40B1-A59A-1B3F951F9566,PEDESTRIAN,Other,FAILURE TO YIELD RIGHT OF WAY,OTHER,Unknown,SUSPECTED MINOR INJURY,NONE,39.04295285,-77.04758048,"(39.04295285, -77.04758048)"
MCP30930030,200039653,Montgomery County Police,Injury Crash,10/08/2020 03:02:00 PM,Maryland (State),EAST WEST HWY,MEADOWBROOK LA,,N/A,BICYCLIST,N/A,N/A,DRY,DAYLIGHT,TRAFFIC SIGNAL,N/A,N/A,CFBEDCF8-BB9C-4086-A037-159328614F11,BICYCLIST,Cross/Enter at Intersection,INATTENTIVE,ON ROADWAY AT CROSSWALK,Yes,SUSPECTED MINOR INJURY,MC/BIKE HELMET,38.99254051,-77.06065823,"(38.99254051, -77.06065823)"
MCP2942000P,15031239,Montgomery County Police,Injury Crash,06/26/2015 01:21:00 PM,Maryland (State),BRADLEY BLVD,OAK FOREST LA,,N/A,BICYCLIST,SAME DIR REAR END,CLOUDY,DRY,DAYLIGHT,N/A,NONE DETECTED,NONE DETECTED,A57194B0-EF9C-4EA5-95B7-AB2CF4886EC2,BICYCLIST,Walking/Riding w/Traffic,INATTENTIVE,SHOULDER,,SUSPECTED MINOR INJURY,MC/BIKE HELMET,39.00080667,-77.07756833,"(39.00080667, -77.07756833)"
MCP3076002T,190060736,Montgomery County Police,Property Damage Crash,12/17/2019 12:41:00 PM,County,WAYNE AVE,FENTON ST,,N/A,PEDESTRIAN,SINGLE VEHICLE,CLOUDY,WET,DAYLIGHT,NO CONTROLS,NONE DETECTED,NONE DETECTED,7E04B6BB-DE30-43C8-8DA0-F27AFA9EF9CC,PEDESTRIAN,Cross/Enter not at Intersection,IN ROADWAY IMPROPERLY,OUTSIDE RIGHT OF WAY,Yes,NO APPARENT INJURY,NONE,38.99581021,-77.02368768,"(38.99581021, -77.02368768)"
MCP3085003B,20029820,Montgomery County Police,Injury Crash,07/11/2022 06:27:00 PM,County,NICHOLSON LA,NICHOLSON CT,,N/A,PEDESTRIAN,OTHER,CLEAR,DRY,DAYLIGHT,TRAFFIC SIGNAL,NONE DETECTED,NONE DETECTED,C9F13FD4-93FB-4124-96A8-8CDDD2159B8B,PEDESTRIAN,Cross/Enter at Intersection,NO IMPROPER ACTIONS,ON ROADWAY AT CROSSWALK,No,SUSPECTED MINOR INJURY,NONE,39.04544833,-77.10511833,"(39.04544833, -77.10511833)"
MCP3188000V,190031658,Montgomery County Police,Injury Crash,07/03/2019 08:33:00 AM,County,TUCKERMAN LA,KINGS RIDING WAY,,N/A,PEDESTRIAN,OTHER,CLEAR,DRY,DAYLIGHT,OTHER,N/A,N/A,C702FDB8-1A95-49E9-ADC3-66753F78A46B,PEDESTRIAN,Cross/Enter at Intersection,NO IMPROPER ACTIONS,ON ROADWAY AT CROSSWALK,No,SUSPECTED MINOR INJURY,NONE,39.02994333,-77.11263,"(39.02994333, -77.11263)"
MCP9106000R,16001755,Montgomery County Police,Injury Crash,01/10/2016 12:06:00 PM,,,,PARKING LOT OF 20902 FREDERICK RD,,PEDESTRIAN,SINGLE VEHICLE,RAINING,,DAYLIGHT,N/A,NONE DETECTED,NONE DETECTED,B09F8ED8-673D-4872-BBE9-71FE7DB87B71,PEDESTRIAN,Other,NO IMPROPER ACTIONS,OTHER,No,NO APPARENT INJURY,N/A,39.199015,-77.24625833,"(39.199015, -77.24625833)"
DM8463000D,170544608,Takoma Park Police Depart,Injury Crash,11/24/2017 09:13:00 AM,Maryland (State),PHILADELPHIA AVE,HOLLY AVE,,TAKOMA PARK,PEDESTRIAN,N/A,CLEAR,DRY,DAYLIGHT,STOP SIGN,N/A,N/A,539BA0A8-51C4-49E7-AB15-93F6069F727A,PEDESTRIAN,Cross/Enter at Intersection,UNKNOWN,ON ROADWAY AT CROSSWALK,No,SUSPECTED MINOR INJURY,N/A,38.98226167,-77.01355833,"(38.98226167, -77.01355833)"
MCP1453006R,180062394,Montgomery County Police,Injury Crash,12/14/2018 07:19:00 AM,Maryland (State),FREDERICK RD,PLUMMER DR,,N/A,PEDESTRIAN,SINGLE VEHICLE,FOGGY,DRY,DAWN,TRAFFIC SIGNAL,NONE DETECTED,NONE DETECTED,D4D616B4-CB3C-48AB-9715-BD00A592214D,PEDESTRIAN,Cross/Enter at Intersection,NO IMPROPER ACTIONS,OTHER,No,SUSPECTED MINOR INJURY,N/A,39.18781821,-77.09425684,"(39.18781821, -77.09425684)"
MCP2534002X,190022193,Montgomery County Police,Injury Crash,05/11/2019 02:40:00 AM,County,ELKIN ST,PRICE AVE,,N/A,PEDESTRIAN,SINGLE VEHICLE,CLEAR,DRY,DARK LIGHTS ON,NO CONTROLS,UNKNOWN,ALCOHOL PRESENT,4DF51990-2092-4575-BF2C-0E95410D50CE,PEDESTRIAN,Standing,IN ROADWAY IMPROPERLY,ON ROADWAY NOT AT CROSSWALK,No,SUSPECTED SERIOUS INJURY,N/A,39.04074,-77.05039,"(39.04074, -77.05039)"
MCP32900021,230022402,Montgomery County Police,Injury Crash,05/10/2023 01:37:00 PM,County,DEXTER AVE,GEORGIA AVE,,N/A,PEDESTRIAN,OTHER,CLEAR,DRY,DAYLIGHT,TRAFFIC SIGNAL,NONE DETECTED,NONE DETECTED,4E6D14B9-39F1-48EB-897C-DFAFC2129B27,PEDESTRIAN,Cross/Enter at Intersection,UNKNOWN,AT INTERSECTION BUT NO CROSSWALK,No,SUSPECTED MINOR INJURY,NONE,39.02221,-77.04522833,"(39.02221, -77.04522833)"
MCP1213003P,180015705,Montgomery County Police,Injury Crash,03/31/2018 09:00:00 PM,Maryland (State),NEW HAMPSHIRE AVE,TREE LAWN DR,,N/A,PEDESTRIAN,SAME DIR REAR END,CLEAR,DRY,DARK LIGHTS ON,NO CONTROLS,NONE DETECTED,NONE DETECTED,B7661987-D701-4BDD-9A04-35EFE2AF35E4,PEDESTRIAN,Standing,NO IMPROPER ACTIONS,ON ROADWAY NOT AT CROSSWALK,No,SUSPECTED SERIOUS INJURY,REFLECTIVE CLOTHING,39.14524833,-77.00562,"(39.14524833, -77.00562)"
MCP28820023,170525535,Montgomery County Police,Injury Crash,08/18/2017 02:55:00 PM,,,,PARKING LOT IN FRONT OF 19552 CRYSTAL ROCK DRIVE,,BICYCLIST,SINGLE VEHICLE,CLEAR,,DAYLIGHT,N/A,NONE DETECTED,NONE DETECTED,30CB36A0-91F0-4487-950C-4A059417B60C,BICYCLIST,Playing,INATTENTIVE,OTHER,Yes,SUSPECTED MINOR INJURY,NONE,39.17810167,-77.26309833,"(39.17810167, -77.26309833)"
MCP3161001S,190048151,Montgomery County Police,Injury Crash,10/07/2019 03:39:00 PM,Maryland (State),UNIVERSITY BLVD W,PERRY AVE,,KENSINGTON,PEDESTRIAN,SAME DIR REAR END,CLEAR,DRY,DAYLIGHT,N/A,NONE DETECTED,NONE DETECTED,EBEEDCC1-4C2C-4A6A-B12E-126804D64FFC,PEDESTRIAN,Cross/Enter at Intersection,UNKNOWN,ON ROADWAY AT CROSSWALK,No,POSSIBLE INJURY,NONE,39.03274833,-77.07378833,"(39.03274833, -77.07378833)"
MCP2751000M,15028831,MONTGOMERY,Injury Crash,06/13/2015 05:26:00 PM,County,BEL PRE RD,CONNECTICUT AVE,,N/A,PEDESTRIAN,OTHER,CLEAR,DRY,DAYLIGHT,STOP SIGN,NONE DETECTED,NONE DETECTED,7B823234-906A-48C6-A1FD-BDBB8BA06A69,PEDESTRIAN,Cross/Enter at Intersection,NO IMPROPER ACTIONS,ON ROADWAY AT CROSSWALK,No,POSSIBLE INJURY,NONE,39.091445,-77.06944167,"(39.091445, -77.06944167)"
MCP3019001T,180026189,Montgomery County Police,Injury Crash,05/28/2018 03:30:00 PM,,,,PARKING LOT OF 10134 RIVER ROAD,,PEDESTRIAN,OTHER,CLEAR,,DAYLIGHT,NO CONTROLS,NONE DETECTED,NONE DETECTED,FDB5395A-B252-489F-A2A4-A475D8AB6CA5,PEDESTRIAN,Cross/Enter not at Intersection,N/A,ON ROADWAY NOT AT CROSSWALK,No,POSSIBLE INJURY,N/A,39.01708,-77.20920167,"(39.01708, -77.20920167)"
DD55020019,15029309,Rockville Police Departme,Injury Crash,06/16/2015 12:30:00 PM,Municipality,FREDERICK AVE,LENMOR AVE,,ROCKVILLE,PEDESTRIAN,OTHER,CLEAR,DRY,DAYLIGHT,NO CONTROLS,NONE DETECTED,NONE DETECTED,1F5125CD-7822-4438-B7F5-4598C674B18E,PEDESTRIAN,Cross/Enter not at Intersection,DART DASH,ON ROADWAY NOT AT CROSSWALK,,SUSPECTED MINOR INJURY,NONE,39.09484833,-77.14877,"(39.09484833, -77.14877)"
MCP3331000K,220040897,Montgomery County Police,Injury Crash,09/19/2022 04:00:00 PM,County,IDLEWOOD RD,DAHILL RD,,N/A,PEDESTRIAN,SINGLE VEHICLE,CLEAR,DRY,DAYLIGHT,NO CONTROLS,UNKNOWN,NONE DETECTED,2174173D-C317-4660-8E29-BE0A8FB6221F,PEDESTRIAN,Cross/Enter not at Intersection,NO IMPROPER ACTIONS,ON ROADWAY NOT AT CROSSWALK,No,SUSPECTED MINOR INJURY,NONE,39.049723,-77.07103,"(39.049723, -77.07103)"
DD5635001S,190051184,Rockville Police Departme,Injury Crash,10/24/2019 06:22:00 PM,Municipality,HURLEY AVE,W MONTGOMERY AVE,,N/A,PEDESTRIAN,OTHER,N/A,DRY,DARK LIGHTS ON,TRAFFIC SIGNAL,NONE DETECTED,NONE DETECTED,5A66F3D6-6BD6-4688-A4AD-5A26CA66C96C,PEDESTRIAN,Cross/Enter at Intersection,DART DASH,ON ROADWAY AT CROSSWALK,Yes,POSSIBLE INJURY,NONE,39.089181,-77.17805533,"(39.089181, -77.17805533)"
MCP32640040,230053217,Montgomery County Police,Injury Crash,09/05/2023 09:00:00 AM,County,BLAIR MILL RD,CO/L WASH DC LINE,,N/A,PEDESTRIAN,OTHER,CLEAR,DRY,DAYLIGHT,STOP SIGN,NONE DETECTED,NONE DETECTED,3F94C3A5-4565-47AB-8A50-5475341225D6,PEDESTRIAN,Cross/Enter at Intersection,NO IMPROPER ACTIONS,AT INTERSECTION MARKED CROSSWALK,No,POSSIBLE INJURY,NONE,38.98997584,-77.03333046,"(38.98997584, -77.03333046)"
MCP2954006J,190005761,Montgomery County Police,Injury Crash,02/05/2019 06:40:00 PM,County,DALE DR,WAYNE AVE,,N/A,PEDESTRIAN,N/A,CLEAR,N/A,DARK LIGHTS ON,TRAFFIC SIGNAL,NONE DETECTED,NONE DETECTED,95533EAB-4C19-411B-9BB0-46E8A5A93C7B,PEDESTRIAN,Cross/Enter at Intersection,NO IMPROPER ACTIONS,ON ROADWAY AT CROSSWALK,No,POSSIBLE INJURY,NONE,38.99886,-77.01747,"(38.99886, -77.01747)"
MCP2968003Q,210023331,Montgomery County Police,Injury Crash,06/18/2021 10:40:00 AM,County,PINEY MEETINGHOUSE RD,TRAVILAH RD,,N/A,BICYCLIST,OTHER,CLEAR,DRY,DAYLIGHT,STOP SIGN,N/A,N/A,CC3CF0EC-7CC9-4CEA-9E54-BAF79E538735,BICYCLIST,Walking/Riding w/Traffic,NO IMPROPER ACTIONS,OTHER,No,SUSPECTED MINOR INJURY,UNKNOWN,39.086345,-77.21845333,"(39.086345, -77.21845333)"
MCP29310011,16001442,Montgomery County Police,Injury Crash,01/08/2016 05:45:00 PM,Municipality,ATLANTIC AVE,VEIRS MILL RD,,N/A,PEDESTRIAN,OTHER,RAINING,WET,DARK NO LIGHTS,TRAFFIC SIGNAL,N/A,N/A,1FC41B48-E393-49D9-9DC9-E12D012DE1B4,PEDESTRIAN,Cross/Enter at Intersection,NO IMPROPER ACTIONS,AT INTERSECTION MARKED CROSSWALK,No,SUSPECTED MINOR INJURY,NONE,39.07458167,-77.11539833,"(39.07458167, -77.11539833)"
MCP93650014,180045668,Montgomery County Police,Injury Crash,09/13/2018 07:19:00 AM,County,GREENCASTLE RD,OLD COLUMBIA PIKE,,N/A,PEDESTRIAN,SINGLE VEHICLE,CLEAR,DRY,DAYLIGHT,TRAFFIC SIGNAL,NONE DETECTED,NONE DETECTED,B0B561EE-1E9F-47EA-AD43-4C04C04A4D2F,PEDESTRIAN,Cross/Enter at Intersection,NO IMPROPER ACTIONS,ON ROADWAY AT CROSSWALK,No,SUSPECTED MINOR INJURY,NONE,39.09837054,-76.94428749,"(39.09837054, -76.94428749)"
MCP3068002B,190019941,Montgomery County Police,Injury Crash,04/28/2019 06:05:00 PM,County,BALTIMORE AVE,RIVER RD,,N/A,PEDESTRIAN,OTHER,CLEAR,DRY,DAYLIGHT,N/A,N/A,N/A,54EFCAC6-F821-4D85-B8EA-53263099EE22,PEDESTRIAN,Cross/Enter not at Intersection,DART DASH,ON ROADWAY NOT AT CROSSWALK,Yes,POSSIBLE INJURY,NONE,38.9588651,-77.0978486,"(38.9588651, -77.0978486)"
MCP2358004N,180018877,Montgomery County Police,Property Damage Crash,04/18/2018 08:36:00 AM,County,WINSTON DR,RIVER RD,,N/A,BICYCLIST,OTHER,CLEAR,DRY,DAYLIGHT,TRAFFIC SIGNAL,NONE DETECTED,NONE DETECTED,8162FCCF-CAE7-41AF-B95E-FB5B240A9746,BICYCLIST,Walking/Riding w/Traffic,NO IMPROPER ACTIONS,OTHER,Unknown,NO APPARENT INJURY,MC/BIKE HELMET,38.975546,-77.126119,"(38.975546, -77.126119)"
MCP30930013,180049326,Montgomery County Police,Injury Crash,10/02/2018 07:03:00 PM,Municipality,DORSET AVE,SURREY ST,,SOMERSET,PEDESTRIAN,N/A,N/A,DRY,DUSK,STOP SIGN,N/A,N/A,F3FF5CC8-4504-4B4C-B2F0-055B80E356B3,PEDESTRIAN,Cross/Enter at Intersection,NO IMPROPER ACTIONS,ON ROADWAY NOT AT CROSSWALK,No,POSSIBLE INJURY,NONE,38.97400645,-77.08780796,"(38.97400645, -77.08780796)"
MCP3039004M,200004175,Montgomery County Police,Injury Crash,01/25/2020 03:30:00 PM,Maryland (State),PINEY BRANCH RD,RITCHIE AVE,,N/A,PEDESTRIAN,OTHER,CLEAR,DRY,DAYLIGHT,NO CONTROLS,NONE DETECTED,NONE DETECTED,2A3BDBED-3A59-49CD-9B8C-EC62BB3EA770,PEDESTRIAN,Cross/Enter at Intersection,NO IMPROPER ACTIONS,ON ROADWAY AT CROSSWALK,No,SUSPECTED MINOR INJURY,NONE,38.98837167,-77.01235,"(38.98837167, -77.01235)"
EJ78520018,15064548,GAITHERSBURG,Injury Crash,12/17/2015 06:36:00 PM,Municipality,BOOTH ST,KENTLANDS BLVD,,GAITHERSBURG,PEDESTRIAN,HEAD ON LEFT TURN,FOGGY,WET,DARK LIGHTS ON,STOP SIGN,NONE DETECTED,NONE DETECTED,1F5EACAB-907B-4C5D-8204-5C438E54178E,PEDESTRIAN,Cross/Enter at Intersection,UNKNOWN,UNKNOWN,Unknown,POSSIBLE INJURY,NONE,39.12469833,-77.24017833,"(39.12469833, -77.24017833)"
MCP30480054,190022243,Montgomery County Police,Injury Crash,05/11/2019 12:52:00 PM,County,COUNSELMAN RD,RIVER RD,,N/A,BICYCLIST,HEAD ON LEFT TURN,CLEAR,DRY,DAYLIGHT,TRAFFIC SIGNAL,N/A,N/A,AD6F2AC1-D6F2-4547-BADB-9C051A283DE1,BICYCLIST,Cross/Enter at Intersection,FAILURE TO YIELD RIGHT OF WAY,AT INTERSECTION BUT NO CROSSWALK,Yes,SUSPECTED MINOR INJURY,MC/BIKE HELMET,39.01733695,-77.20770396,"(39.01733695, -77.20770396)"
MCP2052001Z,200026018,Montgomery County Police,Injury Crash,07/05/2020 01:33:00 AM,Municipality,QUINCE ORCHARD BLVD,SOLITAIRE CT,,GAITHERSBURG,PEDESTRIAN,SINGLE VEHICLE,CLEAR,DRY,DARK LIGHTS ON,N/A,NONE DETECTED,N/A,A0A2BB33-DD47-4D3A-9477-EF3A67121E79,PEDESTRIAN,Cross/Enter not at Intersection,DART DASH,ON ROADWAY NOT AT CROSSWALK,Yes,SUSPECTED SERIOUS INJURY,NONE,39.1384,-77.229615,"(39.1384, -77.229615)"
MCP2475005F,200047541,Montgomery County Police,Injury Crash,12/02/2020 05:18:00 PM,County,OAKVIEW DR,BRADDOCK RD,,N/A,PEDESTRIAN,SAME DIRECTION LEFT TURN,N/A,DRY,DARK LIGHTS ON,STOP SIGN,NONE DETECTED,NONE DETECTED,0D836E00-5D53-4CB3-9FA1-65F066D1189F,PEDESTRIAN,Cross/Enter at Intersection,NOT VISIBLE,AT INTERSECTION BUT NO CROSSWALK,No,SUSPECTED MINOR INJURY,N/A,39.015615,-76.981455,"(39.015615, -76.981455)"
HA2432000K,23000541,Maryland-National Capital,Injury Crash,03/25/2023 09:00:00 AM,County,KENSINGTON PKWY,BEACH DR,,N/A,PEDESTRIAN,SINGLE VEHICLE,RAINING,WET,DAYLIGHT,STOP SIGN,N/A,UNKNOWN,1F7272B0-160C-4753-B156-A8DA3A7E20FE,PEDESTRIAN,Cross/Enter at Intersection,NO IMPROPER ACTIONS,AT INTERSECTION MARKED CROSSWALK,No,SUSPECTED MINOR INJURY,UNKNOWN,39.01012092,-77.07385623,"(39.01012092, -77.07385623)"
MCP2892001M,16027202,Montgomery County Police,Injury Crash,05/31/2016 06:04:00 PM,Maryland (State),GEORGIA AVE,AUGUST DR,,N/A,PEDESTRIAN,OTHER,CLEAR,DRY,DAYLIGHT,NO CONTROLS,NONE DETECTED,NONE DETECTED,338F7DC1-0D5E-4472-BAD1-64AD6CDDF10F,PEDESTRIAN,Cross/Enter not at Intersection,DART DASH,ON ROADWAY NOT AT CROSSWALK,Yes,POSSIBLE INJURY,NONE,39.02116754,-77.0445013,"(39.02116754, -77.0445013)"
MCP14830006,16048349,Montgomery County Police,Injury Crash,09/20/2016 03:20:00 PM,County,CRABBS BRANCH WAY,REDLAND RD,,N/A,PEDESTRIAN,SINGLE VEHICLE,CLEAR,DRY,DAYLIGHT,TRAFFIC SIGNAL,NONE DETECTED,NONE DETECTED,F0AE8F71-8454-4FC2-ACBC-F86FE07BD9C7,PEDESTRIAN,Cross/Enter at Intersection,NO IMPROPER ACTIONS,AT INTERSECTION MARKED CROSSWALK,No,SUSPECTED MINOR INJURY,N/A,39.12087,-77.15864,"(39.12087, -77.15864)"
MCP3190002B,210015371,Montgomery County Police,Injury Crash,04/25/2021 04:19:00 AM,Maryland (State),CONNECTICUT AVE,GREENLY ST,,N/A,PEDESTRIAN,OTHER,RAINING,WET,DARK LIGHTS ON,NO CONTROLS,NONE DETECTED,ALCOHOL PRESENT,F4E5BDE1-C503-4225-A0DF-3A1F467664CD,PEDESTRIAN,Cross/Enter at Intersection,IN ROADWAY IMPROPERLY,ON ROADWAY NOT AT CROSSWALK,Yes,SUSPECTED MINOR INJURY,NONE,39.06115167,-77.07308,"(39.06115167, -77.07308)"
MCP2773001B,15035200,MONTGOMERY,Property Damage Crash,07/17/2015 02:50:00 PM,,,,parking lot of 7821 eastern avenue,,OTHER,SINGLE VEHICLE,CLEAR,,DAYLIGHT,NO CONTROLS,NONE DETECTED,NONE DETECTED,3F3021E1-8370-46B1-95EA-9C0E74FCC644,OTHER,Other,NO IMPROPER ACTIONS,INSIDE BUILDING,No,NO APPARENT INJURY,N/A,38.98522,-77.027395,"(38.98522, -77.027395)"
MCP9130002R,16054530,Montgomery County Police,Injury Crash,10/23/2016 08:53:00 AM,,,,"PARKING LOT OF TRADER JOES 
10741 COLUMBIA PIKE
SILVER SPRING, MD 20901",,PEDESTRIAN,SINGLE VEHICLE,CLEAR,,DAYLIGHT,N/A,NONE DETECTED,NONE DETECTED,329DFE77-0DB1-4E97-8EF6-79B8B95B1227,PEDESTRIAN,Cross/Enter not at Intersection,NO IMPROPER ACTIONS,OTHER,No,POSSIBLE INJURY,NONE,39.031685,-77.00385,"(39.031685, -77.00385)"
MCP2845007M,210013945,Montgomery County Police,Injury Crash,04/14/2021 02:49:00 PM,Maryland (State),UNIVERSITY BLVD W,SUTHERLAND RD,,N/A,PEDESTRIAN,SINGLE VEHICLE,RAINING,WET,DAYLIGHT,TRAFFIC SIGNAL,NONE DETECTED,NONE DETECTED,BEB25B40-A2F8-4A49-9F08-D6EECE2E999F,PEDESTRIAN,Cross/Enter at Intersection,DART DASH,AT INTERSECTION MARKED CROSSWALK,No,SUSPECTED MINOR INJURY,N/A,39.01997667,-77.013618,"(39.01997667, -77.013618)"
MCP2750001F,15026471,Montgomery County Police,Injury Crash,06/01/2015 05:00:00 PM,Maryland (State),VEIRS MILL RD,ENT TO SHOPPING CENTER,,N/A,PEDESTRIAN,STRAIGHT MOVEMENT ANGLE,CLOUDY,WET,DAYLIGHT,TRAFFIC SIGNAL,NONE DETECTED,NONE DETECTED,7F905E73-AB88-46C9-8BCD-822C699788B8,PEDESTRIAN,Cross/Enter at Intersection,FAILURE TO OBEY TRAFFIC SIGNS SIGNALS OR OFFICER,AT INTERSECTION MARKED CROSSWALK,,SUSPECTED MINOR INJURY,N/A,39.03717167,-77.05171,"(39.03717167, -77.05171)"
MCP285900BP,220003244,Montgomery County Police,Injury Crash,01/25/2022 01:50:00 PM,,,,"PARKING LOT 46 BUREAU DR, GAITHERSBURG, MD 20878",,PEDESTRIAN,OTHER,CLEAR,,DAYLIGHT,NO CONTROLS,NONE DETECTED,NONE DETECTED,207DC9B8-DB3E-4B7A-92E1-8D0D9833AAB1,PEDESTRIAN,Other,NO IMPROPER ACTIONS,OTHER,No,POSSIBLE INJURY,NONE,39.14391649,-77.21831038,"(39.14391649, -77.21831038)"
MCP2436009N,200008109,Montgomery County Police,Injury Crash,02/18/2020 01:40:00 PM,Maryland (State),PINEY BRANCH RD,KODIAK DR,,N/A,PEDESTRIAN,SINGLE VEHICLE,CLEAR,DRY,DAYLIGHT,NO CONTROLS,NONE DETECTED,NONE DETECTED,99E36A32-6FE7-4B53-B12F-6BD21CB66301,PEDESTRIAN,Cross/Enter at Intersection,DART DASH,ON ROADWAY NOT AT CROSSWALK,Yes,SUSPECTED MINOR INJURY,N/A,38.99978841,-76.99156582,"(38.99978841, -76.99156582)"
MCP3086006V,220026096,Montgomery County Police,Injury Crash,06/17/2022 12:40:00 PM,County,BRENISH DR,WOODFIELD RD,,N/A,OTHER CONVEYANCE,SINGLE VEHICLE,CLEAR,DRY,DAYLIGHT,STOP SIGN,UNKNOWN,NONE DETECTED,86F7A410-C65C-46DD-88A2-DE2EC294FEA6,OTHER CONVEYANCE,Cross/Enter at Intersection,NO IMPROPER ACTIONS,ON ROADWAY AT CROSSWALK,No,POSSIBLE INJURY,NONE,39.17550333,-77.15181667,"(39.17550333, -77.15181667)"
DM8338000T,17011376,Takoma Park Police Depart,Injury Crash,03/03/2017 07:58:00 PM,Maryland (State),PINEY BRANCH RD,TAKOMA AVE,,TAKOMA PARK,PEDESTRIAN,OTHER,N/A,DRY,DARK LIGHTS ON,NO CONTROLS,N/A,UNKNOWN,690A19BD-6171-4AD8-9200-C4272D6C45A2,PEDESTRIAN,Other,OTHER,ON ROADWAY NOT AT CROSSWALK,Yes,SUSPECTED SERIOUS INJURY,N/A,38.98000694,-77.01715887,"(38.98000694, -77.01715887)"
MCP913000CK,220023618,Montgomery County Police,Injury Crash,06/02/2022 02:01:00 PM,County,E WAYNE AVE,MANCHESTER PL,,N/A,OTHER,SINGLE VEHICLE,CLOUDY,DRY,DAYLIGHT,NO CONTROLS,NONE DETECTED,NONE DETECTED,9C7EEDCD-9B77-48FC-8ECE-E1A584F0C643,OTHER,Other Working,IMPROPER TURN MERGE,OUTSIDE RIGHT OF WAY,Yes,POSSIBLE INJURY,NONE,39.00066833,-77.008745,"(39.00066833, -77.008745)"