Report Number,Local Case Number,Agency Name,ACRS Report Type,Crash Date/Time,Route Type,Road Name,Cross-Street Name,Off-Road Description,Municipality,Related Non-Motorist,Collision Type,Weather,Surface Condition,Light,Traffic Control,Driver Substance Abuse,Non-Motorist Substance Abuse,Person ID,Pedestrian Type,Pedestrian Movement,Pedestrian Actions,Pedestrian Location,At Fault,Injury Severity,Safety Equipment,Latitude,Longitude,Location
MCP2846008H,230002149,Montgomery County Police,Injury Crash,01/13/2023 05:20:00 PM,Maryland (State),UNIVERSITY BLVD W,AMHERST AVE,,N/A,PEDESTRIAN,SINGLE VEHICLE,CLEAR,DRY,DARK LIGHTS ON,TRAFFIC SIGNAL,NONE DETECTED,NONE DETECTED,3DF59CFC-50D1-4A3D-801C-7FBC4F97F059,PEDESTRIAN,Cross/Enter not at Intersection,DART DASH,ON ROADWAY NOT AT CROSSWALK,Yes,POSSIBLE INJURY,NONE,39.041445,-77.04847333,"(39.041445, -77.04847333)"
EJ7852003Q,200018593,Gaithersburg Police Depar,Injury Crash,05/07/2020 04:00:00 PM,,,,"622 CENTERPOINT WAY, GAITHERSBURG MONTGOMERY COUNTY, MARYLAND",,PEDESTRIAN,OTHER,N/A,,DAYLIGHT,NO CONTROLS,NONE DETECTED,NONE DETECTED,368DAB05-A25E-44F4-B713-4451A17BCB72,PEDESTRIAN,N/A,UNKNOWN,N/A,Unknown,SUSPECTED MINOR INJURY,NONE,39.12196736,-77.23327566,"(39.12196736, -77.23327566)"
MCP2952009P,200006872,Montgomery County Police,Injury Crash,02/11/2020 05:54:00 AM,Maryland (State),GEORGIA AVE,COLESVILLE RD,,N/A,PEDESTRIAN,SINGLE VEHICLE,RAINING,WET,DARK LIGHTS ON,TRAFFIC SIGNAL,NONE DETECTED,NONE DETECTED,9861A590-5980-47A7-ADB2-C4CF06A23C32,PEDESTRIAN,Cross/Enter at Intersection,NO IMPROPER ACTIONS,ON ROADWAY AT CROSSWALK,No,POSSIBLE INJURY,NONE,38.99589428,-77.02813661,"(38.99589428, -77.02813661)"
MCP2902003R,190051976,Montgomery County Police,Injury Crash,10/29/2019 07:02:00 AM,Maryland (State),FREDERICK RD,PLUMMER DR,,N/A,BICYCLIST,OTHER,CLEAR,DRY,DAWN,NO CONTROLS,N/A,NONE DETECTED,C8AA58F3-F9E0-4C2E-997E-6DA21E619932,BICYCLIST,Walking/Cycling on Sidewalk,OTHER,SIDEWALK,No,SUSPECTED MINOR INJURY,UNKNOWN,39.17104333,-77.235525,"(39.17104333, -77.235525)"
MCP1213007Y,230032407,Montgomery County Police,Injury Crash,07/07/2023 04:45:00 PM,County,CRYSTAL LA,MIDDLEVALE LA,,N/A,PEDESTRIAN,STRAIGHT MOVEMENT ANGLE,CLEAR,DRY,DAYLIGHT,STOP SIGN,NONE DETECTED,NONE DETECTED,84C41B1E-58E6-4990-BCBF-A338E175D679,PEDESTRIAN,Cross/Enter at Intersection,NO IMPROPER ACTIONS,AT INTERSECTION BUT NO CROSSWALK,No,SUSPECTED MINOR INJURY,NONE,39.07833333,-77.040145,"(39.07833333, -77.040145)"
MCP3373000Q,230025500,Montgomery County Police,Injury Crash,05/27/2023 04:21:00 PM,County,DARCY FOREST DR,KIMBALL PL,,N/A,PEDESTRIAN,SINGLE VEHICLE,CLEAR,DRY,DAYLIGHT,STOP SIGN,UNKNOWN,NONE DETECTED,059CA498-1B53-40A6-A980-A6610603B312,PEDESTRIAN,Other,NO IMPROPER ACTIONS,ON ROADWAY AT CROSSWALK,No,SUSPECTED MINOR INJURY,NONE,39.0166488,-77.04753807,"(39.0166488, -77.04753807)"
MCP2674001C,190038509,Montgomery County Police,Injury Crash,08/12/2019 07:45:00 PM,,,,PARKING LOT OF 12155 AMBER RIDGE CIR,,PEDESTRIAN,OTHER,CLEAR,,DAYLIGHT,NO CONTROLS,NONE DETECTED,NONE DETECTED,ED6450DB-1C70-4E51-A4C5-98E07DDB9833,PEDESTRIAN,Standing,N/A,OTHER,No,POSSIBLE INJURY,NONE,39.19706648,-77.25143575,"(39.19706648, -77.25143575)"
MCP2717003D,15053034,MONTGOMERY,Injury Crash,10/19/2015 02:10:00 PM,,,,Chipotle Parking Lot (10526 Connecticut Avenue),,PEDESTRIAN,OTHER,CLEAR,,DAYLIGHT,NO CONTROLS,NONE DETECTED,NONE DETECTED,22361CF8-13BD-45DB-8B04-E7B351F6F90F,PEDESTRIAN,Other,FAILURE TO YIELD RIGHT OF WAY,OTHER,Yes,SUSPECTED MINOR INJURY,NONE,39.02779385,-77.07665563,"(39.02779385, -77.07665563)"
MCP2046007Z,180012779,Montgomery County Police,Injury Crash,03/14/2018 09:13:00 AM,Maryland (State),COLESVILLE RD,SECOND AVE,,N/A,BICYCLIST,SAME DIRECTION SIDESWIPE,CLEAR,DRY,DAYLIGHT,TRAFFIC SIGNAL,NONE DETECTED,N/A,913E355F-B4D7-4C49-ACF5-86777AA962E3,BICYCLIST,Walking/Riding w/Traffic,OTHER,OTHER,No,POSSIBLE INJURY,MC/BIKE HELMET,38.99514387,-77.02976525,"(38.99514387, -77.02976525)"
MCP3259003K,230059706,Montgomery County Police,Injury Crash,10/10/2023 05:07:00 PM,County,POSTOAK RD,VICTORY LA,,N/A,PEDESTRIAN,OTHER,CLEAR,DRY,DAYLIGHT,NO CONTROLS,NONE DETECTED,NONE DETECTED,D2EC7618-4815-4766-8B62-AC6D16E2C11A,PEDESTRIAN,Cross/Enter at Intersection,NO IMPROPER ACTIONS,AT INTERSECTION MARKED CROSSWALK,No,SUSPECTED MINOR INJURY,NONE,39.0500744,-77.178077,"(39.0500744, -77.178077)"
MCP2927001G,16054074,Montgomery County Police,Injury Crash,10/20/2016 03:40:00 PM,US (State),COLESVILLE RD,FENTON ST,,N/A,PEDESTRIAN,N/A,CLEAR,DRY,DAYLIGHT,TRAFFIC SIGNAL,UNKNOWN,NONE DETECTED,DD33AF84-CC80-44F9-AA76-0CC430808F50,PEDESTRIAN,Cross/Enter at Intersection,NO IMPROPER ACTIONS,ON ROADWAY AT CROSSWALK,No,POSSIBLE INJURY,NONE,38.99769122,-77.02699184,"(38.99769122, -77.02699184)"
DD56350005,180058434,Rockville Police Departme,Injury Crash,11/21/2018 03:42:00 PM,Maryland (State),E JEFFERSON ST,MONROE ST,,ROCKVILLE,BICYCLIST,STRAIGHT MOVEMENT ANGLE,CLEAR,DRY,DAYLIGHT,TRAFFIC SIGNAL,NONE DETECTED,NONE DETECTED,DB5B991B-1B75-4542-B550-5A0C6933C4CC,BICYCLIST,Cross/Enter at Intersection,FAILURE TO YIELD RIGHT OF WAY,ON ROADWAY NOT AT CROSSWALK,Yes,POSSIBLE INJURY,NONE,39.082399,-77.14948783,"(39.082399, -77.14948783)"
MCP2689003J,170523840,Montgomery County Police,Injury Crash,08/09/2017 10:24:00 AM,Maryland (State),VEIRS MILL RD,ATLANTIC AVE,,ROCKVILLE,PEDESTRIAN,SINGLE VEHICLE,CLEAR,DRY,DAYLIGHT,TRAFFIC SIGNAL,NONE DETECTED,NONE DETECTED,9DB3D9AC-17BE-4B46-990F-589D5C5333B9,PEDESTRIAN,Cross/Enter at Intersection,NO IMPROPER ACTIONS,ON ROADWAY AT CROSSWALK,No,SUSPECTED MINOR INJURY,NONE,39.07487539,-77.11544976,"(39.07487539, -77.11544976)"
MCP2796002Y,15066796,Montgomery County Police,Injury Crash,12/29/2015 06:47:00 PM,Maryland (State),LAYHILL RD,ENT TO SHOPPING CENTER,,N/A,PEDESTRIAN,OTHER,CLOUDY,DRY,DARK LIGHTS ON,NO CONTROLS,NONE DETECTED,NONE DETECTED,B9AFB98F-47E5-4A33-ACF4-BB3E79EA3D68,PEDESTRIAN,Cross/Enter not at Intersection,IN ROADWAY IMPROPERLY,ON ROADWAY NOT AT CROSSWALK,Yes,SUSPECTED MINOR INJURY,N/A,39.06159333,-77.05088667,"(39.06159333, -77.05088667)"
MCP2617002Z,17000437,Montgomery County Police,Injury Crash,01/03/2017 06:10:00 PM,County,LINDEN AVE,POOKS HILL RD,,N/A,PEDESTRIAN,OTHER,CLEAR,WET,DARK NO LIGHTS,STOP SIGN,NONE DETECTED,NONE DETECTED,908AAFD6-C38F-4B4A-A8B2-A9F6B619B21F,PEDESTRIAN,Cross/Enter at Intersection,NO IMPROPER ACTIONS,ON ROADWAY AT CROSSWALK,No,POSSIBLE INJURY,NONE,39.01438167,-77.106065,"(39.01438167, -77.106065)"
MCP2357003V,190040668,Montgomery County Police,Injury Crash,08/25/2019 01:51:00 PM,,,,PARKING LOT OF 8101 FENTON STREET,,PEDESTRIAN,OTHER,CLEAR,,DAYLIGHT,N/A,NONE DETECTED,NONE DETECTED,FF6136C3-8528-4BD3-AC0C-DC3EADF9437B,PEDESTRIAN,Other,NO IMPROPER ACTIONS,OTHER,No,POSSIBLE INJURY,N/A,38.99043667,-77.023645,"(38.99043667, -77.023645)"
MCP285900BY,220014023,Montgomery County Police,Injury Crash,04/02/2022 10:50:00 AM,County,MONTGOMERY VILLAGE AVE,WHETSTONE DR,,N/A,PEDESTRIAN,OTHER,CLEAR,DRY,DAYLIGHT,WARNING SIGN,NONE DETECTED,NONE DETECTED,40A818BA-5E7B-4439-86CA-937ED194F97C,PEDESTRIAN,Cross/Enter at Intersection,NO IMPROPER ACTIONS,ON ROADWAY AT CROSSWALK,No,POSSIBLE INJURY,NONE,39.1706,-77.20392667,"(39.1706, -77.20392667)"
MCP2565002G,15065549,Montgomery County Police,Injury Crash,12/22/2015 05:15:00 PM,Maryland (State),OLD GEORGETOWN RD,TILDEN LA,,N/A,PEDESTRIAN,SINGLE VEHICLE,RAINING,WET,DARK LIGHTS ON,TRAFFIC SIGNAL,NONE DETECTED,NONE DETECTED,3FE115DE-8FB9-4197-9979-66DF6C3522A0,PEDESTRIAN,Cross/Enter at Intersection,NO IMPROPER ACTIONS,AT INTERSECTION MARKED CROSSWALK,No,SUSPECTED MINOR INJURY,NONE,39.04474491,-77.12067738,"(39.04474491, -77.12067738)"
MCP137800GW,170507434,Montgomery County Police,Injury Crash,05/12/2017 04:56:00 PM,County,SNOUFFERS SCHOOL RD,WELBECK WAY,,N/A,PEDESTRIAN,SINGLE VEHICLE,RAINING,WET,DAYLIGHT,NO CONTROLS,NONE DETECTED,NONE DETECTED,4EB65E5A-E3FF-49FC-BD9E-F6104FB70A19,PEDESTRIAN,Cross/Enter not at Intersection,DART DASH,ON ROADWAY NOT AT CROSSWALK,Yes,SUSPECTED MINOR INJURY,NONE,39.18528667,-77.183645,"(39.18528667, -77.183645)"
MCP3034003W,190060536,Montgomery County Police,Injury Crash,12/16/2019 08:26:00 AM,Maryland (State),WISCONSIN AVE,WISCONSIN CIR,,N/A,PEDESTRIAN,N/A,RAINING,WET,DAYLIGHT,TRAFFIC SIGNAL,NONE DETECTED,NONE DETECTED,109F257D-98E7-404F-84E4-381A92D3BD73,PEDESTRIAN,Cross/Enter at Intersection,NO IMPROPER ACTIONS,ON ROADWAY AT CROSSWALK,No,POSSIBLE INJURY,NONE,38.96203833,-77.086235,"(38.96203833, -77.086235)"
MCP2612005D,230047688,Montgomery County Police,Injury Crash,08/03/2023 11:30:00 AM,County,RANDOLPH RD,VEIRS MILL RD,,N/A,PEDESTRIAN,UNKNOWN,CLOUDY,DRY,DAYLIGHT,UNKNOWN,UNKNOWN,UNKNOWN,BC92E6A5-C745-441C-8550-22E9119074B5,PEDESTRIAN,Unknown,UNKNOWN,UNKNOWN,Unknown,SUSPECTED MINOR INJURY,UNKNOWN,39.05617734,-77.08262173,"(39.05617734, -77.08262173)"
MCP2789001J,15049793,MONTGOMERY,Injury Crash,10/01/2015 04:12:00 PM,County,PATTON DR,MILES ST,,N/A,PEDESTRIAN,SINGLE VEHICLE,RAINING,WET,DAYLIGHT,NO CONTROLS,N/A,N/A,0971972B-D3AA-4FD3-B5E9-66EC27A8FA6C,PEDESTRIAN,Walking/Riding w/Traffic,NO IMPROPER ACTIONS,OTHER,No,SUSPECTED MINOR INJURY,N/A,39.00267333,-76.995375,"(39.00267333, -76.995375)"
DM8447000V,16015057,Takoma Park Police Depart,Injury Crash,03/27/2016 09:09:00 PM,Maryland (State),UNIVERSITY BLVD E,MERRIMAC DR,,TAKOMA PARK,PEDESTRIAN,STRAIGHT MOVEMENT ANGLE,RAINING,WET,DARK LIGHTS ON,NO CONTROLS,NONE DETECTED,UNKNOWN,5441A21A-CD0E-47EF-BCFA-6D67B8B2FDF0,PEDESTRIAN,Cross/Enter not at Intersection,UNKNOWN,ON ROADWAY NOT AT CROSSWALK,Yes,POSSIBLE INJURY,NONE,38.992718,-76.991393,"(38.992718, -76.991393)"
MCP3282000W,210039076,Montgomery County Police,Injury Crash,10/01/2021 11:42:00 PM,Maryland (State),GREAT SENECA HWY,WISTERIA DR,,N/A,PEDESTRIAN,OTHER,N/A,DRY,DARK LIGHTS ON,N/A,NONE DETECTED,UNKNOWN,8A672DE9-5D4B-4876-8BAA-FD02ECD1D3DD,PEDESTRIAN,Standing,IN ROADWAY IMPROPERLY,ON ROADWAY NOT AT CROSSWALK,Yes,POSSIBLE INJURY,NONE,39.17073726,-77.26243425,"(39.17073726, -77.26243425)"
MCP3123006D,230059800,Montgomery County Police,Injury Crash,10/11/2023 08:17:00 AM,County,SOMERVILLE DR,PARAMOUNT DR,,N/A,PEDESTRIAN,OTHER,CLEAR,DRY,DAYLIGHT,TRAFFIC SIGNAL,N/A,N/A,2E54CC1D-509D-4172-A0BF-FB1B68E129F0,PEDESTRIAN,Cross/Enter at Intersection,NO IMPROPER ACTIONS,AT INTERSECTION MARKED CROSSWALK,No,POSSIBLE INJURY,N/A,39.11719093,-77.16484325,"(39.11719093, -77.16484325)"
MCP14650028,16044643,Montgomery County Police,Injury Crash,09/01/2016 12:24:00 PM,Municipality,E GUDE DR,TAFT ST,,ROCKVILLE,PEDESTRIAN,SINGLE VEHICLE,RAINING,WET,DAYLIGHT,TRAFFIC SIGNAL,NONE DETECTED,NONE DETECTED,9324A6D0-C538-44C4-B860-B038257C06EF,PEDESTRIAN,Cross/Enter at Intersection,NO IMPROPER ACTIONS,ON ROADWAY AT CROSSWALK,No,SUSPECTED MINOR INJURY,N/A,39.09409333,-77.13243167,"(39.09409333, -77.13243167)"
DD56530031,230070516,Rockville Police Departme,Injury Crash,12/07/2023 11:17:00 PM,Municipality,MONROE ST,ARGYLE ST,,ROCKVILLE,PEDESTRIAN,SINGLE VEHICLE,CLOUDY,DRY,DARK LIGHTS ON,STOP SIGN,UNKNOWN,ALCOHOL PRESENT,24A73D6D-7269-440C-A52E-666D3EE4CF07,PEDESTRIAN,Unknown,UNKNOWN,SHOULDER,No,SUSPECTED MINOR INJURY,NONE,39.07795461,-77.15156858,"(39.07795461, -77.15156858)"
MCP2756002S,190016394,Montgomery County Police,Injury Crash,04/08/2019 09:05:00 PM,,,,PARKING LOT OF 11301 GEORGIA AVE.,,PEDESTRIAN,OTHER,CLOUDY,,DARK LIGHTS ON,NO CONTROLS,NONE DETECTED,ALCOHOL PRESENT,41B7608E-E79B-4C90-87FD-F5245806088D,PEDESTRIAN,Other,NOT VISIBLE,OTHER,Yes,SUSPECTED MINOR INJURY,N/A,39.04024333,-77.05111333,"(39.04024333, -77.05111333)"
MCP2952003C,170502566,Montgomery County Police,Injury Crash,04/17/2017 10:41:00 AM,,,,"ON SECOND FLOOR OF COUNTY PARKING GARAGE LOCATED AT 7726 FENTON STREET, SILVER SPRING MARYLAND 20910",,PEDESTRIAN,OTHER,N/A,,DAYLIGHT,N/A,NONE DETECTED,NONE DETECTED,A03DC75A-6485-4879-9E08-15D1F3258473,PEDESTRIAN,Other,UNKNOWN,OTHER,No,SUSPECTED MINOR INJURY,N/A,38.98648333,-77.02318333,"(38.98648333, -77.02318333)"
DD55830020,16058717,Rockville Police Departme,Injury Crash,11/14/2016 06:56:00 PM,,,,PARKING LOT BETWEEN 7408 AND 7406 WESTMORE RD ROCKVILLE,,PEDESTRIAN,OTHER,CLEAR,,DARK NO LIGHTS,N/A,NONE DETECTED,NONE DETECTED,152E1B65-0314-4E72-ABA3-2AB6700CC1B3,PEDESTRIAN,Other,NOT VISIBLE,OTHER,Yes,SUSPECTED MINOR INJURY,NONE,39.09847022,-77.15177223,"(39.09847022, -77.15177223)"
MCP2512005H,210001897,Montgomery County Police,Injury Crash,01/15/2021 06:44:00 PM,Municipality,KENTLANDS BLVD,MARKET ST,,GAITHERSBURG,PEDESTRIAN,STRAIGHT MOVEMENT ANGLE,RAINING,WET,DARK LIGHTS ON,OTHER,NONE DETECTED,NONE DETECTED,38E2DD61-E1C6-449F-910C-C610AAA3DC85,PEDESTRIAN,Cross/Enter not at Intersection,NO IMPROPER ACTIONS,ON ROADWAY AT CROSSWALK,No,SUSPECTED MINOR INJURY,NONE,39.12321833,-77.23512833,"(39.12321833, -77.23512833)"
DD5630001W,190037710,Rockville Police Departme,Injury Crash,08/07/2019 07:17:00 PM,Maryland (State),ROCKVILLE PIKE,HALPINE RD,,ROCKVILLE,PEDESTRIAN,OTHER,CLEAR,DRY,DAWN,TRAFFIC SIGNAL,NONE DETECTED,NONE DETECTED,A6A75880-4CB9-4C17-92A4-136989148010,PEDESTRIAN,Cross/Enter at Intersection,NO IMPROPER ACTIONS,AT INTERSECTION MARKED CROSSWALK,No,SUSPECTED MINOR INJURY,NONE,39.06227,-77.12410667,"(39.06227, -77.12410667)"
MCP31360061,230014903,Montgomery County Police,Injury Crash,03/28/2023 07:05:00 AM,Maryland (State),UNIVERSITY BLVD E,E FRANKLIN AVE,,N/A,PEDESTRIAN,OTHER,CLEAR,DRY,DAWN,TRAFFIC SIGNAL,NONE DETECTED,NONE DETECTED,14A3A1D3-F73E-48A3-93C6-618A10828481,PEDESTRIAN,Cross/Enter at Intersection,NO IMPROPER ACTIONS,ON ROADWAY AT CROSSWALK,No,SUSPECTED MINOR INJURY,N/A,39.01215753,-77.00266355,"(39.01215753, -77.00266355)"
MCP2723007N,230053526,Montgomery County Police,Injury Crash,09/06/2023 08:00:00 PM,County,GLENALLAN AVE,GEORGIA AVE,,N/A,PEDESTRIAN,SINGLE VEHICLE,CLEAR,DRY,DARK LIGHTS ON,TRAFFIC SIGNAL,NONE DETECTED,NONE DETECTED,5683764E-1142-438E-86B2-B865B91FBA1A,PEDESTRIAN,Cross/Enter at Intersection,FAILURE TO OBEY TRAFFIC SIGNS SIGNALS OR OFFICER,ON ROADWAY AT CROSSWALK,Yes,SUSPECTED MINOR INJURY,NONE,39.06360167,-77.054115,"(39.06360167, -77.054115)"
DM8505000S,230066541,Takoma Park Police Depart,Injury Crash,11/15/2023 05:27:00 PM,Maryland (State),NEW HAMPSHIRE AVE,SLIGO CREEK PKWY,,N/A,OTHER PEDALCYCLIST,SINGLE VEHICLE,CLEAR,DRY,DARK LIGHTS ON,TRAFFIC SIGNAL,N/A,N/A,AB855BEC-E538-4E4F-B87F-87FB32F6EC05,OTHER PEDALCYCLIST,Cross/Enter at Intersection,UNKNOWN,ON ROADWAY AT CROSSWALK,No,SUSPECTED MINOR INJURY,NONE,38.98051756,-76.9895641,"(38.98051756, -76.9895641)"
DD56070043,220055194,Rockville Police Departme,Injury Crash,12/13/2022 06:05:00 PM,Municipality,BEALL AVE #2,FOREST AVE,,ROCKVILLE,PEDESTRIAN,OTHER,CLEAR,DRY,DARK LIGHTS ON,STOP SIGN,NONE DETECTED,NONE DETECTED,F27546BE-F0A4-4DBD-9EA7-7A201D4503DE,PEDESTRIAN,Cross/Enter at Intersection,NO IMPROPER ACTIONS,AT INTERSECTION MARKED CROSSWALK,No,SUSPECTED MINOR INJURY,NONE,39.0868935,-77.158811,"(39.0868935, -77.158811)"
MCP3200003P,210038399,Montgomery County Police,Injury Crash,09/28/2021 11:54:00 AM,County,CEDAR LA,SAUL RD,,N/A,PEDESTRIAN,OTHER,CLOUDY,WET,DAYLIGHT,TRAFFIC SIGNAL,NONE DETECTED,NONE DETECTED,11FCB432-F73E-479B-B13A-14326DDCF106,PEDESTRIAN,Cross/Enter at Intersection,NO IMPROPER ACTIONS,ON ROADWAY AT CROSSWALK,No,SUSPECTED MINOR INJURY,NONE,39.016616,-77.08804533,"(39.016616, -77.08804533)"
MCP30760009,170524497,Montgomery County Police,Injury Crash,08/12/2017 01:50:00 PM,,,,"SAFEWAY PARKING LOT
116 UNIVERSITY BLVD W",,PEDESTRIAN,SINGLE VEHICLE,CLEAR,,DAYLIGHT,N/A,NONE DETECTED,N/A,86AB30DF-F4FD-4D09-BEE9-0F0C42C196E5,PEDESTRIAN,N/A,NO IMPROPER ACTIONS,OTHER,No,POSSIBLE INJURY,N/A,39.02088309,-77.01513514,"(39.02088309, -77.01513514)"
EJ7884004Q,220032034,Gaithersburg Police Depar,Injury Crash,07/25/2022 03:28:00 PM,County,DIAMONDBACK DR,SAM EIG HWY,,N/A,PEDESTRIAN,STRAIGHT MOVEMENT ANGLE,RAINING,WET,DAYLIGHT,OTHER,N/A,N/A,BA46340F-4D64-4934-8EE1-C4D3D9AB3C29,PEDESTRIAN,Cross/Enter at Intersection,NO IMPROPER ACTIONS,ON ROADWAY AT CROSSWALK,No,SUSPECTED MINOR INJURY,NONE,39.14105145,-77.20802565,"(39.14105145, -77.20802565)"
MCP2298007N,16006994,Montgomery County Police,Injury Crash,02/10/2016 07:21:00 PM,Maryland (State),GREAT SENECA HWY,GROTTO LA,,N/A,PEDESTRIAN,OTHER,CLEAR,DRY,DARK NO LIGHTS,STOP SIGN,NONE DETECTED,NONE DETECTED,FD5BE2CB-9138-4540-AAB7-517F00F4034E,PEDESTRIAN,Cross/Enter at Intersection,NOT VISIBLE,MEDIAN,No,SUSPECTED MINOR INJURY,N/A,39.16792833,-77.26765,"(39.16792833, -77.26765)"
MCP3348000C,230017981,Montgomery County Police,Injury Crash,04/20/2023 01:31:00 PM,,,,PARKING LOT OF 3828 INTERNATIONAL DRIVE,,PEDESTRIAN,STRAIGHT MOVEMENT ANGLE,RAINING,,DAYLIGHT,NO CONTROLS,NONE DETECTED,NONE DETECTED,EA859AE8-0777-402F-9C87-FC3211DB58A8,PEDESTRIAN,Other,INATTENTIVE,OTHER,No,SUSPECTED MINOR INJURY,N/A,39.10313304,-77.07544506,"(39.10313304, -77.07544506)"
MCP3039006P,230072243,Montgomery County Police,Injury Crash,12/17/2023 05:43:00 PM,Maryland (State),GEORGIA AVE,COLESVILLE RD,,N/A,PEDESTRIAN,STRAIGHT MOVEMENT ANGLE,RAINING,WET,DARK LIGHTS ON,TRAFFIC SIGNAL,NONE DETECTED,NONE DETECTED,6900AAFD-0EBB-4A36-B8D4-9B25E066A795,PEDESTRIAN,Cross/Enter at Intersection,NO IMPROPER ACTIONS,ON ROADWAY AT CROSSWALK,No,POSSIBLE INJURY,N/A,38.99589921,-77.02818753,"(38.99589921, -77.02818753)"
DM83520001,180001817,Takoma Park Police Depart,Property Damage Crash,01/12/2018 09:45:00 AM,Municipality,HOLLY AVE,DARWIN AVE,,TAKOMA PARK,PEDESTRIAN,SINGLE VEHICLE,RAINING,WET,DAYLIGHT,NO CONTROLS,NONE DETECTED,NONE DETECTED,7E4F8011-9690-4305-B9D5-341724F2990F,PEDESTRIAN,Standing,NOT VISIBLE,SHOULDER,No,NO APPARENT INJURY,N/A,38.981464,-77.014067,"(38.981464, -77.014067)"
EJ7809000W,17007620,Gaithersburg Police Depar,Injury Crash,02/12/2017 03:34:00 AM,,,,"117 E. DIAMOND AVE. GAITHERSBURG, MD. 20877 (CANCUN RESTAURANT / REAR PARKING LOT)",,PEDESTRIAN,SINGLE VEHICLE,CLEAR,,DARK LIGHTS ON,NO CONTROLS,ALCOHOL CONTRIBUTED,ALCOHOL PRESENT,353155E3-6333-4DF5-B57F-8F3113FA76F2,PEDESTRIAN,Unknown,UNKNOWN,OTHER,No,SUSPECTED MINOR INJURY,N/A,39.14187307,-77.19475061,"(39.14187307, -77.19475061)"
MCP1438003V,16062994,Montgomery County Police,Injury Crash,12/08/2016 10:50:00 AM,County,WIGHTMAN RD,MONTGOMERY VILLAGE AVE,,N/A,PEDESTRIAN,SAME DIRECTION LEFT TURN,CLOUDY,DRY,DAYLIGHT,TRAFFIC SIGNAL,NONE DETECTED,NONE DETECTED,A5E792A7-5C2A-4146-8D8D-8C8B63223E69,PEDESTRIAN,Standing,NO IMPROPER ACTIONS,SIDEWALK,No,POSSIBLE INJURY,N/A,39.19005167,-77.19190167,"(39.19005167, -77.19190167)"
MCP2678003L,220038212,Montgomery County Police,Property Damage Crash,09/03/2022 12:51:00 PM,,,,GRASSY AREA OF 3944 BEL PRE RD,,OTHER CONVEYANCE,OTHER,CLEAR,,DAYLIGHT,NO CONTROLS,"N/A, NONE DETECTED",NONE DETECTED,09AC777D-42C6-4627-8713-FDB1F0283E55,OTHER CONVEYANCE,Standing,NO IMPROPER ACTIONS,INSIDE BUILDING,No,NO APPARENT INJURY,N/A,39.08637,-77.051904,"(39.08637, -77.051904)"
MCP1334004H,16063168,Montgomery County Police,Injury Crash,12/09/2016 09:17:00 AM,,,,PARKING LOT OF 12130 DARNESTOWN RD.,,PEDESTRIAN,SINGLE VEHICLE,CLEAR,,DAYLIGHT,N/A,NONE DETECTED,NONE DETECTED,2186935C-E37C-4802-9D07-5602F0A5D1B0,PEDESTRIAN,Other,N/A,OTHER,No,SUSPECTED MINOR INJURY,N/A,39.11721326,-77.25162148,"(39.11721326, -77.25162148)"
MCP15640036,180050860,Montgomery County Police,Injury Crash,10/11/2018 09:41:00 AM,Maryland (State),GEORGIA AVE,NORTH HIGH ST,,N/A,BICYCLIST,OTHER,CLOUDY,DRY,DAYLIGHT,NO CONTROLS,NONE DETECTED,NONE DETECTED,9D2A732E-688C-49D3-A406-AA7732BFEBA5,BICYCLIST,Walking/Cycling on Sidewalk,NO IMPROPER ACTIONS,SIDEWALK,No,SUSPECTED MINOR INJURY,NONE,39.151095,-77.067115,"(39.151095, -77.067115)"
MCP2291005C,210030554,Montgomery County Police,Injury Crash,08/06/2021 01:31:00 PM,Maryland (State),CONNECTICUT AVE,THORNAPPLE ST,,CHEVY CHASE #4,BICYCLIST,SINGLE VEHICLE,CLEAR,DRY,DAYLIGHT,NO CONTROLS,NONE DETECTED,NONE DETECTED,91DE06BE-8E2E-4955-AC33-D09C10AE0621,BICYCLIST,Cross/Enter at Intersection,NO IMPROPER ACTIONS,ON ROADWAY NOT AT CROSSWALK,No,SUSPECTED MINOR INJURY,MC/BIKE HELMET,38.9822356,-77.07671668,"(38.9822356, -77.07671668)"
MCP2399002H,190014239,Montgomery County Police,Injury Crash,03/27/2019 07:50:00 PM,County,WATKINS MILL RD,COVE LEDGE CT,,N/A,PEDESTRIAN,SAME DIR REAR END,CLEAR,DRY,DARK LIGHTS ON,N/A,NONE DETECTED,N/A,9AC42F2F-D153-45CD-BBF5-6476FB0A4DBB,PEDESTRIAN,Cross/Enter at Intersection,NO IMPROPER ACTIONS,ON ROADWAY AT CROSSWALK,No,NO APPARENT INJURY,NONE,39.17830667,-77.209905,"(39.17830667, -77.209905)"
DD5660000L,230063862,Rockville Police Departme,Injury Crash,11/01/2023 08:50:00 PM,Municipality,BEALL AVE #2,GIBBS STREET,,ROCKVILLE,PEDESTRIAN,OTHER,N/A,DRY,DARK LIGHTS ON,N/A,UNKNOWN,NONE DETECTED,7383EC04-8320-4795-B5E1-EF88FD2E6A78,PEDESTRIAN,Cross/Enter at Intersection,N/A,ON ROADWAY AT CROSSWALK,No,POSSIBLE INJURY,N/A,39.08675614,-77.15413806,"(39.08675614, -77.15413806)"
MCP2399001F,170539037,Montgomery County Police,Injury Crash,10/26/2017 07:00:00 PM,County,LOST KNIFE RD,ODENDHAL AVE,,N/A,PEDESTRIAN,OTHER,CLEAR,DRY,DARK LIGHTS ON,TRAFFIC SIGNAL,NONE DETECTED,N/A,2133F347-CF2C-4198-B540-5B0D64FF5055,PEDESTRIAN,Cross/Enter at Intersection,DART DASH,AT INTERSECTION MARKED CROSSWALK,No,POSSIBLE INJURY,N/A,39.15250563,-77.19827302,"(39.15250563, -77.19827302)"
MCP3029002H,190009183,Montgomery County Police,Injury Crash,02/26/2019 05:07:00 PM,Maryland (State),NEW HAMPSHIRE AVE,LOCKWOOD DR,,N/A,PEDESTRIAN,OTHER,CLEAR,DRY,DAYLIGHT,TRAFFIC SIGNAL,NONE DETECTED,UNKNOWN,EBAA3061-AA47-4FDE-AD4F-FF4F6BCE6D96,PEDESTRIAN,Cross/Enter at Intersection,DART DASH,AT INTERSECTION MARKED CROSSWALK,Yes,SUSPECTED SERIOUS INJURY,NONE,39.03998,-76.990695,"(39.03998, -76.990695)"