Report Number,Local Case Number,Agency Name,ACRS Report Type,Crash Date/Time,Route Type,Road Name,Cross-Street Name,Off-Road Description,Municipality,Related Non-Motorist,Collision Type,Weather,Surface Condition,Light,Traffic Control,Driver Substance Abuse,Non-Motorist Substance Abuse,Person ID,Pedestrian Type,Pedestrian Movement,Pedestrian Actions,Pedestrian Location,At Fault,Injury Severity,Safety Equipment,Latitude,Longitude,Location
MCP2879000R,15029216,Montgomery County Police,Injury Crash,06/13/2015 12:00:00 PM,County,RIFFLE FORD RD,RIFFLE FORD CT,,N/A,BICYCLIST,OTHER,N/A,UNKNOWN,DAYLIGHT,STOP SIGN,UNKNOWN,UNKNOWN,2122ED64-BC3F-417C-A534-B1DAE4C55068,BICYCLIST,Unknown,NO IMPROPER ACTIONS,ON ROADWAY NOT AT CROSSWALK,,SUSPECTED MINOR INJURY,MC/BIKE HELMET,39.12073008,-77.26696372,"(39.12073008, -77.26696372)"
MCP1366004S,16036294,Montgomery County Police,Injury Crash,07/18/2016 07:02:00 AM,County,SHADY GROVE RD,GUDELSKY WAY,,N/A,BICYCLIST,SINGLE VEHICLE,CLEAR,DRY,DAYLIGHT,NO CONTROLS,NONE DETECTED,NONE DETECTED,9D961B7B-A7CC-49A7-B8DF-4381E0BDC124,BICYCLIST,Walking/Riding w/Traffic,NO IMPROPER ACTIONS,SHOULDER,No,SUSPECTED SERIOUS INJURY,MC/BIKE HELMET,39.09094833,-77.19852667,"(39.09094833, -77.19852667)"
MCP2351002Y,190021686,Montgomery County Police,Injury Crash,05/08/2019 10:31:00 AM,County,ESWORTHY RD,QUERY MILL RD,,N/A,BICYCLIST,OTHER,CLOUDY,DRY,DAYLIGHT,NO CONTROLS,NONE DETECTED,UNKNOWN,7B365C03-C613-4233-86F7-49C4B45D43F9,BICYCLIST,Walking/Riding w/Traffic,UNKNOWN,UNKNOWN,Unknown,SUSPECTED SERIOUS INJURY,MC/BIKE HELMET,39.07374667,-77.28665333,"(39.07374667, -77.28665333)"
HA2433000D,17001328,Maryland-National Capital,Injury Crash,10/03/2017 05:14:00 PM,Government,SLIGO CREEK PKWY,COLESVILLE RD,,N/A,BICYCLIST,HEAD ON,N/A,N/A,DAYLIGHT,NO CONTROLS,N/A,N/A,8D159699-75D2-4CC3-B07F-7630D1D0B82D,BICYCLIST,Walking/Riding w/Traffic,NO IMPROPER ACTIONS,ON ROADWAY NOT AT CROSSWALK,No,SUSPECTED MINOR INJURY,MC/BIKE HELMET,39.00740449,-77.01970696,"(39.00740449, -77.01970696)"
DD5527004B,220046130,Rockville Police Departme,Injury Crash,10/20/2022 07:27:00 PM,Municipality,GAITHER RD,RIDGEMONT AVE,,ROCKVILLE,PEDESTRIAN,OTHER,CLEAR,DRY,DARK LIGHTS ON,NO CONTROLS,NONE DETECTED,ALCOHOL PRESENT,EC1EB1EB-A1F5-4478-908A-787FA4BBFEA5,PEDESTRIAN,Cross/Enter at Intersection,FAILURE TO YIELD RIGHT OF WAY,AT INTERSECTION BUT NO CROSSWALK,Yes,SUSPECTED MINOR INJURY,NONE,39.11313684,-77.17599815,"(39.11313684, -77.17599815)"
MCP2588000W,15028626,Montgomery County Police,Injury Crash,06/12/2015 01:57:00 PM,Maryland (State),GEORGIA AVE,CONNECTICUT AVE,,N/A,PEDESTRIAN,OTHER,CLEAR,DRY,DAYLIGHT,N/A,N/A,ALCOHOL CONTRIBUTED,38208EA1-52DD-4BAC-940B-9B95E403A71B,PEDESTRIAN,Other,IN ROADWAY IMPROPERLY,OTHER,,SUSPECTED MINOR INJURY,N/A,39.08431333,-77.078245,"(39.08431333, -77.078245)"
DD56140008,16004277,Rockville Police Departme,Injury Crash,01/26/2016 08:05:00 PM,Maryland (State),ROCKVILLE PIKE,CROSSOVER,,N/A,PEDESTRIAN,OTHER,CLEAR,WET,DARK LIGHTS ON,NO CONTROLS,NONE DETECTED,NONE DETECTED,BDB1EEAD-34A5-4861-82B5-6CA08C98E8A2,PEDESTRIAN,Other,IN ROADWAY IMPROPERLY,ON ROADWAY NOT AT CROSSWALK,Yes,SUSPECTED MINOR INJURY,NONE,39.07353667,-77.13403167,"(39.07353667, -77.13403167)"
MCP28460021,16032703,Montgomery County Police,Injury Crash,06/28/2016 01:15:00 PM,County,SHOREFIELD RD,GEORGIA AVE,,N/A,PEDESTRIAN,OTHER,CLOUDY,DRY,DAYLIGHT,TRAFFIC SIGNAL,NONE DETECTED,NONE DETECTED,4D09E15D-701D-4E8D-BFBD-C14CB95B356D,PEDESTRIAN,Cross/Enter at Intersection,NO IMPROPER ACTIONS,ON ROADWAY AT CROSSWALK,No,NO APPARENT INJURY,NONE,39.05316667,-77.050735,"(39.05316667, -77.050735)"
MCP3007001K,17016536,Montgomery County Police,Injury Crash,04/01/2017 08:25:00 AM,County,BEL PRE RD,PARKER FARM WAY,,N/A,PEDESTRIAN,SINGLE VEHICLE,RAINING,WET,DAYLIGHT,TRAFFIC SIGNAL,N/A,N/A,60AC6D3B-F345-4776-A597-9F1B29A6BC8D,PEDESTRIAN,Cross/Enter at Intersection,NO IMPROPER ACTIONS,ON ROADWAY AT CROSSWALK,No,POSSIBLE INJURY,NONE,39.09052549,-77.04792112,"(39.09052549, -77.04792112)"
MCP31210046,210022605,Montgomery County Police,Property Damage Crash,06/13/2021 06:10:00 PM,County,ODENDHAL AVE,ROYAL BONNET CIR,,N/A,BICYCLIST,STRAIGHT MOVEMENT ANGLE,CLOUDY,DRY,DAYLIGHT,NO CONTROLS,NONE DETECTED,NONE DETECTED,160A00D5-6A33-4B2B-B6FF-1C4F17F2D5E1,BICYCLIST,Cross/Enter at Intersection,FAILURE TO YIELD RIGHT OF WAY,AT INTERSECTION BUT NO CROSSWALK,Yes,NO APPARENT INJURY,MC/BIKE HELMET,39.15251563,-77.19415302,"(39.15251563, -77.19415302)"
MCP12050049,180030963,Montgomery County Police,Injury Crash,06/23/2018 10:57:00 AM,Government,BEACH DR,OLD SPRING RD,,N/A,BICYCLIST,ANGLE MEETS LEFT TURN,RAINING,WET,DAYLIGHT,STOP SIGN,NONE DETECTED,NONE DETECTED,EA639C6A-9BF1-4686-975B-BEE27EA4A1EB,BICYCLIST,Walking/Riding w/Traffic,NO IMPROPER ACTIONS,OTHER,No,SUSPECTED MINOR INJURY,MC/BIKE HELMET,39.01182974,-77.06792571,"(39.01182974, -77.06792571)"
MCP28000020,15025750,Montgomery County Police,Injury Crash,05/28/2015 03:50:00 PM,Maryland (State),WISCONSIN AVE,WOODMONT AVE,,N/A,PEDESTRIAN,OTHER,CLEAR,DRY,DAYLIGHT,NO CONTROLS,NONE DETECTED,NONE DETECTED,710A7903-BD07-482C-B563-197802D1FB65,PEDESTRIAN,Cross/Enter not at Intersection,IMPROPER PASSING,ON ROADWAY NOT AT CROSSWALK,,SUSPECTED MINOR INJURY,N/A,38.98217167,-77.093205,"(38.98217167, -77.093205)"
MCP32250018,210007430,Montgomery County Police,Injury Crash,02/26/2021 09:13:00 PM,,,,PARKING LOT OF 2571 ENNALS AVE,,PEDESTRIAN,STRAIGHT MOVEMENT ANGLE,RAINING,,DARK LIGHTS ON,NO CONTROLS,NONE DETECTED,NONE DETECTED,2FF5F64C-7DB6-4982-A0E4-6E88191CEFB7,PEDESTRIAN,Walking/Cycling on Sidewalk,NO IMPROPER ACTIONS,SIDEWALK,No,POSSIBLE INJURY,NONE,39.03969418,-77.05452095,"(39.03969418, -77.05452095)"
MCP2436006C,180053814,Montgomery County Police,Injury Crash,10/27/2018 12:47:00 PM,Maryland (State),PINEY BRANCH RD,CARROLL AVE,,N/A,PEDESTRIAN,STRAIGHT MOVEMENT ANGLE,RAINING,WET,DAYLIGHT,TRAFFIC SIGNAL,NONE DETECTED,NONE DETECTED,C07E20BE-C71F-4D6E-AF8D-9425B75DF0C7,PEDESTRIAN,Cross/Enter not at Intersection,NO IMPROPER ACTIONS,ON ROADWAY NOT AT CROSSWALK,Yes,SUSPECTED MINOR INJURY,NONE,38.99992424,-76.99094363,"(38.99992424, -76.99094363)"
MCP2789004Y,180032663,Montgomery County Police,Injury Crash,07/02/2018 09:45:00 PM,County,SPRING ST,FIRST AVE,,N/A,PEDESTRIAN,SINGLE VEHICLE,CLEAR,DRY,DARK LIGHTS ON,NO CONTROLS,N/A,N/A,892388A2-53BB-455E-8DDF-E15183346837,PEDESTRIAN,Cross/Enter at Intersection,NO IMPROPER ACTIONS,ON ROADWAY AT CROSSWALK,No,POSSIBLE INJURY,NONE,38.99893167,-77.03290833,"(38.99893167, -77.03290833)"
DM8497000P,210021540,Takoma Park Police Depart,Injury Crash,06/06/2021 09:10:00 PM,,,,PARKING LOT AT TAKOMA LANGLEY CROSSROADS,,PEDESTRIAN,OTHER,CLEAR,,DARK LIGHTS ON,N/A,N/A,N/A,C5C68526-6EB3-4108-873D-D0C57F28A3DB,PEDESTRIAN,Cross/Enter at Intersection,DART DASH,OTHER,Yes,SUSPECTED MINOR INJURY,N/A,38.98874631,-76.98905776,"(38.98874631, -76.98905776)"
MCP2939005H,210013410,Montgomery County Police,Injury Crash,04/10/2021 03:57:00 PM,County,SYCAMORE FARM DR,CYPRESS SPRING RD,,N/A,PEDESTRIAN,OTHER,CLEAR,DRY,DAYLIGHT,NO CONTROLS,N/A,N/A,80059B36-9AED-456F-8EC0-F4D5ED26D933,PEDESTRIAN,Playing,FAILURE TO YIELD RIGHT OF WAY,ON ROADWAY NOT AT CROSSWALK,Yes,SUSPECTED MINOR INJURY,NONE,39.23239805,-77.25516148,"(39.23239805, -77.25516148)"
MCP2982002P,190030207,Montgomery County Police,Injury Crash,06/28/2019 03:46:00 PM,Maryland (State),UNIVERSITY BLVD E,PATTON DR,,N/A,PEDESTRIAN,OTHER,CLEAR,DRY,DAYLIGHT,STOP SIGN,UNKNOWN,NONE DETECTED,455CE40F-C3C5-4056-81A3-E85A457744CA,PEDESTRIAN,Cross/Enter at Intersection,IN ROADWAY IMPROPERLY,AT INTERSECTION MARKED CROSSWALK,No,SUSPECTED MINOR INJURY,N/A,39.00257435,-76.99564083,"(39.00257435, -76.99564083)"
MCP3311000R,220017939,Montgomery County Police,Injury Crash,04/27/2022 08:45:00 PM,County,NICHOLSON LA,HUFF CT,,N/A,PEDESTRIAN,OTHER,CLEAR,DRY,DARK LIGHTS ON,TRAFFIC SIGNAL,N/A,N/A,5EED2D05-283F-48A4-9384-461406B6E8E2,PEDESTRIAN,Cross/Enter not at Intersection,IN ROADWAY IMPROPERLY,ON ROADWAY NOT AT CROSSWALK,Yes,SUSPECTED SERIOUS INJURY,NONE,39.04491764,-77.10768173,"(39.04491764, -77.10768173)"
MCP2513001S,190048430,Montgomery County Police,Injury Crash,10/09/2019 08:36:00 AM,County,ADELPHI RD,NEW HAMPSHIRE AVE,,N/A,PEDESTRIAN,OTHER,CLEAR,DRY,DAYLIGHT,TRAFFIC SIGNAL,NONE DETECTED,NONE DETECTED,56EE9F67-3317-4A5B-91C4-E56EFE074622,PEDESTRIAN,Cross/Enter at Intersection,UNKNOWN,AT INTERSECTION MARKED CROSSWALK,Unknown,SUSPECTED SERIOUS INJURY,N/A,39.01142465,-76.97904552,"(39.01142465, -76.97904552)"
EJ7833007S,230056598,Gaithersburg Police Depar,Injury Crash,09/24/2023 10:26:00 AM,,,,PARKING LOT OF 206 N FREDERICK AVENUE,,PEDESTRIAN,SINGLE VEHICLE,CLOUDY,,DAYLIGHT,NO CONTROLS,NONE DETECTED,NONE DETECTED,6F6D87FB-418D-4DA3-884C-9523174CA4A3,PEDESTRIAN,Other,UNKNOWN,OTHER,Unknown,SUSPECTED MINOR INJURY,NONE,39.14450453,-77.20265967,"(39.14450453, -77.20265967)"
MCP26800017,15016505,Montgomery County Police,Injury Crash,04/09/2015 09:37:00 PM,Maryland (State),EAST WEST HWY,16TH ST,,N/A,PEDESTRIAN,SAME DIR REAR END,RAINING,WET,DARK LIGHTS ON,NO CONTROLS,NONE DETECTED,NONE DETECTED,16B38941-521E-4C4F-BFE6-7692DC21229B,PEDESTRIAN,Cross/Enter at Intersection,N/A,AT INTERSECTION MARKED CROSSWALK,,SUSPECTED MINOR INJURY,NONE,38.99529667,-77.03877833,"(38.99529667, -77.03877833)"
MCP2971001G,16029634,Montgomery County Police,Injury Crash,06/12/2016 05:50:00 PM,,,,"PARKING LOT CUT THROUGH OUTSIDE OF 11558 LOCKWOOD DRIVE, SILVER SPRING, MD 20904.",,PEDESTRIAN,OTHER,CLEAR,,DAYLIGHT,NO CONTROLS,"ALCOHOL PRESENT, NONE DETECTED",NONE DETECTED,E9A3ED80-C52B-41F7-8309-AB3ACC68F95A,PEDESTRIAN,Other,NO IMPROPER ACTIONS,SIDEWALK,No,SUSPECTED SERIOUS INJURY,NONE,39.04321117,-76.98358297,"(39.04321117, -76.98358297)"
HA2287000J,21001286,Maryland-National Capital,Injury Crash,07/10/2021 01:18:00 PM,,,,PARKING LOT,,OTHER,OTHER,CLEAR,,DAYLIGHT,N/A,NONE DETECTED,N/A,34595804-97B2-4465-8210-AE732B261433,OTHER,Push/Work on Vehicle,OTHER,OTHER,Yes,SUSPECTED MINOR INJURY,N/A,39.153961,-77.31172083,"(39.153961, -77.31172083)"
MCP32110015,200016662,Montgomery County Police,Injury Crash,04/21/2020 12:46:00 PM,County,DORSET AVE,RIVER RD,,N/A,PEDESTRIAN,N/A,CLOUDY,DRY,DAYLIGHT,STOP SIGN,NONE DETECTED,N/A,93CF851F-A8B4-4E01-90A0-DF3C8250C0D0,PEDESTRIAN,Cross/Enter at Intersection,IN ROADWAY IMPROPERLY,SHOULDER,No,POSSIBLE INJURY,N/A,38.96912792,-77.11006581,"(38.96912792, -77.11006581)"
MCP24960033,210044781,Montgomery County Police,Injury Crash,11/05/2021 08:48:00 AM,County,PEACH LEAF DR,QUINCE MILL DR,,N/A,PEDESTRIAN,SINGLE VEHICLE,CLEAR,DRY,DAYLIGHT,NO CONTROLS,NONE DETECTED,NONE DETECTED,9241E9AE-B75D-4926-8B6A-A2BEF00E4CB9,PEDESTRIAN,Walking/Riding w/Traffic,NO IMPROPER ACTIONS,SIDEWALK,No,POSSIBLE INJURY,NONE,39.109153,-77.250823,"(39.109153, -77.250823)"
MCP2298005P,15036380,MONTGOMERY,Injury Crash,07/23/2015 06:45:00 PM,,,,"GAINT  PARKING LOT
13060 MIDDLEBROOK RD
GERMANTOWN
MD 20874",,PEDESTRIAN,OTHER,N/A,,DAYLIGHT,N/A,MEDICATION PRESENT,NONE DETECTED,0C0AE430-FC0B-4AC0-B975-7CBA73FEE8CF,PEDESTRIAN,Walking/Riding w/Traffic,NO IMPROPER ACTIONS,OTHER,No,SUSPECTED MINOR INJURY,N/A,39.18155782,-77.27135181,"(39.18155782, -77.27135181)"
DD56140020,17005546,Rockville Police Departme,Injury Crash,02/01/2017 07:44:00 AM,Municipality,HURLEY AVE,WATTS BRANCH PKWY,,ROCKVILLE,PEDESTRIAN,STRAIGHT MOVEMENT ANGLE,CLEAR,DRY,DAWN,NO CONTROLS,NONE DETECTED,NONE DETECTED,25F72564-CBDC-4369-9C7E-593B8A351E10,PEDESTRIAN,Cross/Enter at Intersection,NO IMPROPER ACTIONS,MIDBLOCK MARKED CROSSWALK,No,POSSIBLE INJURY,NONE,39.08888814,-77.17847899,"(39.08888814, -77.17847899)"
MCP2710000K,15023834,MONTGOMERY,Injury Crash,05/18/2015 04:20:00 PM,Maryland (State),FREDERICK RD,DALAMAR ST,,N/A,BICYCLIST,HEAD ON LEFT TURN,N/A,DRY,DAYLIGHT,N/A,NONE DETECTED,NONE DETECTED,8356F294-E3F0-4B37-868A-D71B54B3F6BC,BICYCLIST,Cross/Enter at Intersection,NO IMPROPER ACTIONS,SIDEWALK,No,SUSPECTED MINOR INJURY,NONE,39.14748167,-77.205925,"(39.14748167, -77.205925)"
MCP2446004Y,200009410,Montgomery County Police,Injury Crash,02/25/2020 06:16:00 PM,Maryland (State),WOODFIELD RD,ROLLING FORK DR,,N/A,PEDESTRIAN,OTHER,FOGGY,WET,DARK LIGHTS ON,NO CONTROLS,NONE DETECTED,NONE DETECTED,C577C33A-F811-4249-9F55-CD17805278A5,PEDESTRIAN,Cross/Enter at Intersection,NOT VISIBLE,ON ROADWAY NOT AT CROSSWALK,Yes,POSSIBLE INJURY,NONE,39.25043585,-77.19462441,"(39.25043585, -77.19462441)"
MCP3263003C,230024371,Montgomery County Police,Injury Crash,05/21/2023 03:55:00 PM,Maryland (State),WILSON LA,EXETER RD,,N/A,PEDESTRIAN,OTHER,CLEAR,DRY,DAYLIGHT,STOP SIGN,NONE DETECTED,NONE DETECTED,96CE69F3-C5B3-4F93-B19D-6D3F436F9DA9,PEDESTRIAN,Cross/Enter at Intersection,NO IMPROPER ACTIONS,SIDEWALK,No,SUSPECTED MINOR INJURY,NONE,38.98706833,-77.10328333,"(38.98706833, -77.10328333)"
MCP2965003K,180060606,Montgomery County Police,Injury Crash,12/04/2018 12:36:00 PM,County,HEURICH RD,RANDOLPH RD,,N/A,BICYCLIST,OTHER,CLOUDY,DRY,DAYLIGHT,STOP SIGN,NONE DETECTED,NONE DETECTED,6B352B03-824C-4945-B667-51D181E602CB,BICYCLIST,Cross/Enter at Intersection,NO IMPROPER ACTIONS,ON ROADWAY AT CROSSWALK,No,POSSIBLE INJURY,MC/BIKE HELMET,39.062445,-77.04177667,"(39.062445, -77.04177667)"
MCP3164004T,210033827,Montgomery County Police,Injury Crash,08/30/2021 09:45:00 AM,,,,PARKING LOT OF 3000 MCCOMAS,,PEDESTRIAN,SINGLE VEHICLE,N/A,,DAYLIGHT,NO CONTROLS,NONE DETECTED,N/A,8C679DA5-6251-409D-8BAB-0A92598F0172,PEDESTRIAN,Other,FAILURE TO YIELD RIGHT OF WAY,ON ROADWAY NOT AT CROSSWALK,Yes,POSSIBLE INJURY,NONE,39.03224644,-77.06181157,"(39.03224644, -77.06181157)"
MCP209400CY,180063133,Montgomery County Police,Injury Crash,12/18/2018 10:43:00 AM,County,WOODMONT AVE,CORDELL AVE,,N/A,PEDESTRIAN,OTHER,CLEAR,WET,DAYLIGHT,NO CONTROLS,NONE DETECTED,NONE DETECTED,C9A46963-A192-46C1-A99D-D7CA391736DE,PEDESTRIAN,Cross/Enter not at Intersection,IN ROADWAY IMPROPERLY,ON ROADWAY NOT AT CROSSWALK,Yes,SUSPECTED MINOR INJURY,N/A,38.99025,-77.0967,"(38.99025, -77.0967)"
MCP3137000B,180042854,Montgomery County Police,Injury Crash,08/28/2018 03:28:00 PM,County,BALLARD ST,WOODLAND DR,,N/A,MACHINE OPERATOR/RIDER,HEAD ON LEFT TURN,CLEAR,DRY,DAYLIGHT,STOP SIGN,NONE DETECTED,NONE DETECTED,00FC3A38-1C56-454D-A9E3-7B7DA58916CE,MACHINE OPERATOR/RIDER,Walking/Riding w/Traffic,NO IMPROPER ACTIONS,ON ROADWAY NOT AT CROSSWALK,No,POSSIBLE INJURY,MC/BIKE HELMET,39.00139802,-77.0324746,"(39.00139802, -77.0324746)"
MCP291400D7,220058048,Montgomery County Police,Injury Crash,12/31/2022 05:31:00 PM,Maryland (State),NEW HAMPSHIRE AVE,LOCKWOOD DR,,N/A,PEDESTRIAN,OTHER,RAINING,WET,DARK LIGHTS ON,TRAFFIC SIGNAL,N/A,N/A,3CDC342A-28CB-47A3-B3DB-99189FC52400,PEDESTRIAN,Standing,NO IMPROPER ACTIONS,AT INTERSECTION MARKED CROSSWALK,No,SUSPECTED SERIOUS INJURY,N/A,39.03990738,-76.99052167,"(39.03990738, -76.99052167)"
MCP0036008Q,180056136,Montgomery County Police,Injury Crash,11/08/2018 05:02:00 PM,,,,PARKING LOT IN FRONT OF 13007 WISTERIA DR,,PEDESTRIAN,SINGLE VEHICLE,CLEAR,,DARK LIGHTS ON,NO CONTROLS,NONE DETECTED,NONE DETECTED,0C07A55B-04CF-4C7F-BF1F-EBA4B3598BA3,PEDESTRIAN,Other,NO IMPROPER ACTIONS,OTHER,No,SUSPECTED MINOR INJURY,NONE,39.17850333,-77.27039333,"(39.17850333, -77.27039333)"
MCP9321001T,170543825,Montgomery County Police,Injury Crash,11/21/2017 07:30:00 AM,Maryland (State),GEORGIA AVE,SHOREFIELD RD,,N/A,PEDESTRIAN,OTHER,CLEAR,DRY,DAYLIGHT,TRAFFIC SIGNAL,UNKNOWN,NONE DETECTED,494D583B-85EB-43D5-87B2-1A933B93289B,PEDESTRIAN,Cross/Enter at Intersection,NO IMPROPER ACTIONS,ON ROADWAY AT CROSSWALK,No,SUSPECTED MINOR INJURY,NONE,39.053038,-77.051014,"(39.053038, -77.051014)"
MCP2725000R,15017405,Montgomery County Police,Injury Crash,04/14/2015 10:24:00 PM,Maryland (State),GEORGIA AVE,CONNECTICUT AVE,,N/A,PEDESTRIAN,SINGLE VEHICLE,RAINING,WET,DARK LIGHTS ON,TRAFFIC SIGNAL,NONE DETECTED,N/A,6A79250F-7477-46C6-9A87-CF9D8490FB22,PEDESTRIAN,Cross/Enter at Intersection,DART DASH,AT INTERSECTION MARKED CROSSWALK,,SUSPECTED MINOR INJURY,N/A,39.08391667,-77.07775833,"(39.08391667, -77.07775833)"
MCP2859000N,15003015,Montgomery County Police,Injury Crash,01/19/2015 01:47:00 PM,,,,"PARKING LOT IN FRONT OF 842 MUDDY BRANCH RD, GAITHERSBURG, MARYLAND, 20878",,PEDESTRIAN,OTHER,CLOUDY,,DAYLIGHT,NO CONTROLS,NONE DETECTED,NONE DETECTED,DD9A9D84-1478-4F79-9F71-0FCA962FB49D,PEDESTRIAN,Cross/Enter not at Intersection,UNKNOWN,ON ROADWAY NOT AT CROSSWALK,,SUSPECTED MINOR INJURY,NONE,39.114485,-77.21735,"(39.114485, -77.21735)"
DD5611001F,16032163,Rockville Police Departme,Injury Crash,06/25/2016 11:35:00 AM,Municipality,CHAPMAN AVE,HALPINE RD,,ROCKVILLE,PEDESTRIAN,HEAD ON LEFT TURN,CLEAR,DRY,DAYLIGHT,NO CONTROLS,NONE DETECTED,NONE DETECTED,52D95BB0-1FEA-4384-BAEE-5F5938176AEE,PEDESTRIAN,Cross/Enter at Intersection,NO IMPROPER ACTIONS,ON ROADWAY AT CROSSWALK,No,POSSIBLE INJURY,NONE,39.062616,-77.12277367,"(39.062616, -77.12277367)"
MCP3093002W,200026554,Montgomery County Police,Injury Crash,07/08/2020 06:45:00 PM,County,GRUBB RD,WASH DC LINE,,N/A,BICYCLIST,N/A,N/A,DRY,DAYLIGHT,N/A,N/A,N/A,E4942679-9114-4109-A921-5AAC69410E31,BICYCLIST,Other,IMPROPER PASSING,N/A,Unknown,POSSIBLE INJURY,MC/BIKE HELMET,38.99148833,-77.04744833,"(38.99148833, -77.04744833)"
MCP2456005D,210010499,Montgomery County Police,Injury Crash,03/20/2021 12:30:00 PM,Maryland (State),NEW HAMPSHIRE AVE,RAMP 2 FR IS 495 WB TO MD 650 NB,,N/A,PEDESTRIAN,STRAIGHT MOVEMENT ANGLE,CLEAR,DRY,DAYLIGHT,TRAFFIC SIGNAL,UNKNOWN,NONE DETECTED,7BE80BB6-82BA-4929-AC56-81F5DB56844E,PEDESTRIAN,Cross/Enter at Intersection,UNKNOWN,ON ROADWAY AT CROSSWALK,Unknown,POSSIBLE INJURY,N/A,39.02089833,-76.97657,"(39.02089833, -76.97657)"
MCP29820013,16043929,Montgomery County Police,Injury Crash,08/29/2016 08:02:00 AM,Maryland (State),COLESVILLE RD,16TH ST,,N/A,PEDESTRIAN,OTHER,CLEAR,DRY,DAYLIGHT,NO CONTROLS,NONE DETECTED,NONE DETECTED,626D1FE4-0578-4333-B39F-30DC51A9B6F6,PEDESTRIAN,Cross/Enter at Intersection,NO IMPROPER ACTIONS,ON ROADWAY AT CROSSWALK,No,POSSIBLE INJURY,N/A,38.99267667,-77.03617833,"(38.99267667, -77.03617833)"
MCP209400JQ,220016790,Montgomery County Police,Injury Crash,04/12/2022 02:21:00 PM,Maryland (State),OLD GEORGETOWN RD,RYLAND DR,,N/A,PEDESTRIAN,OTHER,CLEAR,DRY,DAYLIGHT,TRAFFIC SIGNAL,ALCOHOL PRESENT,NONE DETECTED,FC83E7C3-2B63-4DC0-8D3D-8CB33DD4C5A9,PEDESTRIAN,Cross/Enter at Intersection,IN ROADWAY IMPROPERLY,ON ROADWAY NOT AT CROSSWALK,Yes,POSSIBLE INJURY,N/A,39.01301217,-77.11733431,"(39.01301217, -77.11733431)"
MCP3069002M,200042986,Montgomery County Police,Property Damage Crash,10/31/2020 05:10:00 PM,Municipality,PERRY AVE,CONNECTICUT AVE,,N/A,PEDESTRIAN,OTHER,CLEAR,DRY,DAYLIGHT,NO CONTROLS,UNKNOWN,NONE DETECTED,F1575C29-187A-4645-A740-0ADA5B4596A3,PEDESTRIAN,Cross/Enter not at Intersection,IN ROADWAY IMPROPERLY,ON ROADWAY NOT AT CROSSWALK,Yes,NO APPARENT INJURY,NONE,39.03287421,-77.07435807,"(39.03287421, -77.07435807)"
MCP20160048,190026280,Montgomery County Police,Injury Crash,06/02/2019 12:19:00 PM,Maryland (State),ROCKVILLE PIKE,ROLLINS AVE,,ROCKVILLE,PEDESTRIAN,SINGLE VEHICLE,CLOUDY,DRY,DAYLIGHT,N/A,NONE DETECTED,N/A,48E25DB8-96FA-4A4B-B209-E1BF0FCAB8F9,PEDESTRIAN,Walking/Cycling on Sidewalk,NO IMPROPER ACTIONS,SIDEWALK,No,SUSPECTED MINOR INJURY,NONE,38.953,-77.338,"(38.953, -77.338)"
MCP2995006C,200018779,Montgomery County Police,Injury Crash,05/08/2020 05:26:00 PM,County,BEL PRE RD,BEL PRE CT,,N/A,PEDESTRIAN,OTHER,RAINING,WET,DAYLIGHT,NO CONTROLS,NONE DETECTED,NONE DETECTED,364040F6-BB94-47D1-A960-F6B82C910F80,PEDESTRIAN,Cross/Enter not at Intersection,IN ROADWAY IMPROPERLY,ON ROADWAY NOT AT CROSSWALK,Yes,POSSIBLE INJURY,NONE,39.09438,-77.08992,"(39.09438, -77.08992)"
MCP2777003Q,170535372,Montgomery County Police,Injury Crash,10/07/2017 07:14:00 PM,County,HAMPDEN LA,WOODMONT AVE,,N/A,PEDESTRIAN,SINGLE VEHICLE,CLEAR,DRY,DARK LIGHTS ON,TRAFFIC SIGNAL,NONE DETECTED,ALCOHOL PRESENT,2C54ED8A-D6B9-4F2C-A33F-6D9D80ACEA34,PEDESTRIAN,Cross/Enter at Intersection,NO IMPROPER ACTIONS,AT INTERSECTION MARKED CROSSWALK,No,POSSIBLE INJURY,NONE,38.98249667,-77.096145,"(38.98249667, -77.096145)"
MCP2436001H,16020303,Montgomery County Police,Injury Crash,04/25/2016 09:29:00 AM,,,,PARKING LOT OF 2131 INDUSTRIAL PARKWAY (WHITE OAK MVA),,PEDESTRIAN,OTHER,CLEAR,,DAYLIGHT,NO CONTROLS,NONE DETECTED,NONE DETECTED,D3B56208-FE51-458E-BA82-140DCD94037B,PEDESTRIAN,Standing,OTHER,OTHER,Unknown,POSSIBLE INJURY,NONE,39.055835,-76.970855,"(39.055835, -76.970855)"
MCP3348000L,230029273,Montgomery County Police,Injury Crash,06/18/2023 12:14:00 PM,County,FAIRLAND RD,TAMARACK RD,,N/A,BICYCLIST,SAME DIR REAR END,CLEAR,DRY,DAYLIGHT,TRAFFIC SIGNAL,NONE DETECTED,NONE DETECTED,4DA6CA15-BD11-4412-AB18-69624EC9B328,BICYCLIST,Walking/Riding w/Traffic,N/A,OTHER,No,SUSPECTED SERIOUS INJURY,MC/BIKE HELMET,39.07803067,-76.9789665,"(39.07803067, -76.9789665)"
MCP26760013,15013372,Montgomery County Police,Injury Crash,03/23/2015 03:15:00 PM,,,,Parking Lot of 2201 Randolph Road (Shoppers),,PEDESTRIAN,OTHER,CLEAR,,DAYLIGHT,NO CONTROLS,UNKNOWN,N/A,28FF30DF-EE84-4DE7-8A39-E2448AAE4F49,PEDESTRIAN,Other,OTHER,OTHER,,SUSPECTED MINOR INJURY,NONE,39.05948167,-77.04765333,"(39.05948167, -77.04765333)"
MCP2069000S,230012265,Montgomery County Police,Injury Crash,03/13/2023 02:50:00 PM,Maryland (State),WOODFIELD RD,MAIN ST,,N/A,PEDESTRIAN,SINGLE VEHICLE,CLOUDY,DRY,DAYLIGHT,TRAFFIC SIGNAL,NONE DETECTED,NONE DETECTED,80AE7489-BB7C-4BC4-B5A8-87F324AA3D3E,PEDESTRIAN,Other Working,NO IMPROPER ACTIONS,ON ROADWAY AT CROSSWALK,No,SUSPECTED MINOR INJURY,N/A,39.28815667,-77.20185167,"(39.28815667, -77.20185167)"