Report Number,Local Case Number,Agency Name,ACRS Report Type,Crash Date/Time,Route Type,Road Name,Cross-Street Name,Off-Road Description,Municipality,Related Non-Motorist,Collision Type,Weather,Surface Condition,Light,Traffic Control,Driver Substance Abuse,Non-Motorist Substance Abuse,Person ID,Pedestrian Type,Pedestrian Movement,Pedestrian Actions,Pedestrian Location,At Fault,Injury Severity,Safety Equipment,Latitude,Longitude,Location
MCP29650023,170514547,Montgomery County Police,Injury Crash,06/19/2017 02:24:00 PM,County,MORNINGWOOD DR,MORNINGWOOD CT,,N/A,OTHER,SAME DIRECTION SIDESWIPE,CLEAR,DRY,DAYLIGHT,NO CONTROLS,NONE DETECTED,NONE DETECTED,A4A4D679-60F4-4CBF-8AFF-426C6C31CF4B,OTHER,Other,NO IMPROPER ACTIONS,CURB,No,POSSIBLE INJURY,NONE,39.15071167,-77.08828333,"(39.15071167, -77.08828333)"
DD5583006V,210052325,Rockville Police Departme,Injury Crash,12/23/2021 12:11:00 PM,Maryland (State),HUNGERFORD DR,BEALL AVE #2,,ROCKVILLE,PEDESTRIAN,SINGLE VEHICLE,CLEAR,DRY,DAYLIGHT,NO CONTROLS,NONE DETECTED,NONE DETECTED,0A2D88EA-6A84-4738-A6C0-2C2C3F19B947,PEDESTRIAN,Walking/Cycling on Sidewalk,NO IMPROPER ACTIONS,DRIVEWAY ACCESS MARKED CROSSWALK,No,SUSPECTED MINOR INJURY,N/A,39.08715583,-77.150315,"(39.08715583, -77.150315)"
DD561500CL,220023561,Rockville Police Departme,Injury Crash,06/02/2022 09:00:00 AM,,,,"PARKING LOT OF 250 RICHARD MONTGOMERY DR ROCKVILLE, MARYLAND",,PEDESTRIAN,SINGLE VEHICLE,CLEAR,,DAYLIGHT,NO CONTROLS,NONE DETECTED,NONE DETECTED,EE03D31E-0D42-4803-947A-C10BA609BC3E,PEDESTRIAN,Walking to/from school,DART DASH,OTHER,No,NO APPARENT INJURY,NONE,39.07936509,-77.14508319,"(39.07936509, -77.14508319)"
DD5642001G,200025124,Rockville Police Departme,Injury Crash,06/28/2020 08:34:00 AM,Municipality,KERSEY LA,FALLS RD,,N/A,PEDESTRIAN,STRAIGHT MOVEMENT ANGLE,CLEAR,DRY,DAYLIGHT,TRAFFIC SIGNAL,NONE DETECTED,NONE DETECTED,454A2BD4-D3CE-4F17-B5DA-B55260E54969,PEDESTRIAN,Cross/Enter at Intersection,NO IMPROPER ACTIONS,ON ROADWAY AT CROSSWALK,No,POSSIBLE INJURY,N/A,39.06644027,-77.17418554,"(39.06644027, -77.17418554)"
MCP2641003N,230067487,Montgomery County Police,Injury Crash,11/20/2023 06:05:00 PM,County,MONTGOMERY VILLAGE AVE,LAKE SHORE DR,,N/A,PEDESTRIAN,OTHER,CLEAR,DRY,DARK LIGHTS ON,TRAFFIC SIGNAL,NONE DETECTED,NONE DETECTED,738B23EC-1063-42E7-9ABF-65C70F373FAE,PEDESTRIAN,Walking/Riding w/Traffic,NO IMPROPER ACTIONS,ON ROADWAY AT CROSSWALK,No,POSSIBLE INJURY,N/A,39.16146833,-77.201725,"(39.16146833, -77.201725)"
MCP3035000Y,17015128,Montgomery County Police,Injury Crash,03/24/2017 06:10:00 PM,County,SHADY SPRING DR,COTTONWOOD TERR,,N/A,PEDESTRIAN,SINGLE VEHICLE,CLEAR,DRY,DAYLIGHT,NO CONTROLS,NONE DETECTED,NONE DETECTED,7D5E30ED-314B-4B84-B2EB-E917A16E261B,PEDESTRIAN,Playing,DART DASH,SHOULDER,Yes,SUSPECTED MINOR INJURY,N/A,39.14840167,-77.16655833,"(39.14840167, -77.16655833)"
MCP20720074,230055914,Montgomery County Police,Injury Crash,09/20/2023 12:18:00 PM,,,,"19700 FREDERICK  ROAD GERMANTOWN 
(7-ELEVEN PARKING LOT)",,PEDESTRIAN,OTHER,CLEAR,,DAYLIGHT,NO CONTROLS,ALCOHOL PRESENT,NONE DETECTED,70AAC84E-63A2-41DC-BC92-92CD14A4EB63,PEDESTRIAN,Standing,NO IMPROPER ACTIONS,CURB,No,SUSPECTED SERIOUS INJURY,N/A,39.17879833,-77.23895667,"(39.17879833, -77.23895667)"
MCP2617008T,200043733,Montgomery County Police,Injury Crash,11/05/2020 07:00:00 PM,Maryland (State),GEORGIA AVE,WENDY LA,,N/A,PEDESTRIAN,OTHER,CLEAR,DRY,DARK -- UNKNOWN LIGHTING,NO CONTROLS,NONE DETECTED,UNKNOWN,5246A647-30FB-4AF5-A170-7EB1B26CE1D2,PEDESTRIAN,Cross/Enter at Intersection,DART DASH,ON ROADWAY NOT AT CROSSWALK,Yes,SUSPECTED SERIOUS INJURY,NONE,39.07968883,-77.07368017,"(39.07968883, -77.07368017)"
MCP3121003R,200044081,Montgomery County Police,Injury Crash,11/08/2020 04:15:00 PM,,,,PARKING LOT IFO 18325 LOST KNIFE CIR.,,PEDESTRIAN,STRAIGHT MOVEMENT ANGLE,CLEAR,,DAYLIGHT,NO CONTROLS,NONE DETECTED,NONE DETECTED,5132DC20-D17D-4189-8416-3B2AB853B49E,PEDESTRIAN,Other Working,NO IMPROPER ACTIONS,OTHER,No,POSSIBLE INJURY,N/A,39.15826071,-77.20168765,"(39.15826071, -77.20168765)"
MCP209400HY,210048390,Montgomery County Police,Injury Crash,11/29/2021 10:04:00 AM,County,MANNING DR,FAIRFAX RD,,N/A,PEDESTRIAN,OTHER,CLEAR,DRY,DAYLIGHT,NO CONTROLS,NONE DETECTED,NONE DETECTED,66028F66-64E2-4F8E-A824-5A0BDB31CE19,PEDESTRIAN,Other Working,INATTENTIVE,ON ROADWAY NOT AT CROSSWALK,Yes,SUSPECTED SERIOUS INJURY,NONE,38.97854167,-77.10245667,"(38.97854167, -77.10245667)"
MCP21620037,180035845,Montgomery County Police,Injury Crash,07/19/2018 07:46:00 PM,County,BEACON HOLLOW LA,BONSAL LA,,N/A,BICYCLIST,HEAD ON LEFT TURN,CLEAR,DRY,DAWN,NO CONTROLS,N/A,N/A,85BF5DCF-88BB-4A38-B5E4-B0DEBC6AE8D6,BICYCLIST,Walking/Riding w/Traffic,NO IMPROPER ACTIONS,ON ROADWAY NOT AT CROSSWALK,No,SUSPECTED MINOR INJURY,MC/BIKE HELMET,39.082585,-77.06100667,"(39.082585, -77.06100667)"
EJ78650053,190060645,Gaithersburg Police Depar,Injury Crash,12/16/2019 06:45:00 PM,,,,PL OF 307 COPLEY PLACE,,PEDESTRIAN,SINGLE VEHICLE,RAINING,,DARK LIGHTS ON,NO CONTROLS,NONE DETECTED,NONE DETECTED,C54E13D0-55C6-4408-99F4-5785BDBCB592,PEDESTRIAN,Cross/Enter at Intersection,NO IMPROPER ACTIONS,AT INTERSECTION MARKED CROSSWALK,No,SUSPECTED MINOR INJURY,N/A,39.11551,-77.208105,"(39.11551, -77.208105)"
MCP3020002Y,180060374,Montgomery County Police,Injury Crash,12/03/2018 10:30:00 AM,,,,REAR PARKING LOT OF 3305 N LEISURE WORLD BLVD,,PEDESTRIAN,SINGLE VEHICLE,CLEAR,,DAYLIGHT,NO CONTROLS,NONE DETECTED,NONE DETECTED,C2C0530A-795B-4D30-B6CE-C48875D5AC1E,PEDESTRIAN,Other,NO IMPROPER ACTIONS,OTHER,No,POSSIBLE INJURY,N/A,39.10924304,-77.06466036,"(39.10924304, -77.06466036)"
MCP2923003Z,180008625,Montgomery County Police,Injury Crash,02/19/2018 02:18:00 PM,County,RANDOLPH RD,GEORGIA AVE,,N/A,PEDESTRIAN,OTHER,RAINING,WET,DAYLIGHT,TRAFFIC SIGNAL,NONE DETECTED,N/A,184E3239-24E8-4164-B59D-D2D62124049C,PEDESTRIAN,Cross/Enter at Intersection,FAILURE TO OBEY TRAFFIC SIGNS SIGNALS OR OFFICER,AT INTERSECTION MARKED CROSSWALK,Yes,SUSPECTED MINOR INJURY,N/A,39.05820167,-77.04986667,"(39.05820167, -77.04986667)"
MCP33530024,230073214,Montgomery County Police,Injury Crash,12/22/2023 07:17:00 PM,Maryland (State),GEORGIA AVE,WENDY LA,,N/A,PEDESTRIAN,STRAIGHT MOVEMENT ANGLE,CLEAR,DRY,DARK LIGHTS ON,N/A,UNKNOWN,NONE DETECTED,AC453B81-571B-4478-9E8E-10C669CCAFCB,PEDESTRIAN,Cross/Enter not at Intersection,FAILURE TO YIELD RIGHT OF WAY,ON ROADWAY NOT AT CROSSWALK,Yes,POSSIBLE INJURY,NONE,39.07969254,-77.07385365,"(39.07969254, -77.07385365)"
EJ7826003M,180051046,Gaithersburg Police Depar,Injury Crash,10/12/2018 10:00:00 AM,Municipality,TWIN LAKES DR,QUINCE ORCHARD RD,,N/A,PEDESTRIAN,OTHER,CLOUDY,DRY,DAYLIGHT,TRAFFIC SIGNAL,N/A,N/A,F0E0C0A0-E094-4A12-9654-EE5AE6F3CE29,PEDESTRIAN,Cross/Enter at Intersection,NO IMPROPER ACTIONS,ON ROADWAY AT CROSSWALK,No,SUSPECTED SERIOUS INJURY,NONE,39.12894833,-77.23054167,"(39.12894833, -77.23054167)"
DD5614000J,16017902,Rockville Police Departme,Injury Crash,04/12/2016 03:40:00 PM,Maryland (State),ROCKVILLE PIKE,WOOTTON PKWY,,ROCKVILLE,BICYCLIST,STRAIGHT MOVEMENT ANGLE,CLEAR,DRY,DAYLIGHT,NO CONTROLS,NONE DETECTED,NONE DETECTED,5501E3B2-8913-4C41-A5CA-B40C49BA344C,BICYCLIST,Walking/Cycling on Sidewalk,NO IMPROPER ACTIONS,SIDEWALK,No,SUSPECTED MINOR INJURY,MC/BIKE HELMET,39.07647,-77.13926,"(39.07647, -77.13926)"
MCP3255004V,230033617,Montgomery County Police,Injury Crash,07/14/2023 05:32:00 PM,Municipality,WASHINGTONIAN BLVD,ENT. TO WASHINGTONIAN CENTER,,N/A,PEDESTRIAN,SINGLE VEHICLE,RAINING,WET,DAYLIGHT,STOP SIGN,N/A,N/A,FAE81B70-1CAA-4CA2-9031-5C3F1CD55B57,PEDESTRIAN,Cross/Enter at Intersection,NO IMPROPER ACTIONS,ON ROADWAY AT CROSSWALK,No,SUSPECTED MINOR INJURY,N/A,39.11871562,-77.20252175,"(39.11871562, -77.20252175)"
DD5637000V,190061547,Rockville Police Departme,Property Damage Crash,12/21/2019 05:55:00 PM,Municipality,FIRST ST,LINCOLN ST,,ROCKVILLE,BICYCLIST,OTHER,CLEAR,DRY,DARK LIGHTS ON,STOP SIGN,NONE DETECTED,NONE DETECTED,DEA5191A-6778-42E9-9D8D-8BA06C355C98,BICYCLIST,Cross/Enter at Intersection,UNKNOWN,ON ROADWAY AT CROSSWALK,Unknown,NO APPARENT INJURY,MC/BIKE HELMET,39.09017783,-77.13585517,"(39.09017783, -77.13585517)"
DD5633006H,220001938,Rockville Police Departme,Injury Crash,01/16/2022 11:25:00 AM,Maryland (State),VEIRS MILL RD,ATLANTIC AVE,,ROCKVILLE,PEDESTRIAN,OTHER,CLEAR,DRY,DAYLIGHT,TRAFFIC SIGNAL,UNKNOWN,ALCOHOL PRESENT,3011C2D6-0CED-447E-9499-BA704B26346A,PEDESTRIAN,Cross/Enter at Intersection,DART DASH,ON ROADWAY AT CROSSWALK,Yes,POSSIBLE INJURY,N/A,39.07496232,-77.11570394,"(39.07496232, -77.11570394)"
MCP3109005M,210026745,Montgomery County Police,Property Damage Crash,07/12/2021 06:50:00 AM,County,SLIGO AVE,GEORGIA AVE,,N/A,BICYCLIST,STRAIGHT MOVEMENT ANGLE,CLEAR,DRY,DAYLIGHT,TRAFFIC SIGNAL,NONE DETECTED,N/A,924928E9-CD20-440F-B1C1-34DF4281138B,BICYCLIST,Cross/Enter at Intersection,IN ROADWAY IMPROPERLY,ON ROADWAY AT CROSSWALK,Yes,NO APPARENT INJURY,NONE,38.99033733,-77.026691,"(38.99033733, -77.026691)"
MCP9113005M,200001058,Montgomery County Police,Injury Crash,01/06/2020 06:16:00 AM,Maryland (State),GEORGIA AVE,WENDY LA,,N/A,PEDESTRIAN,OTHER,CLEAR,DRY,DARK LIGHTS ON,NO CONTROLS,UNKNOWN,UNKNOWN,6059AA96-BFE0-41C3-BD17-D0A14035FBBC,PEDESTRIAN,Cross/Enter not at Intersection,OTHER,ON ROADWAY NOT AT CROSSWALK,Unknown,POSSIBLE INJURY,UNKNOWN,39.07948667,-77.07404333,"(39.07948667, -77.07404333)"
MCP2134002G,190061955,Montgomery County Police,Injury Crash,12/24/2019 02:50:00 PM,,,,PARKING LOT OF 13490 NEW HAMPSHIRE AVE,,PEDESTRIAN,OTHER,CLEAR,,DAYLIGHT,N/A,N/A,N/A,51AE4719-D296-4EE4-9FBB-AD5C9F02AAD6,PEDESTRIAN,Cross/Enter at Intersection,NO IMPROPER ACTIONS,ON ROADWAY AT CROSSWALK,No,POSSIBLE INJURY,N/A,39.07680433,-77.00352593,"(39.07680433, -77.00352593)"
MCP2231007D,230028569,Montgomery County Police,Injury Crash,06/14/2023 08:41:00 AM,,,,PARKING LOT OF 800 N FREDERICK AVE,,BICYCLIST,SINGLE VEHICLE,RAINING,,DAYLIGHT,STOP SIGN,NONE DETECTED,NONE DETECTED,FCE4F501-D3FD-41BA-B9ED-1079F969FE9C,BICYCLIST,Cross/Enter at Intersection,FAILURE TO YIELD RIGHT OF WAY,ON ROADWAY NOT AT CROSSWALK,Yes,SUSPECTED MINOR INJURY,NONE,39.15624833,-77.21799833,"(39.15624833, -77.21799833)"
MCP2546000R,15007033,Montgomery County Police,Injury Crash,02/11/2015 10:07:00 PM,Maryland (State),GEORGIA AVE,CHESTERWOOD DR,,N/A,BICYCLIST,SINGLE VEHICLE,CLEAR,DRY,DARK LIGHTS ON,NO CONTROLS,NONE DETECTED,NONE DETECTED,D088127C-CE1B-405A-9606-5B860C623865,BICYCLIST,Walking/Riding w/Traffic,NO IMPROPER ACTIONS,ON ROADWAY NOT AT CROSSWALK,,SUSPECTED SERIOUS INJURY,MC/BIKE HELMET,39.089775,-77.07976,"(39.089775, -77.07976)"
MCP3145000R,180060674,Montgomery County Police,Injury Crash,12/04/2018 05:15:00 PM,,,,"H-MART PARKING LOT.  12015 GEORGIA AVE WHEATON, MD",,PEDESTRIAN,SINGLE VEHICLE,CLEAR,,DUSK,NO CONTROLS,N/A,N/A,A3A9BCB4-65AA-47C0-8F43-CE97B2B8A400,PEDESTRIAN,Cross/Enter at Intersection,NO IMPROPER ACTIONS,AT INTERSECTION MARKED CROSSWALK,No,POSSIBLE INJURY,NONE,39.0521579,-77.04933537,"(39.0521579, -77.04933537)"
MCP3139000X,180062701,Montgomery County Police,Injury Crash,12/15/2018 05:25:00 PM,County,LOCKWOOD DR,OAK LEAF DR,,N/A,PEDESTRIAN,OTHER,RAINING,WET,DARK NO LIGHTS,N/A,N/A,N/A,30DAEC1F-6F35-4074-93BE-D7AB459DC2D3,PEDESTRIAN,Other,NOT VISIBLE,ON ROADWAY AT CROSSWALK,No,SUSPECTED MINOR INJURY,N/A,39.03799833,-76.99427167,"(39.03799833, -76.99427167)"
MCP2330003D,210053221,Montgomery County Police,Injury Crash,12/30/2021 03:38:00 PM,Maryland (State),VEIRS MILL RD,REEDIE DR,,N/A,BICYCLIST,OTHER,CLEAR,WET,DAYLIGHT,TRAFFIC SIGNAL,NONE DETECTED,NONE DETECTED,8AD4A919-F302-4077-BA22-8443176B7F0B,BICYCLIST,Cross/Enter at Intersection,FAILURE TO YIELD RIGHT OF WAY,ON ROADWAY NOT AT CROSSWALK,Yes,SUSPECTED MINOR INJURY,NONE,39.03843833,-77.05266333,"(39.03843833, -77.05266333)"
MCP2025000N,200023338,Montgomery County Police,Injury Crash,06/14/2020 12:34:00 PM,Maryland (State),ROCKVILLE PIKE,SPUR FR POOKS HILL RD,,N/A,PEDESTRIAN,SINGLE VEHICLE,CLEAR,DRY,DAYLIGHT,N/A,N/A,N/A,689920AC-F757-420F-B25A-74856B4C5D20,PEDESTRIAN,Cross/Enter not at Intersection,DART DASH,ON ROADWAY NOT AT CROSSWALK,Yes,SUSPECTED MINOR INJURY,N/A,39.01433333,-77.099645,"(39.01433333, -77.099645)"
MCP2909000R,15045972,MONTGOMERY,Injury Crash,09/11/2015 04:09:00 PM,County,WAVERLY ST,MONTGOMERY AVE,,N/A,PEDESTRIAN,SINGLE VEHICLE,CLEAR,DRY,DAYLIGHT,NO CONTROLS,NONE DETECTED,NONE DETECTED,81AAAC18-7AD7-4CD9-933B-BAAD80825627,PEDESTRIAN,Cross/Enter not at Intersection,IN ROADWAY IMPROPERLY,ON ROADWAY NOT AT CROSSWALK,Yes,SUSPECTED MINOR INJURY,NONE,38.983595,-77.09276667,"(38.983595, -77.09276667)"
MCP3276002R,230047889,Montgomery County Police,Injury Crash,08/04/2023 11:30:00 PM,Maryland (State),UNIVERSITY BLVD E,BUCKINGHAM DR,,N/A,PEDESTRIAN,OTHER,CLEAR,DRY,DARK LIGHTS ON,NO CONTROLS,UNKNOWN,UNKNOWN,860653DD-F153-440F-A2CB-C19302DD8DF2,PEDESTRIAN,Unknown,UNKNOWN,ON ROADWAY NOT AT CROSSWALK,Unknown,SUSPECTED SERIOUS INJURY,NONE,39.00661129,-76.99764611,"(39.00661129, -76.99764611)"
MCP1235003W,220009868,Montgomery County Police,Injury Crash,03/07/2022 07:06:00 PM,Maryland (State),NEW HAMPSHIRE AVE,OAKVIEW DR,,N/A,PEDESTRIAN,SINGLE VEHICLE,CLEAR,DRY,DARK LIGHTS ON,TRAFFIC SIGNAL,UNKNOWN,NONE DETECTED,73801C6B-1856-4496-8DE3-A862CEA99420,PEDESTRIAN,Cross/Enter at Intersection,NO IMPROPER ACTIONS,AT INTERSECTION MARKED CROSSWALK,No,POSSIBLE INJURY,NONE,39.01532032,-76.9781604,"(39.01532032, -76.9781604)"
MCP1378009D,16021859,Montgomery County Police,Injury Crash,05/03/2016 04:02:00 PM,County,COMPRINT CT,SHADY GROVE RD,,N/A,PEDESTRIAN,SINGLE VEHICLE,CLOUDY,DRY,DAYLIGHT,TRAFFIC SIGNAL,NONE DETECTED,NONE DETECTED,14E9E571-71A7-4BAE-AA88-E434E5E47C7B,PEDESTRIAN,Cross/Enter at Intersection,NO IMPROPER ACTIONS,ON ROADWAY AT CROSSWALK,No,NO APPARENT INJURY,N/A,39.11944333,-77.18282667,"(39.11944333, -77.18282667)"
MCP94290007,230012837,Montgomery County Police,Injury Crash,03/16/2023 03:31:00 PM,,,,BUS DEPOT,,PEDESTRIAN,SINGLE VEHICLE,CLEAR,,DAYLIGHT,OTHER,N/A,N/A,57B5030D-9625-4BDA-96DD-E1F12FC8C0BF,PEDESTRIAN,N/A,IN ROADWAY IMPROPERLY,ON ROADWAY NOT AT CROSSWALK,Yes,POSSIBLE INJURY,N/A,38.99089667,-77.02791833,"(38.99089667, -77.02791833)"
MCP2992002L,190040054,Montgomery County Police,Injury Crash,08/21/2019 06:45:00 PM,,,,3201 ROSSMOOR BLVD PARKING LOT (LEISURE WORLD),,PEDESTRIAN,OTHER,RAINING,,DAYLIGHT,NO CONTROLS,N/A,N/A,0C3313CA-3076-4002-A5A8-411753AE279F,PEDESTRIAN,Other,NOT VISIBLE,OTHER,No,SUSPECTED MINOR INJURY,N/A,39.10079333,-77.07318667,"(39.10079333, -77.07318667)"
MCP2909001B,17012671,Montgomery County Police,Injury Crash,03/10/2017 04:31:00 PM,,,,PARKING LOT 6930 ARLINGTON RD,,PEDESTRIAN,SINGLE VEHICLE,N/A,,DAYLIGHT,NO CONTROLS,NONE DETECTED,N/A,36A344A9-BC2F-461E-9B73-8A14771F0AFD,PEDESTRIAN,Other,NO IMPROPER ACTIONS,OTHER,No,SUSPECTED MINOR INJURY,N/A,38.97935327,-77.09904671,"(38.97935327, -77.09904671)"
MCP271700BM,170502817,Montgomery County Police,Property Damage Crash,04/18/2017 04:45:00 PM,,,,4707 HIGHLAND AVENUE (MONTGOMERY COUNTY PUBLIC PARKING LOT),,PEDESTRIAN,SINGLE VEHICLE,CLEAR,,DAYLIGHT,NO CONTROLS,NONE DETECTED,NONE DETECTED,1331B814-8EB3-4CDE-AED8-C3D8FE5E744F,PEDESTRIAN,Other,OTHER,OTHER,No,NO APPARENT INJURY,NONE,38.991755,-77.09430183,"(38.991755, -77.09430183)"
MCP9365001V,230030221,Montgomery County Police,Injury Crash,06/24/2023 12:39:00 PM,Maryland (State),SANDY SPRING RD,DINO DR,,N/A,BICYCLIST,SAME DIR REAR END,CLEAR,DRY,DAYLIGHT,N/A,NONE DETECTED,NONE DETECTED,330520E8-58AB-4FA9-A7C9-BBCAB80F8496,BICYCLIST,Walking/Riding w/Traffic,INATTENTIVE,OTHER,Yes,SUSPECTED SERIOUS INJURY,MC/BIKE HELMET,39.10888866,-76.92287007,"(39.10888866, -76.92287007)"
MCP3165001B,190029086,Montgomery County Police,Injury Crash,06/18/2019 11:10:00 AM,County,TECH RD,INDUSTRIAL PKWY,,N/A,PEDESTRIAN,HEAD ON LEFT TURN,CLEAR,DRY,DAYLIGHT,STOP SIGN,NONE DETECTED,NONE DETECTED,A9BDCA3F-FAFA-4799-82C1-2ACC4E875106,PEDESTRIAN,Cross/Enter at Intersection,NO IMPROPER ACTIONS,AT INTERSECTION MARKED CROSSWALK,No,POSSIBLE INJURY,NONE,39.05337167,-76.96811,"(39.05337167, -76.96811)"
MCP3109003N,190056268,Montgomery County Police,Injury Crash,11/21/2019 02:40:00 PM,County,BONIFANT ST,FENTON ST,,N/A,PEDESTRIAN,SINGLE VEHICLE,CLEAR,DRY,DAYLIGHT,NO CONTROLS,NONE DETECTED,NONE DETECTED,BB729713-C17A-4D74-83C7-18A654627A75,PEDESTRIAN,Walking/Cycling on Sidewalk,NO IMPROPER ACTIONS,SIDEWALK,No,POSSIBLE INJURY,N/A,38.9944485,-77.02392217,"(38.9944485, -77.02392217)"
MCP2545000P,190031032,Montgomery County Police,Injury Crash,06/29/2019 02:30:00 PM,Maryland (State),UNIVERSITY BLVD W,EAST AVE,,N/A,PEDESTRIAN,N/A,N/A,DRY,DAYLIGHT,TRAFFIC SIGNAL,NONE DETECTED,NONE DETECTED,49C5A1DF-0CB5-4D21-AC6A-55553E699EC4,PEDESTRIAN,Cross/Enter at Intersection,NO IMPROPER ACTIONS,AT INTERSECTION MARKED CROSSWALK,No,POSSIBLE INJURY,NONE,39.03904366,-77.05694633,"(39.03904366, -77.05694633)"
MCP271700R4,190054987,Montgomery County Police,Injury Crash,11/14/2019 06:15:00 PM,County,WOODHAVEN BLVD,POE RD,,N/A,PEDESTRIAN,OTHER,CLEAR,DRY,DARK LIGHTS ON,NO CONTROLS,UNKNOWN,NONE DETECTED,8E1B9DF4-A26F-4AA4-B10D-114B150FA416,PEDESTRIAN,Walking/Riding against Traffic,NO IMPROPER ACTIONS,SHOULDER,No,SUSPECTED MINOR INJURY,N/A,38.99310167,-77.131288,"(38.99310167, -77.131288)"
MCP3079001H,180059127,Montgomery County Police,Injury Crash,11/26/2018 04:18:00 PM,County,MIDDLEBROOK RD,CRYSTAL ROCK DR,,N/A,PEDESTRIAN,OTHER,RAINING,WET,DAYLIGHT,TRAFFIC SIGNAL,NONE DETECTED,NONE DETECTED,65CEA0DD-B4B3-4BE4-9F62-00420AFB42A0,PEDESTRIAN,Cross/Enter at Intersection,FAILURE TO YIELD RIGHT OF WAY,ON ROADWAY AT CROSSWALK,Yes,SUSPECTED MINOR INJURY,NONE,39.17686311,-77.2643746,"(39.17686311, -77.2643746)"
MCP29320012,16047891,Montgomery County Police,Injury Crash,09/18/2016 02:21:00 AM,US (State),GEORGIA AVE,RIPLEY ST,,N/A,PEDESTRIAN,OTHER,CLEAR,N/A,DARK LIGHTS ON,N/A,N/A,ALCOHOL PRESENT,D888CFD0-6F71-4A2C-A8C2-04491CAE17A4,PEDESTRIAN,Cross/Enter at Intersection,IN ROADWAY IMPROPERLY,ON ROADWAY NOT AT CROSSWALK,Yes,SUSPECTED SERIOUS INJURY,NONE,38.99259167,-77.02651333,"(38.99259167, -77.02651333)"
MCP2921000M,15038325,MONTGOMERY,Injury Crash,08/02/2015 04:07:00 PM,Maryland (State),RIDGE RD,FREDERICK RD,,N/A,PEDESTRIAN,SINGLE VEHICLE,CLEAR,N/A,DAYLIGHT,TRAFFIC SIGNAL,NONE DETECTED,NONE DETECTED,02375B9F-A402-4D63-9C6C-3882EC540EC6,PEDESTRIAN,Walking/Riding against Traffic,FAILURE TO YIELD RIGHT OF WAY,ON ROADWAY NOT AT CROSSWALK,Yes,SUSPECTED SERIOUS INJURY,N/A,39.20468667,-77.24554667,"(39.20468667, -77.24554667)"
MCP2723001H,16021617,Montgomery County Police,Injury Crash,05/03/2016 02:33:00 PM,Maryland (State),NEW HAMPSHIRE AVE,RANDOLPH RD,,N/A,PEDESTRIAN,OTHER,CLEAR,DRY,DAYLIGHT,TRAFFIC SIGNAL,N/A,N/A,D6344036-DA59-489F-94DB-B3F4C14C464E,PEDESTRIAN,Cross/Enter not at Intersection,FAILURE TO YIELD RIGHT OF WAY,ON ROADWAY NOT AT CROSSWALK,Yes,POSSIBLE INJURY,NONE,39.0758098,-77.00192928,"(39.0758098, -77.00192928)"
MCP2849003W,210018785,Montgomery County Police,Injury Crash,05/18/2021 04:27:00 PM,Maryland (State),W DIAMOND AVE,RAMP 1 FR IS 270 NB TO MD 117 WB,,N/A,BICYCLIST,OTHER,CLEAR,DRY,DAYLIGHT,TRAFFIC SIGNAL,NONE DETECTED,NONE DETECTED,D44E4612-D2DE-4879-9AE0-EFBF2185E34F,BICYCLIST,Cross/Enter at Intersection,IN ROADWAY IMPROPERLY,ON ROADWAY AT CROSSWALK,Yes,SUSPECTED MINOR INJURY,MC/BIKE HELMET,39.14051939,-77.21074523,"(39.14051939, -77.21074523)"
MCP229800QM,200003434,Montgomery County Police,Injury Crash,01/21/2020 03:22:00 PM,County,SHADY GROVE RD,FALLSGROVE BLVD,,ROCKVILLE,PEDESTRIAN,OTHER,CLEAR,DRY,DAYLIGHT,TRAFFIC SIGNAL,NONE DETECTED,NONE DETECTED,A5592435-3078-44AB-BFF2-C126B29340BE,PEDESTRIAN,Cross/Enter not at Intersection,IN ROADWAY IMPROPERLY,ON ROADWAY NOT AT CROSSWALK,Yes,SUSPECTED SERIOUS INJURY,NONE,39.09712587,-77.19440379,"(39.09712587, -77.19440379)"
MCP1148001X,170525124,Montgomery County Police,Injury Crash,08/16/2017 09:53:00 AM,County,MONTGOMERY LA,WOODMONT AVE,,N/A,PEDESTRIAN,SINGLE VEHICLE,CLEAR,DRY,DAYLIGHT,NO CONTROLS,UNKNOWN,NONE DETECTED,4D3435C5-85E7-42E0-A884-C2D38021E9E2,PEDESTRIAN,Walking/Cycling on Sidewalk,NO IMPROPER ACTIONS,SIDEWALK,No,POSSIBLE INJURY,N/A,38.983345,-77.09727,"(38.983345, -77.09727)"
HA22800004,15000228,Maryland-National Capital,Injury Crash,03/23/2015 08:25:00 AM,Municipality,DORSET AVE,LITTLE FALLS PKWY,,N/A,BICYCLIST,STRAIGHT MOVEMENT ANGLE,CLEAR,DRY,DAYLIGHT,YIELD SIGN,NONE DETECTED,NONE DETECTED,145B10AC-7F8B-4D90-9035-63CF23C7DCD3,BICYCLIST,Cross/Enter at Intersection,NO IMPROPER ACTIONS,ON ROADWAY AT CROSSWALK,,SUSPECTED MINOR INJURY,MC/BIKE HELMET,38.968515,-77.10124167,"(38.968515, -77.10124167)"
MCP3331001F,230006620,Montgomery County Police,Injury Crash,02/09/2023 12:30:00 PM,County,OLD RANDOLPH RD,KEMP MILL RD,,N/A,BICYCLIST,HEAD ON LEFT TURN,CLOUDY,DRY,DAYLIGHT,STOP SIGN,NONE DETECTED,NONE DETECTED,D2795D51-89A1-49FB-AEA5-5FB6DE38B706,BICYCLIST,Walking/Riding against Traffic,WRONG WAY RIDING OR WALKING,SHOULDER,Yes,SUSPECTED MINOR INJURY,MC/BIKE HELMET,39.0644735,-77.02918233,"(39.0644735, -77.02918233)"
MCP3089002V,190054565,Montgomery County Police,Injury Crash,11/12/2019 05:02:00 PM,US (State),COLESVILLE RD,FENTON ST,,N/A,PEDESTRIAN,SINGLE VEHICLE,CLEAR,DRY,DARK LIGHTS ON,TRAFFIC SIGNAL,N/A,N/A,495D0632-A611-4CAD-BF0B-36184F12A3F1,PEDESTRIAN,Cross/Enter at Intersection,N/A,AT INTERSECTION MARKED CROSSWALK,No,SUSPECTED MINOR INJURY,N/A,39.004695,-77.02445833,"(39.004695, -77.02445833)"
DD5606001N,15005935,Rockville Police Departme,Injury Crash,02/05/2015 06:19:00 PM,Maryland (State),HUNGERFORD DR,N CAMPUS DR,,N/A,PEDESTRIAN,SINGLE VEHICLE,N/A,N/A,DARK LIGHTS ON,TRAFFIC SIGNAL,NONE DETECTED,NONE DETECTED,064367B1-3B0A-4BBF-9D51-30BFFB226580,PEDESTRIAN,Cross/Enter at Intersection,FAILURE TO YIELD RIGHT OF WAY,ON ROADWAY AT CROSSWALK,,SUSPECTED MINOR INJURY,NONE,39.10074333,-77.15465,"(39.10074333, -77.15465)"