Report Number,Local Case Number,Agency Name,ACRS Report Type,Crash Date/Time,Route Type,Road Name,Cross-Street Name,Off-Road Description,Municipality,Related Non-Motorist,Collision Type,Weather,Surface Condition,Light,Traffic Control,Driver Substance Abuse,Non-Motorist Substance Abuse,Person ID,Pedestrian Type,Pedestrian Movement,Pedestrian Actions,Pedestrian Location,At Fault,Injury Severity,Safety Equipment,Latitude,Longitude,Location
MCP20080071,190059574,Montgomery County Police,Injury Crash,12/10/2019 08:01:00 PM,Maryland (State),OLD GEORGETOWN RD,CENTER DR,,N/A,BICYCLIST,OTHER,RAINING,WET,DARK LIGHTS ON,TRAFFIC SIGNAL,NONE DETECTED,NONE DETECTED,47C5DE33-B3BA-456A-BDF7-B98528B44211,BICYCLIST,Cross/Enter at Intersection,NO IMPROPER ACTIONS,ON ROADWAY AT CROSSWALK,No,SUSPECTED SERIOUS INJURY,NONE,39.00282667,-77.11020167,"(39.00282667, -77.11020167)"
DD5595000V,15001558,Rockville Police Departme,Property Damage Crash,01/10/2015 01:03:00 PM,,,,THE REAR OF THE PARKING LOT AT 820 BALTIMORE RD,,OTHER,SINGLE VEHICLE,CLEAR,,DAYLIGHT,N/A,NONE DETECTED,N/A,8BACDC76-CE55-4369-A71F-2AA8325ADF0F,OTHER,N/A,N/A,OTHER,,NO APPARENT INJURY,N/A,39.08497103,-77.13515997,"(39.08497103, -77.13515997)"
DD55220024,15034857,ROCKVILLE,Injury Crash,07/15/2015 09:39:00 PM,Municipality,EDMONSTON DR,VEIRS MILL SERV RD,,ROCKVILLE,BICYCLIST,STRAIGHT MOVEMENT ANGLE,CLEAR,DRY,DARK LIGHTS ON,TRAFFIC SIGNAL,ALCOHOL CONTRIBUTED,NONE DETECTED,BEB68C76-406B-4D45-A441-41F606725691,BICYCLIST,Cross/Enter at Intersection,UNKNOWN,MIDBLOCK MARKED CROSSWALK,No,SUSPECTED MINOR INJURY,NONE,39.07821833,-77.13039667,"(39.07821833, -77.13039667)"
MCP2107004B,230056045,Montgomery County Police,Injury Crash,09/21/2023 07:58:00 AM,,MD355,DOWDENS STATION WAY,,N/A,PEDESTRIAN,SINGLE VEHICLE,CLEAR,DRY,DAYLIGHT,STOP SIGN,NONE DETECTED,NONE DETECTED,35972A87-92E5-4065-9DA0-BB8F8A7115DB,PEDESTRIAN,Cross/Enter at Intersection,NO IMPROPER ACTIONS,ON ROADWAY AT CROSSWALK,No,POSSIBLE INJURY,NONE,39.23344183,-77.27232867,"(39.23344183, -77.27232867)"
MCP2717003Z,15059859,MONTGOMERY,Injury Crash,11/23/2015 12:45:00 PM,Maryland (State),EAST WEST HWY,SUNDALE DR,,N/A,PEDESTRIAN,OTHER,CLEAR,DRY,DAYLIGHT,TRAFFIC SIGNAL,NONE DETECTED,NONE DETECTED,6EFC3D70-55A5-4906-BC3F-7912DAF922F4,PEDESTRIAN,Cross/Enter at Intersection,NO IMPROPER ACTIONS,ON ROADWAY AT CROSSWALK,No,SUSPECTED MINOR INJURY,N/A,38.99438667,-77.04426667,"(38.99438667, -77.04426667)"
MCP3117001Z,190024624,Montgomery County Police,Injury Crash,05/23/2019 09:20:00 PM,Maryland (State),FREDERICK RD,SHADY GROVE RD,,N/A,PEDESTRIAN,OTHER,CLEAR,DRY,DARK LIGHTS ON,TRAFFIC SIGNAL,N/A,NONE DETECTED,BAB38DC3-F007-4D60-B1F4-63607B7440E1,PEDESTRIAN,Cross/Enter not at Intersection,FAILURE TO OBEY TRAFFIC SIGNS SIGNALS OR OFFICER,ON ROADWAY AT CROSSWALK,Yes,SUSPECTED MINOR INJURY,NONE,39.12294833,-77.17762,"(39.12294833, -77.17762)"
MCP2556001Y,180029461,Montgomery County Police,Injury Crash,06/14/2018 08:23:00 PM,Maryland (State),KEY WEST AVE,ENT TO BUSINESS,,N/A,BICYCLIST,STRAIGHT MOVEMENT ANGLE,CLEAR,DRY,DAYLIGHT,STOP SIGN,NONE DETECTED,NONE DETECTED,A71BA1EF-B9C9-471B-B470-53EE6206809A,BICYCLIST,Walking/Cycling on Sidewalk,NO IMPROPER ACTIONS,AT INTERSECTION MARKED CROSSWALK,No,POSSIBLE INJURY,NONE,39.10525667,-77.19488167,"(39.10525667, -77.19488167)"
MCP2923004F,180043454,Montgomery County Police,Injury Crash,08/31/2018 01:17:00 PM,Maryland (State),VEIRS MILL RD,GALT AVE,,N/A,PEDESTRIAN,OTHER,RAINING,WET,DAYLIGHT,NO CONTROLS,NONE DETECTED,UNKNOWN,1F050FE1-BA39-4FC4-AF2A-720229A62BEA,PEDESTRIAN,Cross/Enter not at Intersection,IN ROADWAY IMPROPERLY,ON ROADWAY NOT AT CROSSWALK,Yes,SUSPECTED SERIOUS INJURY,NONE,39.04122534,-77.05762066,"(39.04122534, -77.05762066)"
MCP24960037,220010506,Montgomery County Police,Injury Crash,03/11/2022 11:23:00 AM,Maryland (State),DARNESTOWN RD,MUDDY BRANCH RD,,N/A,BICYCLIST,SAME DIRECTION RIGHT TURN,CLEAR,DRY,DAYLIGHT,TRAFFIC SIGNAL,NONE DETECTED,NONE DETECTED,75B921E9-41CC-4E79-A2CB-1B12E8BBEB29,BICYCLIST,Walking/Riding w/Traffic,NO IMPROPER ACTIONS,SHOULDER,No,POSSIBLE INJURY,MC/BIKE HELMET,39.10272863,-77.22059213,"(39.10272863, -77.22059213)"
EJ7881001B,210031546,Gaithersburg Police Depar,Property Damage Crash,08/13/2021 09:55:00 PM,,,,132 ELLINGTON BLVD PARKING GARAGE,,PEDESTRIAN,SINGLE VEHICLE,CLEAR,,OTHER,NO CONTROLS,UNKNOWN,NONE DETECTED,2A9F2A31-1398-4DA5-9AEA-6CF170FA8081,PEDESTRIAN,Other,NO IMPROPER ACTIONS,OTHER,No,NO APPARENT INJURY,NONE,39.11479907,-77.20379432,"(39.11479907, -77.20379432)"
MCP27450028,190022858,Montgomery County Police,Injury Crash,05/15/2019 04:49:00 AM,County,WATKINS MILL RD,STEDWICK RD,,N/A,PEDESTRIAN,OTHER,CLEAR,DRY,DARK LIGHTS ON,FLASHING TRAFFIC SIGNAL,NONE DETECTED,N/A,6C6960B6-EF3B-4858-BAF1-54D4FD881133,PEDESTRIAN,Cross/Enter at Intersection,NO IMPROPER ACTIONS,ON ROADWAY AT CROSSWALK,No,POSSIBLE INJURY,N/A,39.17042,-77.20894833,"(39.17042, -77.20894833)"
DD5633006J,220004821,Rockville Police Departme,Injury Crash,02/04/2022 07:20:00 AM,County,ROTHGEB DR,ROTHGEB DR (BACK),,ROCKVILLE,PEDESTRIAN,SINGLE VEHICLE,N/A,DRY,DAYLIGHT,N/A,UNKNOWN,NONE DETECTED,B172C407-17F8-4E18-9D37-8D9A2AB8E0AA,PEDESTRIAN,Walking/Cycling on Sidewalk,NO IMPROPER ACTIONS,SIDEWALK,No,POSSIBLE INJURY,NONE,39.09748875,-77.13356118,"(39.09748875, -77.13356118)"
MCP2971000S,15052325,MONTGOMERY,Injury Crash,10/15/2015 10:23:00 AM,County,FENTON ST,COLESVILLE RD,,N/A,PEDESTRIAN,OTHER,CLEAR,DRY,DAYLIGHT,TRAFFIC SIGNAL,NONE DETECTED,NONE DETECTED,15C955AD-3201-4CC1-93F7-A5D34B7B0D8C,PEDESTRIAN,Cross/Enter at Intersection,NO IMPROPER ACTIONS,ON ROADWAY AT CROSSWALK,No,SUSPECTED MINOR INJURY,NONE,38.99747,-77.02671833,"(38.99747, -77.02671833)"
MCP2108000N,180063847,Montgomery County Police,Injury Crash,12/21/2018 04:15:00 PM,County,VICTORY LA,GAINSBOROUGH RD,,N/A,PEDESTRIAN,SINGLE VEHICLE,CLOUDY,WET,DAYLIGHT,STOP SIGN,,NONE DETECTED,CCDE8A05-8D11-4EBB-B534-86B0DF4E4750,PEDESTRIAN,Cross/Enter at Intersection,NO IMPROPER ACTIONS,ON ROADWAY AT CROSSWALK,No,SUSPECTED MINOR INJURY,NONE,39.0445,-77.17115833,"(39.0445, -77.17115833)"
MCP2450002L,190027276,Montgomery County Police,Injury Crash,06/06/2019 08:50:00 AM,,,,PARKING LOT OF 8720 CARROLL AVE,,PEDESTRIAN,OTHER,UNKNOWN,,DAYLIGHT,NO CONTROLS,N/A,N/A,3843ABC5-0954-46F8-B7E7-0A52E9532133,PEDESTRIAN,Walking to/from school,UNKNOWN,OTHER,No,POSSIBLE INJURY,N/A,38.997,-76.99190833,"(38.997, -76.99190833)"
MCP27530018,16039020,Montgomery County Police,Injury Crash,08/02/2016 09:15:00 AM,,,,"PARKING LOT OF 3876 INTERNATIONAL DRIVE, SILVER SPRING MD 20906",,OTHER,OTHER,CLEAR,,DAYLIGHT,NO CONTROLS,NONE DETECTED,NONE DETECTED,E0EDD0A5-0C05-43CB-B008-55D4469CEED6,OTHER,N/A,N/A,OTHER,No,NO APPARENT INJURY,N/A,39.103295,-77.07598,"(39.103295, -77.07598)"
MCP2686004S,210014141,Montgomery County Police,Injury Crash,04/15/2021 07:00:00 PM,Maryland (State),CLOPPER RD,LITTLE STAR DR (PROP),,N/A,BICYCLIST,STRAIGHT MOVEMENT ANGLE,CLEAR,DRY,DAYLIGHT,NO CONTROLS,NONE DETECTED,NONE DETECTED,6ED38EC8-E81A-4D20-B92B-FD000001D0F8,BICYCLIST,Walking/Cycling on Sidewalk,UNKNOWN,SIDEWALK,Unknown,SUSPECTED MINOR INJURY,MC/BIKE HELMET,39.15998316,-77.27747689,"(39.15998316, -77.27747689)"
MCP2564000V,15067154,MONTGOMERY,Injury Crash,12/31/2015 04:48:00 PM,,,,PARKING LOT OF 20044 GOSHEN RD,,PEDESTRIAN,STRAIGHT MOVEMENT ANGLE,CLEAR,,DARK LIGHTS ON,NO CONTROLS,NONE DETECTED,NONE DETECTED,84975DFB-E201-4B7B-A240-71C88E2B0DD2,PEDESTRIAN,Other,FAILURE TO YIELD RIGHT OF WAY,OTHER,Yes,SUSPECTED MINOR INJURY,NONE,39.18651008,-77.18803033,"(39.18651008, -77.18803033)"
MCP24110078,210034007,Montgomery County Police,Injury Crash,08/31/2021 12:08:00 PM,County,E JEFFERSON ST,ENT TO FEDERAL PLAZA SC,,N/A,PEDESTRIAN,SINGLE VEHICLE,CLEAR,DRY,DAYLIGHT,NO CONTROLS,NONE DETECTED,UNKNOWN,36B8D533-11DB-4758-89E6-0A855A77ABFA,PEDESTRIAN,Cross/Enter not at Intersection,DART DASH,ON ROADWAY NOT AT CROSSWALK,Yes,SUSPECTED MINOR INJURY,UNKNOWN,39.05808713,-77.12637551,"(39.05808713, -77.12637551)"
MCP27170078,16044459,Montgomery County Police,Injury Crash,08/31/2016 04:14:00 PM,County,WESTLAKE TERR,WESTLAKE DR,,N/A,PEDESTRIAN,OTHER,CLEAR,DRY,DAYLIGHT,TRAFFIC SIGNAL,NONE DETECTED,NONE DETECTED,79A27A94-4A14-45C9-9825-B744A4F24BA9,PEDESTRIAN,Cross/Enter at Intersection,NO IMPROPER ACTIONS,ON ROADWAY AT CROSSWALK,No,POSSIBLE INJURY,NONE,39.02707167,-77.14729667,"(39.02707167, -77.14729667)"
MCP2963001Q,180031057,Montgomery County Police,Injury Crash,06/24/2018 12:13:00 AM,US (State),GEORGIA AVE,SILVER SPRING AVE,,N/A,PEDESTRIAN,SINGLE VEHICLE,N/A,DRY,DARK LIGHTS ON,TRAFFIC SIGNAL,NONE DETECTED,NONE DETECTED,AE0921DB-C87B-417E-B037-F2862CBF90F1,PEDESTRIAN,Cross/Enter at Intersection,NO IMPROPER ACTIONS,ON ROADWAY AT CROSSWALK,No,NO APPARENT INJURY,NONE,38.99150833,-77.02672833,"(38.99150833, -77.02672833)"
DD5603004V,170541834,Rockville Police Departme,Injury Crash,11/09/2017 11:35:00 AM,Municipality,MT VERNON PL,BLANDFORD ST,,ROCKVILLE,PEDESTRIAN,OTHER,RAINING,WET,DAYLIGHT,NO CONTROLS,NONE DETECTED,NONE DETECTED,73ABBABA-085C-45DA-8C38-0E3515533E46,PEDESTRIAN,Standing,NO IMPROPER ACTIONS,SIDEWALK,No,SUSPECTED MINOR INJURY,NONE,38.99753833,-77.10968667,"(38.99753833, -77.10968667)"
MCP25940040,180030195,Montgomery County Police,Injury Crash,06/14/2018 08:00:00 PM,County,PEACEFUL LA,MORNINGSIDE DR,,N/A,PEDESTRIAN,N/A,CLEAR,DRY,DAYLIGHT,NO CONTROLS,UNKNOWN,NONE DETECTED,F9F33A53-7E7C-4D76-802A-60E8F21767AA,PEDESTRIAN,N/A,OTHER,OTHER,No,SUSPECTED MINOR INJURY,NONE,39.1491525,-77.06667567,"(39.1491525, -77.06667567)"
MCP2601001D,230022004,Montgomery County Police,Injury Crash,05/08/2023 03:37:00 PM,County,FENTON ST,GIST AVE,,N/A,BICYCLIST,STRAIGHT MOVEMENT ANGLE,CLEAR,DRY,DAYLIGHT,STOP SIGN,NONE DETECTED,N/A,046184FC-BAFF-4E74-9716-7053B620D854,BICYCLIST,Cross/Enter at Intersection,NO IMPROPER ACTIONS,ON ROADWAY AT CROSSWALK,No,POSSIBLE INJURY,MC/BIKE HELMET,38.98881588,-77.02395068,"(38.98881588, -77.02395068)"
DD5630002S,200016957,Rockville Police Departme,Injury Crash,04/23/2020 02:58:00 PM,Maryland (State),ROCKVILLE PIKE,MONROE PL,,ROCKVILLE,OTHER,OTHER,RAINING,WET,DAYLIGHT,TRAFFIC SIGNAL,NONE DETECTED,NONE DETECTED,73032430-F706-476B-9D64-76B6785E82C1,OTHER,Cross/Enter at Intersection,FAILURE TO OBEY TRAFFIC SIGNS SIGNALS OR OFFICER,ON ROADWAY AT CROSSWALK,Yes,SUSPECTED MINOR INJURY,NONE,39.08357859,-77.14725333,"(39.08357859, -77.14725333)"
EJ7879002G,220041794,Gaithersburg Police Depar,Injury Crash,09/25/2022 08:00:00 PM,,,,15740 PARKING LOT,,PEDESTRIAN,SINGLE VEHICLE,CLEAR,,DARK LIGHTS ON,NO CONTROLS,NONE DETECTED,NONE DETECTED,48AE8C70-ECFA-4046-B1EA-E89C11240723,PEDESTRIAN,Walking/Riding against Traffic,NO IMPROPER ACTIONS,OTHER,No,POSSIBLE INJURY,NONE,39.1158314,-77.18728895,"(39.1158314, -77.18728895)"
MCP22780040,220048945,Montgomery County Police,Injury Crash,11/06/2022 10:59:00 AM,County,DEMOCRACY LA,BELLS MILL TERR,,N/A,PEDESTRIAN,OTHER,CLEAR,DRY,DAYLIGHT,NO CONTROLS,NONE DETECTED,NONE DETECTED,926E5792-E187-49CA-9766-C32313A345A5,PEDESTRIAN,Cross/Enter not at Intersection,DART DASH,ON ROADWAY NOT AT CROSSWALK,Yes,POSSIBLE INJURY,N/A,39.23423667,-77.28175833,"(39.23423667, -77.28175833)"
MCP1512001J,180031316,Montgomery County Police,Injury Crash,06/25/2018 05:25:00 PM,Municipality,SIOUX LA,GREAT SENECA HWY,,N/A,BICYCLIST,OTHER,N/A,DRY,DAYLIGHT,NO CONTROLS,NONE DETECTED,NONE DETECTED,0355CB62-C9F6-449A-A3F4-BB8E2E56943F,BICYCLIST,Cross/Enter at Intersection,FAILURE TO YIELD RIGHT OF WAY,SIDEWALK,Yes,SUSPECTED MINOR INJURY,MC/BIKE HELMET,39.13089667,-77.23984833,"(39.13089667, -77.23984833)"
MCP2771001Z,230017984,Montgomery County Police,Injury Crash,04/15/2023 01:30:00 PM,,,,PARKING LOT IN FRONT OF 3166 HEWITT AVENUE,,OTHER PEDALCYCLIST,OTHER,CLOUDY,,DAYLIGHT,N/A,N/A,N/A,FCD3E55D-C239-4984-A8F0-968187DB5E59,OTHER PEDALCYCLIST,Playing,DART DASH,OTHER,No,SUSPECTED SERIOUS INJURY,NONE,39.07925908,-77.06372679,"(39.07925908, -77.06372679)"
MCP2730000M,15059015,MONTGOMERY,Injury Crash,11/19/2015 05:30:00 AM,Maryland (State),GERMANTOWN RD,CRYSTAL ROCK DR,,N/A,PEDESTRIAN,OTHER,RAINING,WET,DARK LIGHTS ON,NO CONTROLS,N/A,N/A,4A201E9E-E1D0-4CE4-ACB8-0E8454E57D12,PEDESTRIAN,Walking/Cycling on Sidewalk,NO IMPROPER ACTIONS,SIDEWALK,No,SUSPECTED MINOR INJURY,N/A,39.18418,-77.26321,"(39.18418, -77.26321)"
MCP2905005H,230025833,Montgomery County Police,Injury Crash,05/30/2023 08:57:00 AM,County,LELAND ST,GLENDALE RD,,N/A,BICYCLIST,SAME DIRECTION RIGHT TURN,CLOUDY,DRY,DAYLIGHT,STOP SIGN,N/A,N/A,ED89FF91-15F9-47C3-9DC5-509DB10F9E37,BICYCLIST,Walking/Riding w/Traffic,IMPROPER PASSING,OTHER,Yes,SUSPECTED MINOR INJURY,MC/BIKE HELMET,38.98689167,-77.074745,"(38.98689167, -77.074745)"
MCP1128003V,15013358,Montgomery County Police,Injury Crash,03/23/2015 02:45:00 PM,County,LONE OAK DR,MONTAUK AVE,,N/A,PEDESTRIAN,SINGLE VEHICLE,CLEAR,N/A,DAYLIGHT,STOP SIGN,NONE DETECTED,NONE DETECTED,B00BDC67-7D1D-4FFF-BB81-8E4337C54A31,PEDESTRIAN,Cross/Enter at Intersection,NO IMPROPER ACTIONS,ON ROADWAY AT CROSSWALK,,POSSIBLE INJURY,N/A,39.020085,-77.12848,"(39.020085, -77.12848)"
DD5640000S,200044988,Rockville Police Departme,Property Damage Crash,11/14/2020 11:48:00 AM,Maryland (State),FIRST ST,GRANDIN AVE,,ROCKVILLE,BICYCLIST,STRAIGHT MOVEMENT ANGLE,CLEAR,DRY,DAYLIGHT,OTHER,NONE DETECTED,NONE DETECTED,00DA6CE4-DB5F-4992-854B-D64F44EC24C5,BICYCLIST,Cross/Enter at Intersection,NO IMPROPER ACTIONS,ON ROADWAY AT CROSSWALK,No,NO APPARENT INJURY,UNKNOWN,39.08105274,-77.1375268,"(39.08105274, -77.1375268)"
MCP15800060,16036385,Montgomery County Police,Injury Crash,07/18/2016 04:12:00 PM,Municipality,GIRARD ST,GOSHEN RD,,N/A,PEDESTRIAN,SINGLE VEHICLE,RAINING,WET,DAYLIGHT,TRAFFIC SIGNAL,NONE DETECTED,ALCOHOL PRESENT,8FB7DCF4-D219-4DED-A0ED-975BB76EA2E1,PEDESTRIAN,Cross/Enter at Intersection,FAILURE TO OBEY TRAFFIC SIGNS SIGNALS OR OFFICER,AT INTERSECTION MARKED CROSSWALK,Yes,POSSIBLE INJURY,N/A,39.15249833,-77.19217167,"(39.15249833, -77.19217167)"
DD55390025,190000855,Rockville Police Departme,Injury Crash,01/05/2019 09:45:00 PM,Maryland (State),ROCKVILLE PIKE,ROLLINS AVE,,ROCKVILLE,PEDESTRIAN,OTHER,CLEAR,DRY,DARK LIGHTS ON,TRAFFIC SIGNAL,NONE DETECTED,NONE DETECTED,FF09978B-E8D1-498E-95FE-FDBBC11DDBDB,PEDESTRIAN,Cross/Enter at Intersection,FAILURE TO OBEY TRAFFIC SIGNS SIGNALS OR OFFICER,ON ROADWAY AT CROSSWALK,Yes,POSSIBLE INJURY,N/A,39.05912667,-77.12127,"(39.05912667, -77.12127)"
MCP1475000X,16060320,Montgomery County Police,Injury Crash,11/23/2016 06:07:00 PM,County,LOST KNIFE RD,CONTOUR RD,,N/A,PEDESTRIAN,SINGLE VEHICLE,CLEAR,DRY,DARK LIGHTS ON,NO CONTROLS,UNKNOWN,NONE DETECTED,1ADEF327-75F3-44E5-9B36-559ADD6237FA,PEDESTRIAN,Cross/Enter at Intersection,NOT VISIBLE,ON ROADWAY AT CROSSWALK,No,SUSPECTED MINOR INJURY,N/A,39.15629835,-77.20232785,"(39.15629835, -77.20232785)"
MCP2496003C,220030048,Montgomery County Police,Injury Crash,07/13/2022 09:58:00 AM,Municipality,SENECA CHASE PARK RD,SPATES HILL RD,,POOLESVILLE,PEDESTRIAN,SINGLE VEHICLE,CLEAR,DRY,DAYLIGHT,NO CONTROLS,NONE DETECTED,NONE DETECTED,B5116F54-3D31-4883-B7F7-2CCF7ED59A6D,PEDESTRIAN,Getting off/on Vehicle,UNKNOWN,ON ROADWAY NOT AT CROSSWALK,Unknown,SUSPECTED MINOR INJURY,REFLECTIVE CLOTHING,39.11399667,-77.27276667,"(39.11399667, -77.27276667)"
MCP32360012,200024693,Montgomery County Police,Injury Crash,06/24/2020 02:09:00 PM,US (State),COLESVILLE RD,RAMP 4 FR US 29 NB TO IS 495 EB,,N/A,BICYCLIST,STRAIGHT MOVEMENT ANGLE,CLEAR,DRY,DAYLIGHT,NO CONTROLS,NONE DETECTED,NONE DETECTED,411D0123-B5FF-490F-90A7-57996CBABCB9,BICYCLIST,Cross/Enter at Intersection,NO IMPROPER ACTIONS,ON ROADWAY AT CROSSWALK,No,SUSPECTED SERIOUS INJURY,NONE,39.01422151,-77.01663126,"(39.01422151, -77.01663126)"
MCP2693001J,16035531,Montgomery County Police,Injury Crash,07/13/2016 07:24:00 PM,Maryland (State),VEIRS MILL RD,TURKEY BRANCH PKWY,,N/A,BICYCLIST,SINGLE VEHICLE,CLEAR,DRY,DAYLIGHT,FLASHING TRAFFIC SIGNAL,NONE DETECTED,NONE DETECTED,DEE2087C-DE6F-4929-9659-1807B648A159,BICYCLIST,Cross/Enter at Intersection,N/A,ON ROADWAY AT CROSSWALK,No,POSSIBLE INJURY,NONE,39.06003,-77.08921167,"(39.06003, -77.08921167)"
MCP2871003J,16055362,Montgomery County Police,Injury Crash,10/27/2016 06:51:00 PM,County,ROCKLEDGE DR,DEMOCRACY BLVD,,N/A,PEDESTRIAN,OTHER,CLEAR,DRY,DARK NO LIGHTS,NO CONTROLS,NONE DETECTED,NONE DETECTED,08506C5B-5F31-427D-A75C-F39FB2FC093C,PEDESTRIAN,Cross/Enter at Intersection,NO IMPROPER ACTIONS,AT INTERSECTION MARKED CROSSWALK,No,POSSIBLE INJURY,NONE,39.02481667,-77.13239333,"(39.02481667, -77.13239333)"
DD5644001G,210032849,Rockville Police Departme,Injury Crash,08/23/2021 11:42:00 AM,Municipality,BEALL AVE #2,HUNGERFORD DR,,N/A,PEDESTRIAN,SINGLE VEHICLE,CLEAR,DRY,DAYLIGHT,TRAFFIC SIGNAL,NONE DETECTED,NONE DETECTED,A5A8CC4A-D086-4A26-AAEB-5CEF21D1CC38,PEDESTRIAN,Cross/Enter at Intersection,NO IMPROPER ACTIONS,AT INTERSECTION MARKED CROSSWALK,No,SUSPECTED MINOR INJURY,N/A,39.08679379,-77.15318577,"(39.08679379, -77.15318577)"
MCP27600023,180053401,Montgomery County Police,Property Damage Crash,10/25/2018 04:16:00 AM,County,MONTGOMERY VILLAGE AVE,MIDCOUNTY HWY,,N/A,OTHER,SINGLE VEHICLE,CLEAR,DRY,DARK LIGHTS ON,NO CONTROLS,N/A,N/A,3230DDA0-8294-4751-90AF-F9F2AFB29CD2,OTHER,N/A,N/A,N/A,Yes,NO APPARENT INJURY,N/A,39.160035,-77.20232167,"(39.160035, -77.20232167)"
HA24160005,16001227,Maryland-National Capital,Injury Crash,09/27/2016 05:41:00 AM,US (State),COLESVILLE RD,SLIGO CREEK PKWY,,N/A,PEDESTRIAN,OTHER,RAINING,WET,DARK LIGHTS ON,TRAFFIC SIGNAL,NONE DETECTED,N/A,2F5ED632-B301-4C7D-B88D-71C518E2A69E,PEDESTRIAN,Cross/Enter at Intersection,NO IMPROPER ACTIONS,ON ROADWAY AT CROSSWALK,No,SUSPECTED MINOR INJURY,LIGHTING,39.00761292,-77.02021122,"(39.00761292, -77.02021122)"
DD5653000K,210052830,Rockville Police Departme,Injury Crash,12/27/2021 06:35:00 PM,Municipality,MONROE ST,ROAD END,,N/A,PEDESTRIAN,OTHER,N/A,DRY,DARK NO LIGHTS,NO CONTROLS,UNKNOWN,N/A,519B501D-D7C4-4AE9-80A8-ED834B05512E,PEDESTRIAN,Walking/Riding w/Traffic,NOT VISIBLE,ON ROADWAY NOT AT CROSSWALK,Yes,SUSPECTED MINOR INJURY,NONE,39.07266369,-77.15461948,"(39.07266369, -77.15461948)"
MCP2813000X,15006645,Montgomery County Police,Injury Crash,02/09/2015 10:10:00 PM,County,REEDIE DR,GEORGIA AVE,,N/A,PEDESTRIAN,SINGLE VEHICLE,RAINING,WET,DARK LIGHTS ON,TRAFFIC SIGNAL,N/A,N/A,F1B6035A-9211-4D8C-9B42-6D9F82CEB9AE,PEDESTRIAN,Walking/Riding w/Traffic,NO IMPROPER ACTIONS,AT INTERSECTION MARKED CROSSWALK,,POSSIBLE INJURY,N/A,39.03984667,-77.04851333,"(39.03984667, -77.04851333)"
MCP3124004Z,220001172,Montgomery County Police,Injury Crash,01/10/2022 06:26:00 PM,County,RANDOLPH RD,GLENMONT CIR #1,,N/A,PEDESTRIAN,OTHER,N/A,DRY,DARK LIGHTS ON,NO CONTROLS,NONE DETECTED,UNKNOWN,6A3E6C66-869F-4C21-8499-A1E720E497B4,PEDESTRIAN,Cross/Enter not at Intersection,IN ROADWAY IMPROPERLY,ON ROADWAY NOT AT CROSSWALK,Yes,SUSPECTED SERIOUS INJURY,N/A,39.059555,-77.04763,"(39.059555, -77.04763)"
MCP15630019,15026181,Montgomery County Police,Injury Crash,05/30/2015 08:53:00 PM,Maryland (State),EAST WEST HWY,CAREY LA,,N/A,PEDESTRIAN,OTHER,CLEAR,DRY,DARK LIGHTS ON,OTHER,NONE DETECTED,NONE DETECTED,A7870190-A47C-4077-80E5-FEEFD6CD0848,PEDESTRIAN,Other,NO IMPROPER ACTIONS,MIDBLOCK MARKED CROSSWALK,,POSSIBLE INJURY,N/A,38.99540653,-77.03855753,"(38.99540653, -77.03855753)"
MCP13340075,180049792,Montgomery County Police,Injury Crash,10/05/2018 11:11:00 AM,County,STEDWICK RD,MONTGOMERY VILLAGE AVE,,N/A,BICYCLIST,SINGLE VEHICLE,CLOUDY,DRY,DAYLIGHT,TRAFFIC SIGNAL,NONE DETECTED,NONE DETECTED,5CE199AA-6D9C-4B92-A5C1-3A80A48CB731,BICYCLIST,Cross/Enter at Intersection,NO IMPROPER ACTIONS,ON ROADWAY AT CROSSWALK,No,SUSPECTED SERIOUS INJURY,NONE,39.16972231,-77.20449633,"(39.16972231, -77.20449633)"
DD5604003S,210001474,Rockville Police Departme,Injury Crash,01/12/2021 01:57:00 PM,Municipality,E JEFFERSON ST,CONGRESSIONAL LA,,ROCKVILLE,PEDESTRIAN,OTHER,CLEAR,DRY,DAYLIGHT,STOP SIGN,NONE DETECTED,NONE DETECTED,EDE7021D-95D9-4371-A242-2F2CF6C0F6AC,PEDESTRIAN,Cross/Enter at Intersection,NO IMPROPER ACTIONS,AT INTERSECTION MARKED CROSSWALK,No,SUSPECTED MINOR INJURY,NONE,39.06208217,-77.12915567,"(39.06208217, -77.12915567)"
MCP28300019,15006537,Montgomery County Police,Injury Crash,02/09/2015 11:19:00 AM,County,GLENALLAN AVE,RANDOLPH RD,,N/A,PEDESTRIAN,OTHER,CLOUDY,DRY,OTHER,TRAFFIC SIGNAL,NONE DETECTED,NONE DETECTED,3BAFF79E-39D1-41F0-8642-AA55404320E8,PEDESTRIAN,Cross/Enter at Intersection,NO IMPROPER ACTIONS,ON ROADWAY AT CROSSWALK,,POSSIBLE INJURY,NONE,39.06076833,-77.04522833,"(39.06076833, -77.04522833)"
MCP25860065,230016511,Montgomery County Police,Injury Crash,04/06/2023 07:00:00 PM,County,HOPKINS RD,FATHER HURLEY BLVD,,N/A,BICYCLIST,OTHER,CLOUDY,WET,DAYLIGHT,TRAFFIC SIGNAL,NONE DETECTED,NONE DETECTED,09B06CDA-E4E1-45F6-950A-5100E6FDB0D9,BICYCLIST,Cross/Enter at Intersection,FAILURE TO YIELD RIGHT OF WAY,AT INTERSECTION MARKED CROSSWALK,Yes,POSSIBLE INJURY,NONE,39.16925087,-77.28294365,"(39.16925087, -77.28294365)"
MCP2973001C,16017657,Montgomery County Police,Injury Crash,04/11/2016 10:41:00 AM,Maryland (State),VEIRS MILL RD,GRIDLEY RD,,N/A,PEDESTRIAN,SAME DIR REND RIGHT TURN,CLOUDY,DRY,DAYLIGHT,PERSON,NONE DETECTED,NONE DETECTED,1CFE73BD-E13E-45CF-9590-9EA9E9AAD0FC,PEDESTRIAN,Cross/Enter at Intersection,NO IMPROPER ACTIONS,ON ROADWAY AT CROSSWALK,No,POSSIBLE INJURY,NONE,39.05712241,-77.08442867,"(39.05712241, -77.08442867)"
MCP136600BK,210048792,Montgomery County Police,Injury Crash,12/01/2021 05:02:00 PM,County,CONNECTICUT AVE,GEORGIA AVE,,N/A,PEDESTRIAN,STRAIGHT MOVEMENT ANGLE,CLOUDY,DRY,DARK LIGHTS ON,TRAFFIC SIGNAL,NONE DETECTED,UNKNOWN,EFFADDDD-0696-41B0-A6F4-B2CF1B68488E,PEDESTRIAN,Cross/Enter at Intersection,UNKNOWN,ON ROADWAY AT CROSSWALK,Unknown,SUSPECTED SERIOUS INJURY,NONE,39.08410333,-77.07764833,"(39.08410333, -77.07764833)"