Report Number,Local Case Number,Agency Name,ACRS Report Type,Crash Date/Time,Route Type,Road Name,Cross-Street Name,Off-Road Description,Municipality,Related Non-Motorist,Collision Type,Weather,Surface Condition,Light,Traffic Control,Driver Substance Abuse,Non-Motorist Substance Abuse,Person ID,Pedestrian Type,Pedestrian Movement,Pedestrian Actions,Pedestrian Location,At Fault,Injury Severity,Safety Equipment,Latitude,Longitude,Location
MCP1119009Q,230003198,Montgomery County Police,Injury Crash,01/20/2023 08:47:00 AM,Maryland (State),E JEFFERSON ST,MARYLAND AVE,,ROCKVILLE,PEDESTRIAN,OTHER,CLEAR,DRY,DAYLIGHT,TRAFFIC SIGNAL,NONE DETECTED,NONE DETECTED,57F561F1-2A78-47EE-ACA5-5273701B87B9,PEDESTRIAN,Cross/Enter at Intersection,NO IMPROPER ACTIONS,ON ROADWAY AT CROSSWALK,No,SUSPECTED MINOR INJURY,NONE,39.08212167,-77.15105667,"(39.08212167, -77.15105667)"
MCP3104001P,190036047,Montgomery County Police,Injury Crash,07/28/2019 11:30:00 PM,,,,"THE PARKIG LOT OF 9300 PINEY BRANCH RD. SILVER SPRING, MARYLAND 20903",,PEDESTRIAN,SINGLE VEHICLE,CLEAR,,DARK LIGHTS ON,NO CONTROLS,N/A,ALCOHOL PRESENT,6B45EB7A-04B4-4083-A0DD-C8BF75BB4A56,PEDESTRIAN,Walking/Riding w/Traffic,OTHER,OTHER,No,POSSIBLE INJURY,N/A,39.00185544,-76.98610257,"(39.00185544, -76.98610257)"
MCP30580052,230059208,Montgomery County Police,Injury Crash,10/07/2023 11:26:00 PM,County,SHADY GROVE RD,GAITHER RD,,N/A,PEDESTRIAN,OTHER,CLEAR,DRY,DARK LIGHTS ON,TRAFFIC SIGNAL,NONE DETECTED,ALCOHOL PRESENT,F777440F-A680-423E-9455-C94F6EB7685F,PEDESTRIAN,Cross/Enter at Intersection,INATTENTIVE,ON ROADWAY AT CROSSWALK,Unknown,NO APPARENT INJURY,NONE,39.117575,-77.183435,"(39.117575, -77.183435)"
MCP31640035,200023225,Montgomery County Police,Injury Crash,06/13/2020 08:55:00 AM,Maryland (State),GEORGIA AVE,UNIVERSITY BLVD W,,N/A,PEDESTRIAN,SINGLE VEHICLE,CLEAR,DRY,DAYLIGHT,TRAFFIC SIGNAL,UNKNOWN,NONE DETECTED,179C5F70-CE75-4AC3-8420-0B890038F34E,PEDESTRIAN,Cross/Enter at Intersection,NO IMPROPER ACTIONS,ON ROADWAY AT CROSSWALK,No,SUSPECTED MINOR INJURY,NONE,39.04108876,-77.05137344,"(39.04108876, -77.05137344)"
MCP32680015,210038606,Montgomery County Police,Injury Crash,09/29/2021 01:49:00 PM,,,,"PARKING LOT OF ""FRYER'S ROADSIDE"" LOCATED @ 12830 NEW HAMPSHIRE AVE MD 20904",,OTHER,OTHER,CLEAR,,DAYLIGHT,NO CONTROLS,N/A,N/A,392F93F9-3121-4AB5-B3F7-4CBF384A66D4,OTHER,Standing,N/A,OTHER,No,SUSPECTED MINOR INJURY,N/A,39.06593667,-77.00082283,"(39.06593667, -77.00082283)"
MCP25150008,15059340,MONTGOMERY,Injury Crash,11/20/2015 04:30:00 PM,County,BARTON MANOR LA,OLNEY LAYTONSVILLE RD,,N/A,PEDESTRIAN,N/A,CLEAR,DRY,DAYLIGHT,STOP SIGN,NONE DETECTED,NONE DETECTED,7FAB2C91-94CB-4D0C-8A8D-59432FD2E655,PEDESTRIAN,Standing,INATTENTIVE,ON ROADWAY NOT AT CROSSWALK,No,SUSPECTED MINOR INJURY,NONE,39.20126667,-77.136455,"(39.20126667, -77.136455)"
MCP2436004L,180002889,Montgomery County Police,Injury Crash,01/18/2018 01:38:00 PM,Maryland (State),UNIVERSITY BLVD W,SUTHERLAND RD,,N/A,PEDESTRIAN,HEAD ON,CLEAR,DRY,DAYLIGHT,NO CONTROLS,NONE DETECTED,NONE DETECTED,9F12C361-A22C-44CA-B851-6FCB2DBD629C,PEDESTRIAN,Cross/Enter not at Intersection,IN ROADWAY IMPROPERLY,ON ROADWAY NOT AT CROSSWALK,Yes,POSSIBLE INJURY,OTHER,39.020995,-77.01330667,"(39.020995, -77.01330667)"
MCP2767000P,15009788,Montgomery County Police,Property Damage Crash,03/01/2015 06:29:00 PM,County,DAWSON AVE,GALT AVE,,N/A,OTHER,OPPOSITE DIRECTION SIDESWIPE,WINTRY MIX,WET,DARK NO LIGHTS,NO CONTROLS,NONE DETECTED,N/A,2F5F0B6E-D010-41AE-A018-95CABCF5B77C,OTHER,N/A,N/A,N/A,,NO APPARENT INJURY,N/A,39.039475,-77.05622167,"(39.039475, -77.05622167)"
MCP2064000W,230065147,Montgomery County Police,Property Damage Crash,11/07/2023 03:30:00 PM,,,,"PARKING LOT OF 8434 HELGERMAN COURT, GAITHERSBURG, MD",,OTHER,SINGLE VEHICLE,UNKNOWN,,UNKNOWN,UNKNOWN,UNKNOWN,N/A,C3AE8E7F-C96F-4947-9842-0A9535BB6220,OTHER,Unknown,UNKNOWN,OTHER,Unknown,NO APPARENT INJURY,UNKNOWN,39.11341667,-77.23563167,"(39.11341667, -77.23563167)"
MCP3224000G,200016841,Montgomery County Police,Injury Crash,04/22/2020 08:28:00 PM,County,OLD COLUMBIA PIKE,AMBERSTONE CT,,N/A,PEDESTRIAN,HEAD ON LEFT TURN,CLEAR,DRY,DARK LIGHTS ON,NO CONTROLS,NONE DETECTED,NONE DETECTED,9A0CBEC7-3609-4A48-871E-3C834EEC8E88,PEDESTRIAN,Cross/Enter at Intersection,NO IMPROPER ACTIONS,AT INTERSECTION BUT NO CROSSWALK,No,NO APPARENT INJURY,N/A,39.05413699,-76.97366375,"(39.05413699, -76.97366375)"
MCP271700VD,210021992,Montgomery County Police,Injury Crash,06/09/2021 05:00:00 PM,County,CHARLCOTE RD,MOORLAND LA,,N/A,OTHER CONVEYANCE,OTHER,CLEAR,DRY,DAYLIGHT,NO CONTROLS,NONE DETECTED,NONE DETECTED,975B4082-8BE7-4B51-939D-130394720717,OTHER CONVEYANCE,Walking/Riding w/Traffic,NO IMPROPER ACTIONS,ON ROADWAY NOT AT CROSSWALK,No,SUSPECTED SERIOUS INJURY,MC/BIKE HELMET,38.992773,-77.1120785,"(38.992773, -77.1120785)"
MCP271700B4,17012660,Montgomery County Police,Injury Crash,03/10/2017 03:11:00 PM,,,,11355 WOODGLEN DRIVE (UNDERGROUND PARKING GARAGE OF 'WHOLE FOODS MARKET'),,PEDESTRIAN,OTHER,N/A,,OTHER,NO CONTROLS,NONE DETECTED,NONE DETECTED,6CFA10C9-271C-4379-B2CB-CBCB3B835E38,PEDESTRIAN,Other,NO IMPROPER ACTIONS,OTHER,No,SUSPECTED MINOR INJURY,NONE,39.04293533,-77.11369817,"(39.04293533, -77.11369817)"
MCP24720022,16051572,Montgomery County Police,Injury Crash,10/07/2016 11:59:00 AM,Maryland (State),CONNECTICUT AVE,CHEVY CHASE LAKE DR,,N/A,BICYCLIST,ANGLE MEETS RIGHT TURN,CLOUDY,DRY,DAYLIGHT,TRAFFIC SIGNAL,UNKNOWN,NONE DETECTED,16BA0C78-0072-4417-B3B2-45003857AA94,BICYCLIST,Cross/Enter at Intersection,NO IMPROPER ACTIONS,ON ROADWAY AT CROSSWALK,No,POSSIBLE INJURY,MC/BIKE HELMET,38.99406333,-77.07679667,"(38.99406333, -77.07679667)"
DD56140019,16047764,Rockville Police Departme,Injury Crash,09/17/2016 10:06:00 AM,County,DARNESTOWN RD,OAK KNOLL DR,,ROCKVILLE,BICYCLIST,STRAIGHT MOVEMENT ANGLE,CLEAR,DRY,DAYLIGHT,STOP SIGN,NONE DETECTED,NONE DETECTED,068E3562-5037-40AB-90D8-142C8ED75FDC,BICYCLIST,Walking/Riding against Traffic,NO IMPROPER ACTIONS,AT INTERSECTION MARKED CROSSWALK,No,POSSIBLE INJURY,MC/BIKE HELMET,39.0917069,-77.18993872,"(39.0917069, -77.18993872)"
EJ7853001X,16048626,Gaithersburg Police Depar,Injury Crash,09/21/2016 08:32:00 PM,,,,"THE LOWER LEVEL PARKING LOT OF SEARS (701 RUSSELL AVE. GAITHERSBURG, MARYLAND 20877)",,BICYCLIST,HEAD ON LEFT TURN,CLEAR,,DARK NO LIGHTS,NO CONTROLS,N/A,N/A,45CFCF63-47A5-41D9-A152-F4CCB7D08FA5,BICYCLIST,Walking/Riding w/Traffic,OTHER,OTHER,No,SUSPECTED MINOR INJURY,NONE,39.14032333,-77.195595,"(39.14032333, -77.195595)"
MCP1020003M,180044050,Montgomery County Police,Injury Crash,09/04/2018 08:06:00 AM,,,,DRIVEWAY TO 19910 FREDERICK ROAD,,PEDESTRIAN,OTHER,CLEAR,,DAYLIGHT,NO CONTROLS,NONE DETECTED,NONE DETECTED,ECB9C2FE-25E3-4896-9303-22165E060BE1,PEDESTRIAN,Cross/Enter not at Intersection,DART DASH,OTHER,Yes,SUSPECTED MINOR INJURY,N/A,39.1831895,-77.23926717,"(39.1831895, -77.23926717)"
MCP2845002F,17014783,Montgomery County Police,Injury Crash,03/23/2017 07:25:00 AM,,,,PARKING LOT OF BLAIR HIGH SCHOOL NEXT TO UNIVERSITY BLVD EAST,,PEDESTRIAN,SINGLE VEHICLE,CLEAR,,DAYLIGHT,NO CONTROLS,NONE DETECTED,NONE DETECTED,877905B3-489E-428F-83D4-474C2CFEF6B9,PEDESTRIAN,Cross/Enter not at Intersection,INATTENTIVE,OUTSIDE RIGHT OF WAY,Yes,SUSPECTED MINOR INJURY,N/A,39.01861,-77.008985,"(39.01861, -77.008985)"
MCP9404002C,190045043,Montgomery County Police,Injury Crash,09/20/2019 09:12:00 AM,Municipality,GIRARD ST,GOSHEN RD,,N/A,PEDESTRIAN,OTHER,N/A,DRY,DAYLIGHT,TRAFFIC SIGNAL,NONE DETECTED,N/A,B6A9695D-20C6-4783-BEAC-ABDC1FC7E852,PEDESTRIAN,Cross/Enter at Intersection,N/A,AT INTERSECTION MARKED CROSSWALK,No,POSSIBLE INJURY,NONE,39.15070167,-77.19223333,"(39.15070167, -77.19223333)"
MCP2818002V,170512776,Montgomery County Police,Injury Crash,06/09/2017 07:44:00 PM,County,SLIGO AVE,FENTON ST,,N/A,PEDESTRIAN,N/A,N/A,DRY,DAYLIGHT,TRAFFIC SIGNAL,NONE DETECTED,N/A,D4048872-45EC-4C03-986B-F828D2FC1DA2,PEDESTRIAN,Cross/Enter at Intersection,NO IMPROPER ACTIONS,ON ROADWAY AT CROSSWALK,No,POSSIBLE INJURY,N/A,38.990385,-77.02352,"(38.990385, -77.02352)"
MCP2635008M,230064438,Montgomery County Police,Injury Crash,11/04/2023 07:21:00 PM,Maryland (State),GERMANTOWN RD,MIDDLEBROOK RD,,N/A,PEDESTRIAN,OTHER,CLEAR,DRY,DARK LIGHTS ON,TRAFFIC SIGNAL,UNKNOWN,UNKNOWN,07E8D7F1-8D4C-4AA7-98ED-3A04A8CEC16F,PEDESTRIAN,Cross/Enter at Intersection,UNKNOWN,ON ROADWAY AT CROSSWALK,Unknown,SUSPECTED SERIOUS INJURY,NONE,39.17880397,-77.26718663,"(39.17880397, -77.26718663)"
MCP243600DJ,210038389,Montgomery County Police,Injury Crash,09/28/2021 11:00:00 AM,Maryland (State),UNIVERSITY BLVD E,LANGLEY DR,,N/A,PEDESTRIAN,SINGLE VEHICLE,RAINING,WET,DAYLIGHT,OTHER,NONE DETECTED,NONE DETECTED,CF3C1F48-E12D-4082-B3A5-1D26D4C2A37D,PEDESTRIAN,Cross/Enter at Intersection,NO IMPROPER ACTIONS,ON ROADWAY AT CROSSWALK,No,SUSPECTED MINOR INJURY,NONE,39.00163898,-76.99573983,"(39.00163898, -76.99573983)"
MCP3121004P,220007039,Montgomery County Police,Injury Crash,02/17/2022 06:50:00 PM,County,SNOUFFERS SCHOOL RD,WOODFIELD RD,,N/A,PEDESTRIAN,SINGLE VEHICLE,CLEAR,DRY,DARK LIGHTS ON,N/A,NONE DETECTED,NONE DETECTED,E066EFA5-B1EC-4E19-B11A-1260319C4434,PEDESTRIAN,Other,NO IMPROPER ACTIONS,ON ROADWAY AT CROSSWALK,No,SUSPECTED MINOR INJURY,NONE,39.16073083,-77.1630515,"(39.16073083, -77.1630515)"
DM8479001S,230005339,Takoma Park Police Depart,Injury Crash,02/01/2023 08:08:00 PM,Maryland (State),PHILADELPHIA AVE,CHICAGO AVE,,TAKOMA PARK,PEDESTRIAN,OTHER,CLEAR,DRY,DARK LIGHTS ON,UNKNOWN,N/A,N/A,3DADC849-B288-46BE-A9F2-9517D006F2E6,PEDESTRIAN,Cross/Enter at Intersection,UNKNOWN,AT INTERSECTION MARKED CROSSWALK,No,POSSIBLE INJURY,NONE,38.98672742,-77.02150401,"(38.98672742, -77.02150401)"
MCP2894005H,190006431,Montgomery County Police,Injury Crash,02/09/2019 02:07:00 PM,,,,"4816 BOILING BROOK PKWY, GOODWILL PARKING LOT",,PEDESTRIAN,SAME DIR REAR END,CLEAR,,DAYLIGHT,NO CONTROLS,,NONE DETECTED,E14B945C-EEB9-410D-BB1E-FC3A2A0B29EE,PEDESTRIAN,Other,NO IMPROPER ACTIONS,OTHER,No,POSSIBLE INJURY,N/A,39.04524333,-77.11300833,"(39.04524333, -77.11300833)"
DD56360023,200023011,Rockville Police Departme,Injury Crash,06/11/2020 06:05:00 PM,Municipality,HALPINE RD,ROCKVILLE PIKE,,N/A,OTHER,OTHER,CLEAR,DRY,DAYLIGHT,TRAFFIC SIGNAL,NONE DETECTED,NONE DETECTED,B0C9793E-8260-46D7-B1B4-20E43ED7A9A2,OTHER,Other,NO IMPROPER ACTIONS,ON ROADWAY AT CROSSWALK,No,SUSPECTED MINOR INJURY,NONE,39.0618745,-77.1239235,"(39.0618745, -77.1239235)"
MCP3213000M,190054600,Montgomery County Police,Injury Crash,11/13/2019 07:30:00 PM,County,SHOREFIELD RD,GEORGIA AVE,,N/A,PEDESTRIAN,OTHER,N/A,DRY,DARK LIGHTS ON,TRAFFIC SIGNAL,NONE DETECTED,NONE DETECTED,46451EA7-1C71-491A-AB17-4C482451A5E3,PEDESTRIAN,Cross/Enter at Intersection,DART DASH,ON ROADWAY AT CROSSWALK,Yes,SUSPECTED MINOR INJURY,N/A,39.05295131,-77.05087668,"(39.05295131, -77.05087668)"
MCP2680002C,180010844,Montgomery County Police,Injury Crash,03/02/2018 08:38:00 PM,Maryland (State),EAST WEST HWY,W FALKLAND LA,,N/A,PEDESTRIAN,SAME DIRECTION SIDESWIPE,SEVERE WINDS,DRY,DARK LIGHTS ON,NO CONTROLS,NONE DETECTED,NONE DETECTED,510BFEE9-006E-41B8-A0D9-9DAD55175D33,PEDESTRIAN,Other,FAILURE TO YIELD RIGHT OF WAY,SHOULDER,Yes,SUSPECTED MINOR INJURY,NONE,38.99265167,-77.031735,"(38.99265167, -77.031735)"
MCP30890031,200000496,Montgomery County Police,Injury Crash,01/03/2020 06:15:00 PM,County,SHOREFIELD RD,GEORGIA AVE,,N/A,PEDESTRIAN,OTHER,N/A,WET,DARK LIGHTS ON,N/A,N/A,N/A,AEFAB3F1-7826-4FC2-A9E4-CC6D985C7BB9,PEDESTRIAN,Cross/Enter at Intersection,NO IMPROPER ACTIONS,N/A,No,SUSPECTED MINOR INJURY,N/A,39.01523,-77.03545833,"(39.01523, -77.03545833)"
MCP2503000D,15011964,Montgomery County Police,Injury Crash,03/15/2015 06:21:00 PM,County,REGENCY DR,GEORGETOWNE DR,,N/A,PEDESTRIAN,SINGLE VEHICLE,CLEAR,DRY,DAYLIGHT,N/A,N/A,N/A,20BA6E40-3475-4F41-8F66-8D69466D387B,PEDESTRIAN,Other,DART DASH,ON ROADWAY NOT AT CROSSWALK,,SUSPECTED MINOR INJURY,N/A,39.043943,-77.170336,"(39.043943, -77.170336)"
MCP3270000B,200033405,Montgomery County Police,Injury Crash,08/26/2020 08:28:00 PM,County,HAWKESBURY LA,RANDOLPH RD,,N/A,PEDESTRIAN,OTHER,CLEAR,DRY,DARK LIGHTS ON,N/A,NONE DETECTED,NONE DETECTED,2B1181F9-D4E8-47F7-8E53-C616272F43CB,PEDESTRIAN,Cross/Enter not at Intersection,IN ROADWAY IMPROPERLY,ON ROADWAY NOT AT CROSSWALK,Yes,SUSPECTED MINOR INJURY,NONE,39.06686167,-77.01981467,"(39.06686167, -77.01981467)"
MCP2563001P,230053355,Montgomery County Police,Fatal Crash,09/05/2023 09:24:00 PM,Maryland (State),NEW HAMPSHIRE AVE,CROSSOVER,,N/A,PEDESTRIAN,SINGLE VEHICLE,CLEAR,DRY,DARK NO LIGHTS,NO CONTROLS,NONE DETECTED,ALCOHOL CONTRIBUTED,305224B2-3BC3-4E9F-9E7A-9CF394FB9333,PEDESTRIAN,Standing,IN ROADWAY IMPROPERLY,ON ROADWAY NOT AT CROSSWALK,Yes,FATAL INJURY,NONE,39.0932821,-77.00101758,"(39.0932821, -77.00101758)"
MCP1291002X,200027688,Montgomery County Police,Injury Crash,07/16/2020 06:30:00 PM,,,,PARKINGLOT OF 404 RIDGEPOINTLA,,PEDESTRIAN,OTHER,CLEAR,,DAYLIGHT,NO CONTROLS,NONE DETECTED,NONE DETECTED,2CCF3647-84F9-4A88-A987-293828CCFC6F,PEDESTRIAN,Other,NO IMPROPER ACTIONS,OTHER,Unknown,POSSIBLE INJURY,NONE,39.12335833,-77.24761333,"(39.12335833, -77.24761333)"
MCP2552006S,230070457,Montgomery County Police,Injury Crash,12/07/2023 05:40:00 PM,County,SHADY GROVE RD,BRIARDALE RD,,N/A,PEDESTRIAN,OTHER,CLEAR,DRY,DARK LIGHTS ON,TRAFFIC SIGNAL,N/A,N/A,08B86F63-3808-4112-813B-2194DD4434F7,PEDESTRIAN,Cross/Enter at Intersection,NO IMPROPER ACTIONS,ON ROADWAY AT CROSSWALK,No,SUSPECTED MINOR INJURY,NONE,39.13371167,-77.15808833,"(39.13371167, -77.15808833)"
MCP2739004B,220037088,Montgomery County Police,Injury Crash,08/27/2022 04:00:00 PM,,,,PARKING LOT OF 13615 GEORGIA AVE SILVER SPRING MD 20906,,OTHER CONVEYANCE,STRAIGHT MOVEMENT ANGLE,CLEAR,,DAYLIGHT,NO CONTROLS,NONE DETECTED,NONE DETECTED,83B56F7C-0F95-4DB3-9DDC-13B8A50DB723,OTHER CONVEYANCE,Cross/Enter at Intersection,NO IMPROPER ACTIONS,DRIVEWAY ACCESS MARKED CROSSWALK,No,POSSIBLE INJURY,NONE,39.04453194,-76.9900027,"(39.04453194, -76.9900027)"
MCP289200FQ,230071957,Montgomery County Police,Injury Crash,12/15/2023 05:24:00 PM,,,,"825 WAYNE AVENUE
PARKING LOT",,PEDESTRIAN,HEAD ON,CLEAR,,DARK LIGHTS ON,NO CONTROLS,"ALCOHOL PRESENT, NONE DETECTED",NONE DETECTED,26AE007B-E21E-4A63-BB26-B5DD9AE7BBCA,PEDESTRIAN,Other,NO IMPROPER ACTIONS,OTHER,No,POSSIBLE INJURY,NONE,38.99686779,-77.02382004,"(38.99686779, -77.02382004)"
MCP2658001D,16061111,Montgomery County Police,Injury Crash,11/28/2016 06:45:00 PM,US (State),COLUMBIA PIKE,TECH RD,,N/A,PEDESTRIAN,SINGLE VEHICLE,CLEAR,DRY,DARK LIGHTS ON,TRAFFIC SIGNAL,NONE DETECTED,NONE DETECTED,C2DF6BC1-E0BD-4D05-B49D-8A9B726628A6,PEDESTRIAN,Walking/Cycling on Sidewalk,FAILURE TO OBEY TRAFFIC SIGNS SIGNALS OR OFFICER,AT INTERSECTION MARKED CROSSWALK,Yes,POSSIBLE INJURY,NONE,39.05784618,-76.96839496,"(39.05784618, -76.96839496)"
MCP2563000P,170548914,Montgomery County Police,Fatal Crash,12/16/2017 01:07:00 AM,Maryland (State),PINEY BRANCH RD,GARLAND AVE,,N/A,PEDESTRIAN,SINGLE VEHICLE,CLEAR,WET,DARK LIGHTS ON,NO CONTROLS,NONE DETECTED,UNKNOWN,D901E559-A7A5-4352-8023-841AF70373FA,PEDESTRIAN,Other,UNKNOWN,ON ROADWAY NOT AT CROSSWALK,Unknown,FATAL INJURY,NONE,38.99854692,-76.99953273,"(38.99854692, -76.99953273)"
MCP2686004V,210015714,Montgomery County Police,Injury Crash,04/27/2021 05:30:00 PM,,,,"PARKING LOT OF DSW WAREHOUSE, 12922 MIDDLEBROOK RD, GERMANTOWN MD 20874",,OTHER CONVEYANCE,SINGLE VEHICLE,CLEAR,,DAYLIGHT,N/A,N/A,NONE DETECTED,FAA3AF3C-11C0-4CE0-994A-EB164B7CA86C,OTHER CONVEYANCE,Unknown,UNKNOWN,OTHER,Unknown,SUSPECTED MINOR INJURY,NONE,39.18009466,-77.27085497,"(39.18009466, -77.27085497)"
MCP12210020,16007046,Montgomery County Police,Injury Crash,02/11/2016 07:52:00 AM,County,N SUMMIT AVE,PARK AVE,,GAITHERSBURG,PEDESTRIAN,SINGLE VEHICLE,CLEAR,DRY,DAYLIGHT,STOP SIGN,NONE DETECTED,NONE DETECTED,362D9FC4-66E0-400D-B969-68BE861B6655,PEDESTRIAN,Cross/Enter at Intersection,NO IMPROPER ACTIONS,ON ROADWAY AT CROSSWALK,No,SUSPECTED MINOR INJURY,NONE,39.14581167,-77.192245,"(39.14581167, -77.192245)"
MCP2986000K,16015043,Montgomery County Police,Injury Crash,03/27/2016 06:00:00 PM,County,E WAYNE AVE,FLOWER AVE,,N/A,OTHER,SINGLE VEHICLE,N/A,DRY,DUSK,NO CONTROLS,NONE DETECTED,NONE DETECTED,AD76393A-831F-4E8B-B70E-F7FBE63144CE,OTHER,N/A,NO IMPROPER ACTIONS,INSIDE BUILDING,No,NO APPARENT INJURY,NONE,39.00237833,-77.00699167,"(39.00237833, -77.00699167)"
MCP2740001X,16024977,Montgomery County Police,Injury Crash,05/19/2016 09:40:00 PM,Maryland (State),PINEY BRANCH RD,UNIVERSITY BLVD E,,N/A,PEDESTRIAN,SINGLE VEHICLE,CLEAR,DRY,DARK LIGHTS ON,TRAFFIC SIGNAL,NONE DETECTED,NONE DETECTED,501AE1CA-F78D-4753-91DE-50893635737E,PEDESTRIAN,Cross/Enter at Intersection,NO IMPROPER ACTIONS,ON ROADWAY AT CROSSWALK,No,SUSPECTED MINOR INJURY,N/A,38.9996788,-76.99525595,"(38.9996788, -76.99525595)"
MCP2832006C,210024021,Montgomery County Police,Property Damage Crash,06/23/2021 12:45:00 PM,Maryland (State),EAST WEST HWY,MEADOWBROOK LA,,N/A,BICYCLIST,SAME DIR REAR END,CLEAR,DRY,DAYLIGHT,PERSON,NONE DETECTED,NONE DETECTED,1C21A60B-569A-4655-9AE0-D005E5B58278,BICYCLIST,Cross/Enter at Intersection,FAILURE TO OBEY TRAFFIC SIGNS SIGNALS OR OFFICER,AT INTERSECTION MARKED CROSSWALK,Yes,NO APPARENT INJURY,MC/BIKE HELMET,38.99280667,-77.06045333,"(38.99280667, -77.06045333)"
DD5604002L,190005952,Rockville Police Departme,Injury Crash,02/06/2019 06:04:00 PM,Municipality,NELSON ST,AZALEA DR,,ROCKVILLE,PEDESTRIAN,OTHER,RAINING,WET,DARK LIGHTS ON,N/A,NONE DETECTED,NONE DETECTED,43FBAC98-C589-4446-8F7C-D3E7006EBD1B,PEDESTRIAN,N/A,DART DASH,ON ROADWAY AT CROSSWALK,No,SUSPECTED MINOR INJURY,N/A,39.09211,-77.17369,"(39.09211, -77.17369)"
MCP3132001W,190058472,Montgomery County Police,Injury Crash,12/04/2019 05:16:00 PM,County,WESTBARD AVE,CROWN ST,,N/A,PEDESTRIAN,OTHER,CLOUDY,DRY,DARK NO LIGHTS,N/A,N/A,N/A,2EE10F02-5D61-46DC-A608-93A98B0B6BEA,PEDESTRIAN,Cross/Enter not at Intersection,NO IMPROPER ACTIONS,ON ROADWAY AT CROSSWALK,No,SUSPECTED SERIOUS INJURY,NONE,38.959845,-77.10820667,"(38.959845, -77.10820667)"
MCP2767005X,190010497,Montgomery County Police,Injury Crash,03/06/2019 05:33:00 PM,,,,"PARKING LOT OF 11160 VEIRS MILL ROAD, WHEATON MD",,PEDESTRIAN,SINGLE VEHICLE,CLEAR,,DAYLIGHT,NO CONTROLS,NONE DETECTED,NONE DETECTED,123ACEA3-5B45-4E94-9503-E92C1D9D91B6,PEDESTRIAN,Cross/Enter not at Intersection,DART DASH,OUTSIDE RIGHT OF WAY,Yes,SUSPECTED MINOR INJURY,NONE,39.03570333,-77.05573833,"(39.03570333, -77.05573833)"
MCP28890028,17003697,Montgomery County Police,Injury Crash,01/21/2017 08:28:00 PM,,,,"PARKING LOT OF 11310 GEORGIA AVE SILVER SPRING, MD 20902",,PEDESTRIAN,OTHER,CLOUDY,,DARK LIGHTS ON,NO CONTROLS,NONE DETECTED,NONE DETECTED,C59F2E40-F93F-4AF8-861D-DA9C215B6A5C,PEDESTRIAN,Other,NO IMPROPER ACTIONS,SIDEWALK,No,POSSIBLE INJURY,NONE,39.0412,-77.05229833,"(39.0412, -77.05229833)"
MCP29910049,200029417,Montgomery County Police,Injury Crash,07/29/2020 10:45:00 AM,Maryland (State),NEW HAMPSHIRE AVE,MILLGROVE PL,,N/A,BICYCLIST,SINGLE VEHICLE,CLEAR,DRY,DAYLIGHT,NO CONTROLS,NONE DETECTED,NONE DETECTED,390771D3-FE01-42F2-B9EA-4E577A148D12,BICYCLIST,N/A,IMPROPER TURN MERGE,OTHER,Yes,POSSIBLE INJURY,N/A,39.14924967,-77.06642983,"(39.14924967, -77.06642983)"
MCP1433002K,190039187,Montgomery County Police,Injury Crash,08/16/2019 04:55:00 PM,Maryland (State),ROCKVILLE PIKE,ENT TO FEDERAL PLAZA S.C.,,N/A,BICYCLIST,SAME DIRECTION RIGHT TURN,CLEAR,DRY,DAYLIGHT,TRAFFIC SIGNAL,NONE DETECTED,NONE DETECTED,1FA8ED14-9438-4D63-88DF-EAB5EB3C102A,BICYCLIST,Cross/Enter at Intersection,NO IMPROPER ACTIONS,AT INTERSECTION MARKED CROSSWALK,No,SUSPECTED MINOR INJURY,NONE,39.057515,-77.120605,"(39.057515, -77.120605)"
MCP2094008J,170509552,Montgomery County Police,Injury Crash,05/24/2017 07:44:00 AM,County,WESTBARD AVE,WESTBARD CIR,,N/A,PEDESTRIAN,OTHER,CLOUDY,WET,DAYLIGHT,NO CONTROLS,NONE DETECTED,NONE DETECTED,48D59A83-9A90-40BF-894A-2B602162B679,PEDESTRIAN,Approach/Leaving Schoolbus,NO IMPROPER ACTIONS,ON ROADWAY AT CROSSWALK,No,SUSPECTED SERIOUS INJURY,N/A,38.96474476,-77.10705176,"(38.96474476, -77.10705176)"
MCP2363000J,15045070,Montgomery County Police,Fatal Crash,09/07/2015 05:54:00 AM,Maryland (State),FREDERICK RD,S WESTLAND DR,,GAITHERSBURG,PEDESTRIAN,SINGLE VEHICLE,CLEAR,DRY,DARK LIGHTS ON,TRAFFIC SIGNAL,N/A,NONE DETECTED,D911FD4C-C1B7-447F-ADD2-0E591A0E51BB,PEDESTRIAN,Cross/Enter at Intersection,UNKNOWN,ON ROADWAY AT CROSSWALK,Yes,FATAL INJURY,NONE,39.12599041,-77.18295693,"(39.12599041, -77.18295693)"
MCP3031004K,220047872,Montgomery County Police,Injury Crash,10/31/2022 06:00:00 PM,Maryland (State),LAYHILL RD,GLENALLAN AVE,,N/A,PEDESTRIAN,SINGLE VEHICLE,RAINING,WET,DARK LIGHTS ON,TRAFFIC SIGNAL,NONE DETECTED,NONE DETECTED,0617CD6B-F434-4059-99E9-65BC8B70EC09,PEDESTRIAN,Cross/Enter at Intersection,NO IMPROPER ACTIONS,AT INTERSECTION MARKED CROSSWALK,No,POSSIBLE INJURY,NONE,39.06333667,-77.050015,"(39.06333667, -77.050015)"
MCP2909000W,15065349,Montgomery County Police,Injury Crash,12/21/2015 06:46:00 PM,County,EDGEMOOR LA,ARLINGTON RD,,N/A,PEDESTRIAN,OTHER,CLEAR,DRY,DARK LIGHTS ON,TRAFFIC SIGNAL,NONE DETECTED,NONE DETECTED,68DA21B4-2489-47F9-A979-B92196F4E3D0,PEDESTRIAN,Cross/Enter at Intersection,NO IMPROPER ACTIONS,AT INTERSECTION MARKED CROSSWALK,No,SUSPECTED MINOR INJURY,NONE,38.98720167,-77.09895667,"(38.98720167, -77.09895667)"
MCP2686003D,190031559,Montgomery County Police,Injury Crash,07/02/2019 10:50:00 AM,Maryland (State),FIRST ST,GRANDIN AVE,,ROCKVILLE,BICYCLIST,STRAIGHT MOVEMENT ANGLE,CLEAR,DRY,DAYLIGHT,WARNING SIGN,N/A,N/A,F8954C6B-CC4F-4DAD-AE34-5927CED96C8F,BICYCLIST,Cross/Enter at Intersection,NO IMPROPER ACTIONS,AT INTERSECTION MARKED CROSSWALK,No,SUSPECTED MINOR INJURY,MC/BIKE HELMET,39.08103879,-77.13736851,"(39.08103879, -77.13736851)"