Report Number,Local Case Number,Agency Name,ACRS Report Type,Crash Date/Time,Route Type,Road Name,Cross-Street Name,Off-Road Description,Municipality,Related Non-Motorist,Collision Type,Weather,Surface Condition,Light,Traffic Control,Driver Substance Abuse,Non-Motorist Substance Abuse,Person ID,Pedestrian Type,Pedestrian Movement,Pedestrian Actions,Pedestrian Location,At Fault,Injury Severity,Safety Equipment,Latitude,Longitude,Location
MCP2617001D,15061577,Montgomery County Police,Injury Crash,12/02/2015 05:34:00 PM,County,OLD GEORGETOWN RD,ROCKVILLE PIKE,,N/A,PEDESTRIAN,OTHER,RAINING,WET,DARK LIGHTS ON,NO CONTROLS,NONE DETECTED,NONE DETECTED,0378A0C3-C3A4-41A2-BFC9-287D1B6597CB,PEDESTRIAN,Cross/Enter not at Intersection,NO IMPROPER ACTIONS,AT INTERSECTION BUT NO CROSSWALK,No,SUSPECTED SERIOUS INJURY,NONE,39.04984,-77.11290333,"(39.04984, -77.11290333)"
MCP3031000C,17008136,Montgomery County Police,Injury Crash,02/14/2017 09:36:00 PM,County,HEWITT AVE,GEORGIA AVE,,N/A,PEDESTRIAN,SINGLE VEHICLE,CLEAR,DRY,N/A,N/A,NONE DETECTED,NONE DETECTED,99EC0EDB-7520-4EAB-A853-AFC6C99AD818,PEDESTRIAN,Cross/Enter at Intersection,NO IMPROPER ACTIONS,ON ROADWAY AT CROSSWALK,No,POSSIBLE INJURY,NONE,39.07932869,-77.06799611,"(39.07932869, -77.06799611)"
MCP2864002P,170502137,Montgomery County Police,Injury Crash,04/14/2017 03:32:00 PM,Municipality,CHAPMAN AVE,BOUIC AVE,,ROCKVILLE,PEDESTRIAN,OTHER,CLEAR,DRY,DAYLIGHT,STOP SIGN,NONE DETECTED,NONE DETECTED,1E45FE19-F143-405D-808A-D2914300AA31,PEDESTRIAN,Cross/Enter at Intersection,NO IMPROPER ACTIONS,AT INTERSECTION MARKED CROSSWALK,No,POSSIBLE INJURY,NONE,39.061135,-77.12101833,"(39.061135, -77.12101833)"
MCP2844004R,210005188,Montgomery County Police,Injury Crash,02/09/2021 04:45:00 PM,County,N BELGRADE RD,LAMBERTON DR,,N/A,BICYCLIST,OTHER,CLEAR,DRY,DAYLIGHT,STOP SIGN,NONE DETECTED,NONE DETECTED,174BB254-B5AF-4354-AB5F-631EDD06CD8D,BICYCLIST,Cross/Enter at Intersection,NO IMPROPER ACTIONS,ON ROADWAY AT CROSSWALK,No,POSSIBLE INJURY,NONE,39.04217473,-77.02722498,"(39.04217473, -77.02722498)"
MCP1182000J,15028164,Montgomery County Police,Injury Crash,06/10/2015 12:53:00 PM,County,HUNTINGTON PKWY,OLD GEORGETOWN RD,,N/A,BICYCLIST,OTHER,CLEAR,DRY,DAYLIGHT,TRAFFIC SIGNAL,NONE DETECTED,NONE DETECTED,D764AD8E-1B2D-426C-8FD4-2DBD5A87BEBC,BICYCLIST,Cross/Enter at Intersection,NO IMPROPER ACTIONS,AT INTERSECTION MARKED CROSSWALK,,SUSPECTED SERIOUS INJURY,NONE,39.00436333,-77.11007667,"(39.00436333, -77.11007667)"
MCP2231005J,200019287,Montgomery County Police,Injury Crash,05/13/2020 11:13:00 AM,,,,PARKING LOT OF 46 BUREAU DR,,PEDESTRIAN,SINGLE VEHICLE,CLEAR,,DAYLIGHT,N/A,UNKNOWN,NONE DETECTED,E3602FB7-FE32-46EA-938F-4DD90A37BDE5,PEDESTRIAN,Cross/Enter not at Intersection,NO IMPROPER ACTIONS,ON ROADWAY AT CROSSWALK,No,POSSIBLE INJURY,NONE,39.14407363,-77.21804831,"(39.14407363, -77.21804831)"
MCP26760011,15004572,Montgomery County Police,Injury Crash,01/28/2015 09:04:00 PM,Maryland (State),GEORGIA AVE,ARCOLA AVE,,N/A,PEDESTRIAN,OTHER,CLEAR,DRY,DARK LIGHTS ON,TRAFFIC SIGNAL,N/A,N/A,82D08DDB-C780-4858-90CA-01734CA9BA43,PEDESTRIAN,Cross/Enter at Intersection,NO IMPROPER ACTIONS,ON ROADWAY AT CROSSWALK,,POSSIBLE INJURY,NONE,39.04961333,-77.05171667,"(39.04961333, -77.05171667)"
MCP27140017,190035825,Montgomery County Police,Injury Crash,07/27/2019 05:23:00 PM,,,,DRIVE WAY IN FRONT OF 13711 GEORGIA AVE,,BICYCLIST,OTHER,CLEAR,,DAYLIGHT,NO CONTROLS,NONE DETECTED,NONE DETECTED,F10750D6-1ECB-4DF9-9744-9CC3B500385B,BICYCLIST,Cross/Enter not at Intersection,DART DASH,SIDEWALK,No,NO APPARENT INJURY,NONE,39.080015,-77.07357333,"(39.080015, -77.07357333)"
EJ78360022,190060850,Gaithersburg Police Depar,Property Damage Crash,12/17/2019 09:56:00 PM,,,,9811 WASHINGTONIAN BLVD 5TH FLOOR (RIO MALL PARKING GARAGE),,PEDESTRIAN,OTHER,N/A,,DARK LIGHTS ON,N/A,NONE DETECTED,N/A,EDAE99AC-F2EC-45B3-ACEE-6506E0CB1FD2,PEDESTRIAN,Other,OTHER,OTHER,No,NO APPARENT INJURY,NONE,39.12481667,-77.196615,"(39.12481667, -77.196615)"
MCP26370048,210033717,Montgomery County Police,Injury Crash,08/29/2021 12:01:00 PM,Maryland (State),RIVER RD,SWAINS LOCK RD,,N/A,BICYCLIST,HEAD ON LEFT TURN,CLOUDY,DRY,DAYLIGHT,STOP SIGN,NONE DETECTED,NONE DETECTED,5F646B8E-927A-40AF-B4CC-8B9DC8336F7C,BICYCLIST,Cross/Enter at Intersection,NO IMPROPER ACTIONS,AT INTERSECTION BUT NO CROSSWALK,No,POSSIBLE INJURY,MC/BIKE HELMET,39.03534833,-77.24038667,"(39.03534833, -77.24038667)"
DD559500D3,230017943,Rockville Police Departme,Injury Crash,04/15/2023 08:23:00 AM,Municipality,BALTIMORE RD,FIRST ST,,N/A,PEDESTRIAN,SINGLE VEHICLE,CLOUDY,WET,DAYLIGHT,TRAFFIC SIGNAL,NONE DETECTED,UNKNOWN,AF59462D-F0C4-4CF5-9348-58BA02058D1E,PEDESTRIAN,Cross/Enter at Intersection,NO IMPROPER ACTIONS,ON ROADWAY AT CROSSWALK,No,SUSPECTED MINOR INJURY,N/A,39.08465867,-77.136484,"(39.08465867, -77.136484)"
MCP3053005Y,220056863,Montgomery County Police,Injury Crash,12/22/2022 06:04:00 PM,Maryland (State),VEIRS MILL RD,NEWPORT MILL RD,,N/A,PEDESTRIAN,OTHER,RAINING,WET,DARK LIGHTS ON,NO CONTROLS,N/A,N/A,CFB27B70-AFF7-45CE-B8DC-D1AD5744D037,PEDESTRIAN,Other,INATTENTIVE,ON ROADWAY NOT AT CROSSWALK,Yes,POSSIBLE INJURY,NONE,39.04474667,-77.06398167,"(39.04474667, -77.06398167)"
MCP2997000L,16063152,Montgomery County Police,Injury Crash,12/09/2016 01:10:00 AM,County,BEL PRE RD,PARKER FARM WAY,,N/A,PEDESTRIAN,STRAIGHT MOVEMENT ANGLE,N/A,DRY,DARK LIGHTS ON,NO CONTROLS,UNKNOWN,ALCOHOL PRESENT,768A26A0-BD2A-4662-A52B-475050B38519,PEDESTRIAN,Hitchhiking,IN ROADWAY IMPROPERLY,ON ROADWAY NOT AT CROSSWALK,Yes,SUSPECTED MINOR INJURY,NONE,39.0904672,-77.04884648,"(39.0904672, -77.04884648)"
MCP3257001Q,210014167,Montgomery County Police,Injury Crash,04/15/2021 10:48:00 PM,Maryland (State),WISCONSIN AVE,AVONDALE ST,,N/A,PEDESTRIAN,OTHER,CLEAR,DRY,DARK LIGHTS ON,OTHER,UNKNOWN,NONE DETECTED,1998D2EE-91D7-4324-B398-23083E3EA999,PEDESTRIAN,Cross/Enter at Intersection,NO IMPROPER ACTIONS,AT INTERSECTION MARKED CROSSWALK,No,SUSPECTED MINOR INJURY,NONE,38.99007513,-77.09048403,"(38.99007513, -77.09048403)"
DD5502001V,15063161,ROCKVILLE,Injury Crash,12/10/2015 05:19:00 PM,Maryland (State),ROCKVILLE PIKE,RICHARD MONTGOMERY DR,,ROCKVILLE,PEDESTRIAN,ANGLE MEETS RIGHT TURN,CLEAR,DRY,DARK LIGHTS ON,OTHER,NONE DETECTED,NONE DETECTED,6DD461F8-A64E-4F9D-B807-21B1AAC1824B,PEDESTRIAN,Walking/Cycling on Sidewalk,NO IMPROPER ACTIONS,SIDEWALK,No,SUSPECTED MINOR INJURY,N/A,39.08007667,-77.144365,"(39.08007667, -77.144365)"
DD56660004,230059854,Rockville Police Departme,Injury Crash,10/11/2023 05:30:00 AM,Municipality,N HORNERS LA,SOUTHLAWN LA,,ROCKVILLE,PEDESTRIAN,SINGLE VEHICLE,UNKNOWN,DRY,DARK -- UNKNOWN LIGHTING,STOP SIGN,NONE DETECTED,NONE DETECTED,C79DEB15-DE35-4554-BD7C-8043A6E200CB,PEDESTRIAN,Cross/Enter at Intersection,NO IMPROPER ACTIONS,ON ROADWAY NOT AT CROSSWALK,Unknown,SUSPECTED MINOR INJURY,UNKNOWN,39.0933474,-77.14324268,"(39.0933474, -77.14324268)"
MCP28370016,16058356,Montgomery County Police,Property Damage Crash,11/12/2016 12:31:00 PM,County,PINEY MEETINGHOUSE RD,CAVANAUGH DR,,N/A,BICYCLIST,STRAIGHT MOVEMENT ANGLE,CLEAR,DRY,DAYLIGHT,FLASHING TRAFFIC SIGNAL,NONE DETECTED,NONE DETECTED,B2574634-5201-4FC6-8664-768CAAE51AD9,BICYCLIST,Cross/Enter at Intersection,NO IMPROPER ACTIONS,ON ROADWAY NOT AT CROSSWALK,No,NO APPARENT INJURY,REFLECTIVE CLOTHING,39.08269833,-77.21685,"(39.08269833, -77.21685)"
MCP13660047,16005363,Montgomery County Police,Injury Crash,02/02/2016 06:00:00 AM,County,E GUDE DR,CALHOUN DR,,N/A,PEDESTRIAN,SINGLE VEHICLE,OTHER,WET,DARK LIGHTS ON,FLASHING TRAFFIC SIGNAL,UNKNOWN,UNKNOWN,D030AB20-3EE9-4B99-A72E-A447B33A65CF,PEDESTRIAN,Unknown,UNKNOWN,UNKNOWN,Unknown,SUSPECTED SERIOUS INJURY,NONE,39.10575012,-77.14524508,"(39.10575012, -77.14524508)"
MCP2813003L,170529602,Montgomery County Police,Injury Crash,09/09/2017 05:23:00 PM,County,RANDOLPH RD,BUSHEY DR,,N/A,BICYCLIST,SINGLE VEHICLE,CLOUDY,DRY,DAYLIGHT,NO CONTROLS,N/A,N/A,EBD58DB7-D6CB-48D0-9D15-BD671DBD76B5,BICYCLIST,Walking/Riding w/Traffic,NO IMPROPER ACTIONS,SHOULDER,No,SUSPECTED MINOR INJURY,N/A,39.05752127,-77.07789481,"(39.05752127, -77.07789481)"
MCP2001001Y,230005934,Montgomery County Police,Fatal Crash,02/05/2023 07:37:00 PM,Maryland (State),GEORGIA AVE,RALPH RD,,N/A,PEDESTRIAN,SINGLE VEHICLE,CLEAR,DRY,DARK LIGHTS ON,N/A,NONE DETECTED,ALCOHOL PRESENT,A46AEB19-8F05-4890-B7EA-676C83837C4B,PEDESTRIAN,Cross/Enter not at Intersection,IN ROADWAY IMPROPERLY,ON ROADWAY NOT AT CROSSWALK,Yes,FATAL INJURY,N/A,39.078885,-77.07246167,"(39.078885, -77.07246167)"
MCP13970012,180004072,Montgomery County Police,Injury Crash,01/24/2018 02:58:00 PM,Maryland (State),FREDERICK RD,SHAKESPEARE BLVD,,N/A,PEDESTRIAN,SAME DIRECTION LEFT TURN,CLOUDY,DRY,DAYLIGHT,OTHER,NONE DETECTED,NONE DETECTED,3C7D1894-F0F4-42C2-8EFE-BE72BD8558DD,PEDESTRIAN,Cross/Enter at Intersection,INATTENTIVE,AT INTERSECTION MARKED CROSSWALK,No,POSSIBLE INJURY,N/A,39.19812948,-77.24464372,"(39.19812948, -77.24464372)"
MCP2492001B,200008927,Montgomery County Police,Fatal Crash,02/22/2020 09:11:00 PM,Maryland (State),NEW HAMPSHIRE AVE,CROSSOVER,,N/A,PEDESTRIAN,OTHER,CLEAR,DRY,DARK LIGHTS ON,NO CONTROLS,NONE DETECTED,ALCOHOL PRESENT,D20A06AD-B931-4588-BEFB-F9C8E8A40E23,PEDESTRIAN,Cross/Enter not at Intersection,UNKNOWN,ON ROADWAY NOT AT CROSSWALK,Yes,FATAL INJURY,NONE,39.03869167,-76.99011833,"(39.03869167, -76.99011833)"
MCP31130033,210010543,Montgomery County Police,Injury Crash,03/20/2021 06:57:00 PM,Maryland (State),SPENCERVILLE RD,LIONS DEN RD,,N/A,PEDESTRIAN,OTHER,CLEAR,DRY,DUSK,NO CONTROLS,N/A,N/A,1344D1D3-3DBF-436A-8E9F-BA111068B321,PEDESTRIAN,Cross/Enter not at Intersection,DART DASH,ON ROADWAY NOT AT CROSSWALK,Yes,SUSPECTED SERIOUS INJURY,NONE,39.06699135,-76.96432988,"(39.06699135, -76.96432988)"
MCP2512001P,16002674,Montgomery County Police,Injury Crash,01/14/2016 07:30:00 PM,County,DIAMONDBACK DR,DECOVERLY DR,,N/A,PEDESTRIAN,STRAIGHT MOVEMENT ANGLE,CLEAR,DRY,DARK LIGHTS ON,NO CONTROLS,NONE DETECTED,NONE DETECTED,3F5CD53C-89DB-4308-BE4C-8F57483246CD,PEDESTRIAN,Cross/Enter not at Intersection,INATTENTIVE,ON ROADWAY AT CROSSWALK,Yes,SUSPECTED MINOR INJURY,N/A,39.10961716,-77.20786929,"(39.10961716, -77.20786929)"
MCP3263003X,230063645,Montgomery County Police,Property Damage Crash,10/31/2023 05:28:00 PM,County,ARLINGTON RD,BETHESDA AVE,,N/A,BICYCLIST,OTHER,CLEAR,DRY,DAYLIGHT,TRAFFIC SIGNAL,UNKNOWN,NONE DETECTED,13C1402F-2E52-4CE6-9C39-62BE9D23D4FA,BICYCLIST,Other,NO IMPROPER ACTIONS,SHOULDER,No,NO APPARENT INJURY,NONE,38.98111189,-77.09848336,"(38.98111189, -77.09848336)"
MCP3254003K,230072050,Montgomery County Police,Injury Crash,12/16/2023 12:36:00 PM,Maryland (State),GERMANTOWN RD,MIDDLEBROOK RD,,N/A,BICYCLIST,STRAIGHT MOVEMENT ANGLE,CLEAR,DRY,DAYLIGHT,TRAFFIC SIGNAL,NONE DETECTED,NONE DETECTED,0555B6BA-0A80-4556-97C8-DD2FC0027B91,BICYCLIST,Cross/Enter at Intersection,FAILURE TO OBEY TRAFFIC SIGNS SIGNALS OR OFFICER,ON ROADWAY AT CROSSWALK,Yes,SUSPECTED MINOR INJURY,MC/BIKE HELMET,39.17877577,-77.26718974,"(39.17877577, -77.26718974)"
MCP30390024,180015700,Montgomery County Police,Injury Crash,03/31/2018 08:35:00 PM,Municipality,DUPONT AVE,CONNECTICUT AVE,,N/A,PEDESTRIAN,OTHER,CLEAR,DRY,DARK LIGHTS ON,STOP SIGN,UNKNOWN,NONE DETECTED,93627E00-87A0-4A44-882C-0DD7709663FA,PEDESTRIAN,Cross/Enter at Intersection,NO IMPROPER ACTIONS,ON ROADWAY AT CROSSWALK,No,POSSIBLE INJURY,NONE,39.02793667,-77.07792,"(39.02793667, -77.07792)"
MCP30190031,200005007,Montgomery County Police,Injury Crash,01/30/2020 05:20:00 PM,Maryland (State),OLD GEORGETOWN RD,CORDELL AVE,,N/A,PEDESTRIAN,OTHER,CLEAR,DRY,DAYLIGHT,STOP SIGN,N/A,N/A,5560A491-C0C3-42A9-8CAA-45BF1020CD96,PEDESTRIAN,Cross/Enter at Intersection,INATTENTIVE,ON ROADWAY AT CROSSWALK,No,POSSIBLE INJURY,NONE,38.98795019,-77.09948262,"(38.98795019, -77.09948262)"
EJ7881000G,200022711,Gaithersburg Police Depar,Injury Crash,06/09/2020 06:30:00 PM,County,MUDDY BRANCH RD,ENT TO MUDDY BRANCH SQUARE,,N/A,PEDESTRIAN,SINGLE VEHICLE,CLEAR,DRY,DAYLIGHT,STOP SIGN,NONE DETECTED,NONE DETECTED,E6D0E6E1-B050-4FF5-B383-C80A95461694,PEDESTRIAN,Cross/Enter at Intersection,N/A,ON ROADWAY AT CROSSWALK,No,SUSPECTED MINOR INJURY,NONE,39.11366332,-77.21611437,"(39.11366332, -77.21611437)"
MCP1575002G,15018735,Montgomery County Police,Injury Crash,04/21/2015 04:25:00 PM,County,SHADY GROVE RD,MEDICAL CENTER WAY,,N/A,BICYCLIST,STRAIGHT MOVEMENT ANGLE,CLEAR,DRY,DAYLIGHT,TRAFFIC SIGNAL,NONE DETECTED,NONE DETECTED,0874F7FE-BCB5-40C3-869F-6608FA7CBC0B,BICYCLIST,Cross/Enter at Intersection,FAILURE TO YIELD RIGHT OF WAY,ON ROADWAY AT CROSSWALK,,POSSIBLE INJURY,UNKNOWN,39.09729667,-77.19467333,"(39.09729667, -77.19467333)"
EJ78580048,190053072,Gaithersburg Police Depar,Injury Crash,11/04/2019 11:15:00 AM,Municipality,GIRARD ST,N SUMMIT AVE,,N/A,PEDESTRIAN,SINGLE VEHICLE,CLEAR,DRY,DAYLIGHT,TRAFFIC SIGNAL,NONE DETECTED,NONE DETECTED,7670AAFF-00C5-4864-AC22-0DC1D9D77856,PEDESTRIAN,Cross/Enter at Intersection,NO IMPROPER ACTIONS,ON ROADWAY AT CROSSWALK,No,SUSPECTED MINOR INJURY,NONE,39.150745,-77.19236333,"(39.150745, -77.19236333)"
MCP30930016,180052828,Montgomery County Police,Injury Crash,10/20/2018 07:19:00 PM,County,GLENBROOK RD,OLD GEORGETOWN RD,,N/A,BICYCLIST,N/A,N/A,DRY,DARK LIGHTS ON,OTHER,N/A,N/A,C71E0BCF-E0EC-45B9-964B-A613D70356F9,BICYCLIST,Cross/Enter at Intersection,NO IMPROPER ACTIONS,ON ROADWAY AT CROSSWALK,No,POSSIBLE INJURY,MC/BIKE HELMET,38.98917,-77.10144,"(38.98917, -77.10144)"
MCP2936001Y,170531382,Montgomery County Police,Injury Crash,09/18/2017 08:01:00 PM,Maryland (State),16TH ST,EAST WEST HWY,,N/A,PEDESTRIAN,SINGLE VEHICLE,CLEAR,DRY,DARK LIGHTS ON,TRAFFIC SIGNAL,NONE DETECTED,NONE DETECTED,B1780165-5008-40EF-A4AE-E6F734D03C5B,PEDESTRIAN,Cross/Enter at Intersection,NO IMPROPER ACTIONS,ON ROADWAY AT CROSSWALK,No,SUSPECTED SERIOUS INJURY,N/A,38.99465667,-77.036715,"(38.99465667, -77.036715)"
MCP2767004V,180035958,Montgomery County Police,Injury Crash,07/20/2018 02:19:00 PM,,,,"PARKING LOT OF JC PENNY'S LOCATED AT 11160 VEIRS MILL ROAD, WHEATON MD",,PEDESTRIAN,SINGLE VEHICLE,CLEAR,,DAYLIGHT,NO CONTROLS,NONE DETECTED,NONE DETECTED,EB06DD67-7601-4215-9A33-37AAB97A965F,PEDESTRIAN,Cross/Enter at Intersection,INATTENTIVE,ON ROADWAY AT CROSSWALK,No,SUSPECTED MINOR INJURY,N/A,39.03657,-77.05316833,"(39.03657, -77.05316833)"
DD5624003Q,200000635,Rockville Police Departme,Injury Crash,01/04/2020 04:15:00 PM,,,,IN PARKING LOT OF 1902 VIERS MILL ROAD,,PEDESTRIAN,OTHER,RAINING,,DARK LIGHTS ON,NO CONTROLS,NONE DETECTED,NONE DETECTED,418D6B68-7BE9-43F2-9003-95F0FA7AA155,PEDESTRIAN,Other,NO IMPROPER ACTIONS,OTHER,No,POSSIBLE INJURY,NONE,39.07612117,-77.11713417,"(39.07612117, -77.11713417)"
MCP3082000N,170537210,Montgomery County Police,Injury Crash,10/17/2017 04:32:00 PM,County,WOODLAND DR,COLUMBIA BLVD,,N/A,BICYCLIST,OTHER,CLEAR,DRY,DAYLIGHT,STOP SIGN,N/A,N/A,F242BCEF-3F66-496F-93D2-6CAECEC63736,BICYCLIST,Cross/Enter not at Intersection,IN ROADWAY IMPROPERLY,ON ROADWAY NOT AT CROSSWALK,Yes,POSSIBLE INJURY,N/A,39.00923652,-77.03830004,"(39.00923652, -77.03830004)"
DD56050083,230066468,Rockville Police Departme,Injury Crash,11/15/2023 12:00:00 PM,Maryland (State),ROCKVILLE PIKE,WOOTTON PKWY,,ROCKVILLE,PEDESTRIAN,OTHER,CLEAR,DRY,DAYLIGHT,TRAFFIC SIGNAL,UNKNOWN,N/A,64A125DC-D08A-4D0D-83B9-33AD1F41109C,PEDESTRIAN,Cross/Enter at Intersection,NO IMPROPER ACTIONS,ON ROADWAY AT CROSSWALK,No,POSSIBLE INJURY,N/A,39.07695037,-77.13949521,"(39.07695037, -77.13949521)"
DD56420002,190047941,Rockville Police Departme,Injury Crash,10/06/2019 11:52:00 AM,,,,PARKING LOT OF 344 MARTINS LN.,,PEDESTRIAN,OTHER,CLEAR,,DAYLIGHT,NO CONTROLS,NONE DETECTED,N/A,D57D2673-A95D-4E3F-BC3E-880E0478096B,PEDESTRIAN,N/A,NO IMPROPER ACTIONS,OTHER,No,SUSPECTED MINOR INJURY,N/A,39.09104914,-77.16127881,"(39.09104914, -77.16127881)"
MCP3038004D,200001740,Montgomery County Police,Injury Crash,01/10/2020 08:36:00 PM,Maryland (State),UNIVERSITY BLVD W,LORAIN AVE,,N/A,PEDESTRIAN,OTHER,CLEAR,DRY,DARK LIGHTS ON,NO CONTROLS,N/A,N/A,E32FD81F-3095-49B4-8686-AC5F01993B1B,PEDESTRIAN,Cross/Enter at Intersection,FAILURE TO YIELD RIGHT OF WAY,ON ROADWAY NOT AT CROSSWALK,Yes,SUSPECTED SERIOUS INJURY,NONE,39.02203833,-77.01499333,"(39.02203833, -77.01499333)"
MCP2347000B,16015117,Montgomery County Police,Injury Crash,03/28/2016 09:44:00 AM,County,GRACEFIELD RD,CALVERTON BLVD,,N/A,PEDESTRIAN,OTHER,CLEAR,DRY,DAYLIGHT,STOP SIGN,N/A,NONE DETECTED,4CB5A2DD-5229-41D1-BE88-E5DC7A4BCE96,PEDESTRIAN,Cross/Enter at Intersection,DART DASH,AT INTERSECTION MARKED CROSSWALK,Yes,SUSPECTED MINOR INJURY,NONE,39.04097167,-76.98741333,"(39.04097167, -76.98741333)"
MCP32330028,210053101,Montgomery County Police,Injury Crash,12/29/2021 07:02:00 PM,Maryland (State),PINEY BRANCH RD,ARLISS ST,,N/A,PEDESTRIAN,SINGLE VEHICLE,RAINING,WET,DARK LIGHTS ON,TRAFFIC SIGNAL,NONE DETECTED,NONE DETECTED,2F8E7A71-9368-44EA-AB39-C6A8084FF0C8,PEDESTRIAN,Cross/Enter at Intersection,INATTENTIVE,AT INTERSECTION BUT NO CROSSWALK,Yes,SUSPECTED MINOR INJURY,NONE,39.03265417,-77.006332,"(39.03265417, -77.006332)"
MCP93900010,170543471,Montgomery County Police,Injury Crash,11/17/2017 07:54:00 PM,Municipality,KENTLANDS BLVD,GREAT SENECA HWY,,N/A,OTHER CONVEYANCE,HEAD ON LEFT TURN,N/A,DRY,DARK LIGHTS ON,TRAFFIC SIGNAL,"N/A, NONE DETECTED",N/A,B7158FCF-2696-4A96-9846-B253B23FCB4F,OTHER CONVEYANCE,N/A,NO IMPROPER ACTIONS,N/A,No,NO APPARENT INJURY,N/A,39.12373667,-77.23166167,"(39.12373667, -77.23166167)"
MCP137800Z3,210043711,Montgomery County Police,Injury Crash,10/29/2021 04:06:00 PM,,,,PARKING LOT OF 12611B WISTERIA DR,,OTHER,SINGLE VEHICLE,RAINING,,DAYLIGHT,NO CONTROLS,NONE DETECTED,NONE DETECTED,977A4758-8D85-41CF-968F-D014CC94C6F6,OTHER,Other,OTHER,OTHER,Yes,POSSIBLE INJURY,N/A,39.17071333,-77.26153333,"(39.17071333, -77.26153333)"
MCP26640053,200000514,Montgomery County Police,Injury Crash,01/03/2020 09:30:00 PM,County,NOTLEY RD,NEW HAMPSHIRE AVE,,N/A,PEDESTRIAN,SINGLE VEHICLE,RAINING,WET,DARK LIGHTS ON,NO CONTROLS,NONE DETECTED,NONE DETECTED,1F50DCD9-A1BE-4DC7-A647-264D4C75B708,PEDESTRIAN,Cross/Enter at Intersection,NO IMPROPER ACTIONS,ON ROADWAY AT CROSSWALK,No,SUSPECTED MINOR INJURY,NONE,39.08060233,-77.00153517,"(39.08060233, -77.00153517)"
MCP3112002K,190031065,Montgomery County Police,Injury Crash,06/29/2019 05:40:00 PM,Maryland (State),WISCONSIN AVE,STANFORD ST,,N/A,PEDESTRIAN,OTHER,CLEAR,DRY,DAYLIGHT,TRAFFIC SIGNAL,NONE DETECTED,NONE DETECTED,66155BDA-86B5-4A1A-A8C9-E0D09B5C86EB,PEDESTRIAN,Cross/Enter at Intersection,NO IMPROPER ACTIONS,AT INTERSECTION MARKED CROSSWALK,No,SUSPECTED MINOR INJURY,NONE,38.9782655,-77.09131317,"(38.9782655, -77.09131317)"
MCP25120042,190021565,Montgomery County Police,Property Damage Crash,05/03/2019 09:10:00 AM,,,,PARKING LOT OF 825 QUINCE ORCHARD BLVD,,OTHER,OPPOSITE DIRECTION SIDESWIPE,CLEAR,,DAYLIGHT,NO CONTROLS,NONE DETECTED,NONE DETECTED,761D8C44-B144-48C2-A922-67566FFDB60E,OTHER,N/A,N/A,N/A,No,NO APPARENT INJURY,N/A,39.14353188,-77.22984226,"(39.14353188, -77.22984226)"
MCP1342002H,190016146,Montgomery County Police,Injury Crash,04/07/2019 01:00:00 PM,County,EDWARDS FERRY RD,WHITES FERRY RD,,N/A,PEDESTRIAN,OTHER,CLOUDY,DRY,DAYLIGHT,NO CONTROLS,UNKNOWN,NONE DETECTED,8C25019A-0F8B-4E68-905E-3FD050FB7996,PEDESTRIAN,Standing,OTHER,ON ROADWAY NOT AT CROSSWALK,Unknown,SUSPECTED SERIOUS INJURY,N/A,39.15886,-77.45217,"(39.15886, -77.45217)"
MCP06130015,190000546,Montgomery County Police,Injury Crash,01/04/2019 07:34:00 AM,County,QUEEN ELIZABETH DR,MORNINGWOOD DR,,N/A,PEDESTRIAN,OTHER,CLOUDY,DRY,DAWN,STOP SIGN,NONE DETECTED,NONE DETECTED,F33A9865-C6EE-46FE-85F0-0ED15841FD48,PEDESTRIAN,Cross/Enter at Intersection,NO IMPROPER ACTIONS,AT INTERSECTION BUT NO CROSSWALK,No,SUSPECTED MINOR INJURY,NONE,39.15291,-77.07997333,"(39.15291, -77.07997333)"
MCP913000D7,220044371,Montgomery County Police,Injury Crash,10/11/2022 05:44:00 AM,Maryland (State),UNIVERSITY BLVD E,CARROLL AVE,,N/A,PEDESTRIAN,SINGLE VEHICLE,CLEAR,DRY,DARK LIGHTS ON,TRAFFIC SIGNAL,NONE DETECTED,NONE DETECTED,B3689CE8-09E5-4133-A5D0-A558CA4EB273,PEDESTRIAN,Cross/Enter at Intersection,DART DASH,ON ROADWAY AT CROSSWALK,Yes,SUSPECTED SERIOUS INJURY,NONE,38.99385077,-76.99254645,"(38.99385077, -76.99254645)"
MCP1202000K,15030096,Montgomery County Police,Injury Crash,06/20/2015 08:06:00 AM,County,MACARTHUR BLVD,MOHICAN RD,,N/A,BICYCLIST,HEAD ON LEFT TURN,CLEAR,DRY,DAYLIGHT,NO CONTROLS,NONE DETECTED,NONE DETECTED,51461ADE-EFB9-4089-BA20-37F3FE918622,BICYCLIST,Walking/Riding w/Traffic,NO IMPROPER ACTIONS,IN BIKEWAY,,SUSPECTED MINOR INJURY,MC/BIKE HELMET,38.95980667,-77.13144167,"(38.95980667, -77.13144167)"
MCP2975001J,17013978,Montgomery County Police,Injury Crash,03/18/2017 07:55:00 PM,County,RALPH RD,GEORGIA AVE,,N/A,PEDESTRIAN,SINGLE VEHICLE,RAINING,WET,DARK LIGHTS ON,STOP SIGN,NONE DETECTED,NONE DETECTED,FE184124-1D21-4112-B948-F7D52ECC9C9E,PEDESTRIAN,Cross/Enter at Intersection,FAILURE TO YIELD RIGHT OF WAY,ON ROADWAY NOT AT CROSSWALK,Yes,SUSPECTED MINOR INJURY,N/A,39.078225,-77.07207167,"(39.078225, -77.07207167)"
MCP2622001Z,190028625,Montgomery County Police,Injury Crash,06/15/2019 02:15:00 PM,County,RANDOLPH RD,LOCKSLEY LA,,N/A,PEDESTRIAN,OTHER,CLEAR,DRY,DAYLIGHT,TRAFFIC SIGNAL,UNKNOWN,NONE DETECTED,604B04E0-B3B9-487E-85C9-F692B9DCD33D,PEDESTRIAN,Cross/Enter at Intersection,NO IMPROPER ACTIONS,AT INTERSECTION MARKED CROSSWALK,No,POSSIBLE INJURY,NONE,39.07157892,-77.01142405,"(39.07157892, -77.01142405)"