Report Number,Local Case Number,Agency Name,ACRS Report Type,Crash Date/Time,Route Type,Road Name,Cross-Street Name,Off-Road Description,Municipality,Related Non-Motorist,Collision Type,Weather,Surface Condition,Light,Traffic Control,Driver Substance Abuse,Non-Motorist Substance Abuse,Person ID,Pedestrian Type,Pedestrian Movement,Pedestrian Actions,Pedestrian Location,At Fault,Injury Severity,Safety Equipment,Latitude,Longitude,Location
MCP3010000V,16018936,Montgomery County Police,Property Damage Crash,04/18/2016 08:27:00 AM,County,MARINELLI RD,CITADEL AVE,,N/A,OTHER,SAME DIRECTION SIDESWIPE,CLEAR,DRY,DAYLIGHT,NO CONTROLS,NONE DETECTED,N/A,2A4630D2-CC5B-4ABC-B555-14EE6FE22B48,OTHER,N/A,N/A,N/A,No,NO APPARENT INJURY,N/A,39.04766167,-77.10837833,"(39.04766167, -77.10837833)"
HA2389000D,15001213,MCPARK,Injury Crash,11/02/2015 05:46:00 PM,,,,"OCCURRED ON NE CAPITAL CRESCENT TRAIL, APPROXIMATELY 50 FEET PRIOR TO DORSET AVENUE INTERSECTION.",,BICYCLIST,HEAD ON,CLEAR,,DARK -- UNKNOWN LIGHTING,N/A,,N/A,5856E3E8-B376-430B-8F51-92580E238F2D,BICYCLIST,Other,NO IMPROPER ACTIONS,SHARED USE PATH OR TRAILS,No,SUSPECTED MINOR INJURY,MC/BIKE HELMET,38.96842663,-77.10256577,"(38.96842663, -77.10256577)"
EJ7869002Y,190026072,Gaithersburg Police Depar,Fatal Crash,05/31/2019 09:24:00 PM,Maryland (State),FREDERICK RD,TRAVIS AVE,,GAITHERSBURG,PEDESTRIAN,OTHER,CLEAR,DRY,DARK LIGHTS ON,NO CONTROLS,NONE DETECTED,NONE DETECTED,0888FF5C-5DA3-4547-BC35-BC429A3C64E7,PEDESTRIAN,Cross/Enter not at Intersection,IN ROADWAY IMPROPERLY,ON ROADWAY NOT AT CROSSWALK,Yes,FATAL INJURY,N/A,39.16128577,-77.22282999,"(39.16128577, -77.22282999)"
MCP2845005M,190048420,Montgomery County Police,Injury Crash,10/09/2019 06:45:00 AM,County,DENNIS AVE,UNIVERSITY BLVD W,,N/A,BICYCLIST,SINGLE VEHICLE,CLEAR,WET,DARK LIGHTS ON,TRAFFIC SIGNAL,NONE DETECTED,NONE DETECTED,A7BBBAF5-0DFE-4272-BCE1-B9DFAE7E39B4,BICYCLIST,Cross/Enter at Intersection,NO IMPROPER ACTIONS,AT INTERSECTION MARKED CROSSWALK,No,POSSIBLE INJURY,NONE,39.02594927,-77.02031117,"(39.02594927, -77.02031117)"
MCP3058003W,200046633,Montgomery County Police,Injury Crash,11/25/2020 08:22:00 PM,Maryland (State),ROCKVILLE PIKE,HOYA ST,,N/A,BICYCLIST,SAME DIRECTION RIGHT TURN,CLOUDY,DRY,DARK LIGHTS ON,NO CONTROLS,NONE DETECTED,NONE DETECTED,5A4A2E92-1F4F-497A-B576-82A2D8DF4146,BICYCLIST,Cross/Enter at Intersection,NOT VISIBLE,ON ROADWAY AT CROSSWALK,Yes,SUSPECTED MINOR INJURY,MC/BIKE HELMET,39.05411333,-77.11813667,"(39.05411333, -77.11813667)"
MCP3211001Z,210003853,Montgomery County Police,Injury Crash,01/30/2021 11:39:00 AM,County,TUCKERMAN LA,GROSVENOR PL,,N/A,BICYCLIST,SINGLE VEHICLE,CLEAR,DRY,DAYLIGHT,NO CONTROLS,NONE DETECTED,NONE DETECTED,4FD128EC-4791-481B-B8AB-B76C2221A1B2,BICYCLIST,Cross/Enter at Intersection,NO IMPROPER ACTIONS,ON ROADWAY NOT AT CROSSWALK,No,POSSIBLE INJURY,MC/BIKE HELMET,39.02759634,-77.10739224,"(39.02759634, -77.10739224)"
MCP3403000B,230070456,Montgomery County Police,Injury Crash,12/07/2023 05:40:00 PM,County,BRIGGS CHANEY RD,ENT TO SHOPPING CENTER,,N/A,PEDESTRIAN,STRAIGHT MOVEMENT ANGLE,CLEAR,DRY,DARK LIGHTS ON,TRAFFIC SIGNAL,NONE DETECTED,NONE DETECTED,7985F4F2-8FC1-4549-A406-493BEC7E2B8A,PEDESTRIAN,Cross/Enter at Intersection,INATTENTIVE,ON ROADWAY AT CROSSWALK,Unknown,SUSPECTED MINOR INJURY,NONE,39.0823322,-76.94716118,"(39.0823322, -76.94716118)"
MCP3200009P,230063524,Montgomery County Police,Injury Crash,10/31/2023 07:51:00 AM,County,GREYSWOOD RD,INGLEMERE DR,,N/A,PEDESTRIAN,OTHER,CLEAR,DRY,DAYLIGHT,NO CONTROLS,NONE DETECTED,NONE DETECTED,98B43272-8573-43A2-A567-B16D6AE27F84,PEDESTRIAN,Cross/Enter not at Intersection,DART DASH,OUTSIDE RIGHT OF WAY,Yes,SUSPECTED MINOR INJURY,NONE,39.01833783,-77.13647233,"(39.01833783, -77.13647233)"
EJ77470022,16033848,Gaithersburg Police Depar,Injury Crash,07/04/2016 07:02:00 PM,Municipality,WASHINGTONIAN BLVD,BOARDWALK PL,,N/A,PEDESTRIAN,SAME DIR REAR END,RAINING,WET,DAYLIGHT,OTHER,NONE DETECTED,NONE DETECTED,51FC4F60-C974-4690-B6F6-3EF2771CCB42,PEDESTRIAN,Cross/Enter at Intersection,NO IMPROPER ACTIONS,AT INTERSECTION MARKED CROSSWALK,No,NO APPARENT INJURY,N/A,39.116595,-77.19954,"(39.116595, -77.19954)"
MCP2991004J,200032494,Montgomery County Police,Injury Crash,08/20/2020 09:00:00 AM,,OLD BALTIMORE ROAD,WINTER MORNING WAY,,N/A,PEDESTRIAN,SINGLE VEHICLE,N/A,DRY,DAYLIGHT,NO CONTROLS,NONE DETECTED,NONE DETECTED,090BA119-7EE3-41AD-80DD-DC71673C8034,PEDESTRIAN,Cross/Enter at Intersection,NO IMPROPER ACTIONS,ON ROADWAY AT CROSSWALK,No,POSSIBLE INJURY,N/A,39.1422915,-77.05742067,"(39.1422915, -77.05742067)"
MCP21820010,170529342,Montgomery County Police,Injury Crash,09/08/2017 07:53:00 AM,,,,"GLENMONT METRO GARAGE
LEVEL 2, BY ROW 2C
12501 GEORGIA AVE. SILVER SPRING, MD 20902.",,BICYCLIST,STRAIGHT MOVEMENT ANGLE,CLEAR,,DAYLIGHT,NO CONTROLS,NONE DETECTED,NONE DETECTED,C042C543-E6AC-4107-9277-D47757465856,BICYCLIST,Cross/Enter at Intersection,NO IMPROPER ACTIONS,INSIDE BUILDING,No,SUSPECTED MINOR INJURY,NONE,39.06579,-77.15987333,"(39.06579, -77.15987333)"
DM84890012,210050804,Takoma Park Police Depart,Injury Crash,12/14/2021 11:23:00 AM,Municipality,BRIGHTON AVE,HOUSTON AVE,,TAKOMA PARK,PEDESTRIAN,OTHER,CLEAR,DRY,DAYLIGHT,NO CONTROLS,N/A,N/A,4843BC48-43D3-4A64-B2C5-F8AE96455165,PEDESTRIAN,Standing,N/A,SHOULDER,No,POSSIBLE INJURY,N/A,38.99072,-77.0042035,"(38.99072, -77.0042035)"
MCP3154002J,210039108,Montgomery County Police,Injury Crash,10/02/2021 07:45:00 AM,,,,"13501 RICHTER FARM ROAD, GERMANTOWN, MD 20874",,BICYCLIST,SINGLE VEHICLE,CLEAR,,DAYLIGHT,STOP SIGN,NONE DETECTED,NONE DETECTED,FAED652B-B00D-452B-8900-D66FDC052B1E,BICYCLIST,Walking/Cycling on Sidewalk,UNKNOWN,DRIVEWAY ACCESS MARKED CROSSWALK,No,SUSPECTED MINOR INJURY,MC/BIKE HELMET,39.15162364,-77.28244287,"(39.15162364, -77.28244287)"
MCP2991008Y,230065911,Montgomery County Police,Injury Crash,11/12/2023 11:50:00 AM,,,,SIDE WALK INFRONT OF 18200 GEORGIA AVE,,BICYCLIST,STRAIGHT MOVEMENT ANGLE,CLEAR,,DAYLIGHT,N/A,NONE DETECTED,NONE DETECTED,C778560A-AF0D-4798-94BA-AE573CB8E535,BICYCLIST,Other,NO IMPROPER ACTIONS,CURB,No,POSSIBLE INJURY,NONE,39.15517,-77.06697167,"(39.15517, -77.06697167)"
MCP2198008G,200048411,Montgomery County Police,Injury Crash,12/08/2020 06:28:00 PM,Municipality,KENTLANDS BLVD,GREAT SENECA HWY,,N/A,PEDESTRIAN,SINGLE VEHICLE,CLEAR,DRY,DARK LIGHTS ON,NO CONTROLS,N/A,N/A,831D8427-A0F8-4989-B06F-6C4608B3367F,PEDESTRIAN,Cross/Enter at Intersection,DART DASH,SIDEWALK,Yes,POSSIBLE INJURY,N/A,39.12277333,-77.23328,"(39.12277333, -77.23328)"
MCP27660022,15066255,MONTGOMERY,Injury Crash,12/26/2015 03:22:00 PM,County,DEWEY RD,CLEARFIELD RD,,N/A,OTHER CONVEYANCE,STRAIGHT MOVEMENT ANGLE,N/A,DRY,N/A,STOP SIGN,NONE DETECTED,NONE DETECTED,75FD8A88-5BD5-41FD-B268-CD4D85E13DC8,OTHER CONVEYANCE,Cross/Enter at Intersection,FAILURE TO OBEY TRAFFIC SIGNS SIGNALS OR OFFICER,ON ROADWAY NOT AT CROSSWALK,Yes,POSSIBLE INJURY,MC/BIKE HELMET,39.42665667,-77.42961667,"(39.42665667, -77.42961667)"
MCP3090004M,200037995,Montgomery County Police,Injury Crash,09/27/2020 11:00:00 AM,,,,PARKING LOT OF 700 HUNGERFORD DR. ROCKVILLE MD,,PEDESTRIAN,SINGLE VEHICLE,CLEAR,,DAYLIGHT,STOP SIGN,UNKNOWN,N/A,9BBD7334-6C13-4235-B5D3-3158AFDB03B7,PEDESTRIAN,Cross/Enter at Intersection,NO IMPROPER ACTIONS,ON ROADWAY AT CROSSWALK,No,POSSIBLE INJURY,NONE,39.09318511,-77.15361778,"(39.09318511, -77.15361778)"
MCP2455002C,180029032,Montgomery County Police,Injury Crash,06/12/2018 04:35:00 PM,County,REDLAND RD,ENT SHADY GROVE METRO STATION,,N/A,PEDESTRIAN,OTHER,CLEAR,DRY,DAYLIGHT,OTHER,N/A,N/A,86D26572-F732-4FC8-80E1-E5530F202F1A,PEDESTRIAN,Cross/Enter at Intersection,NO IMPROPER ACTIONS,AT INTERSECTION MARKED CROSSWALK,No,POSSIBLE INJURY,OTHER,39.1206485,-77.16052083,"(39.1206485, -77.16052083)"
MCP2969007R,190056238,Montgomery County Police,Injury Crash,11/21/2019 12:05:00 PM,Maryland (State),LAYHILL RD,SULLIVAN LA,,N/A,PEDESTRIAN,OTHER,CLEAR,DRY,DAYLIGHT,STOP SIGN,NONE DETECTED,NONE DETECTED,50CB6663-A5F1-4FB1-AF2F-FAA92CE88D60,PEDESTRIAN,Cross/Enter at Intersection,NO IMPROPER ACTIONS,ON ROADWAY AT CROSSWALK,No,POSSIBLE INJURY,NONE,39.08509833,-77.04577833,"(39.08509833, -77.04577833)"
MCP22980149,230056887,Montgomery County Police,Injury Crash,09/26/2023 06:36:00 AM,,,,"13100 SHAWNEE LN 
CLARKSBURG BUS DEPOT",,PEDESTRIAN,SINGLE VEHICLE,RAINING,,DAWN,NO CONTROLS,NONE DETECTED,NONE DETECTED,225B0867-66D5-4C26-8E89-7C388691566D,PEDESTRIAN,Other Working,NOT VISIBLE,OTHER,Unknown,SUSPECTED MINOR INJURY,NONE,39.226275,-77.27242833,"(39.226275, -77.27242833)"
MCP1227000K,16054657,Montgomery County Police,Fatal Crash,10/24/2016 06:54:00 AM,Maryland (State),GEORGIA AVE,REGINA DR,,N/A,PEDESTRIAN,SINGLE VEHICLE,CLOUDY,DRY,DARK -- UNKNOWN LIGHTING,NO CONTROLS,NONE DETECTED,NONE DETECTED,0D9AA61B-7405-4034-B274-E5206B3C58A7,PEDESTRIAN,Cross/Enter not at Intersection,UNKNOWN,ON ROADWAY NOT AT CROSSWALK,Unknown,FATAL INJURY,NONE,39.07359011,-77.06593752,"(39.07359011, -77.06593752)"
MCP3085001W,190053496,Montgomery County Police,Injury Crash,11/06/2019 04:09:00 PM,County,MACARTHUR BLVD,81ST ST,,N/A,BICYCLIST,HEAD ON LEFT TURN,CLEAR,DRY,DAYLIGHT,NO CONTROLS,NONE DETECTED,NONE DETECTED,1FAAF9B7-C38B-4969-A9A9-17DDB9AE3B53,BICYCLIST,Walking/Cycling on Sidewalk,NO IMPROPER ACTIONS,SIDEWALK,Yes,SUSPECTED MINOR INJURY,MC/BIKE HELMET,38.97459833,-77.16567333,"(38.97459833, -77.16567333)"
DM8207000F,15039378,TAKOMA,Injury Crash,08/07/2015 11:32:00 PM,Maryland (State),UNIVERSITY BLVD E,PRINCE GEORGES CO/L,,N/A,PEDESTRIAN,SINGLE VEHICLE,CLEAR,DRY,DARK LIGHTS ON,NO CONTROLS,NONE DETECTED,ALCOHOL CONTRIBUTED,60A8DE91-863E-4535-934C-F0EEFDA36052,PEDESTRIAN,Cross/Enter not at Intersection,IN ROADWAY IMPROPERLY,ON ROADWAY NOT AT CROSSWALK,Yes,POSSIBLE INJURY,N/A,38.98825,-76.98681667,"(38.98825, -76.98681667)"
MCP31980038,210039908,Montgomery County Police,Injury Crash,10/06/2021 08:21:00 PM,County,HUGGINS DR,COLLEGE VIEW DR,,N/A,PEDESTRIAN,OTHER,CLEAR,DRY,DARK NO LIGHTS,N/A,UNKNOWN,N/A,46F1EE01-58A3-48E1-8446-3E5B4D31177F,PEDESTRIAN,Unknown,UNKNOWN,ON ROADWAY NOT AT CROSSWALK,No,SUSPECTED MINOR INJURY,N/A,39.05003458,-77.07280643,"(39.05003458, -77.07280643)"
MCP2818003F,180004247,Montgomery County Police,Injury Crash,01/25/2018 12:40:00 PM,County,FENTON ST,CAMERON ST,,N/A,BICYCLIST,OTHER,CLEAR,DRY,DAYLIGHT,N/A,NONE DETECTED,NONE DETECTED,25215552-59BB-4434-A407-945FE0EB9473,BICYCLIST,Other,NO IMPROPER ACTIONS,SIDEWALK,No,POSSIBLE INJURY,N/A,38.99934333,-77.03268,"(38.99934333, -77.03268)"
MCP32000050,220005997,Montgomery County Police,Injury Crash,02/11/2022 11:50:00 AM,Maryland (State),WISCONSIN AVE,DORSET AVE,,SOMERSET,PEDESTRIAN,OTHER,CLEAR,DRY,DAYLIGHT,TRAFFIC SIGNAL,NONE DETECTED,NONE DETECTED,2AD12B4E-310A-4603-BDA4-F9556EB1D379,PEDESTRIAN,Cross/Enter at Intersection,NO IMPROPER ACTIONS,ON ROADWAY AT CROSSWALK,No,SUSPECTED MINOR INJURY,NONE,38.9672009,-77.08865523,"(38.9672009, -77.08865523)"
MCP2928000S,15036245,MONTGOMERY,Injury Crash,07/23/2015 08:11:00 AM,County,BONIFANT ST,GEORGIA AVE,,N/A,PEDESTRIAN,SINGLE VEHICLE,CLEAR,DRY,DAYLIGHT,NO CONTROLS,NONE DETECTED,NONE DETECTED,A6B1D709-9B06-4685-BD08-849AE0236358,PEDESTRIAN,Cross/Enter not at Intersection,NOT VISIBLE,ON ROADWAY NOT AT CROSSWALK,Yes,POSSIBLE INJURY,NONE,38.99373333,-77.025875,"(38.99373333, -77.025875)"
MCP23300042,230001065,Montgomery County Police,Injury Crash,01/07/2023 01:14:00 PM,,VALLEY VIEW RD,ENTRANCE TO MALL,,N/A,PEDESTRIAN,OTHER,CLEAR,DRY,DAYLIGHT,STOP SIGN,NONE DETECTED,NONE DETECTED,8B62610F-F2D2-4D92-9053-A7024E6C9EE7,PEDESTRIAN,Cross/Enter at Intersection,NO IMPROPER ACTIONS,ON ROADWAY AT CROSSWALK,No,SUSPECTED SERIOUS INJURY,NONE,39.036815,-77.05769667,"(39.036815, -77.05769667)"
MCP30050009,16001307,Montgomery County Police,Injury Crash,01/08/2016 06:51:00 AM,County,FLACK ST,WELLER RD,,N/A,PEDESTRIAN,OTHER,CLOUDY,N/A,DAWN,NO CONTROLS,UNKNOWN,NONE DETECTED,2EC90A5A-E967-4589-84B1-4871A7AA6D2E,PEDESTRIAN,Cross/Enter at Intersection,IN ROADWAY IMPROPERLY,AT INTERSECTION BUT NO CROSSWALK,Yes,POSSIBLE INJURY,N/A,39.06619131,-77.06094325,"(39.06619131, -77.06094325)"
MCP2825000M,15062229,MONTGOMERY,Injury Crash,12/05/2015 10:34:00 PM,Maryland (State),GEORGIA AVE,PLYERS MILL RD,,N/A,PEDESTRIAN,OTHER,CLEAR,DRY,DARK LIGHTS ON,TRAFFIC SIGNAL,NONE DETECTED,NONE DETECTED,4B0651D8-73E8-4E5F-86FA-2E51FBFE318E,PEDESTRIAN,Cross/Enter at Intersection,NO IMPROPER ACTIONS,ON ROADWAY AT CROSSWALK,No,SUSPECTED MINOR INJURY,N/A,39.03007749,-77.04779506,"(39.03007749, -77.04779506)"
MCP2001000K,16053275,Montgomery County Police,Fatal Crash,10/16/2016 08:49:00 PM,Maryland (State),NORBECK RD,BALTIMORE RD,,N/A,PEDESTRIAN,SINGLE VEHICLE,CLEAR,DRY,DARK LIGHTS ON,TRAFFIC SIGNAL,NONE DETECTED,ALCOHOL PRESENT,90C3335F-C3EF-4E26-90ED-619899FCD0DF,PEDESTRIAN,Cross/Enter at Intersection,DART DASH,ON ROADWAY NOT AT CROSSWALK,Yes,FATAL INJURY,NONE,39.09517243,-77.11253889,"(39.09517243, -77.11253889)"
MCP2766003P,180021755,Montgomery County Police,Injury Crash,05/03/2018 04:48:00 PM,,,,PRIVATE PASSAGEWAY WITHIN THE PRIVATE PROPERTY OF LEISURE WORLD.,,PEDESTRIAN,SINGLE VEHICLE,CLEAR,,DAYLIGHT,STOP SIGN,NONE DETECTED,NONE DETECTED,03EC2751-87C2-4D38-81A1-7131E2E04798,PEDESTRIAN,Cross/Enter at Intersection,NO IMPROPER ACTIONS,AT INTERSECTION MARKED CROSSWALK,No,POSSIBLE INJURY,NONE,39.104905,-77.07269833,"(39.104905, -77.07269833)"
MCP2917009M,220023874,Montgomery County Police,Fatal Crash,06/03/2022 10:00:00 PM,County,GRIDLEY RD,SELFRIDGE RD,,N/A,PEDESTRIAN,OTHER,CLEAR,DRY,DARK NO LIGHTS,STOP SIGN,NONE DETECTED,NONE DETECTED,E73AA02B-A59E-4561-ACCF-0780DA6409FF,PEDESTRIAN,Cross/Enter at Intersection,NO IMPROPER ACTIONS,ON ROADWAY AT CROSSWALK,No,NO APPARENT INJURY,NONE,39.05656167,-77.08530333,"(39.05656167, -77.08530333)"
MCP229800B9,16057493,Montgomery County Police,Injury Crash,11/07/2016 08:01:00 PM,Maryland (State),CLOPPER RD,LIBERTY MILL RD,,N/A,BICYCLIST,OTHER,CLEAR,N/A,DARK LIGHTS ON,NO CONTROLS,NONE DETECTED,ILLEGAL DRUG PRESENT,1BE559DC-EAE2-4CD8-AF04-54880E437CB8,BICYCLIST,Cross/Enter at Intersection,NO IMPROPER ACTIONS,AT INTERSECTION BUT NO CROSSWALK,No,NO APPARENT INJURY,NONE,39.16217474,-77.28160657,"(39.16217474, -77.28160657)"
MCP3197002J,210035920,Montgomery County Police,Injury Crash,09/12/2021 05:45:00 PM,,,,13729 CONNECTICUT AVENUE,,PEDESTRIAN,SINGLE VEHICLE,CLEAR,,DAYLIGHT,NO CONTROLS,,NONE DETECTED,F3735CFC-305A-4F0E-9DD4-84C8A3D1A2DA,PEDESTRIAN,Standing,NO IMPROPER ACTIONS,CURB,No,SUSPECTED MINOR INJURY,N/A,39.07717733,-77.07945983,"(39.07717733, -77.07945983)"
MCP3268000X,210022095,Montgomery County Police,Injury Crash,06/10/2021 10:17:00 AM,Maryland (State),NEW HAMPSHIRE AVE,LOCKWOOD DR,,N/A,OTHER,STRAIGHT MOVEMENT ANGLE,N/A,DRY,DAYLIGHT,N/A,N/A,NONE DETECTED,03CE9803-DCB5-4F31-9806-A1E5951CFCA1,OTHER,Cross/Enter at Intersection,FAILURE TO OBEY TRAFFIC SIGNS SIGNALS OR OFFICER,MEDIAN,Yes,SUSPECTED SERIOUS INJURY,N/A,39.03978967,-76.99066067,"(39.03978967, -76.99066067)"
MCP2846001Z,16031511,Montgomery County Police,Injury Crash,05/03/2016 02:00:00 PM,Maryland (State),VEIRS MILL RD,CENTERHILL ST,,N/A,BICYCLIST,OTHER,UNKNOWN,DRY,DAYLIGHT,STOP SIGN,UNKNOWN,NONE DETECTED,BFB725AF-109C-413F-A373-B20074FF1E63,BICYCLIST,Cross/Enter at Intersection,NO IMPROPER ACTIONS,AT INTERSECTION MARKED CROSSWALK,No,POSSIBLE INJURY,NONE,39.05956,-77.047535,"(39.05956, -77.047535)"
MCP3078003B,200024075,Montgomery County Police,Injury Crash,06/19/2020 09:00:00 PM,County,BLUHILL RD,CENTERHILL ST,,N/A,BICYCLIST,SAME DIRECTION SIDESWIPE,RAINING,WET,DUSK,STOP SIGN,UNKNOWN,NONE DETECTED,06BEAB1C-C42F-413B-A6AF-FB9CD4D3425E,BICYCLIST,Cross/Enter at Intersection,NO IMPROPER ACTIONS,AT INTERSECTION BUT NO CROSSWALK,No,SUSPECTED MINOR INJURY,NONE,39.05286,-77.069679,"(39.05286, -77.069679)"
MCP31210055,220058047,Montgomery County Police,Injury Crash,12/31/2022 05:34:00 PM,County,STEDWICK RD,WATKINS MILL RD,,N/A,PEDESTRIAN,SINGLE VEHICLE,RAINING,WET,DARK LIGHTS ON,TRAFFIC SIGNAL,NONE DETECTED,NONE DETECTED,1D548159-AB6B-4D95-862A-920CE54726A3,PEDESTRIAN,Cross/Enter at Intersection,NO IMPROPER ACTIONS,AT INTERSECTION MARKED CROSSWALK,No,POSSIBLE INJURY,NONE,39.17063469,-77.20885412,"(39.17063469, -77.20885412)"
MCP2723006D,220023464,Montgomery County Police,Injury Crash,06/01/2022 04:10:00 PM,County,DRAKE DR,RUSSETT RD,,N/A,BICYCLIST,SINGLE VEHICLE,CLEAR,DRY,DAYLIGHT,NO CONTROLS,N/A,N/A,513F5D3E-BC46-44B2-8835-C1D8BAC9D69B,BICYCLIST,Cross/Enter at Intersection,NO IMPROPER ACTIONS,SIDEWALK,No,SUSPECTED MINOR INJURY,UNKNOWN,39.08466833,-77.10403,"(39.08466833, -77.10403)"
MCP2664003X,170549210,Montgomery County Police,Injury Crash,12/18/2017 07:40:00 AM,County,VALLEYWOOD DR,VEIRS MILL RD,,N/A,PEDESTRIAN,SINGLE VEHICLE,CLEAR,WET,DAYLIGHT,STOP SIGN,NONE DETECTED,NONE DETECTED,D2DC6816-E25D-43B4-96A5-A97D621C22F2,PEDESTRIAN,Cross/Enter at Intersection,NO IMPROPER ACTIONS,ON ROADWAY AT CROSSWALK,No,POSSIBLE INJURY,NONE,39.049585,-77.07058333,"(39.049585, -77.07058333)"
MCP2982001X,170503149,Montgomery County Police,Injury Crash,04/20/2017 02:22:00 PM,Maryland (State),GEORGIA AVE,CAMERON ST,,N/A,PEDESTRIAN,OTHER,CLEAR,DRY,DAYLIGHT,TRAFFIC SIGNAL,UNKNOWN,NONE DETECTED,4FBEB9F2-7BE0-4412-B482-041D66EF8658,PEDESTRIAN,Cross/Enter at Intersection,NO IMPROPER ACTIONS,ON ROADWAY AT CROSSWALK,No,SUSPECTED MINOR INJURY,NONE,38.99761097,-77.02974513,"(38.99761097, -77.02974513)"
MCP3218001R,210026879,Montgomery County Police,Injury Crash,07/12/2021 07:22:00 PM,Maryland (State),GEORGIA AVE,RANDOLPH RD,,N/A,PEDESTRIAN,STRAIGHT MOVEMENT ANGLE,CLEAR,DRY,DAYLIGHT,TRAFFIC SIGNAL,NONE DETECTED,NONE DETECTED,E792B15C-FBD7-42C9-8026-3E8111B9474F,PEDESTRIAN,Cross/Enter not at Intersection,IN ROADWAY IMPROPERLY,ON ROADWAY NOT AT CROSSWALK,Unknown,SUSPECTED SERIOUS INJURY,NONE,39.05770717,-77.050085,"(39.05770717, -77.050085)"
MCP31360044,210009735,Montgomery County Police,Injury Crash,03/12/2021 07:30:00 PM,,,,ENTRANCE TO SHOPPING CENTER,,PEDESTRIAN,OTHER,N/A,,N/A,N/A,N/A,N/A,EE7E0B01-B8A6-4978-B25E-EBED3F3E4487,PEDESTRIAN,Walking/Cycling on Sidewalk,UNKNOWN,DRIVEWAY ACCESS MARKED CROSSWALK,No,POSSIBLE INJURY,N/A,38.99842547,-77.00105105,"(38.99842547, -77.00105105)"
MCP3006007D,220021952,Montgomery County Police,Property Damage Crash,05/23/2022 01:30:00 PM,Other Public Roadway,GEORGIAN WAY,GEORGIA AVE,,N/A,BICYCLIST,STRAIGHT MOVEMENT ANGLE,CLEAR,DRY,DAYLIGHT,NO CONTROLS,NONE DETECTED,NONE DETECTED,678D9779-002C-4487-A0A3-AD02DE668CDF,BICYCLIST,Walking/Riding against Traffic,NO IMPROPER ACTIONS,SIDEWALK,No,NO APPARENT INJURY,NONE,39.054195,-77.05031,"(39.054195, -77.05031)"
MCP1099004Q,220041114,Montgomery County Police,Injury Crash,09/21/2022 12:50:00 PM,,,,RED MILL SHOPPING CENTER 7200 MUNCASTER MILL ROAD DERWOOD,,PEDESTRIAN,OTHER,CLEAR,,DAYLIGHT,NO CONTROLS,NONE DETECTED,NONE DETECTED,720124E7-2EAB-4E4E-AD9F-AA100357F663,PEDESTRIAN,Standing,N/A,OTHER,No,POSSIBLE INJURY,N/A,39.145555,-77.145145,"(39.145555, -77.145145)"
MCP23720033,200030807,Montgomery County Police,Injury Crash,08/08/2020 11:08:00 AM,County,MACARTHUR BLVD,BEGIN BRIDGE,,N/A,BICYCLIST,SAME DIR REAR END,CLEAR,DRY,DAYLIGHT,NO CONTROLS,NONE DETECTED,NONE DETECTED,1673091D-E553-410D-B2E8-C1B0472DD625,BICYCLIST,Walking/Riding w/Traffic,NO IMPROPER ACTIONS,ON ROADWAY NOT AT CROSSWALK,No,SUSPECTED MINOR INJURY,MC/BIKE HELMET,38.97277283,-77.14873267,"(38.97277283, -77.14873267)"
MCP21950045,210013509,Montgomery County Police,Injury Crash,04/11/2021 12:48:00 PM,County,BACALL LA,TRAVILAH RD,,N/A,PEDESTRIAN,OTHER,CLEAR,DRY,DAYLIGHT,NO CONTROLS,UNKNOWN,NONE DETECTED,E0C6DB29-86BE-4C10-ACF8-A14B216ADD3D,PEDESTRIAN,Walking/Riding w/Traffic,UNKNOWN,ON ROADWAY NOT AT CROSSWALK,Unknown,SUSPECTED MINOR INJURY,NONE,39.06319229,-77.27022872,"(39.06319229, -77.27022872)"
MCP27890026,16003701,Montgomery County Police,Injury Crash,01/20/2016 07:20:00 PM,Maryland (State),GEORGIA AVE,AUGUST DR,,N/A,PEDESTRIAN,SINGLE VEHICLE,SNOW,SNOW,DARK LIGHTS ON,NO CONTROLS,N/A,N/A,ECD282E3-9D31-4663-B0CF-88F845E4C89E,PEDESTRIAN,Walking/Cycling on Sidewalk,OTHER,OTHER,Yes,SUSPECTED MINOR INJURY,N/A,39.02171333,-77.04463,"(39.02171333, -77.04463)"
MCP3170001H,200031418,Montgomery County Police,Property Damage Crash,08/12/2020 06:04:00 PM,,,,PARKING LOT IN FRONT OF 12807 SAGE TER,,BICYCLIST,OTHER,CLOUDY,,DAYLIGHT,NO CONTROLS,NONE DETECTED,NONE DETECTED,3133DE36-2CAB-415B-A376-C2F9A3FDCE79,BICYCLIST,Cross/Enter not at Intersection,DART DASH,OTHER,Yes,NO APPARENT INJURY,NONE,39.16072223,-77.26600841,"(39.16072223, -77.26600841)"
MCP2055000L,15035859,MONTGOMERY,Property Damage Crash,07/22/2015 09:30:00 AM,,,,"Abandoned Auto Parking lot, 305 Metropolitan Grove Road Gaithersburg MD 20878",,OTHER,N/A,CLEAR,,DAYLIGHT,N/A,,NONE DETECTED,49FEAB0B-73F1-4ED5-9E4C-FCA3BB30CD99,OTHER,Push/Work on Vehicle,NO IMPROPER ACTIONS,N/A,Yes,NO APPARENT INJURY,N/A,39.14896648,-77.22641945,"(39.14896648, -77.22641945)"
MCP3205000T,200000859,Montgomery County Police,Injury Crash,01/06/2020 10:38:00 AM,,,,"DRIVEWAY OF 413 DENNIS AVE SILVER SPRING, MD 20901",,OTHER,SINGLE VEHICLE,N/A,,DAYLIGHT,N/A,,NONE DETECTED,B026062D-7E2A-4D0A-866D-2653D6B99E31,OTHER,Other,NO IMPROPER ACTIONS,OTHER,Unknown,SUSPECTED SERIOUS INJURY,N/A,39.027372,-77.01802633,"(39.027372, -77.01802633)"
MCP3044006C,220057586,Montgomery County Police,Injury Crash,12/28/2022 05:44:00 PM,Maryland (State),PINEY BRANCH RD,UNIVERSITY BLVD E,,N/A,PEDESTRIAN,OTHER,CLEAR,DRY,DARK NO LIGHTS,TRAFFIC SIGNAL,NONE DETECTED,NONE DETECTED,CC70CBD4-68F9-41E6-880C-7FEBD7E861F6,PEDESTRIAN,Cross/Enter not at Intersection,FAILURE TO YIELD RIGHT OF WAY,ON ROADWAY NOT AT CROSSWALK,Yes,POSSIBLE INJURY,NONE,38.99941732,-76.99638024,"(38.99941732, -76.99638024)"