Report Number,Local Case Number,Agency Name,ACRS Report Type,Crash Date/Time,Route Type,Road Name,Cross-Street Name,Off-Road Description,Municipality,Related Non-Motorist,Collision Type,Weather,Surface Condition,Light,Traffic Control,Driver Substance Abuse,Non-Motorist Substance Abuse,Person ID,Pedestrian Type,Pedestrian Movement,Pedestrian Actions,Pedestrian Location,At Fault,Injury Severity,Safety Equipment,Latitude,Longitude,Location
MCP2016002G,170547724,Montgomery County Police,Injury Crash,12/10/2017 01:22:00 PM,,,,KIELBASA FACTORY BUILDING AND PARKING LOT LOCATED AT 1065 ROCKVILLE PIKE,,PEDESTRIAN,OTHER,CLEAR,,DAYLIGHT,N/A,NONE DETECTED,N/A,3211E150-9986-4E0A-AFD2-E1D20D4ECDF7,PEDESTRIAN,Other,NO IMPROPER ACTIONS,INSIDE BUILDING,No,SUSPECTED MINOR INJURY,N/A,39.07099833,-77.13331833,"(39.07099833, -77.13331833)"
MCP29050013,15030009,Montgomery County Police,Property Damage Crash,06/19/2015 05:25:00 PM,County,ROCKING HORSE RD,BOILING BROOK PKWY,,N/A,BICYCLIST,STRAIGHT MOVEMENT ANGLE,CLOUDY,DRY,DAYLIGHT,STOP SIGN,NONE DETECTED,ALCOHOL PRESENT,443DE02C-B11F-4DF2-A3C6-EB5068747281,BICYCLIST,Cross/Enter at Intersection,FAILURE TO YIELD RIGHT OF WAY,ON ROADWAY AT CROSSWALK,,NO APPARENT INJURY,NONE,39.04771698,-77.09821656,"(39.04771698, -77.09821656)"
MCP3200005L,220019858,Montgomery County Police,Injury Crash,05/10/2022 01:45:00 PM,County,NEILWOOD DR,LUXMANOR RD,,N/A,PEDESTRIAN,OTHER,CLEAR,DRY,DAYLIGHT,NO CONTROLS,,NONE DETECTED,EDA9CF4A-10DF-4D13-90E9-5844F2C73522,PEDESTRIAN,Other Working,ENTERING EXITING PARKED STANDING VEHICLE,ON ROADWAY NOT AT CROSSWALK,Yes,SUSPECTED MINOR INJURY,NONE,39.04576333,-77.12315283,"(39.04576333, -77.12315283)"
MCP1323001H,210038560,Montgomery County Police,Injury Crash,09/29/2021 11:14:00 AM,US (State),GEORGIA AVE,BLAIR RD,,N/A,BICYCLIST,SAME DIRECTION SIDESWIPE,CLEAR,DRY,DAYLIGHT,TRAFFIC SIGNAL,NONE DETECTED,NONE DETECTED,6F12AE92-464F-4C92-B812-E06E1152E146,BICYCLIST,Walking/Riding w/Traffic,ENTERING EXITING PARKED STANDING VEHICLE,CURB,Yes,SUSPECTED MINOR INJURY,MC/BIKE HELMET,38.98482,-77.02689333,"(38.98482, -77.02689333)"
MCP2594001M,16029781,Montgomery County Police,Injury Crash,06/13/2016 02:01:00 PM,Maryland (State),OLNEY SANDY SPRING RD,VILLAGE CENTER DR,,N/A,BICYCLIST,OTHER,CLEAR,DRY,DAYLIGHT,TRAFFIC SIGNAL,NONE DETECTED,NONE DETECTED,AE41D62D-86BB-400A-8AF0-10C8889B07AF,BICYCLIST,Cross/Enter at Intersection,NO IMPROPER ACTIONS,ON ROADWAY AT CROSSWALK,No,SUSPECTED MINOR INJURY,NONE,39.15214892,-77.06449851,"(39.15214892, -77.06449851)"
MCP3320000V,220021711,Montgomery County Police,Injury Crash,05/21/2022 04:00:00 PM,County,FENTON ST,THAYER AVE,,N/A,PEDESTRIAN,SINGLE VEHICLE,CLEAR,DRY,DAYLIGHT,TRAFFIC SIGNAL,NONE DETECTED,NONE DETECTED,93E2C2FC-B5DB-4F08-9E50-5D7B83F7E93C,PEDESTRIAN,Cross/Enter at Intersection,N/A,AT INTERSECTION MARKED CROSSWALK,No,SUSPECTED MINOR INJURY,N/A,38.99304768,-77.02408693,"(38.99304768, -77.02408693)"
MCP3160003B,220007043,Montgomery County Police,Injury Crash,02/17/2022 07:30:00 PM,Maryland (State),CONNECTICUT AVE,WOODBINE ST,,CHEVY CHASE #4,PEDESTRIAN,SINGLE VEHICLE,CLEAR,DRY,DARK LIGHTS ON,NO CONTROLS,UNKNOWN,ALCOHOL PRESENT,9339E048-1E8C-44D6-8BD1-D8FEF9F2F8D0,PEDESTRIAN,Cross/Enter at Intersection,NOT VISIBLE,MEDIAN,Yes,POSSIBLE INJURY,NONE,38.99143,-77.09789167,"(38.99143, -77.09789167)"
EJ7884005N,230009164,Gaithersburg Police Depar,Injury Crash,02/23/2023 05:36:00 PM,County,FIELDS RD,RIO BLVD,,GAITHERSBURG,PEDESTRIAN,HEAD ON,CLEAR,DRY,DAWN,NO CONTROLS,N/A,N/A,B5D67847-36C9-4E5D-B014-1B0AA10C9E24,PEDESTRIAN,Standing,NO IMPROPER ACTIONS,OTHER,No,POSSIBLE INJURY,N/A,39.11561247,-77.20505528,"(39.11561247, -77.20505528)"
MCP2348000M,15003441,Montgomery County Police,Injury Crash,01/21/2015 07:30:00 PM,Maryland (State),UNIVERSITY BLVD W,INWOOD AVE,,N/A,PEDESTRIAN,SINGLE VEHICLE,OTHER,WET,DARK LIGHTS ON,TRAFFIC SIGNAL,NONE DETECTED,NONE DETECTED,46E778DA-A668-46ED-A447-576A216AAA15,PEDESTRIAN,Other,NO IMPROPER ACTIONS,OTHER,,SUSPECTED SERIOUS INJURY,N/A,39.03602,-77.03609333,"(39.03602, -77.03609333)"
MCP271700D7,170531533,Montgomery County Police,Injury Crash,09/19/2017 02:45:00 PM,Maryland (State),WISCONSIN AVE,BETHESDA AVE,,N/A,BICYCLIST,OTHER,CLEAR,DRY,DAYLIGHT,TRAFFIC SIGNAL,NONE DETECTED,NONE DETECTED,1A509883-B370-4859-83E2-8F39949305B2,BICYCLIST,Cross/Enter at Intersection,NO IMPROPER ACTIONS,ON ROADWAY AT CROSSWALK,No,SUSPECTED MINOR INJURY,OTHER,38.98086817,-77.0926465,"(38.98086817, -77.0926465)"
MCP25040026,170503962,Montgomery County Police,Injury Crash,04/24/2017 06:35:00 PM,,PARK POTOMAC AVENUE,CADBURY AVENUE,,N/A,PEDESTRIAN,STRAIGHT MOVEMENT ANGLE,RAINING,WET,DAYLIGHT,STOP SIGN,NONE DETECTED,NONE DETECTED,938F15C5-AEF4-4766-8C71-934613559B48,PEDESTRIAN,Cross/Enter at Intersection,NO IMPROPER ACTIONS,ON ROADWAY AT CROSSWALK,No,SUSPECTED MINOR INJURY,N/A,39.06017167,-77.15780833,"(39.06017167, -77.15780833)"
MCP2554000S,15017312,Montgomery County Police,Injury Crash,04/14/2015 02:00:00 PM,Maryland (State),MONTGOMERY AVE,PEARL ST,,N/A,PEDESTRIAN,OTHER,RAINING,WET,DAYLIGHT,TRAFFIC SIGNAL,NONE DETECTED,NONE DETECTED,09D9CF4A-68F9-4F97-9C79-FE423FC3A047,PEDESTRIAN,Cross/Enter at Intersection,NO IMPROPER ACTIONS,ON ROADWAY AT CROSSWALK,,POSSIBLE INJURY,N/A,38.98417667,-77.09098833,"(38.98417667, -77.09098833)"
MCP2784002Q,16055162,Montgomery County Police,Injury Crash,10/26/2016 05:45:00 PM,Maryland (State),LAYHILL RD,GLENALLAN AVE,,N/A,PEDESTRIAN,OTHER,CLEAR,DRY,N/A,TRAFFIC SIGNAL,NONE DETECTED,NONE DETECTED,B550F6D6-BF5B-4BF4-A27A-9F802E97D2C1,PEDESTRIAN,Cross/Enter at Intersection,NO IMPROPER ACTIONS,ON ROADWAY AT CROSSWALK,No,POSSIBLE INJURY,NONE,39.06338667,-77.04991333,"(39.06338667, -77.04991333)"
MCP9419000H,16006562,Montgomery County Police,Injury Crash,02/08/2016 02:17:00 PM,Municipality,HALSEY RD,ARDENNES AVE,,ROCKVILLE,PEDESTRIAN,OTHER,CLEAR,DRY,DAYLIGHT,NO CONTROLS,NONE DETECTED,NONE DETECTED,D960AE00-4986-4865-BEDE-996C5EC2A45E,PEDESTRIAN,Other Working,N/A,OTHER,Unknown,POSSIBLE INJURY,N/A,39.07601803,-77.11702824,"(39.07601803, -77.11702824)"
MCP28660071,210022763,Montgomery County Police,Injury Crash,06/14/2021 06:15:00 PM,,,,"BETHESDA METRO CENTER BUS LOOP, 3 BETHESDA METRO CENTER, BETHESDA, MD, 20814",,PEDESTRIAN,SINGLE VEHICLE,CLEAR,,DAYLIGHT,NO CONTROLS,NONE DETECTED,NONE DETECTED,6BE6567C-7F32-45B8-944B-F1748AD443D4,PEDESTRIAN,Getting off/on Vehicle,NO IMPROPER ACTIONS,CURB,No,SUSPECTED MINOR INJURY,NONE,38.98458873,-77.09433653,"(38.98458873, -77.09433653)"
MCP137800RB,190031757,Montgomery County Police,Injury Crash,07/03/2019 05:27:00 PM,County,STRATOS LA,AIRPARK RD,,N/A,BICYCLIST,STRAIGHT MOVEMENT ANGLE,CLEAR,DRY,DAYLIGHT,TRAFFIC SIGNAL,NONE DETECTED,NONE DETECTED,E591D81C-AC5A-4E79-A543-8B63DD715F78,BICYCLIST,Cross/Enter at Intersection,NO IMPROPER ACTIONS,ON ROADWAY AT CROSSWALK,Unknown,SUSPECTED MINOR INJURY,NONE,39.16099,-77.1448,"(39.16099, -77.1448)"
MCP94420023,210025732,Montgomery County Police,Injury Crash,06/23/2021 07:00:00 AM,,,,PARKING LOT OF 19351 DUNBRIDGE WAY,,PEDESTRIAN,OTHER,CLEAR,,DAYLIGHT,N/A,N/A,N/A,6D99C991-8713-476D-856B-902B8AFA6F69,PEDESTRIAN,Other,NO IMPROPER ACTIONS,OTHER,No,SUSPECTED MINOR INJURY,N/A,39.17341333,-77.212455,"(39.17341333, -77.212455)"
MCP2835000Z,15066183,MONTGOMERY,Injury Crash,12/25/2015 11:00:00 PM,,,,PARKING LOT BEHIND 8105 EAST WEST HWY,,PEDESTRIAN,HEAD ON,CLEAR,,DARK LIGHTS ON,NO CONTROLS,NONE DETECTED,NONE DETECTED,9EB27A18-61F3-4C3E-886A-97F777D6AF88,PEDESTRIAN,Other,NO IMPROPER ACTIONS,OTHER,No,SUSPECTED MINOR INJURY,NONE,38.99828114,-77.0416005,"(38.99828114, -77.0416005)"
MCP2347001Z,180048866,Montgomery County Police,Injury Crash,09/30/2018 02:51:00 PM,,CHERRY HILL ROAD,PROSPERITY DRIVE,,N/A,BICYCLIST,SAME DIRECTION LEFT TURN,CLEAR,DRY,DAYLIGHT,NO CONTROLS,NONE DETECTED,NONE DETECTED,4299F155-AD13-448E-A478-93BBF258F56D,BICYCLIST,Other,OTHER,ON ROADWAY NOT AT CROSSWALK,Yes,SUSPECTED MINOR INJURY,MC/BIKE HELMET,39.06115333,-76.95790333,"(39.06115333, -76.95790333)"
MCP3165002G,200039752,Montgomery County Police,Injury Crash,10/09/2020 09:30:00 AM,County,MCKNEW RD,SANDY SPRING RD,,N/A,PEDESTRIAN,SAME DIR REAR END,CLEAR,DRY,DAYLIGHT,N/A,NONE DETECTED,NONE DETECTED,BE3131D8-88B4-4473-95CD-023996A26891,PEDESTRIAN,Walking/Riding w/Traffic,NO IMPROPER ACTIONS,SHOULDER,No,POSSIBLE INJURY,NONE,39.10522,-76.91962833,"(39.10522, -76.91962833)"
MCP3119003N,220036233,Montgomery County Police,Injury Crash,08/22/2022 01:40:00 PM,Other Public Roadway,APPLE RIDGE RD,BUHRSTONE DR,,N/A,PEDESTRIAN,SINGLE VEHICLE,CLEAR,DRY,DAYLIGHT,NO CONTROLS,NONE DETECTED,NONE DETECTED,887E4E56-3389-4CD3-9383-27E0EFED5DBB,PEDESTRIAN,Cross/Enter at Intersection,NO IMPROPER ACTIONS,ON ROADWAY AT CROSSWALK,No,SUSPECTED MINOR INJURY,NONE,39.18265076,-77.21346754,"(39.18265076, -77.21346754)"
MCP0487000J,15035567,MONTGOMERY,Injury Crash,07/19/2015 12:23:00 PM,County,MIDCOUNTY HWY,WASHINGTON GROVE LA,,N/A,PEDESTRIAN,OTHER,CLEAR,DRY,DAYLIGHT,TRAFFIC SIGNAL,NONE DETECTED,NONE DETECTED,F89BD89E-5651-4C9A-BB98-73A3C854E4A2,PEDESTRIAN,Cross/Enter at Intersection,FAILURE TO YIELD RIGHT OF WAY,ON ROADWAY AT CROSSWALK,Yes,SUSPECTED MINOR INJURY,NONE,39.147685,-77.16892667,"(39.147685, -77.16892667)"
MCP2738002T,180031492,Montgomery County Police,Injury Crash,06/26/2018 05:55:00 PM,County,BRIGGS CHANEY RD,ROBEY RD,,N/A,PEDESTRIAN,N/A,N/A,N/A,DAYLIGHT,NO CONTROLS,N/A,N/A,D8790231-2FE4-42D2-8376-0085280E68C3,PEDESTRIAN,N/A,NOT VISIBLE,N/A,Unknown,SUSPECTED MINOR INJURY,NONE,39.07774667,-76.944295,"(39.07774667, -76.944295)"
MCP2291003D,180064385,Montgomery County Police,Injury Crash,12/24/2018 06:15:00 PM,County,BETHESDA AVE,WOODMONT AVE,,N/A,BICYCLIST,SINGLE VEHICLE,CLEAR,DRY,DARK LIGHTS ON,NO CONTROLS,UNKNOWN,UNKNOWN,1FF44DE5-22A9-44AD-9BA8-E7D5589EEF10,BICYCLIST,Cross/Enter at Intersection,NO IMPROPER ACTIONS,SIDEWALK,No,SUSPECTED MINOR INJURY,UNKNOWN,38.99124433,-77.097848,"(38.99124433, -77.097848)"
MCP1366006M,170539753,Montgomery County Police,Injury Crash,10/30/2017 09:55:00 AM,,,,"SHADY GROVE METRO 

15903 SOMMERVILLE DR
 ROCKVILLE, MD 20855",,PEDESTRIAN,SINGLE VEHICLE,CLEAR,,DAYLIGHT,NO CONTROLS,UNKNOWN,N/A,6008042E-D5F3-435C-83F2-4556970F8BBC,PEDESTRIAN,Other,NO IMPROPER ACTIONS,OTHER,No,SUSPECTED MINOR INJURY,N/A,39.11896,-77.16729333,"(39.11896, -77.16729333)"
MCP3090003V,200005455,Montgomery County Police,Injury Crash,02/02/2020 11:15:00 AM,County,OLD STAGE RD,OLD BRIDGE RD,,N/A,PEDESTRIAN,SINGLE VEHICLE,CLEAR,DRY,DAYLIGHT,STOP SIGN,N/A,N/A,54E8D089-5D28-427A-A40F-191AC6D17463,PEDESTRIAN,Cross/Enter at Intersection,NO IMPROPER ACTIONS,ON ROADWAY AT CROSSWALK,No,POSSIBLE INJURY,NONE,39.05181675,-77.1456672,"(39.05181675, -77.1456672)"
MCP3117002N,200032718,Montgomery County Police,Property Damage Crash,08/21/2020 06:43:00 PM,,,,PARKING LOT OF HILTON HOTEL AT 1750 ROCKVILLE PIKE,,PEDESTRIAN,OTHER,CLEAR,,DAYLIGHT,NO CONTROLS,NONE DETECTED,NONE DETECTED,9F96F2C6-8878-401B-941A-0E87E5C349A9,PEDESTRIAN,Walking/Cycling on Sidewalk,IMPROPER PASSING,SIDEWALK,No,NO APPARENT INJURY,NONE,39.06135819,-77.12347747,"(39.06135819, -77.12347747)"
MCP2940000W,16048893,Montgomery County Police,Injury Crash,09/23/2016 08:31:00 AM,Maryland (State),WISCONSIN AVE,BETHESDA AVE,,N/A,PEDESTRIAN,OTHER,CLEAR,DRY,DAYLIGHT,TRAFFIC SIGNAL,NONE DETECTED,NONE DETECTED,C1CB4330-3F61-4945-8D6F-B6F749F23562,PEDESTRIAN,Cross/Enter at Intersection,NO IMPROPER ACTIONS,AT INTERSECTION MARKED CROSSWALK,No,POSSIBLE INJURY,NONE,38.98105467,-77.09281325,"(38.98105467, -77.09281325)"
MCP26660052,210027462,Montgomery County Police,Injury Crash,07/16/2021 09:00:00 AM,Maryland (State),UNIVERSITY BLVD E,PINEY BRANCH RD,,N/A,PEDESTRIAN,SINGLE VEHICLE,CLEAR,DRY,DAYLIGHT,TRAFFIC SIGNAL,NONE DETECTED,NONE DETECTED,F1CDBFDB-2E1D-41AD-B71D-F2F05A5BC240,PEDESTRIAN,Cross/Enter not at Intersection,IN ROADWAY IMPROPERLY,ON ROADWAY NOT AT CROSSWALK,Yes,SUSPECTED MINOR INJURY,NONE,39.00025383,-76.995517,"(39.00025383, -76.995517)"
MCP2394001V,16001446,Montgomery County Police,Injury Crash,01/08/2016 06:02:00 PM,Municipality,MARYLAND AVE,E MONTGOMERY AVE AT COURTHOUSE SQ,,ROCKVILLE,PEDESTRIAN,OTHER,RAINING,WET,DARK LIGHTS ON,STOP SIGN,NONE DETECTED,NONE DETECTED,6EDEA387-E028-4B32-809D-867F6DBC586B,PEDESTRIAN,Cross/Enter at Intersection,NOT VISIBLE,UNKNOWN,Yes,POSSIBLE INJURY,NONE,39.08402667,-77.15109667,"(39.08402667, -77.15109667)"
EJ7866009J,200048190,Gaithersburg Police Depar,Injury Crash,12/07/2020 12:08:00 PM,Municipality,RUSSELL AVE,MARYLAND AVE,,GAITHERSBURG,PEDESTRIAN,OTHER,CLEAR,DRY,DAYLIGHT,STOP SIGN,NONE DETECTED,NONE DETECTED,29B0A4BF-B709-4E3B-A6EA-AB3CD92501ED,PEDESTRIAN,Cross/Enter at Intersection,NO IMPROPER ACTIONS,ON ROADWAY AT CROSSWALK,No,POSSIBLE INJURY,NONE,39.14851765,-77.19946173,"(39.14851765, -77.19946173)"
MCP9386004T,170513166,Montgomery County Police,Injury Crash,06/12/2017 08:23:00 AM,County,MARYKNOLL AVE,WILSON LA,,N/A,BICYCLIST,STRAIGHT MOVEMENT ANGLE,CLEAR,DRY,DAYLIGHT,STOP SIGN,NONE DETECTED,NONE DETECTED,73BFF3CF-0223-46FC-A8F2-34DD14E56FC2,BICYCLIST,Walking/Cycling on Sidewalk,FAILURE TO YIELD RIGHT OF WAY,SIDEWALK,Yes,SUSPECTED MINOR INJURY,UNKNOWN,38.98655267,-77.13406831,"(38.98655267, -77.13406831)"
MCP3089003W,230029744,Montgomery County Police,Injury Crash,06/21/2023 10:26:00 AM,US (State),COLESVILLE RD,SPRING ST,,N/A,PEDESTRIAN,OTHER,RAINING,WET,DAYLIGHT,TRAFFIC SIGNAL,N/A,ALCOHOL PRESENT,3A4728FF-B1FB-4176-B056-521210D254E4,PEDESTRIAN,N/A,IN ROADWAY IMPROPERLY,OUTSIDE RIGHT OF WAY,Yes,POSSIBLE INJURY,N/A,38.99962833,-77.02592833,"(38.99962833, -77.02592833)"
HA24350002,17000229,Maryland-National Capital,Injury Crash,02/28/2017 01:47:00 PM,County,WAYNE AVE,SLIGO CREEK PKWY,,N/A,PEDESTRIAN,SINGLE VEHICLE,CLOUDY,DRY,DAYLIGHT,TRAFFIC SIGNAL,NONE DETECTED,NONE DETECTED,30359EC8-7F50-4C63-B828-816965A34540,PEDESTRIAN,Cross/Enter at Intersection,NO IMPROPER ACTIONS,AT INTERSECTION MARKED CROSSWALK,No,SUSPECTED SERIOUS INJURY,N/A,38.999865,-77.01059833,"(38.999865, -77.01059833)"
MCP2116006P,170522772,Montgomery County Police,Injury Crash,08/03/2017 03:32:00 PM,,,,DRIVE WAY AND SIDEWALK OF 1111 EDMONSTON DRIVE,,BICYCLIST,STRAIGHT MOVEMENT ANGLE,CLEAR,,DAYLIGHT,N/A,NONE DETECTED,NONE DETECTED,FEC49B82-D363-43FE-81E8-13C85DD8ABE1,BICYCLIST,Other,INATTENTIVE,SIDEWALK,Yes,POSSIBLE INJURY,NONE,39.07544667,-77.132775,"(39.07544667, -77.132775)"
MCP91300018,15034205,MONTGOMERY,Injury Crash,07/12/2015 01:29:00 PM,County,ALLEY,DOMER AVE,,N/A,PEDESTRIAN,STRAIGHT MOVEMENT ANGLE,CLEAR,DRY,DAYLIGHT,NO CONTROLS,NONE DETECTED,NONE DETECTED,76FAA8A9-8A7E-4FA2-8CC6-85418F8DCF46,PEDESTRIAN,Standing,NO IMPROPER ACTIONS,CURB,No,SUSPECTED SERIOUS INJURY,NONE,38.99673667,-77.00256333,"(38.99673667, -77.00256333)"
MCP2678004H,230060993,Montgomery County Police,Injury Crash,10/17/2023 07:47:00 AM,Maryland (State),UNIVERSITY BLVD W,CADDINGTON AVE,,N/A,PEDESTRIAN,STRAIGHT MOVEMENT ANGLE,CLEAR,DRY,DAYLIGHT,TRAFFIC SIGNAL,NONE DETECTED,NONE DETECTED,4E4091C9-A471-4FC7-8ADA-5107F810A57F,PEDESTRIAN,Cross/Enter not at Intersection,DART DASH,ON ROADWAY NOT AT CROSSWALK,Yes,SUSPECTED MINOR INJURY,NONE,39.03368227,-77.02376056,"(39.03368227, -77.02376056)"
EJ78260034,180011319,Gaithersburg Police Depar,Injury Crash,03/06/2018 07:20:00 AM,,TEACHERS WAY,N SUMMIT AVE,,N/A,PEDESTRIAN,OTHER,CLOUDY,DRY,DAYLIGHT,STOP SIGN,N/A,N/A,AB9F4CD6-8A11-49D9-B805-C2C5429574A8,PEDESTRIAN,Cross/Enter at Intersection,NO IMPROPER ACTIONS,AT INTERSECTION MARKED CROSSWALK,No,POSSIBLE INJURY,NONE,39.14313995,-77.19301924,"(39.14313995, -77.19301924)"
MCP3242000F,190050913,Montgomery County Police,Injury Crash,10/23/2019 12:17:00 PM,Maryland (State),GEORGIA AVE,CAMERON ST,,N/A,PEDESTRIAN,SINGLE VEHICLE,CLEAR,DRY,DAYLIGHT,TRAFFIC SIGNAL,NONE DETECTED,NONE DETECTED,CF100AD6-8D4C-4F10-89A4-0E8F0C18BFB1,PEDESTRIAN,Cross/Enter at Intersection,NO IMPROPER ACTIONS,AT INTERSECTION MARKED CROSSWALK,No,SUSPECTED MINOR INJURY,NONE,38.99746913,-77.02971603,"(38.99746913, -77.02971603)"
MCP0539001G,15012440,Montgomery County Police,Injury Crash,03/18/2015 07:05:00 AM,Maryland (State),GEORGIA AVE,ATLANTA DR,,N/A,BICYCLIST,SINGLE VEHICLE,CLEAR,DRY,DAWN,NO CONTROLS,NONE DETECTED,NONE DETECTED,164291DD-2CD3-4775-BAA5-4FA6437941CD,BICYCLIST,Walking/Riding against Traffic,NO IMPROPER ACTIONS,SIDEWALK,,SUSPECTED SERIOUS INJURY,MC/BIKE HELMET,39.065665,-77.05803167,"(39.065665, -77.05803167)"
MCP2753005N,220031949,Montgomery County Police,Injury Crash,07/25/2022 05:17:00 AM,County,GOOD HOPE RD,RAINBOW DR,,N/A,PEDESTRIAN,OTHER,CLEAR,DRY,DARK LIGHTS ON,STOP SIGN,NONE DETECTED,NONE DETECTED,08047BB8-5175-48A0-9795-220CA0357FC7,PEDESTRIAN,Standing,OTHER,AT INTERSECTION BUT NO CROSSWALK,Unknown,SUSPECTED MINOR INJURY,NONE,39.11042167,-76.979125,"(39.11042167, -76.979125)"
MCP2411003W,190052261,Montgomery County Police,Injury Crash,10/30/2019 04:29:00 PM,County,ROCKING HORSE RD,RANDOLPH RD,,N/A,PEDESTRIAN,OTHER,CLEAR,DRY,DAYLIGHT,TRAFFIC SIGNAL,NONE DETECTED,NONE DETECTED,7AFE15C1-923C-4140-B47E-1118C7F9576B,PEDESTRIAN,Cross/Enter at Intersection,NO IMPROPER ACTIONS,ON ROADWAY AT CROSSWALK,No,SUSPECTED MINOR INJURY,NONE,39.05385636,-77.09416462,"(39.05385636, -77.09416462)"
MCP2077001S,170518841,Montgomery County Police,Injury Crash,07/21/2017 10:02:00 AM,,,,"PARKING LOT OF SUNOCO STATION; 14031 GEORGIA AVE, SILVER SPRING, MD",,PEDESTRIAN,OTHER,CLEAR,,DAYLIGHT,NO CONTROLS,N/A,NONE DETECTED,4E376801-EA3C-42CD-A353-22AE5735EBAC,PEDESTRIAN,Other,NO IMPROPER ACTIONS,OTHER,No,POSSIBLE INJURY,N/A,39.085032,-77.078111,"(39.085032, -77.078111)"
MCP30750014,180019184,Montgomery County Police,Injury Crash,04/19/2018 04:55:00 PM,Maryland (State),FREDERICK RD,GERMANTOWN RD,,N/A,BICYCLIST,OTHER,CLEAR,DRY,DAYLIGHT,TRAFFIC SIGNAL,UNKNOWN,N/A,DFB598CF-5696-48AA-98F6-C472AFE508BE,BICYCLIST,Cross/Enter at Intersection,NO IMPROPER ACTIONS,AT INTERSECTION MARKED CROSSWALK,No,SUSPECTED MINOR INJURY,UNKNOWN,39.19225194,-77.24285603,"(39.19225194, -77.24285603)"
MCP2777004C,180006738,Montgomery County Police,Injury Crash,02/08/2018 06:32:00 PM,County,WOODMONT AVE,LELAND ST,,N/A,PEDESTRIAN,OTHER,CLEAR,DRY,DARK LIGHTS ON,NO CONTROLS,NONE DETECTED,NONE DETECTED,2BDE1849-F487-4AE9-A4A4-63A243CE1848,PEDESTRIAN,Cross/Enter not at Intersection,NO IMPROPER ACTIONS,MIDBLOCK MARKED CROSSWALK,No,SUSPECTED MINOR INJURY,NONE,38.98009667,-77.093525,"(38.98009667, -77.093525)"
MCP32550022,210028107,Montgomery County Police,Injury Crash,07/20/2021 08:00:00 PM,,,,PARKING LOT IN FRONT OF BIG LOTS LOCATED AT 19142 MONTGOMERY VILLAGE AVE,,PEDESTRIAN,SINGLE VEHICLE,CLEAR,,DAYLIGHT,N/A,N/A,N/A,BE49E906-9545-480F-B4B4-B09245CE52F4,PEDESTRIAN,Other,NOT VISIBLE,OTHER,No,SUSPECTED MINOR INJURY,NONE,39.15664333,-77.22447833,"(39.15664333, -77.22447833)"
MCP29680035,190035150,Montgomery County Police,Property Damage Crash,07/24/2019 10:19:00 AM,Municipality,SEVEN LOCKS RD,WOOTTON PKWY,,ROCKVILLE,BICYCLIST,OTHER,CLEAR,DRY,DAYLIGHT,NO CONTROLS,N/A,N/A,7C1F6415-8BC1-47F8-AD54-6DC581810137,BICYCLIST,Cross/Enter at Intersection,N/A,ON ROADWAY AT CROSSWALK,No,NO APPARENT INJURY,NONE,39.06590833,-77.16065,"(39.06590833, -77.16065)"
MCP271700QX,190050876,Montgomery County Police,Injury Crash,10/23/2019 09:22:00 AM,Maryland (State),WISCONSIN AVE,BRADLEY LA,,N/A,PEDESTRIAN,OTHER,CLEAR,DRY,DAYLIGHT,TRAFFIC SIGNAL,NONE DETECTED,NONE DETECTED,DB176B04-50CE-4751-A99A-4B9D993CBC43,PEDESTRIAN,Cross/Enter at Intersection,NO IMPROPER ACTIONS,ON ROADWAY AT CROSSWALK,No,SUSPECTED MINOR INJURY,NONE,38.97695,-77.09067933,"(38.97695, -77.09067933)"
MCP32320027,210043862,Montgomery County Police,Injury Crash,10/30/2021 05:28:00 PM,Maryland (State),OLNEY SANDY SPRING RD,VILLAGE CENTER DR,,N/A,PEDESTRIAN,OTHER,CLEAR,DRY,DAYLIGHT,TRAFFIC SIGNAL,NONE DETECTED,NONE DETECTED,5416F9B7-70C8-42D1-B45A-FD789E9EBCF5,PEDESTRIAN,Cross/Enter at Intersection,NO IMPROPER ACTIONS,AT INTERSECTION MARKED CROSSWALK,No,POSSIBLE INJURY,N/A,39.15154033,-77.0651425,"(39.15154033, -77.0651425)"
MCP3006007G,220031975,Montgomery County Police,Injury Crash,07/25/2022 09:03:00 AM,,,,"12510 VEIRS MILL ROAD, ROCKVILLE, MD 20853 ON ROCKCREEK TERRACE DRIVEWAY",,BICYCLIST,STRAIGHT MOVEMENT ANGLE,CLEAR,,DAYLIGHT,NO CONTROLS,NONE DETECTED,NONE DETECTED,954A3E1C-32A4-42C6-89EA-4E23FD44A21A,BICYCLIST,Walking/Cycling on Sidewalk,WRONG WAY RIDING OR WALKING,SIDEWALK,Yes,POSSIBLE INJURY,MC/BIKE HELMET,39.06200167,-77.09347,"(39.06200167, -77.09347)"
MCP27650028,16023211,Montgomery County Police,Injury Crash,05/10/2016 04:18:00 PM,County,GAITHER RD,SHADY GROVE RD,,N/A,PEDESTRIAN,SINGLE VEHICLE,CLEAR,DRY,DAYLIGHT,TRAFFIC SIGNAL,NONE DETECTED,NONE DETECTED,7E883F1D-BB67-44B2-822C-B3F722888199,PEDESTRIAN,Cross/Enter at Intersection,DART DASH,ON ROADWAY AT CROSSWALK,No,POSSIBLE INJURY,NONE,39.11387,-77.18640833,"(39.11387, -77.18640833)"
MCP2625000D,190042692,Montgomery County Police,Injury Crash,09/06/2019 09:21:00 AM,Maryland (State),GEORGIA AVE,CAMERON ST,,N/A,PEDESTRIAN,OTHER,CLOUDY,DRY,DAYLIGHT,NO CONTROLS,N/A,NONE DETECTED,6CD03309-48FC-461F-80DE-83C16C2D7E9D,PEDESTRIAN,Cross/Enter not at Intersection,IN ROADWAY IMPROPERLY,ON ROADWAY NOT AT CROSSWALK,Yes,SUSPECTED SERIOUS INJURY,N/A,39.00551333,-77.03712167,"(39.00551333, -77.03712167)"
MCP2546002H,180040021,Montgomery County Police,Fatal Crash,08/11/2018 11:30:00 PM,Maryland (State),GEORGIA AVE,VEIRS MILL RD,,N/A,PEDESTRIAN,SINGLE VEHICLE,CLEAR,DRY,DARK LIGHTS ON,NO CONTROLS,NONE DETECTED,UNKNOWN,09BA6EF6-0D38-47E2-B63D-7E73FDF55718,PEDESTRIAN,Cross/Enter not at Intersection,UNKNOWN,ON ROADWAY NOT AT CROSSWALK,Unknown,FATAL INJURY,NONE,39.03765,-77.05047333,"(39.03765, -77.05047333)"