Report Number,Local Case Number,Agency Name,ACRS Report Type,Crash Date/Time,Route Type,Road Name,Cross-Street Name,Off-Road Description,Municipality,Related Non-Motorist,Collision Type,Weather,Surface Condition,Light,Traffic Control,Driver Substance Abuse,Non-Motorist Substance Abuse,Person ID,Pedestrian Type,Pedestrian Movement,Pedestrian Actions,Pedestrian Location,At Fault,Injury Severity,Safety Equipment,Latitude,Longitude,Location
MCP24250048,15002228,Montgomery County Police,Injury Crash,01/14/2015 06:48:00 PM,County,LOCKWOOD DR,OAK LEAF DR,,N/A,PEDESTRIAN,OTHER,CLEAR,DRY,DARK LIGHTS ON,OTHER,NONE DETECTED,NONE DETECTED,90EA26F2-A8DB-49B0-B741-3FCCF45AE76C,PEDESTRIAN,Cross/Enter at Intersection,NO IMPROPER ACTIONS,ON ROADWAY AT CROSSWALK,,SUSPECTED MINOR INJURY,NONE,39.03840333,-76.994445,"(39.03840333, -76.994445)"
MCP1152000M,190015381,Montgomery County Police,Injury Crash,04/03/2019 07:00:00 AM,Maryland (State),WISCONSIN AVE,LELAND ST,,N/A,PEDESTRIAN,OTHER,CLEAR,DRY,DAYLIGHT,TRAFFIC SIGNAL,NONE DETECTED,NONE DETECTED,16802A3C-A4E5-4BEE-834D-A0BDE2D9497F,PEDESTRIAN,Cross/Enter at Intersection,NO IMPROPER ACTIONS,ON ROADWAY AT CROSSWALK,No,POSSIBLE INJURY,NONE,38.98007167,-77.09168167,"(38.98007167, -77.09168167)"
MCP271700F6,170546798,Montgomery County Police,Injury Crash,12/05/2017 06:45:00 PM,Maryland (State),OLD GEORGETOWN RD,OAKMONT AVE,,N/A,PEDESTRIAN,OTHER,RAINING,WET,DARK LIGHTS ON,TRAFFIC SIGNAL,NONE DETECTED,NONE DETECTED,14704D84-6CA2-4986-849D-39D6AB2525BA,PEDESTRIAN,Cross/Enter at Intersection,DART DASH,ON ROADWAY AT CROSSWALK,Yes,SUSPECTED MINOR INJURY,NONE,39.00464633,-77.11086233,"(39.00464633, -77.11086233)"
DM8457000R,170533675,Takoma Park Police Depart,Injury Crash,09/28/2017 04:56:00 PM,Municipality,GRANT AVE #2,CHESTNUT AVE,,TAKOMA PARK,"BICYCLIST, PEDESTRIAN",SAME DIRECTION RIGHT TURN,CLEAR,DRY,DAYLIGHT,NO CONTROLS,NONE DETECTED,NONE DETECTED,CB273999-5726-44C6-A8DA-081244AC4C30,BICYCLIST,Walking/Riding w/Traffic,NOT VISIBLE,ON ROADWAY NOT AT CROSSWALK,Unknown,SUSPECTED MINOR INJURY,MC/BIKE HELMET,38.98447403,-77.01421246,"(38.98447403, -77.01421246)"
HA2388000S,19001829,Maryland-National Capital,Injury Crash,07/18/2019 10:11:00 AM,Government,BEACH DR,E STANHOPE RD,,N/A,BICYCLIST,SAME DIRECTION SIDESWIPE,CLEAR,DRY,DAYLIGHT,STOP SIGN,NONE DETECTED,NONE DETECTED,756BA778-071A-4EAB-8D30-23D622D9F9DB,BICYCLIST,Cross/Enter at Intersection,FAILURE TO OBEY TRAFFIC SIGNS SIGNALS OR OFFICER,AT INTERSECTION MARKED CROSSWALK,Yes,SUSPECTED SERIOUS INJURY,MC/BIKE HELMET,39.00942333,-77.07756333,"(39.00942333, -77.07756333)"
MCP3058002Q,190017277,Montgomery County Police,Injury Crash,04/13/2019 03:31:00 PM,County,CAVANAUGH DR,DEERBROOK DR,,N/A,BICYCLIST,HEAD ON LEFT TURN,CLOUDY,DRY,DAYLIGHT,NO CONTROLS,NONE DETECTED,NONE DETECTED,8D835E82-1DDC-4654-91B0-8E955EA5B06C,BICYCLIST,Cross/Enter at Intersection,NO IMPROPER ACTIONS,AT INTERSECTION BUT NO CROSSWALK,No,SUSPECTED MINOR INJURY,MC/BIKE HELMET,39.08053333,-77.21493333,"(39.08053333, -77.21493333)"
MCP2539001Q,210028479,Montgomery County Police,Injury Crash,07/22/2021 05:45:00 PM,Maryland (State),ROCKVILLE PIKE,ENT TO MID-PIKE PLAZA,,N/A,PEDESTRIAN,OTHER,CLEAR,DRY,DAYLIGHT,TRAFFIC SIGNAL,N/A,NONE DETECTED,D2101669-7009-4B81-830D-84E9866F4449,PEDESTRIAN,Cross/Enter at Intersection,NO IMPROPER ACTIONS,AT INTERSECTION MARKED CROSSWALK,No,SUSPECTED MINOR INJURY,NONE,39.05126184,-77.11549196,"(39.05126184, -77.11549196)"
MCP2160000C,16004056,Montgomery County Police,Injury Crash,01/23/2016 04:54:00 PM,,,,PARKING LOT OF 24 MONTGOMERY VILLAGE AVE,,PEDESTRIAN,SINGLE VEHICLE,BLOWING SNOW,,DAYLIGHT,N/A,NONE DETECTED,NONE DETECTED,B9F679B9-108E-4191-82E2-6DDE72CCF9FE,PEDESTRIAN,Other,NOT VISIBLE,OTHER,No,POSSIBLE INJURY,N/A,39.15543936,-77.2082448,"(39.15543936, -77.2082448)"
MCP2487002S,220045804,Montgomery County Police,Injury Crash,10/19/2022 07:16:00 AM,Maryland (State),FISHER AVE,WOOTTON AVE,,POOLESVILLE,PEDESTRIAN,SINGLE VEHICLE,CLOUDY,DRY,DAWN,NO CONTROLS,NONE DETECTED,N/A,C9A7101B-E096-4163-A837-50ABCFEE1388,PEDESTRIAN,Cross/Enter at Intersection,NO IMPROPER ACTIONS,ON ROADWAY AT CROSSWALK,No,SUSPECTED SERIOUS INJURY,NONE,39.14208282,-77.40739193,"(39.14208282, -77.40739193)"
MCP15630070,210038220,Montgomery County Police,Injury Crash,09/27/2021 11:23:00 AM,,,,PARKING LOT OF 2450 LYTTONSVILLE RD,,PEDESTRIAN,SINGLE VEHICLE,CLEAR,,DAYLIGHT,NO CONTROLS,NONE DETECTED,NONE DETECTED,96EFA1D0-56A3-4B11-87AC-5745CD7913BF,PEDESTRIAN,Other,NO IMPROPER ACTIONS,OTHER,No,POSSIBLE INJURY,N/A,38.9987267,-77.05132741,"(38.9987267, -77.05132741)"
MCP2445003N,220016587,Montgomery County Police,Injury Crash,04/19/2022 12:51:00 PM,,,,IN THE CAR WASH BAY OF 20440 GERMANTOWN RD,,PEDESTRIAN,SAME DIR REAR END,CLOUDY,,DAYLIGHT,NO CONTROLS,NONE DETECTED,NONE DETECTED,371CEB44-45F2-4A67-8988-16791A4B215B,PEDESTRIAN,Standing,OTHER,OTHER,No,POSSIBLE INJURY,NONE,39.1921695,-77.24407583,"(39.1921695, -77.24407583)"
MCP2675000N,15010679,Montgomery County Police,Injury Crash,03/08/2015 03:30:00 AM,,,,"11219 Grandview Ave
Montgomery County Public Parking Lot 13",,PEDESTRIAN,N/A,CLEAR,,DARK LIGHTS ON,NO CONTROLS,ALCOHOL PRESENT,ALCOHOL PRESENT,283C0567-8779-4A7F-B0A5-740102130239,PEDESTRIAN,Standing,NO IMPROPER ACTIONS,OTHER,,SUSPECTED SERIOUS INJURY,N/A,39.0396,-77.05226833,"(39.0396, -77.05226833)"
MCP2991000N,16012108,MONTGOMERY,Injury Crash,03/11/2016 11:30:00 AM,Maryland (State),UNIVERSITY BLVD W,GRANDVIEW AVE,,N/A,PEDESTRIAN,SINGLE VEHICLE,N/A,N/A,DAYLIGHT,TRAFFIC SIGNAL,NONE DETECTED,NONE DETECTED,666A22C5-51DD-4126-B30B-73251BD3832F,PEDESTRIAN,Cross/Enter at Intersection,NO IMPROPER ACTIONS,ON ROADWAY AT CROSSWALK,No,SUSPECTED MINOR INJURY,N/A,39.04119253,-77.05307499,"(39.04119253, -77.05307499)"
MCP25490051,16036515,Montgomery County Police,Injury Crash,07/19/2016 11:50:00 AM,County,MACARTHUR BLVD,WILSON LA,,N/A,BICYCLIST,SAME DIRECTION SIDESWIPE,CLEAR,DRY,DAYLIGHT,NO CONTROLS,NONE DETECTED,NONE DETECTED,1503840F-C64E-45D2-9156-365BDDFADFF9,BICYCLIST,Walking/Riding w/Traffic,IN ROADWAY IMPROPERLY,OUTSIDE RIGHT OF WAY,Yes,SUSPECTED MINOR INJURY,MC/BIKE HELMET,38.97283085,-77.1460712,"(38.97283085, -77.1460712)"
MCP1342002N,190040667,Montgomery County Police,Injury Crash,08/25/2019 01:27:00 PM,County,RIVER RD,SENECA RD,,N/A,BICYCLIST,SAME DIR REAR END,CLEAR,DRY,DAYLIGHT,NO CONTROLS,NONE DETECTED,NONE DETECTED,CEBAFD94-95F3-4537-B164-72EC6B159771,BICYCLIST,Walking/Riding w/Traffic,NO IMPROPER ACTIONS,ON ROADWAY NOT AT CROSSWALK,No,SUSPECTED MINOR INJURY,MC/BIKE HELMET,39.07809333,-77.33474167,"(39.07809333, -77.33474167)"
MCP2116003Q,16006064,Montgomery County Police,Injury Crash,02/05/2016 05:11:00 PM,Municipality,W GUDE DR,PICCARD DR,,ROCKVILLE,PEDESTRIAN,STRAIGHT MOVEMENT ANGLE,CLEAR,DRY,DUSK,TRAFFIC SIGNAL,N/A,NONE DETECTED,D92DD21D-ABA4-4FF7-B86B-278C0FD1A294,PEDESTRIAN,Cross/Enter at Intersection,NO IMPROPER ACTIONS,ON ROADWAY AT CROSSWALK,No,SUSPECTED MINOR INJURY,NONE,39.101867,-77.177141,"(39.101867, -77.177141)"
MCP3130003V,210033180,Montgomery County Police,Property Damage Crash,08/25/2021 02:00:00 PM,,,,STRUCK BUILDING 3402 HEWITT AVE. SILVER SPRING MD 20906,,OTHER,SINGLE VEHICLE,CLEAR,,DAYLIGHT,N/A,NONE DETECTED,N/A,C9506193-923B-453C-9C2E-4681089ECD31,OTHER,N/A,N/A,N/A,No,NO APPARENT INJURY,N/A,39.07843833,-77.06838333,"(39.07843833, -77.06838333)"
EJ7889001N,210049729,Gaithersburg Police Depar,Injury Crash,12/07/2021 04:40:00 PM,County,EMORY GROVE RD,CUL DE SAC,,N/A,PEDESTRIAN,OTHER,CLEAR,DRY,DUSK,NO CONTROLS,NONE DETECTED,NONE DETECTED,94C668F7-497B-47F1-9AA5-00C48CCBFFFA,PEDESTRIAN,Getting off/on Vehicle,NO IMPROPER ACTIONS,N/A,No,SUSPECTED MINOR INJURY,NONE,39.15288863,-77.17652322,"(39.15288863, -77.17652322)"
MCP3268000K,200040192,Montgomery County Police,Injury Crash,10/12/2020 05:00:00 PM,Maryland (State),COLESVILLE RD,EAST WEST HWY,,N/A,OTHER,STRAIGHT MOVEMENT ANGLE,CLEAR,DRY,DAYLIGHT,STOP SIGN,N/A,N/A,70839808-DDEC-4427-924C-E3D42ED6B47B,OTHER,Cross/Enter at Intersection,NO IMPROPER ACTIONS,ON ROADWAY AT CROSSWALK,No,SUSPECTED MINOR INJURY,N/A,38.9935873,-77.03225235,"(38.9935873, -77.03225235)"
MCP24920008,15010535,Montgomery County Police,Fatal Crash,03/07/2015 01:20:00 AM,County,GOSHEN RD,EAST VILLAGE AVE,,N/A,PEDESTRIAN,OTHER,CLEAR,OTHER,DARK LIGHTS ON,NO CONTROLS,ALCOHOL CONTRIBUTED,ALCOHOL PRESENT,6E46CB76-F1B4-4F38-B636-E42D045528A3,PEDESTRIAN,Unknown,UNKNOWN,ON ROADWAY NOT AT CROSSWALK,,FATAL INJURY,UNKNOWN,39.1900276,-77.18528509,"(39.1900276, -77.18528509)"
MCP2895002L,220045245,Montgomery County Police,Injury Crash,10/15/2022 04:30:00 PM,County,CENTURY BLVD,PINNACLE DR,,N/A,PEDESTRIAN,OTHER,CLEAR,DRY,DAYLIGHT,NO CONTROLS,UNKNOWN,NONE DETECTED,911D7207-0EF5-4EC1-ADD8-FE2B8ABF2AF2,PEDESTRIAN,Cross/Enter not at Intersection,NO IMPROPER ACTIONS,ON ROADWAY NOT AT CROSSWALK,Yes,SUSPECTED MINOR INJURY,NONE,39.18207333,-77.26526833,"(39.18207333, -77.26526833)"
DD55670015,230062313,Rockville Police Departme,Injury Crash,10/24/2023 01:34:00 PM,,,,PARKING LOT OF 45 W GUDE DR,,PEDESTRIAN,SINGLE VEHICLE,CLEAR,,DAYLIGHT,N/A,NONE DETECTED,NONE DETECTED,C2B1224B-6C17-4367-9B7E-CAB438695372,PEDESTRIAN,Other,OTHER,OTHER,No,SUSPECTED MINOR INJURY,NONE,39.10780605,-77.16144929,"(39.10780605, -77.16144929)"
MCP2765001J,15039834,MONTGOMERY,Injury Crash,08/10/2015 06:49:00 PM,County,GAINSBOROUGH RD,TUCKERMAN LA,,N/A,PEDESTRIAN,SINGLE VEHICLE,CLEAR,DRY,DAYLIGHT,TRAFFIC SIGNAL,NONE DETECTED,NONE DETECTED,1235B49F-C91B-4057-A1A2-3BF40BD54118,PEDESTRIAN,Cross/Enter at Intersection,INATTENTIVE,ON ROADWAY AT CROSSWALK,No,POSSIBLE INJURY,N/A,39.040995,-77.17249833,"(39.040995, -77.17249833)"
MCP27520015,15062939,MONTGOMERY,Injury Crash,12/09/2015 06:28:00 PM,County,BROOKDALE RD,RIVER RD,,N/A,BICYCLIST,STRAIGHT MOVEMENT ANGLE,CLEAR,DRY,DARK LIGHTS ON,STOP SIGN,NONE DETECTED,NONE DETECTED,6A04F885-D91A-4972-ADA2-DC8E1760D21E,BICYCLIST,Cross/Enter at Intersection,NO IMPROPER ACTIONS,SIDEWALK,No,SUSPECTED MINOR INJURY,MC/BIKE HELMET,38.96303167,-77.09431667,"(38.96303167, -77.09431667)"
MCP2935001Y,190030710,Montgomery County Police,Injury Crash,06/27/2019 05:45:00 PM,County,WAYNE AVE,GEORGIA AVE,,N/A,PEDESTRIAN,OTHER,N/A,N/A,DAYLIGHT,TRAFFIC SIGNAL,NONE DETECTED,NONE DETECTED,12065FCF-DECA-4239-9406-2CF66D47AA25,PEDESTRIAN,Cross/Enter at Intersection,NO IMPROPER ACTIONS,ON ROADWAY AT CROSSWALK,No,SUSPECTED MINOR INJURY,NONE,38.99456497,-77.02715324,"(38.99456497, -77.02715324)"
MCP3019005B,220044739,Montgomery County Police,Injury Crash,10/12/2022 08:45:00 PM,Maryland (State),WISCONSIN AVE,LELAND ST,,N/A,PEDESTRIAN,SINGLE VEHICLE,CLEAR,DRY,DARK LIGHTS ON,TRAFFIC SIGNAL,N/A,N/A,3D80BE30-83EA-4DCC-92E2-AA175BE692BC,PEDESTRIAN,Cross/Enter at Intersection,NO IMPROPER ACTIONS,ON ROADWAY AT CROSSWALK,No,SUSPECTED MINOR INJURY,N/A,38.98020833,-77.091825,"(38.98020833, -77.091825)"
DM8453000N,17006006,Takoma Park Police Depart,Injury Crash,02/03/2017 06:21:00 PM,Maryland (State),CARROLL AVE,MANOR CIR,,TAKOMA PARK,PEDESTRIAN,OTHER,CLEAR,DRY,DARK LIGHTS ON,NO CONTROLS,NONE DETECTED,NONE DETECTED,C5A949BB-070A-461D-A7AB-160E5356B3B8,PEDESTRIAN,Cross/Enter not at Intersection,DART DASH,N/A,Yes,POSSIBLE INJURY,N/A,38.97959931,-77.00479656,"(38.97959931, -77.00479656)"
MCP27690013,180032169,Montgomery County Police,Injury Crash,06/29/2018 09:09:00 PM,County,LOST KNIFE RD,ODENDHAL AVE,,N/A,PEDESTRIAN,N/A,CLEAR,N/A,DARK LIGHTS ON,OTHER,NONE DETECTED,ALCOHOL PRESENT,A58470B1-E780-4678-A5E1-0D8731532C27,PEDESTRIAN,Other,INATTENTIVE,ON ROADWAY NOT AT CROSSWALK,Yes,SUSPECTED SERIOUS INJURY,NONE,39.1531205,-77.19925404,"(39.1531205, -77.19925404)"
MCP2671002D,20004484,Montgomery County Police,Property Damage Crash,01/27/2020 04:50:00 PM,Maryland (State),EAST WEST HWY,COLESVILLE RD,,N/A,PEDESTRIAN,SAME DIR REAR END,N/A,DRY,DAYLIGHT,NO CONTROLS,NONE DETECTED,NONE DETECTED,8DDD9188-4EE5-487D-98ED-F85B5B73B74E,PEDESTRIAN,Playing,DART DASH,SIDEWALK,Yes,NO APPARENT INJURY,NONE,39.11418,-77.19300667,"(39.11418, -77.19300667)"
MCP2689009L,230024062,Montgomery County Police,Injury Crash,05/19/2023 02:41:00 PM,County,TUCKERMAN LA,GAINSBOROUGH RD,,N/A,PEDESTRIAN,SINGLE VEHICLE,CLEAR,DRY,DAYLIGHT,NO CONTROLS,NONE DETECTED,NONE DETECTED,84D09930-BD56-4985-B208-9A5D18A7FC8F,PEDESTRIAN,Cross/Enter not at Intersection,FAILURE TO YIELD RIGHT OF WAY,ON ROADWAY NOT AT CROSSWALK,Yes,SUSPECTED MINOR INJURY,NONE,39.0408405,-77.1747445,"(39.0408405, -77.1747445)"
MCP2339006S,220008272,Montgomery County Police,Injury Crash,02/25/2022 04:06:00 PM,Municipality,PICCARD DR,GAITHER RD,,ROCKVILLE,"OTHER, PEDESTRIAN",OTHER,CLEAR,DRY,DAYLIGHT,TRAFFIC SIGNAL,NONE DETECTED,NONE DETECTED,4850C407-E0CF-4AA3-9D41-3447CC487744,PEDESTRIAN,Cross/Enter at Intersection,NO IMPROPER ACTIONS,ON ROADWAY AT CROSSWALK,No,POSSIBLE INJURY,NONE,39.115235,-77.17854167,"(39.115235, -77.17854167)"
MCP3156000C,180041721,Montgomery County Police,Injury Crash,08/22/2018 05:39:00 AM,Maryland (State),PINEY BRANCH RD,DALE DR,,N/A,PEDESTRIAN,OTHER,CLEAR,DRY,DAWN,TRAFFIC SIGNAL,NONE DETECTED,NONE DETECTED,9C0E9226-04D0-4B42-95CA-FFB7B70E04A3,PEDESTRIAN,Cross/Enter at Intersection,DART DASH,ON ROADWAY AT CROSSWALK,Yes,SUSPECTED SERIOUS INJURY,N/A,38.99367,-77.009205,"(38.99367, -77.009205)"
MCP2736002V,15041699,MONTGOMERY,Property Damage Crash,08/20/2015 03:20:00 PM,County,WESTBARD AVE,RIDGEFIELD RD,,N/A,BICYCLIST,STRAIGHT MOVEMENT ANGLE,CLEAR,DRY,DAYLIGHT,TRAFFIC SIGNAL,UNKNOWN,NONE DETECTED,A2C31B97-5FDF-475E-814A-B6E6B4B7EC99,BICYCLIST,Cross/Enter at Intersection,NO IMPROPER ACTIONS,AT INTERSECTION MARKED CROSSWALK,No,NO APPARENT INJURY,MC/BIKE HELMET,38.96544833,-77.10710833,"(38.96544833, -77.10710833)"
MCP302600BQ,230055212,Montgomery County Police,Property Damage Crash,09/16/2023 10:51:00 AM,Maryland (State),OLD GEORGETOWN RD,RAMP 6 FR IS 495 EB TO MD 187 SB,,N/A,PEDESTRIAN,SAME DIRECTION SIDESWIPE,CLEAR,DRY,DAYLIGHT,TRAFFIC SIGNAL,NONE DETECTED,NONE DETECTED,DBE8A96A-58AA-4182-B2DB-7D4BE9746423,PEDESTRIAN,Getting off/on Vehicle,IN ROADWAY IMPROPERLY,ON ROADWAY NOT AT CROSSWALK,No,NO APPARENT INJURY,NONE,39.01735406,-77.12018279,"(39.01735406, -77.12018279)"
MCP31990020,200025808,Montgomery County Police,Injury Crash,07/03/2020 10:48:00 AM,Other Public Roadway,GEORGIAN WOODS PL,GEORGIA AVE,,N/A,PEDESTRIAN,OPPOSITE DIRECTION SIDESWIPE,CLEAR,DRY,DAYLIGHT,NO CONTROLS,NONE DETECTED,NONE DETECTED,5183E680-D4C4-458D-B70A-D74F2D3C31CC,PEDESTRIAN,Walking/Cycling on Sidewalk,NO IMPROPER ACTIONS,SIDEWALK,No,SUSPECTED MINOR INJURY,N/A,39.05581306,-77.04831466,"(39.05581306, -77.04831466)"
MCP11480015,16009387,Montgomery County Police,Injury Crash,02/25/2016 10:11:00 AM,County,EDGEMOOR LA,OLD GEORGETOWN RD,,N/A,PEDESTRIAN,SINGLE VEHICLE,CLOUDY,DRY,DAYLIGHT,STOP SIGN,NONE DETECTED,NONE DETECTED,1A36AB37-3CAA-4488-B449-C327CACB3CEC,PEDESTRIAN,Cross/Enter at Intersection,NO IMPROPER ACTIONS,ON ROADWAY AT CROSSWALK,No,SUSPECTED SERIOUS INJURY,NONE,38.98464333,-77.09586667,"(38.98464333, -77.09586667)"
MCP28820023,170525535,Montgomery County Police,Injury Crash,08/18/2017 02:55:00 PM,,,,PARKING LOT IN FRONT OF 19552 CRYSTAL ROCK DRIVE,,BICYCLIST,SINGLE VEHICLE,CLEAR,,DAYLIGHT,N/A,NONE DETECTED,NONE DETECTED,ED97011A-C539-43C8-8CE1-E640E8DCF638,BICYCLIST,Playing,INATTENTIVE,OTHER,Yes,SUSPECTED MINOR INJURY,NONE,39.17810167,-77.26309833,"(39.17810167, -77.26309833)"
MCP2891008Y,200007244,Montgomery County Police,Injury Crash,02/13/2020 06:06:00 AM,County,DENNIS AVE,GEORGIA AVE,,N/A,PEDESTRIAN,SINGLE VEHICLE,RAINING,WET,DARK LIGHTS ON,TRAFFIC SIGNAL,NONE DETECTED,NONE DETECTED,8C1876F4-F07E-4AF7-B854-FC90A4EDAB2D,PEDESTRIAN,Cross/Enter at Intersection,NO IMPROPER ACTIONS,ON ROADWAY AT CROSSWALK,No,SUSPECTED MINOR INJURY,N/A,39.02510167,-77.04468333,"(39.02510167, -77.04468333)"
MCP3258003J,230069448,Montgomery County Police,Injury Crash,12/02/2023 10:21:00 AM,,,,PARKING LOT OF 16227 BATCHELLORS FOREST RD,,PEDESTRIAN,OTHER,FOGGY,,DAYLIGHT,N/A,NONE DETECTED,NONE DETECTED,20A55BEB-C020-4FBC-9265-D75BFF816B86,PEDESTRIAN,Standing,NO IMPROPER ACTIONS,OTHER,No,POSSIBLE INJURY,N/A,39.12034667,-77.06979,"(39.12034667, -77.06979)"
MCP3112000F,180020794,Montgomery County Police,Injury Crash,04/28/2018 02:07:00 PM,County,CORDELL AVE,WOODMONT AVE,,N/A,PEDESTRIAN,STRAIGHT MOVEMENT ANGLE,CLEAR,DRY,DAYLIGHT,TRAFFIC SIGNAL,N/A,UNKNOWN,3E87B20D-ABB0-4CDA-8C48-8E308EFC1307,PEDESTRIAN,Cross/Enter not at Intersection,DART DASH,ON ROADWAY NOT AT CROSSWALK,Yes,SUSPECTED MINOR INJURY,NONE,38.99080879,-77.09667027,"(38.99080879, -77.09667027)"
MCP29770011,15051007,MONTGOMERY,Injury Crash,10/08/2015 11:59:00 AM,Maryland (State),PINEY BRANCH RD,SLIGO CREEK PKWY,,N/A,BICYCLIST,OTHER,CLEAR,DRY,DAYLIGHT,TRAFFIC SIGNAL,N/A,N/A,956A92B1-AAED-4231-AE93-146A15ED5731,BICYCLIST,Cross/Enter at Intersection,N/A,ON ROADWAY AT CROSSWALK,No,POSSIBLE INJURY,MC/BIKE HELMET,38.99583596,-77.00596333,"(38.99583596, -77.00596333)"
DD56280015,180052350,Rockville Police Departme,Injury Crash,10/19/2018 10:45:00 AM,Maryland (State),FREDERICK RD,RIDGEMONT AVE,,ROCKVILLE,OTHER,ANGLE MEETS LEFT TURN,CLEAR,DRY,DAYLIGHT,TRAFFIC SIGNAL,NONE DETECTED,N/A,DE5CB616-5780-488F-AA94-F70828E3A67F,OTHER,N/A,NO IMPROPER ACTIONS,N/A,No,NO APPARENT INJURY,N/A,39.11906755,-77.17191204,"(39.11906755, -77.17191204)"
DD5605001K,15039845,ROCKVILLE,Injury Crash,08/10/2015 07:50:00 PM,,,,"PARKING LOT OF 9200 DARNESTOWN RD, ROCKVILLE MD.",,PEDESTRIAN,OTHER,CLEAR,,DAWN,NO CONTROLS,NONE DETECTED,NONE DETECTED,9F960246-0E2E-4018-A796-5D05C0D5CDB8,PEDESTRIAN,Other,NO IMPROPER ACTIONS,OTHER,No,SUSPECTED MINOR INJURY,NONE,39.09085333,-77.18915833,"(39.09085333, -77.18915833)"
MCP23390048,190019768,Montgomery County Police,Injury Crash,04/27/2019 03:33:00 PM,County,RANDOLPH RD,PARKLAWN DR,,N/A,OTHER,SINGLE VEHICLE,N/A,DRY,DAYLIGHT,TRAFFIC SIGNAL,NONE DETECTED,N/A,7D20A872-FF93-46B0-B472-17F85956D8D8,OTHER,N/A,N/A,N/A,No,SUSPECTED MINOR INJURY,N/A,39.0535975,-77.10567826,"(39.0535975, -77.10567826)"
MCP2989001P,200038713,Montgomery County Police,Injury Crash,10/01/2020 11:37:00 PM,US (State),COLUMBIA PIKE,HILLWOOD DR,,N/A,PEDESTRIAN,OTHER,RAINING,WET,DARK LIGHTS ON,NO CONTROLS,N/A,ALCOHOL PRESENT,6F1A19D6-55A3-4C0F-BA8C-BB908090DCD0,PEDESTRIAN,Cross/Enter at Intersection,FAILURE TO YIELD RIGHT OF WAY,AT INTERSECTION BUT NO CROSSWALK,Yes,SUSPECTED MINOR INJURY,NONE,39.03373083,-77.00130483,"(39.03373083, -77.00130483)"
MCP2592002H,220049109,Montgomery County Police,Injury Crash,11/07/2022 01:14:00 PM,County,MONTGOMERY VILLAGE AVE,MEADOWCROFT LA,,N/A,OTHER PEDALCYCLIST,ANGLE MEETS RIGHT TURN,CLEAR,DRY,DAYLIGHT,N/A,NONE DETECTED,NONE DETECTED,F75C0365-149E-44C4-A38C-0111434C13BD,OTHER PEDALCYCLIST,Cross/Enter at Intersection,IN ROADWAY IMPROPERLY,ON ROADWAY NOT AT CROSSWALK,Yes,POSSIBLE INJURY,NONE,39.18244333,-77.19905333,"(39.18244333, -77.19905333)"
MCP2727001X,170551332,Montgomery County Police,Injury Crash,12/30/2017 11:42:00 AM,County,KINGSVIEW VILLAGE AVE,CLOPPER RD,,N/A,PEDESTRIAN,OTHER,N/A,SNOW,DAYLIGHT,TRAFFIC SIGNAL,NONE DETECTED,N/A,6E701576-F87F-4ED1-8334-7CBDC62A7243,PEDESTRIAN,Cross/Enter at Intersection,NO IMPROPER ACTIONS,ON ROADWAY AT CROSSWALK,No,SUSPECTED MINOR INJURY,NONE,39.16058833,-77.27899,"(39.16058833, -77.27899)"
MCP3232001X,210018058,Montgomery County Police,Injury Crash,05/13/2021 06:56:00 PM,County,BRIGGS CHANEY RD,GOOD HOPE RD,,N/A,BICYCLIST,STRAIGHT MOVEMENT ANGLE,CLEAR,DRY,DAYLIGHT,TRAFFIC SIGNAL,NONE DETECTED,NONE DETECTED,6AB3F25B-FACC-4515-AD4D-6897D55A204F,BICYCLIST,Cross/Enter at Intersection,NO IMPROPER ACTIONS,AT INTERSECTION MARKED CROSSWALK,No,SUSPECTED MINOR INJURY,MC/BIKE HELMET,39.10190367,-76.98206517,"(39.10190367, -76.98206517)"
MCP3153001G,190043200,Montgomery County Police,Injury Crash,09/09/2019 03:56:00 PM,Maryland (State),VEIRS MILL RD,CLARIDGE RD,,N/A,OTHER,SINGLE VEHICLE,CLOUDY,DRY,DAYLIGHT,TRAFFIC SIGNAL,ALCOHOL CONTRIBUTED,N/A,DB031711-6D0C-424F-8219-299034775A14,OTHER,N/A,NO IMPROPER ACTIONS,INSIDE BUILDING,No,NO APPARENT INJURY,N/A,39.04872,-77.06927,"(39.04872, -77.06927)"
MCP1210005Y,230019807,Montgomery County Police,Injury Crash,04/25/2023 04:37:00 PM,,,,EXXON PARKING LOT AT 16425 S FREDERICK AVE,,PEDESTRIAN,SINGLE VEHICLE,CLEAR,,DAYLIGHT,N/A,NONE DETECTED,NONE DETECTED,23B4D228-4360-4CFA-B6D5-D2AEE91DAF3D,PEDESTRIAN,Standing,NO IMPROPER ACTIONS,OTHER,No,SUSPECTED MINOR INJURY,NONE,39.1261727,-77.18230353,"(39.1261727, -77.18230353)"
MCP2422000S,15037992,MONTGOMERY,Injury Crash,07/31/2015 09:16:00 PM,County,AMHERST AVE,UNIVERSITY BLVD W,,N/A,PEDESTRIAN,OTHER,CLEAR,DRY,DARK LIGHTS ON,N/A,N/A,ALCOHOL PRESENT,53BE940C-9C39-4656-958D-C777F68DF608,PEDESTRIAN,Cross/Enter not at Intersection,IN ROADWAY IMPROPERLY,ON ROADWAY NOT AT CROSSWALK,Yes,POSSIBLE INJURY,N/A,39.04106961,-77.04837441,"(39.04106961, -77.04837441)"
EJ7877000M,190049728,Gaithersburg Police Depar,Injury Crash,10/16/2019 10:20:00 PM,County,GOSHEN RD,ODENDHAL AVE,,GAITHERSBURG,PEDESTRIAN,SINGLE VEHICLE,N/A,N/A,DARK LIGHTS ON,TRAFFIC SIGNAL,UNKNOWN,N/A,88D5D53E-F4BC-4220-8BC5-FCBFE99927FB,PEDESTRIAN,Cross/Enter at Intersection,UNKNOWN,ON ROADWAY AT CROSSWALK,Unknown,POSSIBLE INJURY,N/A,39.15242605,-77.19234343,"(39.15242605, -77.19234343)"
MCP1151002C,15006874,Montgomery County Police,Injury Crash,02/11/2015 07:45:00 AM,Maryland (State),FREDERICK RD,HIGH POINT DR,,N/A,PEDESTRIAN,OTHER,CLEAR,DRY,DAYLIGHT,NO CONTROLS,NONE DETECTED,NONE DETECTED,5B78D3B8-D9D9-4896-9B6E-90AED8348B3C,PEDESTRIAN,Cross/Enter not at Intersection,DART DASH,ON ROADWAY NOT AT CROSSWALK,,SUSPECTED SERIOUS INJURY,N/A,39.16927333,-77.23471833,"(39.16927333, -77.23471833)"