Report Number,Local Case Number,Agency Name,ACRS Report Type,Crash Date/Time,Route Type,Road Name,Cross-Street Name,Off-Road Description,Municipality,Related Non-Motorist,Collision Type,Weather,Surface Condition,Light,Traffic Control,Driver Substance Abuse,Non-Motorist Substance Abuse,Person ID,Pedestrian Type,Pedestrian Movement,Pedestrian Actions,Pedestrian Location,At Fault,Injury Severity,Safety Equipment,Latitude,Longitude,Location
MCP3274000F,210005911,Montgomery County Police,Injury Crash,02/15/2021 10:49:00 AM,County,BROAD ST,GREENLAWN DR,,N/A,PEDESTRIAN,OTHER,N/A,DRY,DAYLIGHT,NO CONTROLS,NONE DETECTED,NONE DETECTED,9099907D-E62F-401B-B84F-E9E7574A92AA,PEDESTRIAN,Standing,N/A,ON ROADWAY NOT AT CROSSWALK,No,SUSPECTED MINOR INJURY,REFLECTIVE CLOTHING,39.02163833,-77.115855,"(39.02163833, -77.115855)"
EJ7888002C,220023231,Gaithersburg Police Depar,Injury Crash,05/31/2022 08:00:00 AM,County,MONTGOMERY VILLAGE AVE,CENTERWAY RD,,N/A,BICYCLIST,SAME DIRECTION SIDESWIPE,CLEAR,DRY,DAYLIGHT,UNKNOWN,UNKNOWN,NONE DETECTED,0BA6B6AB-4E2F-46A2-8755-0B9A55C1A24A,BICYCLIST,Walking/Riding w/Traffic,NO IMPROPER ACTIONS,ON ROADWAY NOT AT CROSSWALK,No,SUSPECTED SERIOUS INJURY,MC/BIKE HELMET,39.17209209,-77.2035929,"(39.17209209, -77.2035929)"
MCP2353007K,190034991,Montgomery County Police,Injury Crash,07/23/2019 02:31:00 PM,County,EARLHAM DR,STARMONT RD,,N/A,PEDESTRIAN,SINGLE VEHICLE,CLOUDY,DRY,DAYLIGHT,NO CONTROLS,NONE DETECTED,NONE DETECTED,075D70D5-3CA5-44CB-BC42-1ED63CC8ABE0,PEDESTRIAN,Walking/Riding w/Traffic,NO IMPROPER ACTIONS,ON ROADWAY NOT AT CROSSWALK,No,SUSPECTED MINOR INJURY,NONE,39.01254324,-77.13062453,"(39.01254324, -77.13062453)"
MCP3129005Z,230001275,Montgomery County Police,Injury Crash,01/09/2023 08:31:00 AM,,,,"ENTRANCE TO 12901 GEORGIA AVE, SILVER SPRING MD, 20906",,PEDESTRIAN,SINGLE VEHICLE,CLEAR,,DAYLIGHT,NO CONTROLS,NONE DETECTED,NONE DETECTED,9F1CCA84-7202-4497-BBC2-0F148EDB9202,PEDESTRIAN,Walking/Cycling on Sidewalk,INATTENTIVE,OTHER,No,SUSPECTED MINOR INJURY,N/A,39.0675126,-77.06024901,"(39.0675126, -77.06024901)"
MCP25980022,180058978,Montgomery County Police,Injury Crash,11/25/2018 05:01:00 PM,County,BONIFANT ST,GEORGIA AVE,,N/A,PEDESTRIAN,STRAIGHT MOVEMENT ANGLE,CLEAR,DRY,DARK LIGHTS ON,NO CONTROLS,NONE DETECTED,NONE DETECTED,05032B3E-FEC6-4EC7-B089-C4375E9BA1D4,PEDESTRIAN,Cross/Enter not at Intersection,INATTENTIVE,ON ROADWAY NOT AT CROSSWALK,Yes,POSSIBLE INJURY,NONE,38.99346635,-77.0261458,"(38.99346635, -77.0261458)"
MCP2766006N,210050029,Montgomery County Police,Injury Crash,12/09/2021 03:22:00 PM,County,WIMBLEDON DR,LONGMEAD CROSSING DR,,N/A,PEDESTRIAN,SINGLE VEHICLE,CLEAR,DRY,DAYLIGHT,STOP SIGN,NONE DETECTED,NONE DETECTED,BD24B073-C388-4597-ACCA-C6AFE3342B01,PEDESTRIAN,Cross/Enter at Intersection,NO IMPROPER ACTIONS,ON ROADWAY AT CROSSWALK,No,POSSIBLE INJURY,NONE,39.099425,-77.04786833,"(39.099425, -77.04786833)"
MCP3039002K,180026788,Montgomery County Police,Injury Crash,05/31/2018 04:30:00 PM,,,,"PARKING LOT OF 10225 FREDERICK AVENUE, KENSINGTON, 20895",,PEDESTRIAN,OTHER,CLEAR,,DAYLIGHT,NO CONTROLS,NONE DETECTED,NONE DETECTED,22891409-7761-4F85-8EE7-0741D023FB1C,PEDESTRIAN,Other Working,NO IMPROPER ACTIONS,CURB,No,SUSPECTED MINOR INJURY,N/A,39.02828667,-77.07524833,"(39.02828667, -77.07524833)"
EJ7885003T,230067666,Gaithersburg Police Depar,Injury Crash,11/21/2023 04:41:00 PM,Municipality,W DEER PARK RD,BRIGHTON DR,,GAITHERSBURG,PEDESTRIAN,OTHER,RAINING,WET,DARK LIGHTS ON,NO CONTROLS,NONE DETECTED,NONE DETECTED,36CC16F8-73E6-4F68-9FB6-1E15E03FF6C3,PEDESTRIAN,Cross/Enter at Intersection,NO IMPROPER ACTIONS,ON ROADWAY AT CROSSWALK,No,POSSIBLE INJURY,NONE,39.130494,-77.20112133,"(39.130494, -77.20112133)"
MCP31300026,200004280,Montgomery County Police,Property Damage Crash,01/26/2020 11:15:00 AM,,,,"14030 CONNECTICUT AVE SILVER SPRING MD 20906
US POST OFFICE",,OTHER,SINGLE VEHICLE,CLOUDY,,DAYLIGHT,NO CONTROLS,NONE DETECTED,N/A,3FD0BA78-3CEF-4E01-9714-C77929064AF1,OTHER,N/A,N/A,OTHER,No,NO APPARENT INJURY,N/A,39.08646667,-77.07441167,"(39.08646667, -77.07441167)"
MCP3264000T,200039478,Montgomery County Police,Injury Crash,10/13/2020 10:52:00 AM,County,RANDOLPH RD,SELFRIDGE RD,,N/A,PEDESTRIAN,OTHER,CLEAR,UNKNOWN,DAYLIGHT,TRAFFIC SIGNAL,UNKNOWN,NONE DETECTED,C8D94281-C790-45FE-9A62-5030A40CAB11,PEDESTRIAN,Cross/Enter at Intersection,NO IMPROPER ACTIONS,ON ROADWAY AT CROSSWALK,No,SUSPECTED SERIOUS INJURY,NONE,39.05544307,-77.08376165,"(39.05544307, -77.08376165)"
MCP2298009X,16046223,Montgomery County Police,Injury Crash,09/09/2016 02:54:00 PM,County,GUNNERS BRANCH RD,ARCHDALE RD,,N/A,PEDESTRIAN,OTHER,CLEAR,DRY,DAYLIGHT,NO CONTROLS,NONE DETECTED,NONE DETECTED,A21FE666-CB04-4A45-9097-BF475781289E,PEDESTRIAN,Cross/Enter at Intersection,NO IMPROPER ACTIONS,ON ROADWAY AT CROSSWALK,No,POSSIBLE INJURY,NONE,39.17523704,-77.24095501,"(39.17523704, -77.24095501)"
MCP1366003F,15042547,MONTGOMERY,Injury Crash,08/25/2015 07:57:00 AM,County,REDLAND RD,SOMERVILLE DR,,N/A,PEDESTRIAN,HEAD ON LEFT TURN,CLEAR,DRY,DAYLIGHT,TRAFFIC SIGNAL,NONE DETECTED,NONE DETECTED,C9ABB82C-FC9C-4E34-9116-CDB6E7240414,PEDESTRIAN,Cross/Enter at Intersection,NO IMPROPER ACTIONS,AT INTERSECTION MARKED CROSSWALK,No,SUSPECTED SERIOUS INJURY,NONE,39.08043167,-77.07862833,"(39.08043167, -77.07862833)"
MCP271700N1,190015706,Montgomery County Police,Property Damage Crash,04/04/2019 06:00:00 PM,Maryland (State),BRADLEY BLVD,KENTSDALE DR,,N/A,BICYCLIST,OTHER,CLEAR,DRY,DAYLIGHT,NO CONTROLS,NONE DETECTED,NONE DETECTED,E5A06DE1-5EA5-4756-85DE-C632CE7F21C0,BICYCLIST,Walking/Riding w/Traffic,NO IMPROPER ACTIONS,ON ROADWAY NOT AT CROSSWALK,No,NO APPARENT INJURY,MC/BIKE HELMET,39.005084,-77.17620017,"(39.005084, -77.17620017)"
MCP0942001M,180005987,Montgomery County Police,Injury Crash,02/04/2018 08:35:00 AM,,,,"PARKING LOT-BETHESDA ELEMENTARY
7600 ARLINGTON RD.",,PEDESTRIAN,OTHER,CLOUDY,,DAYLIGHT,N/A,NONE DETECTED,NONE DETECTED,E868156F-9C6A-450C-85F5-380287134677,PEDESTRIAN,Other Working,NO IMPROPER ACTIONS,OTHER,No,SUSPECTED MINOR INJURY,N/A,38.9860995,-77.09893583,"(38.9860995, -77.09893583)"
MCP2871008B,220052897,Montgomery County Police,Injury Crash,11/30/2022 05:38:00 PM,Maryland (State),ROCKVILLE PIKE,NICHOLSON LA,,N/A,PEDESTRIAN,OTHER,CLEAR,DRY,DARK LIGHTS ON,TRAFFIC SIGNAL,NONE DETECTED,NONE DETECTED,0E616280-34E5-47DB-84DC-E10F921BF2A1,PEDESTRIAN,Cross/Enter at Intersection,FAILURE TO YIELD RIGHT OF WAY,ON ROADWAY AT CROSSWALK,Yes,POSSIBLE INJURY,N/A,39.04445833,-77.11144,"(39.04445833, -77.11144)"
EJ78530026,17010779,Gaithersburg Police Depar,Injury Crash,02/28/2017 07:19:00 PM,Maryland (State),W DIAMOND AVE,PERRY PKWY,,GAITHERSBURG,PEDESTRIAN,STRAIGHT MOVEMENT ANGLE,RAINING,WET,DARK LIGHTS ON,TRAFFIC SIGNAL,NONE DETECTED,NONE DETECTED,BDFA4C49-E52D-468A-A492-6C3E0C72C4A0,PEDESTRIAN,Cross/Enter at Intersection,FAILURE TO OBEY TRAFFIC SIGNS SIGNALS OR OFFICER,ON ROADWAY AT CROSSWALK,Yes,SUSPECTED MINOR INJURY,NONE,39.14040854,-77.20941827,"(39.14040854, -77.20941827)"
DD55950081,190052823,Rockville Police Departme,Injury Crash,11/02/2019 05:45:00 PM,Maryland (State),ROCKVILLE PIKE,TWINBROOK PKWY,,ROCKVILLE,BICYCLIST,SINGLE VEHICLE,CLEAR,DRY,DAYLIGHT,TRAFFIC SIGNAL,UNKNOWN,NONE DETECTED,0B8BDC18-685A-4B63-87BC-838AE5E1E3D1,BICYCLIST,Other,NO IMPROPER ACTIONS,ON ROADWAY AT CROSSWALK,No,SUSPECTED MINOR INJURY,NONE,39.05887808,-77.12129145,"(39.05887808, -77.12129145)"
MCP30790054,230026320,Montgomery County Police,Injury Crash,06/01/2023 03:28:00 PM,County,CRICKET HILL DR,STONEBRIDGE TERR,,N/A,BICYCLIST,HEAD ON LEFT TURN,CLEAR,DRY,DAYLIGHT,NO CONTROLS,NONE DETECTED,NONE DETECTED,DAACF9F0-8DC7-4968-82C2-7C80761DE058,BICYCLIST,Cross/Enter at Intersection,NO IMPROPER ACTIONS,ON ROADWAY AT CROSSWALK,No,SUSPECTED SERIOUS INJURY,MC/BIKE HELMET,39.14721291,-77.28389889,"(39.14721291, -77.28389889)"
MCP3134003B,220009059,Montgomery County Police,Injury Crash,02/23/2022 04:29:00 PM,County,GREENCASTLE RD,COLUMBIA PIKE,,N/A,PEDESTRIAN,SINGLE VEHICLE,CLEAR,DRY,DAYLIGHT,TRAFFIC SIGNAL,N/A,N/A,F7F132FE-A153-4E0E-BB00-754D2180AE97,PEDESTRIAN,Cross/Enter at Intersection,FAILURE TO YIELD RIGHT OF WAY,ON ROADWAY AT CROSSWALK,No,SUSPECTED MINOR INJURY,NONE,39.09563444,-76.93811154,"(39.09563444, -76.93811154)"
MCP26710014,16030090,Montgomery County Police,Injury Crash,06/14/2016 06:25:00 PM,Maryland (State),GEORGIA AVE,FENWICK LA,,N/A,PEDESTRIAN,SINGLE VEHICLE,CLEAR,DRY,DAYLIGHT,NO CONTROLS,NONE DETECTED,NONE DETECTED,59371504-8DDA-4A7B-9CBF-F2B60B8CA4F3,PEDESTRIAN,Cross/Enter at Intersection,IN ROADWAY IMPROPERLY,ON ROADWAY NOT AT CROSSWALK,Yes,SUSPECTED MINOR INJURY,NONE,38.99830824,-77.0306021,"(38.99830824, -77.0306021)"
MCP29170049,190022554,Montgomery County Police,Injury Crash,05/13/2019 03:14:00 PM,County,IRIS ST,MAGELLAN AVE,,N/A,PEDESTRIAN,OTHER,RAINING,WET,DAYLIGHT,NO CONTROLS,NONE DETECTED,NONE DETECTED,9742EAD3-85E0-493C-ACFF-40EC27533BEA,PEDESTRIAN,Other,DART DASH,ON ROADWAY NOT AT CROSSWALK,No,SUSPECTED MINOR INJURY,NONE,39.07511,-77.09338167,"(39.07511, -77.09338167)"
MCP29230045,180024852,Montgomery County Police,Injury Crash,05/21/2018 08:27:00 AM,County,HILLSDALE DR,MIDVAIL AVE,,N/A,PEDESTRIAN,OTHER,CLEAR,DRY,DAYLIGHT,NO CONTROLS,NONE DETECTED,NONE DETECTED,185217E2-51CC-4C41-B246-F56DD520695F,PEDESTRIAN,Standing,NO IMPROPER ACTIONS,CURB,No,SUSPECTED SERIOUS INJURY,N/A,39.03928333,-77.06077,"(39.03928333, -77.06077)"
MCP3174000S,190022434,Montgomery County Police,Injury Crash,05/12/2019 09:00:00 PM,County,WATKINS MILL RD,COLTFIELD CT,,N/A,PEDESTRIAN,SINGLE VEHICLE,RAINING,WET,DARK LIGHTS ON,N/A,N/A,ALCOHOL CONTRIBUTED,9835BC8E-524A-4DC9-A4B4-EAA458F14730,PEDESTRIAN,Cross/Enter not at Intersection,DART DASH,ON ROADWAY NOT AT CROSSWALK,Yes,SUSPECTED MINOR INJURY,NONE,39.16552667,-77.21045833,"(39.16552667, -77.21045833)"
MCP3164001X,190033752,Montgomery County Police,Injury Crash,07/16/2019 01:09:00 PM,,,,PARKING LOT OF 13884 GEORGIA AVENUE,,PEDESTRIAN,SINGLE VEHICLE,CLEAR,,DAYLIGHT,NO CONTROLS,N/A,N/A,93E66CB2-E9BA-4E5D-BFA7-1607755493FB,PEDESTRIAN,Cross/Enter at Intersection,NO IMPROPER ACTIONS,ON ROADWAY AT CROSSWALK,Unknown,SUSPECTED MINOR INJURY,N/A,39.08197667,-77.077265,"(39.08197667, -77.077265)"
MCP2559000K,16004074,Montgomery County Police,Injury Crash,01/24/2016 12:48:00 PM,Municipality,FIRSTFIELD RD,QUINCE ORCHARD RD,,N/A,PEDESTRIAN,OTHER,N/A,SNOW,DAYLIGHT,NO CONTROLS,NONE DETECTED,NONE DETECTED,8321D1E6-690F-4DCF-9818-71256CB78DBD,PEDESTRIAN,Other,DART DASH,ON ROADWAY NOT AT CROSSWALK,Yes,SUSPECTED MINOR INJURY,NONE,39.1453221,-77.2215499,"(39.1453221, -77.2215499)"
MCP21340008,15000784,Montgomery County Police,Fatal Crash,01/05/2015 05:55:00 PM,Maryland (State),VEIRS MILL RD,PARKLAND DR,,N/A,PEDESTRIAN,OTHER,CLEAR,DRY,DARK LIGHTS ON,TRAFFIC SIGNAL,NONE DETECTED,UNKNOWN,B47E36B8-6457-40C4-B2A1-73F5450A32E7,PEDESTRIAN,Cross/Enter at Intersection,FAILURE TO OBEY TRAFFIC SIGNS SIGNALS OR OFFICER,ON ROADWAY AT CROSSWALK,,FATAL INJURY,NONE,39.06151591,-77.09187984,"(39.06151591, -77.09187984)"
DD5595004C,170516151,Rockville Police Departme,Injury Crash,06/28/2017 07:48:00 AM,Municipality,E MIDDLE LA,MONROE ST,,ROCKVILLE,PEDESTRIAN,SINGLE VEHICLE,CLEAR,DRY,DAYLIGHT,OTHER,NONE DETECTED,NONE DETECTED,E528197E-1AB6-48F5-8A0D-E59768D89E9E,PEDESTRIAN,Cross/Enter at Intersection,NO IMPROPER ACTIONS,ON ROADWAY AT CROSSWALK,No,SUSPECTED MINOR INJURY,NONE,39.0853365,-77.14972233,"(39.0853365, -77.14972233)"
MCP20770016,16039435,Montgomery County Police,Injury Crash,08/04/2016 12:40:00 PM,County,RANDOLPH RD,VEIRS MILL RD,,N/A,BICYCLIST,SAME DIR REAR END,CLOUDY,DRY,DAYLIGHT,NO CONTROLS,NONE DETECTED,NONE DETECTED,E966D925-2154-43DD-8D58-5C3F18698209,BICYCLIST,Walking/Riding w/Traffic,NO IMPROPER ACTIONS,OTHER,No,POSSIBLE INJURY,NONE,39.05607,-77.08310167,"(39.05607, -77.08310167)"
MCP2372002V,200006789,Montgomery County Police,Injury Crash,02/10/2020 02:37:00 PM,County,LOCUST AVE,CEDAR LA,,N/A,BICYCLIST,STRAIGHT MOVEMENT ANGLE,RAINING,WET,DAYLIGHT,TRAFFIC SIGNAL,NONE DETECTED,NONE DETECTED,092524CD-80E8-4F06-A4B9-6AC97CFFB69F,BICYCLIST,Cross/Enter at Intersection,FAILURE TO OBEY TRAFFIC SIGNS SIGNALS OR OFFICER,OTHER,Yes,SUSPECTED MINOR INJURY,MC/BIKE HELMET,39.00535717,-77.10445467,"(39.00535717, -77.10445467)"
MCP31430025,200011071,Montgomery County Police,Injury Crash,03/06/2020 09:10:00 AM,Maryland (State),ROCKVILLE PIKE,MARINELLI RD,,N/A,PEDESTRIAN,SINGLE VEHICLE,CLEAR,DRY,DAYLIGHT,TRAFFIC SIGNAL,NONE DETECTED,NONE DETECTED,3C909705-698A-4586-B904-837E6A7ABA38,PEDESTRIAN,Cross/Enter at Intersection,NO IMPROPER ACTIONS,ON ROADWAY AT CROSSWALK,No,POSSIBLE INJURY,NONE,39.04674,-77.11301333,"(39.04674, -77.11301333)"
MCP2001000S,170533298,Montgomery County Police,Fatal Crash,09/26/2017 07:56:00 PM,County,MUDDY BRANCH RD,HARMONY HALL RD,,N/A,PEDESTRIAN,SINGLE VEHICLE,CLEAR,DRY,DUSK,NO CONTROLS,NONE DETECTED,UNKNOWN,3CE9FC84-5005-4D73-9E72-6A1C750FC3FA,PEDESTRIAN,Cross/Enter at Intersection,DART DASH,ON ROADWAY AT CROSSWALK,Unknown,FATAL INJURY,N/A,39.13665761,-77.20578454,"(39.13665761, -77.20578454)"
MCP1417005F,16027322,Montgomery County Police,Injury Crash,06/01/2016 10:30:00 AM,,,,"PARKING LOT OF
18206 CONTOUR ROAD",,PEDESTRIAN,SINGLE VEHICLE,CLEAR,,DAYLIGHT,NO CONTROLS,NONE DETECTED,NONE DETECTED,EE60808D-FFAE-4A9A-9E32-417D1F15A7A6,PEDESTRIAN,Other,DART DASH,OTHER,Yes,SUSPECTED MINOR INJURY,NONE,39.1551877,-77.19924331,"(39.1551877, -77.19924331)"
MCP3148000H,180048687,Montgomery County Police,Injury Crash,09/29/2018 01:01:00 PM,,,,PARKING LOT OF 1040 1OLD GEORGETOWN RD,,PEDESTRIAN,OTHER,CLEAR,,DAYLIGHT,NO CONTROLS,NONE DETECTED,NONE DETECTED,50860FD0-10B2-4BC8-999F-4842B2353C92,PEDESTRIAN,Standing,ENTERING EXITING PARKED STANDING VEHICLE,OTHER,No,POSSIBLE INJURY,N/A,39.025495,-77.12476,"(39.025495, -77.12476)"
DD5604003L,200029558,Rockville Police Departme,Injury Crash,07/30/2020 11:37:00 AM,Municipality,WOOTTON PKWY,TOWER OAKS BLVD,,ROCKVILLE,PEDESTRIAN,OTHER,CLEAR,DRY,DAYLIGHT,TRAFFIC SIGNAL,NONE DETECTED,NONE DETECTED,2B0CC152-44D7-42ED-851A-71C310DBE788,PEDESTRIAN,Standing,OTHER,AT INTERSECTION MARKED CROSSWALK,No,POSSIBLE INJURY,REFLECTIVE CLOTHING,39.0662585,-77.15408483,"(39.0662585, -77.15408483)"
DD5657000P,230023777,Rockville Police Departme,Injury Crash,05/17/2023 10:33:00 PM,Municipality,W GUDE DR,RESEARCH BLVD,,ROCKVILLE,PEDESTRIAN,OTHER,CLEAR,DRY,DARK -- UNKNOWN LIGHTING,NO CONTROLS,NONE DETECTED,NONE DETECTED,84FBCA2E-9A01-4076-A755-D45D88CA15A7,PEDESTRIAN,Walking/Riding w/Traffic,IN ROADWAY IMPROPERLY,ON ROADWAY NOT AT CROSSWALK,Yes,SUSPECTED SERIOUS INJURY,NONE,39.1005185,-77.18080733,"(39.1005185, -77.18080733)"
MCP2861003P,180057193,Montgomery County Police,Injury Crash,11/14/2018 07:28:00 PM,County,SEVEN LOCKS RD,SCOTLAND DR,,N/A,PEDESTRIAN,OTHER,CLEAR,DRY,DARK LIGHTS ON,NO CONTROLS,NONE DETECTED,NONE DETECTED,42B2018B-3972-433A-BAE7-8ED881C6CDA5,PEDESTRIAN,Cross/Enter not at Intersection,NO IMPROPER ACTIONS,ON ROADWAY AT CROSSWALK,No,SUSPECTED MINOR INJURY,N/A,39.03123833,-77.161505,"(39.03123833, -77.161505)"
MCP3230003Y,220058069,Montgomery County Police,Injury Crash,12/31/2022 09:20:00 PM,,,,14123 WEEPING WILLOW DR,,PEDESTRIAN,SINGLE VEHICLE,RAINING,,DARK LIGHTS ON,NO CONTROLS,NONE DETECTED,NONE DETECTED,290E9B74-E35F-4D62-99C2-B56E4ED6169A,PEDESTRIAN,Walking/Riding against Traffic,NO IMPROPER ACTIONS,OTHER,Yes,SUSPECTED MINOR INJURY,N/A,39.089525,-77.066725,"(39.089525, -77.066725)"
MCP2919006P,200000940,Montgomery County Police,Injury Crash,01/06/2020 05:26:00 PM,Maryland (State),PINEY BRANCH RD,CARROLL AVE,,N/A,PEDESTRIAN,OTHER,N/A,DRY,DARK LIGHTS ON,OTHER,NONE DETECTED,NONE DETECTED,2B05FA33-17F4-4E83-9380-F7DEF3F333AE,PEDESTRIAN,Cross/Enter at Intersection,NO IMPROPER ACTIONS,ON ROADWAY AT CROSSWALK,No,POSSIBLE INJURY,N/A,39.00111833,-76.98745167,"(39.00111833, -76.98745167)"
MCP13660071,180003770,Montgomery County Police,Injury Crash,01/23/2018 06:36:00 AM,County,TWINBROOK PKWY,FISHERS LA,,N/A,PEDESTRIAN,SINGLE VEHICLE,RAINING,WET,DARK LIGHTS ON,TRAFFIC SIGNAL,NONE DETECTED,NONE DETECTED,EDDF6A52-2099-4CC5-8003-D0ED74E58B37,PEDESTRIAN,Cross/Enter at Intersection,INATTENTIVE,ON ROADWAY AT CROSSWALK,Yes,SUSPECTED MINOR INJURY,NONE,39.06279361,-77.11637244,"(39.06279361, -77.11637244)"
MCP2987002Q,170547567,Montgomery County Police,Injury Crash,12/09/2017 11:48:00 AM,Maryland (State),NEW HAMPSHIRE AVE,POWDER MILL RD,,N/A,PEDESTRIAN,OTHER,SNOW,WET,DAYLIGHT,TRAFFIC SIGNAL,NONE DETECTED,NONE DETECTED,0C25A266-2A41-4B76-97F1-03CB5B53E9B2,PEDESTRIAN,Cross/Enter at Intersection,FAILURE TO OBEY TRAFFIC SIGNS SIGNALS OR OFFICER,UNKNOWN,Yes,POSSIBLE INJURY,NONE,39.02230322,-76.97738037,"(39.02230322, -76.97738037)"
MCP28180022,16041124,Montgomery County Police,Injury Crash,08/13/2016 05:37:00 PM,County,FENTON ST,COLESVILLE RD,,N/A,PEDESTRIAN,OTHER,CLEAR,DRY,N/A,TRAFFIC SIGNAL,NONE DETECTED,NONE DETECTED,726029E9-22E4-401B-BF8F-47182A4389B4,PEDESTRIAN,Cross/Enter at Intersection,NO IMPROPER ACTIONS,AT INTERSECTION MARKED CROSSWALK,No,SUSPECTED MINOR INJURY,N/A,38.99752833,-77.02718167,"(38.99752833, -77.02718167)"
EJ78440014,220000415,Gaithersburg Police Depar,Injury Crash,01/04/2022 03:30:00 PM,,W WATKINS MILL RD,SB I-270 EXIT RAMP,,N/A,BICYCLIST,STRAIGHT MOVEMENT ANGLE,CLEAR,DRY,DAYLIGHT,TRAFFIC SIGNAL,NONE DETECTED,NONE DETECTED,387D2082-1F64-4AA6-8268-704CEFBA9137,BICYCLIST,Walking/Riding w/Traffic,NO IMPROPER ACTIONS,ON ROADWAY AT CROSSWALK,No,SUSPECTED MINOR INJURY,UNKNOWN,39.15660815,-77.22456573,"(39.15660815, -77.22456573)"
MCP2492000F,15055888,MONTGOMERY,Injury Crash,11/02/2015 10:20:00 PM,US (State),COLUMBIA PIKE,TECH RD,,N/A,PEDESTRIAN,OTHER,CLEAR,DRY,DARK LIGHTS ON,TRAFFIC SIGNAL,UNKNOWN,UNKNOWN,80EE11E2-E538-4372-B684-55358A9E733C,PEDESTRIAN,Cross/Enter at Intersection,UNKNOWN,ON ROADWAY AT CROSSWALK,Unknown,SUSPECTED SERIOUS INJURY,NONE,39.05782952,-76.96838826,"(39.05782952, -76.96838826)"
MCP20720074,230055914,Montgomery County Police,Injury Crash,09/20/2023 12:18:00 PM,,,,"19700 FREDERICK  ROAD GERMANTOWN 
(7-ELEVEN PARKING LOT)",,PEDESTRIAN,OTHER,CLEAR,,DAYLIGHT,NO CONTROLS,ALCOHOL PRESENT,N/A,0848ADA5-543F-49B2-8DC1-0F42B18E1DA0,PEDESTRIAN,Standing,NO IMPROPER ACTIONS,CURB,No,SUSPECTED SERIOUS INJURY,N/A,39.17879833,-77.23895667,"(39.17879833, -77.23895667)"
MCP3225001Y,210039507,Montgomery County Police,Injury Crash,10/04/2021 07:00:00 PM,,,,"PARKING LOT OF 11406 GEORGIA AVE, SILVER SPRING, MD 20902",,PEDESTRIAN,OTHER,RAINING,,DARK LIGHTS ON,NO CONTROLS,NONE DETECTED,NONE DETECTED,8EAB7DB1-9605-4F25-B758-DE7ED1FBAC46,PEDESTRIAN,Walking/Cycling on Sidewalk,NO IMPROPER ACTIONS,SIDEWALK,No,POSSIBLE INJURY,N/A,39.04179605,-77.05193546,"(39.04179605, -77.05193546)"
MCP241100BX,230051632,Montgomery County Police,Injury Crash,08/27/2023 12:05:00 PM,County,LAUDERDALE DR,RANDOLPH RD,,N/A,PEDESTRIAN,STRAIGHT MOVEMENT ANGLE,CLEAR,DRY,DAYLIGHT,TRAFFIC SIGNAL,NONE DETECTED,NONE DETECTED,E787D543-6F2B-4DCE-BE55-6E7A35533411,PEDESTRIAN,Cross/Enter at Intersection,NO IMPROPER ACTIONS,ON ROADWAY AT CROSSWALK,No,SUSPECTED MINOR INJURY,NONE,39.05369369,-77.10415416,"(39.05369369, -77.10415416)"
DD55950039,16064756,Rockville Police Departme,Injury Crash,12/17/2016 06:37:00 PM,Municipality,ELMCROFT BLVD,REDLAND BLVD,,ROCKVILLE,PEDESTRIAN,OTHER,CLEAR,WET,DARK LIGHTS ON,NO CONTROLS,NONE DETECTED,NONE DETECTED,C257DE12-4FE1-409F-91BC-584574B8CF76,PEDESTRIAN,Cross/Enter at Intersection,NO IMPROPER ACTIONS,ON ROADWAY AT CROSSWALK,No,SUSPECTED MINOR INJURY,N/A,39.11449667,-77.167116,"(39.11449667, -77.167116)"
MCP24920013,190014007,Montgomery County Police,Fatal Crash,03/26/2019 03:51:00 PM,,,,PARKING LOT OF 611 ROCKVILLE PIKE,,PEDESTRIAN,OTHER,CLEAR,,DAYLIGHT,N/A,NONE DETECTED,NONE DETECTED,2B144005-856D-4774-BC01-B48DAB8724C2,PEDESTRIAN,Unknown,UNKNOWN,OTHER,Yes,FATAL INJURY,N/A,39.08029482,-77.14506661,"(39.08029482, -77.14506661)"
MCP3200008G,230026910,Montgomery County Police,Property Damage Crash,06/05/2023 08:10:00 AM,County,WHITTIER BLVD,ORCHID DR,,N/A,BICYCLIST,OTHER,CLEAR,DRY,DAYLIGHT,NO CONTROLS,NONE DETECTED,NONE DETECTED,55C36E29-2F11-4244-BDC3-AA7A86FAEACD,BICYCLIST,Cross/Enter not at Intersection,IN ROADWAY IMPROPERLY,ON ROADWAY NOT AT CROSSWALK,Yes,NO APPARENT INJURY,NONE,38.98487683,-77.12656883,"(38.98487683, -77.12656883)"
MCP3244001P,220014019,Montgomery County Police,Injury Crash,04/02/2022 10:03:00 AM,County,WAYNE AVE,GEORGIA AVE,,N/A,OTHER,OTHER,CLEAR,DRY,DAYLIGHT,TRAFFIC SIGNAL,NONE DETECTED,ALCOHOL PRESENT,F2E49F52-6FFE-4BED-8ACC-7F60A103DE47,OTHER,Cross/Enter at Intersection,FAILURE TO YIELD RIGHT OF WAY,ON ROADWAY AT CROSSWALK,Yes,POSSIBLE INJURY,NONE,38.9944405,-77.02643267,"(38.9944405, -77.02643267)"
MCP1417003D,15029880,Montgomery County Police,Injury Crash,06/19/2015 07:37:00 AM,County,MIDCOUNTY HWY,ENT TO SHADY GROVE MIDDLE SCHOOL,,N/A,BICYCLIST,SAME DIRECTION RIGHT TURN,CLEAR,DRY,DAYLIGHT,NO CONTROLS,NONE DETECTED,NONE DETECTED,E8AA977B-AFBA-4021-BACF-F9A8A8939BE8,BICYCLIST,Walking/Riding w/Traffic,NO IMPROPER ACTIONS,IN BIKEWAY,,SUSPECTED MINOR INJURY,MC/BIKE HELMET,39.14394084,-77.16219664,"(39.14394084, -77.16219664)"
MCP3239002S,230012601,Montgomery County Police,Injury Crash,03/15/2023 12:10:00 PM,County,RANDOLPH RD,HAWKESBURY LA,,N/A,PEDESTRIAN,OTHER,CLEAR,DRY,DAYLIGHT,TRAFFIC SIGNAL,NONE DETECTED,NONE DETECTED,2FED1071-E9C4-41F6-A96B-560FEF289F0D,PEDESTRIAN,Cross/Enter not at Intersection,IN ROADWAY IMPROPERLY,ON ROADWAY NOT AT CROSSWALK,Yes,POSSIBLE INJURY,NONE,39.06667415,-77.01958235,"(39.06667415, -77.01958235)"