Report Number,Local Case Number,Agency Name,ACRS Report Type,Crash Date/Time,Route Type,Road Name,Cross-Street Name,Off-Road Description,Municipality,Related Non-Motorist,Collision Type,Weather,Surface Condition,Light,Traffic Control,Driver Substance Abuse,Non-Motorist Substance Abuse,Person ID,Pedestrian Type,Pedestrian Movement,Pedestrian Actions,Pedestrian Location,At Fault,Injury Severity,Safety Equipment,Latitude,Longitude,Location
MCP27490019,16036191,Montgomery County Police,Injury Crash,07/17/2016 12:15:00 PM,,,,IFO 13428 NEW HAMPSHIRE AVE,,OTHER,SAME DIR REAR END,CLEAR,,DAYLIGHT,NO CONTROLS,NONE DETECTED,N/A,A71D1F0C-8CA1-40CB-9417-85D39D3E8799,OTHER,Other,NO IMPROPER ACTIONS,INSIDE BUILDING,No,POSSIBLE INJURY,N/A,39.111685,-76.99486167,"(39.111685, -76.99486167)"
MCP2904006Y,190025093,Montgomery County Police,Injury Crash,05/26/2019 06:00:00 PM,County,LANGLEY DR,LINTON ST,,N/A,BICYCLIST,STRAIGHT MOVEMENT ANGLE,CLEAR,DRY,DAYLIGHT,STOP SIGN,NONE DETECTED,NONE DETECTED,FFB094E9-6976-41AC-9C04-6841FD9E68BE,BICYCLIST,Cross/Enter at Intersection,FAILURE TO OBEY TRAFFIC SIGNS SIGNALS OR OFFICER,ON ROADWAY NOT AT CROSSWALK,Yes,POSSIBLE INJURY,NONE,39.00245833,-76.99094833,"(39.00245833, -76.99094833)"
MCP235300B4,220047332,Montgomery County Police,Property Damage Crash,10/28/2022 09:27:00 AM,County,WESTBARD AVE,RIDGEFIELD RD,,N/A,OTHER,SINGLE VEHICLE,CLOUDY,DRY,DAYLIGHT,PERSON,NONE DETECTED,NONE DETECTED,FC89666D-1293-42A0-9D36-600F9CCA6B9A,OTHER,Other,IN ROADWAY IMPROPERLY,OTHER,No,NO APPARENT INJURY,REFLECTIVE CLOTHING,38.96527383,-77.10763233,"(38.96527383, -77.10763233)"
DD5614000N,16024847,Rockville Police Departme,Injury Crash,05/19/2016 11:16:00 AM,Maryland (State),E JEFFERSON ST,MONROE ST,,ROCKVILLE,PEDESTRIAN,SAME DIRECTION SIDESWIPE,CLOUDY,DRY,DAYLIGHT,TRAFFIC SIGNAL,NONE DETECTED,NONE DETECTED,B2AEEA5B-821B-4F9A-B201-14433270D67F,PEDESTRIAN,Cross/Enter at Intersection,NO IMPROPER ACTIONS,AT INTERSECTION MARKED CROSSWALK,No,SUSPECTED MINOR INJURY,NONE,39.08122167,-77.14769,"(39.08122167, -77.14769)"
MCP29860030,190021210,Montgomery County Police,Injury Crash,05/05/2019 10:34:00 PM,US (State),COLESVILLE RD,UNIVERSITY BLVD E,,N/A,PEDESTRIAN,SINGLE VEHICLE,CLEAR,DRY,DARK LIGHTS ON,TRAFFIC SIGNAL,NONE DETECTED,NONE DETECTED,A8C85898-390F-435B-A15F-B8E9A6CF0995,PEDESTRIAN,Cross/Enter at Intersection,DART DASH,AT INTERSECTION MARKED CROSSWALK,Yes,SUSPECTED MINOR INJURY,N/A,39.020502,-77.01264583,"(39.020502, -77.01264583)"
MCP2937001J,15063824,Montgomery County Police,Injury Crash,12/14/2015 10:32:00 AM,County,BLACKBURN RD,CUL DE SAC,,N/A,PEDESTRIAN,SINGLE VEHICLE,N/A,DRY,DAYLIGHT,NO CONTROLS,NONE DETECTED,NONE DETECTED,18393E1A-62CC-40F3-A1C4-ADE27F337B22,PEDESTRIAN,Cross/Enter not at Intersection,FAILURE TO YIELD RIGHT OF WAY,ON ROADWAY NOT AT CROSSWALK,Yes,POSSIBLE INJURY,NONE,39.09888966,-76.92820072,"(39.09888966, -76.92820072)"
DD56370022,200046625,Rockville Police Departme,Injury Crash,11/25/2020 06:51:00 PM,,,,PARKING LOT OF 403 REDLAND BLVD,,PEDESTRIAN,SINGLE VEHICLE,CLEAR,,DARK LIGHTS ON,NO CONTROLS,NONE DETECTED,NONE DETECTED,4669AC2E-84A5-486B-8349-1B226A4B6018,PEDESTRIAN,Cross/Enter at Intersection,NO IMPROPER ACTIONS,AT INTERSECTION MARKED CROSSWALK,No,POSSIBLE INJURY,NONE,39.11285733,-77.17183467,"(39.11285733, -77.17183467)"
MCP9438000V,16005086,Montgomery County Police,Injury Crash,01/31/2016 01:30:00 PM,County,GUNNERS BRANCH RD,FREDERICK RD,,N/A,PEDESTRIAN,SINGLE VEHICLE,N/A,WET,DAYLIGHT,TRAFFIC SIGNAL,UNKNOWN,N/A,44A8F816-C4F5-4EB3-938D-5D565AB0545E,PEDESTRIAN,Cross/Enter at Intersection,NO IMPROPER ACTIONS,ON ROADWAY AT CROSSWALK,No,POSSIBLE INJURY,N/A,39.17862,-77.23955167,"(39.17862, -77.23955167)"
MCP2850000V,15038430,MONTGOMERY,Injury Crash,08/03/2015 11:24:00 AM,County,SCOTT DR,FINSBURY RD,,N/A,OTHER,OTHER,CLEAR,DRY,DAYLIGHT,NO CONTROLS,N/A,N/A,C30F8F47-885F-46A9-A73A-9FC5F0FFEAC6,OTHER,Standing,N/A,OTHER,No,SUSPECTED MINOR INJURY,REFLECTIVE CLOTHING,39.075425,-77.02203833,"(39.075425, -77.02203833)"
MCP2008002X,16058233,Montgomery County Police,Injury Crash,11/11/2016 05:46:00 PM,Maryland (State),WILSON LA,MOORLAND LA,,N/A,PEDESTRIAN,HEAD ON,CLEAR,DRY,DARK LIGHTS ON,NO CONTROLS,NONE DETECTED,NONE DETECTED,E298529C-E573-4BD3-B451-CF2C94E1F47E,PEDESTRIAN,Cross/Enter at Intersection,NO IMPROPER ACTIONS,ON ROADWAY AT CROSSWALK,No,SUSPECTED MINOR INJURY,NONE,38.9871,-77.10963167,"(38.9871, -77.10963167)"
MCP2899003G,200013272,Montgomery County Police,Fatal Crash,03/19/2020 12:26:00 PM,Maryland (State),NEW HAMPSHIRE AVE,MCCENEY AVE,,N/A,PEDESTRIAN,SINGLE VEHICLE,CLEAR,DRY,DAYLIGHT,NO CONTROLS,NONE DETECTED,UNKNOWN,93E83C00-B575-42DC-9960-B9324E5892C1,PEDESTRIAN,Walking/Cycling on Sidewalk,UNKNOWN,SIDEWALK,No,FATAL INJURY,N/A,39.0359935,-76.98895157,"(39.0359935, -76.98895157)"
MCP94420028,210044027,Montgomery County Police,Injury Crash,11/01/2021 07:00:00 AM,County,EAST VILLAGE AVE,WELBECK WAY,,N/A,PEDESTRIAN,OTHER,CLEAR,DRY,DAWN,OTHER,NONE DETECTED,NONE DETECTED,57724B36-D1DA-4B15-A15F-D4C2F70F5E10,PEDESTRIAN,Cross/Enter at Intersection,NO IMPROPER ACTIONS,ON ROADWAY AT CROSSWALK,No,SUSPECTED MINOR INJURY,N/A,39.18806833,-77.180635,"(39.18806833, -77.180635)"
DD5539000Z,15026681,Rockville Police Departme,Injury Crash,06/02/2015 05:35:00 PM,Maryland (State),ROCKVILLE PIKE,ENT TO CONGRESSIONAL PLAZA,,N/A,BICYCLIST,OTHER,CLOUDY,DRY,DAYLIGHT,STOP SIGN,NONE DETECTED,NONE DETECTED,9077868D-5211-4875-B3F6-2E8343F29508,BICYCLIST,Walking/Cycling on Sidewalk,NO IMPROPER ACTIONS,ON ROADWAY AT CROSSWALK,,SUSPECTED SERIOUS INJURY,NONE,39.06286546,-77.12513924,"(39.06286546, -77.12513924)"
MCP94300008,230014759,Montgomery County Police,Injury Crash,03/27/2023 11:40:00 AM,,,,ALLEYWAY BEHIND GEORGETOWN SQUARE,,PEDESTRIAN,SINGLE VEHICLE,CLOUDY,,DAYLIGHT,N/A,NONE DETECTED,NONE DETECTED,A41D9238-17D9-46C9-88ED-A13D24AA6802,PEDESTRIAN,Standing,NO IMPROPER ACTIONS,OTHER,No,SUSPECTED MINOR INJURY,NONE,39.02534749,-77.12782794,"(39.02534749, -77.12782794)"
MCP209400H3,210007963,Montgomery County Police,Injury Crash,03/03/2021 06:59:00 AM,County,MACARTHUR BLVD,CLARA BARTON PKWY,,N/A,BICYCLIST,OTHER,CLEAR,DRY,DAYLIGHT,NO CONTROLS,NONE DETECTED,NONE DETECTED,DFAA19E2-B9FC-4E77-AF11-DFE05C15F137,BICYCLIST,Walking/Riding w/Traffic,NO IMPROPER ACTIONS,ON ROADWAY NOT AT CROSSWALK,No,SUSPECTED SERIOUS INJURY,MC/BIKE HELMET,38.97863667,-77.20802833,"(38.97863667, -77.20802833)"
DM8479000J,200031997,Takoma Park Police Depart,Injury Crash,08/16/2020 06:01:00 PM,Maryland (State),NEW HAMPSHIRE AVE,UNIVERSITY BLVD,,N/A,PEDESTRIAN,OTHER,CLOUDY,DRY,DAYLIGHT,TRAFFIC SIGNAL,NONE DETECTED,NONE DETECTED,9740B3A7-4477-408D-A0BD-EAD0AB63330E,PEDESTRIAN,Cross/Enter at Intersection,NO IMPROPER ACTIONS,ON ROADWAY AT CROSSWALK,No,SUSPECTED MINOR INJURY,N/A,38.98794582,-76.98641554,"(38.98794582, -76.98641554)"
MCP3275000K,210016843,Montgomery County Police,Injury Crash,05/05/2021 12:14:00 PM,Maryland (State),GEORGIA AVE,COLESVILLE RD,,N/A,PEDESTRIAN,OTHER,OTHER,DRY,DAYLIGHT,TRAFFIC SIGNAL,NONE DETECTED,NONE DETECTED,05A4DE12-DF4D-483A-8354-3123DDE1FC4E,PEDESTRIAN,Cross/Enter at Intersection,UNKNOWN,ON ROADWAY AT CROSSWALK,Unknown,SUSPECTED SERIOUS INJURY,NONE,38.99559833,-77.02806,"(38.99559833, -77.02806)"
MCP2722002Y,180008000,Montgomery County Police,Injury Crash,02/15/2018 04:32:00 PM,,,,PARKING LOT OF 5566 NORBECK RD,,PEDESTRIAN,SINGLE VEHICLE,CLEAR,,DAYLIGHT,NO CONTROLS,N/A,N/A,3E5A492E-A47F-401F-BBEB-0FF852549FD3,PEDESTRIAN,Cross/Enter not at Intersection,NO IMPROPER ACTIONS,ON ROADWAY NOT AT CROSSWALK,No,SUSPECTED MINOR INJURY,NONE,39.095125,-77.11114167,"(39.095125, -77.11114167)"
MCP27840028,16004095,Montgomery County Police,Injury Crash,01/24/2016 06:34:00 PM,,REDSPIRE DRIVE,DEER HIGHLANDS WAY,,N/A,PEDESTRIAN,SINGLE VEHICLE,SNOW,N/A,DARK LIGHTS ON,NO CONTROLS,UNKNOWN,NONE DETECTED,6D109FD5-78B7-4AE7-B96F-A7C0CA728AFA,PEDESTRIAN,Standing,IN ROADWAY IMPROPERLY,ON ROADWAY NOT AT CROSSWALK,Yes,POSSIBLE INJURY,N/A,39.0039,-77.036485,"(39.0039, -77.036485)"
MCP2493000Q,15061008,MONTGOMERY,Injury Crash,11/29/2015 07:54:00 PM,Maryland (State),FREDERICK RD,MIDDLEBROOK RD,,N/A,PEDESTRIAN,OTHER,CLEAR,DRY,DARK NO LIGHTS,NO CONTROLS,NONE DETECTED,UNKNOWN,6A65C822-90FF-403A-8C3A-52BA7AECD544,PEDESTRIAN,Cross/Enter not at Intersection,IN ROADWAY IMPROPERLY,ON ROADWAY NOT AT CROSSWALK,Yes,SUSPECTED SERIOUS INJURY,N/A,39.178895,-77.23851,"(39.178895, -77.23851)"
MCP102200CD,190024672,Montgomery County Police,Injury Crash,05/24/2019 09:50:00 AM,,,,"SOUTH SIDE PARKING LOT AT GERMANTOWN ASSISTED LIVING  20990 FATHER HURLEY BLVD GERMANTOWN, MD 20874",,PEDESTRIAN,SINGLE VEHICLE,CLEAR,,DAYLIGHT,NO CONTROLS,NONE DETECTED,NONE DETECTED,1CBC5EDB-61D4-418B-BDFA-DF3F99579D2F,PEDESTRIAN,Other,NO IMPROPER ACTIONS,OTHER,No,SUSPECTED MINOR INJURY,N/A,39.190085,-77.27435667,"(39.190085, -77.27435667)"
MCP2695000T,16042284,Montgomery County Police,Injury Crash,08/20/2016 12:40:00 PM,Maryland (State),NEW HAMPSHIRE AVE,ADELPHI RD,,N/A,PEDESTRIAN,OTHER,CLEAR,DRY,DAYLIGHT,TRAFFIC SIGNAL,N/A,N/A,7060BB8F-8823-4688-90BA-F920971E4602,PEDESTRIAN,Cross/Enter at Intersection,NO IMPROPER ACTIONS,ON ROADWAY AT CROSSWALK,No,POSSIBLE INJURY,N/A,39.01136446,-76.97909832,"(39.01136446, -76.97909832)"
MCP24920014,190018949,Montgomery County Police,Injury Crash,04/23/2019 07:30:00 AM,Maryland (State),GREAT SENECA HWY,MIDDLEBROOK RD,,N/A,PEDESTRIAN,OTHER,CLEAR,DRY,DAYLIGHT,TRAFFIC SIGNAL,NONE DETECTED,NONE DETECTED,01BDAC8E-A031-4488-B756-C53AEE4A001F,PEDESTRIAN,Cross/Enter at Intersection,FAILURE TO OBEY TRAFFIC SIGNS SIGNALS OR OFFICER,ON ROADWAY AT CROSSWALK,Yes,POSSIBLE INJURY,NONE,39.17482667,-77.26058,"(39.17482667, -77.26058)"
DD561500D8,220047000,Rockville Police Departme,Property Damage Crash,10/26/2022 01:45:00 PM,,,,"PARKING LOT OF 155 ROLLINS AVE, ROCKVILLE, MARYLAND.",,OTHER,SINGLE VEHICLE,N/A,,DAYLIGHT,NO CONTROLS,NONE DETECTED,NONE DETECTED,7A7C7860-0E29-4EB4-B240-1EBABCD133DB,OTHER,Other,NO IMPROPER ACTIONS,OTHER,No,NO APPARENT INJURY,NONE,39.05878197,-77.124726,"(39.05878197, -77.124726)"
MCP3130001R,190039432,Montgomery County Police,Property Damage Crash,08/18/2019 12:00:00 PM,County,CONNECTICUT AVE,GRAND PRE RD,,N/A,BICYCLIST,STRAIGHT MOVEMENT ANGLE,CLEAR,DRY,DAYLIGHT,NO CONTROLS,NONE DETECTED,NONE DETECTED,C32A4CA5-DFC3-47DB-8D3A-4D7A18C37465,BICYCLIST,Walking/Riding w/Traffic,NO IMPROPER ACTIONS,OTHER,No,NO APPARENT INJURY,MC/BIKE HELMET,39.08485833,-77.07600833,"(39.08485833, -77.07600833)"
MCP3336000D,220052925,Montgomery County Police,Injury Crash,11/30/2022 05:50:00 PM,,,,HOLY CROSS HOSPITAL PARKING LOT,,PEDESTRIAN,OTHER,CLEAR,,DARK LIGHTS ON,OTHER,NONE DETECTED,NONE DETECTED,C8894659-EBF5-4F0F-B208-2EE6D6AAC7E7,PEDESTRIAN,Cross/Enter not at Intersection,NO IMPROPER ACTIONS,OTHER,No,SUSPECTED MINOR INJURY,N/A,39.015,-77.035,"(39.015, -77.035)"
MCP26570017,16053266,Montgomery County Police,Injury Crash,10/16/2016 11:00:00 PM,,,,PARKING LOT OF ENCLAVE APARTMENTS IN AREA BETWEEN 11235 OAK LEAF DRIVE/11200 LOCKWOOD DRIVE,,BICYCLIST,SAME DIR REND RIGHT TURN,CLEAR,,DARK NO LIGHTS,NO CONTROLS,ALCOHOL PRESENT,N/A,75846781-470B-4F8A-B93C-FF7051705958,BICYCLIST,Walking/Riding w/Traffic,NOT VISIBLE,OTHER,No,POSSIBLE INJURY,NONE,39.03919674,-76.9922626,"(39.03919674, -76.9922626)"
MCP20820017,180008905,Montgomery County Police,Injury Crash,02/20/2018 09:57:00 PM,Maryland (State),GEORGIA AVE,REEDIE DR,,N/A,PEDESTRIAN,SINGLE VEHICLE,CLEAR,DRY,DARK LIGHTS ON,TRAFFIC SIGNAL,NONE DETECTED,N/A,028A7CE9-04CF-41B2-942A-E5558377EE9F,PEDESTRIAN,Cross/Enter at Intersection,FAILURE TO OBEY TRAFFIC SIGNS SIGNALS OR OFFICER,ON ROADWAY AT CROSSWALK,Yes,POSSIBLE INJURY,N/A,39.039455,-77.05244167,"(39.039455, -77.05244167)"
MCP3119002K,200023226,Montgomery County Police,Injury Crash,06/13/2020 09:10:00 AM,County,RIDGELINE DR,CLUB HOUSE RD,,N/A,BICYCLIST,OTHER,CLEAR,DRY,DAYLIGHT,STOP SIGN,NONE DETECTED,NONE DETECTED,86E5B470-034B-4799-AB90-C46EFF8CB555,BICYCLIST,Cross/Enter at Intersection,NO IMPROPER ACTIONS,SIDEWALK,No,POSSIBLE INJURY,MC/BIKE HELMET,39.17459633,-77.20492883,"(39.17459633, -77.20492883)"
MCP27480016,190018590,Montgomery County Police,Injury Crash,04/20/2019 09:52:00 PM,Maryland (State),OLD GEORGETOWN RD,ROCKVILLE PIKE,,N/A,PEDESTRIAN,SINGLE VEHICLE,CLEAR,N/A,DARK LIGHTS ON,N/A,N/A,NONE DETECTED,1B3F0161-4558-4290-8F09-989002CACA9C,PEDESTRIAN,Cross/Enter not at Intersection,IN ROADWAY IMPROPERLY,ON ROADWAY NOT AT CROSSWALK,Yes,SUSPECTED SERIOUS INJURY,N/A,39.04508167,-77.1204155,"(39.04508167, -77.1204155)"
MCP1086000B,210042474,Montgomery County Police,Injury Crash,10/22/2021 07:30:00 AM,County,RICHTER FARM RD,MOLASSES RUN DR,,N/A,BICYCLIST,OTHER,N/A,DRY,DAYLIGHT,STOP SIGN,NONE DETECTED,N/A,CC1A6065-745D-4B78-8FA5-5AE9EBF1E02E,BICYCLIST,Walking/Cycling on Sidewalk,INATTENTIVE,SIDEWALK,Yes,SUSPECTED MINOR INJURY,NONE,39.15318326,-77.28550537,"(39.15318326, -77.28550537)"
MCP2656006W,230024263,Montgomery County Police,Injury Crash,05/20/2023 06:45:00 PM,Maryland (State),CLOPPER RD,VILLAGE FOUNTAIN DR,,N/A,PEDESTRIAN,OTHER,RAINING,WET,DAYLIGHT,TRAFFIC SIGNAL,N/A,N/A,269F5EAF-A293-4AE8-9A87-61D764B0AF67,PEDESTRIAN,Other,OTHER,AT INTERSECTION MARKED CROSSWALK,No,SUSPECTED SERIOUS INJURY,N/A,39.1603645,-77.27999867,"(39.1603645, -77.27999867)"
MCP3053006J,230028673,Montgomery County Police,Injury Crash,06/14/2023 07:25:00 PM,,,,11160 VEIRS MILL RD PARKING LOT OF LA FITNESS,,PEDESTRIAN,OTHER,N/A,,DAYLIGHT,NO CONTROLS,UNKNOWN,N/A,C5436586-26D4-4224-9F74-FEC7C44C3103,PEDESTRIAN,Standing,UNKNOWN,OTHER,No,POSSIBLE INJURY,N/A,39.03608129,-77.05070976,"(39.03608129, -77.05070976)"
EJ7895000D,220004216,Gaithersburg Police Depar,Injury Crash,01/31/2022 06:30:00 PM,Municipality,E DIAMOND AVE,E DIAMOND AVE,,GAITHERSBURG,BICYCLIST,STRAIGHT MOVEMENT ANGLE,CLEAR,DRY,DARK LIGHTS ON,NO CONTROLS,N/A,N/A,CB7634EF-A687-414B-A19F-E0905765D671,BICYCLIST,Cross/Enter not at Intersection,IMPROPER TURN MERGE,ON ROADWAY NOT AT CROSSWALK,Yes,POSSIBLE INJURY,NONE,39.14201479,-77.1888905,"(39.14201479, -77.1888905)"
MCP2783004L,220046704,Montgomery County Police,Property Damage Crash,12/13/2022 06:58:00 PM,County,MARIGOLD LA,CAMELLIA DR,,N/A,PEDESTRIAN,OPPOSITE DIRECTION SIDESWIPE,CLEAR,DRY,DARK NO LIGHTS,NO CONTROLS,N/A,N/A,6FBFF1EB-8C15-480E-9B59-68381CEF9D21,PEDESTRIAN,Standing,NO IMPROPER ACTIONS,OUTSIDE RIGHT OF WAY,Unknown,NO APPARENT INJURY,N/A,39.0712178,-77.0437098,"(39.0712178, -77.0437098)"
MCP2512004Q,190054414,Montgomery County Police,Injury Crash,11/11/2019 07:11:00 PM,County,WASHINGTON GROVE LA,TOWNE CREST DR,,N/A,PEDESTRIAN,STRAIGHT MOVEMENT ANGLE,CLEAR,DRY,DARK LIGHTS ON,OTHER,NONE DETECTED,ALCOHOL PRESENT,8701791A-A4E5-4FE9-8D68-CEC8473D52EF,PEDESTRIAN,Other,INATTENTIVE,OTHER,Yes,POSSIBLE INJURY,NONE,39.14385789,-77.17320853,"(39.14385789, -77.17320853)"
DD56060047,170500798,Rockville Police Departme,Injury Crash,04/06/2017 10:19:00 AM,County,SHADY GROVE RD,GAITHER RD,,ROCKVILLE,PEDESTRIAN,SINGLE VEHICLE,CLOUDY,DRY,DARK LIGHTS ON,TRAFFIC SIGNAL,NONE DETECTED,NONE DETECTED,685758F6-FB79-4740-A4B3-E87F288FCC8A,PEDESTRIAN,Cross/Enter at Intersection,FAILURE TO OBEY TRAFFIC SIGNS SIGNALS OR OFFICER,ON ROADWAY AT CROSSWALK,Yes,POSSIBLE INJURY,NONE,39.11744113,-77.18345717,"(39.11744113, -77.18345717)"
MCP3182001J,210048951,Montgomery County Police,Injury Crash,12/07/2021 04:04:00 PM,,,,PARKINGLOT OF 3905 BLACKBURN LN,,PEDESTRIAN,OTHER,CLEAR,,DAYLIGHT,NO CONTROLS,NONE DETECTED,NONE DETECTED,AF255521-E9B3-4327-A078-CB41711FC5DA,PEDESTRIAN,Walking to/from school,NOT VISIBLE,ON ROADWAY NOT AT CROSSWALK,Yes,SUSPECTED MINOR INJURY,NONE,39.10493404,-76.93170185,"(39.10493404, -76.93170185)"
MCP158000DZ,210024895,Montgomery County Police,Injury Crash,06/29/2021 09:30:00 AM,Municipality,CHRISTOPHER AVE,RUSSELL AVE,,GAITHERSBURG,MACHINE OPERATOR/RIDER,SINGLE VEHICLE,CLEAR,DRY,DAYLIGHT,NO CONTROLS,NONE DETECTED,NONE DETECTED,39C04AD9-623B-4162-89D5-CA1DE4CF2240,MACHINE OPERATOR/RIDER,Walking/Riding against Traffic,OTHER,ON ROADWAY NOT AT CROSSWALK,Yes,SUSPECTED MINOR INJURY,NONE,39.15837833,-77.21249,"(39.15837833, -77.21249)"
MCP295200DT,230030880,Montgomery County Police,Injury Crash,06/28/2023 10:47:00 AM,Maryland (State),EAST WEST HWY,COLESVILLE RD,,N/A,PEDESTRIAN,SINGLE VEHICLE,CLOUDY,DRY,DAYLIGHT,TRAFFIC SIGNAL,NONE DETECTED,NONE DETECTED,3DA635D7-64A5-4873-85D4-51E41A1E884C,PEDESTRIAN,Cross/Enter at Intersection,NO IMPROPER ACTIONS,ON ROADWAY AT CROSSWALK,No,POSSIBLE INJURY,N/A,38.99377984,-77.03230618,"(38.99377984, -77.03230618)"
HA2483000W,22001096,Maryland-National Capital,Property Damage Crash,06/30/2022 03:50:00 PM,Government,LITTLE FALLS PKWY,ARLINGTON RD,,N/A,OTHER,STRAIGHT MOVEMENT ANGLE,CLEAR,DRY,DAYLIGHT,STOP SIGN,NONE DETECTED,NONE DETECTED,D7F2ACB2-006B-4E84-909D-94960C9CECE8,OTHER,N/A,N/A,N/A,Unknown,NO APPARENT INJURY,N/A,38.97287633,-77.100504,"(38.97287633, -77.100504)"
MCP2563000S,180042134,Montgomery County Police,Fatal Crash,08/24/2018 04:05:00 AM,Maryland (State),GEORGIA AVE,REEDIE DR,,N/A,PEDESTRIAN,SINGLE VEHICLE,CLEAR,DRY,DARK LIGHTS ON,NO CONTROLS,NONE DETECTED,UNKNOWN,5573539D-F220-48D3-B518-F685AE9FECFE,PEDESTRIAN,Cross/Enter not at Intersection,DART DASH,ON ROADWAY NOT AT CROSSWALK,Unknown,FATAL INJURY,NONE,39.03912635,-77.05113669,"(39.03912635, -77.05113669)"
DD56100084,230033390,Rockville Police Departme,Injury Crash,07/13/2023 03:29:00 PM,,,,403 REDLAND BLVD PARKING LOT OF (SAFEWAY),,PEDESTRIAN,OTHER,CLEAR,,DAYLIGHT,NO CONTROLS,N/A,N/A,E37F230B-8ADF-42ED-9462-C1DDB3FB350A,PEDESTRIAN,Other,UNKNOWN,DRIVEWAY ACCESS MARKED CROSSWALK,No,POSSIBLE INJURY,N/A,39.11302717,-77.1727655,"(39.11302717, -77.1727655)"
MCP2921000T,15054868,MONTGOMERY,Injury Crash,10/28/2015 07:21:00 PM,,,,"ROAD IN MILESTONE SHOPPING CENTER
 IN FRONT OF THE PETSMART",,PEDESTRIAN,SINGLE VEHICLE,RAINING,,DARK LIGHTS ON,N/A,NONE DETECTED,NONE DETECTED,39494EC5-273E-484E-AC36-587B0F1124B5,PEDESTRIAN,Cross/Enter at Intersection,NO IMPROPER ACTIONS,ON ROADWAY AT CROSSWALK,No,SUSPECTED MINOR INJURY,NONE,39.20164333,-77.24978667,"(39.20164333, -77.24978667)"
MCP3149001J,190054339,Montgomery County Police,Injury Crash,11/11/2019 01:23:00 PM,Maryland (State),UNIVERSITY BLVD E,WILLIAMSBURG DR,,N/A,PEDESTRIAN,SINGLE VEHICLE,CLEAR,DRY,DAYLIGHT,TRAFFIC SIGNAL,N/A,N/A,05C715F5-52E1-4706-96C4-B60477528FC0,PEDESTRIAN,Cross/Enter at Intersection,UNKNOWN,AT INTERSECTION MARKED CROSSWALK,No,SUSPECTED MINOR INJURY,N/A,39.01794833,-77.006905,"(39.01794833, -77.006905)"
MCP24370015,15054551,MONTGOMERY,Injury Crash,10/27/2015 03:48:00 PM,County,LIVINGSTON ST,TERRAPIN RD,,N/A,PEDESTRIAN,SINGLE VEHICLE,CLOUDY,DRY,DAYLIGHT,NO CONTROLS,NONE DETECTED,NONE DETECTED,25FFAC2F-5BBD-4CA0-A206-24DDE78AACE5,PEDESTRIAN,Playing,DART DASH,ON ROADWAY NOT AT CROSSWALK,Yes,SUSPECTED MINOR INJURY,NONE,39.06034833,-77.05446833,"(39.06034833, -77.05446833)"
MCP2882000Q,15006301,Montgomery County Police,Injury Crash,02/07/2015 05:00:00 PM,,,,Driveway of 21100 Slidell Rd. Boyds MD 20841,,PEDESTRIAN,SINGLE VEHICLE,CLEAR,,DAYLIGHT,N/A,NONE DETECTED,NONE DETECTED,CCA4EFB4-F43F-402B-97D0-45BF5F98D1C9,PEDESTRIAN,Playing,NOT VISIBLE,N/A,,SUSPECTED MINOR INJURY,N/A,39.20210472,-77.32660532,"(39.20210472, -77.32660532)"
EJ7781004N,230063890,Gaithersburg Police Depar,Injury Crash,11/02/2023 06:58:00 AM,Municipality,METROPOLITAN GROVE RD,CLOPPER RD,,N/A,BICYCLIST,STRAIGHT MOVEMENT ANGLE,CLEAR,DRY,DARK -- UNKNOWN LIGHTING,TRAFFIC SIGNAL,NONE DETECTED,NONE DETECTED,035923D8-F891-4CA5-8838-37A7769F2D6E,BICYCLIST,Cross/Enter at Intersection,NO IMPROPER ACTIONS,ON ROADWAY AT CROSSWALK,No,POSSIBLE INJURY,NONE,39.14615537,-77.22819747,"(39.14615537, -77.22819747)"
MCP2981003M,210001872,Montgomery County Police,Property Damage Crash,01/15/2021 04:03:00 PM,County,PARKER AVE,JUDSON RD,,N/A,PEDESTRIAN,SINGLE VEHICLE,CLEAR,DRY,DAYLIGHT,NO CONTROLS,NONE DETECTED,NONE DETECTED,2211FADC-2C18-49A6-BF5C-ACB3FCE61E55,PEDESTRIAN,Walking/Cycling on Sidewalk,NO IMPROPER ACTIONS,SIDEWALK,No,NO APPARENT INJURY,NONE,39.0488811,-77.0592769,"(39.0488811, -77.0592769)"
MCP3246001F,220019023,Montgomery County Police,Injury Crash,05/04/2022 09:37:00 PM,Maryland (State),LAYHILL RD,GLENALLAN AVE,,N/A,PEDESTRIAN,OTHER,CLEAR,DRY,DARK LIGHTS ON,STOP SIGN,NONE DETECTED,NONE DETECTED,DDDD3956-29F0-4E9D-8077-1155303449E4,PEDESTRIAN,Cross/Enter at Intersection,OTHER,DRIVEWAY ACCESS MARKED CROSSWALK,No,SUSPECTED MINOR INJURY,N/A,39.0651185,-77.04827733,"(39.0651185, -77.04827733)"
MCP289200F0,230034624,Montgomery County Police,Injury Crash,07/20/2023 06:01:00 PM,County,THAYER AVE,FENTON ST,,N/A,PEDESTRIAN,SINGLE VEHICLE,CLEAR,DRY,DAYLIGHT,NO CONTROLS,NONE DETECTED,NONE DETECTED,0AAE1CD2-5C7A-409E-AADA-1DE7D542C16A,PEDESTRIAN,Cross/Enter not at Intersection,IN ROADWAY IMPROPERLY,ON ROADWAY NOT AT CROSSWALK,Yes,POSSIBLE INJURY,NONE,38.99308191,-77.02331513,"(38.99308191, -77.02331513)"
MCP2965000T,16005619,Montgomery County Police,Injury Crash,02/03/2016 09:58:00 AM,,,,STARBUCKS PARKING LOT @ 16806 GEROGIA AVE,,PEDESTRIAN,SINGLE VEHICLE,RAINING,,DAYLIGHT,N/A,NONE DETECTED,NONE DETECTED,17E7D7BD-75EC-4749-A72F-B37D1A4CF421,PEDESTRIAN,Other,OTHER,SHARED USE PATH OR TRAILS,No,SUSPECTED MINOR INJURY,N/A,39.15964684,-77.07727119,"(39.15964684, -77.07727119)"
MCP2215001Z,220050696,Montgomery County Police,Property Damage Crash,11/16/2022 03:27:00 PM,,,,PARKING LOT OF 20910 FREDERICK RD,,PEDESTRIAN,OTHER,CLEAR,,DAYLIGHT,N/A,NONE DETECTED,NONE DETECTED,08246468-79FD-4B5A-9B31-F2C8886D3519,PEDESTRIAN,Other,OTHER,OTHER,Unknown,NO APPARENT INJURY,N/A,39.19994084,-77.2506863,"(39.19994084, -77.2506863)"