Report Number,Local Case Number,Agency Name,ACRS Report Type,Crash Date/Time,Route Type,Road Name,Cross-Street Name,Off-Road Description,Municipality,Related Non-Motorist,Collision Type,Weather,Surface Condition,Light,Traffic Control,Driver Substance Abuse,Non-Motorist Substance Abuse,Person ID,Pedestrian Type,Pedestrian Movement,Pedestrian Actions,Pedestrian Location,At Fault,Injury Severity,Safety Equipment,Latitude,Longitude,Location
DD56310038,190059546,Rockville Police Departme,Injury Crash,12/10/2019 05:30:00 PM,Municipality,MARYLAND AVE,E MIDDLE LA,,ROCKVILLE,PEDESTRIAN,OTHER,RAINING,WET,DARK -- UNKNOWN LIGHTING,TRAFFIC SIGNAL,NONE DETECTED,NONE DETECTED,FFDC30FE-55F1-4085-8D8E-007B7150AF91,PEDESTRIAN,Cross/Enter at Intersection,NO IMPROPER ACTIONS,SIDEWALK,No,SUSPECTED MINOR INJURY,NONE,39.085,-77.15128167,"(39.085, -77.15128167)"
MCP2370002X,17012425,Montgomery County Police,Injury Crash,03/09/2017 01:23:00 PM,,,,"2121 INDUSTRIAL PARKWAY
SILVER SPRING,MD",,PEDESTRIAN,SAME DIR REAR END,CLEAR,,DAYLIGHT,NO CONTROLS,NONE DETECTED,NONE DETECTED,BEFCDDB8-E28B-437F-9839-64C95A77BE64,PEDESTRIAN,Other,N/A,OTHER,No,POSSIBLE INJURY,NONE,39.05101855,-76.9972086,"(39.05101855, -76.9972086)"
DD5508002D,16047169,Rockville Police Departme,Injury Crash,09/14/2016 05:05:00 PM,County,SOUTHLAWN LA,E GUDE DR,,N/A,BICYCLIST,STRAIGHT MOVEMENT ANGLE,CLEAR,DRY,DAYLIGHT,TRAFFIC SIGNAL,NONE DETECTED,NONE DETECTED,1C26C7F5-4078-40A0-8032-FB0622D4E31E,BICYCLIST,Cross/Enter at Intersection,NO IMPROPER ACTIONS,ON ROADWAY AT CROSSWALK,No,POSSIBLE INJURY,MC/BIKE HELMET,39.09735,-77.13649167,"(39.09735, -77.13649167)"
MCP3124003Z,210014266,Montgomery County Police,Injury Crash,04/16/2021 05:48:00 PM,Maryland (State),GEORGIA AVE,RANDOLPH RD,,N/A,BICYCLIST,OTHER,CLOUDY,DRY,DAYLIGHT,TRAFFIC SIGNAL,NONE DETECTED,NONE DETECTED,9E9411C9-8C7D-49ED-A95A-A0F8DFEEE38E,BICYCLIST,Cross/Enter at Intersection,NO IMPROPER ACTIONS,AT INTERSECTION MARKED CROSSWALK,No,POSSIBLE INJURY,N/A,39.05784,-77.04976833,"(39.05784, -77.04976833)"
HA2399000M,16000538,Maryland-National Capital,Injury Crash,05/08/2016 01:18:00 PM,Government,LITTLE FALLS PKWY,ARLINGTON RD,,N/A,BICYCLIST,OTHER,CLEAR,DRY,DAYLIGHT,N/A,NONE DETECTED,N/A,BB1D698A-BD1D-4008-AD66-20D87EA83B0B,BICYCLIST,Cross/Enter at Intersection,NO IMPROPER ACTIONS,MIDBLOCK MARKED CROSSWALK,Yes,POSSIBLE INJURY,UNKNOWN,38.97340833,-77.10141333,"(38.97340833, -77.10141333)"
MCP271700BM,170502817,Montgomery County Police,Property Damage Crash,04/18/2017 04:45:00 PM,,,,4707 HIGHLAND AVENUE (MONTGOMERY COUNTY PUBLIC PARKING LOT),,PEDESTRIAN,SINGLE VEHICLE,CLEAR,,DAYLIGHT,NO CONTROLS,NONE DETECTED,NONE DETECTED,BED5F0AE-C8C9-404A-A7FE-90691CA3E33C,PEDESTRIAN,Standing,OTHER,OTHER,No,NO APPARENT INJURY,NONE,38.991755,-77.09430183,"(38.991755, -77.09430183)"
DD5527002C,190032022,Rockville Police Departme,Injury Crash,07/05/2019 05:39:00 PM,Maryland (State),ROCKVILLE PIKE,RICHARD MONTGOMERY DR,,ROCKVILLE,PEDESTRIAN,OTHER,CLEAR,DRY,DAYLIGHT,TRAFFIC SIGNAL,NONE DETECTED,NONE DETECTED,7EF70D20-CF0A-4472-93A1-DC310B7B08C7,PEDESTRIAN,Cross/Enter at Intersection,NO IMPROPER ACTIONS,ON ROADWAY AT CROSSWALK,No,SUSPECTED MINOR INJURY,NONE,39.08034822,-77.14412258,"(39.08034822, -77.14412258)"
MCP2456006P,220033646,Montgomery County Police,Injury Crash,08/05/2022 01:45:00 PM,County,GLENVIEW AVE,DOMER AVE,,N/A,PEDESTRIAN,OTHER,CLEAR,DRY,DAYLIGHT,STOP SIGN,NONE DETECTED,NONE DETECTED,8C8DB942-0E25-46F6-A6EC-C34259A416DC,PEDESTRIAN,Cross/Enter at Intersection,UNKNOWN,AT INTERSECTION BUT NO CROSSWALK,No,SUSPECTED MINOR INJURY,N/A,38.99680667,-77.00039,"(38.99680667, -77.00039)"
MCP2868001J,15047916,MONTGOMERY,Injury Crash,09/21/2015 08:51:00 PM,Maryland (State),OLD GEORGETOWN RD,BEECH AVE,,N/A,PEDESTRIAN,OTHER,RAINING,WET,DARK LIGHTS ON,NO CONTROLS,NONE DETECTED,NONE DETECTED,7378C447-6FB1-4E2B-B4C6-5A2A643CECD2,PEDESTRIAN,Cross/Enter not at Intersection,IN ROADWAY IMPROPERLY,OUTSIDE RIGHT OF WAY,Yes,POSSIBLE INJURY,NONE,39.009605,-77.11462167,"(39.009605, -77.11462167)"
MCP2102001K,190052756,Montgomery County Police,Injury Crash,11/02/2019 05:40:00 AM,Maryland (State),VEIRS MILL RD,CENTERHILL ST,,N/A,PEDESTRIAN,OTHER,CLEAR,DRY,DARK LIGHTS ON,NO CONTROLS,UNKNOWN,NONE DETECTED,3B482C54-98EE-4C90-AE18-8A4380CCDF65,PEDESTRIAN,Cross/Enter at Intersection,N/A,AT INTERSECTION BUT NO CROSSWALK,No,SUSPECTED MINOR INJURY,NONE,39.05025167,-77.07259833,"(39.05025167, -77.07259833)"
MCP3187000C,190015298,Montgomery County Police,Injury Crash,04/03/2019 05:12:00 PM,County,REEDIE DR,GEORGIA AVE,,N/A,PEDESTRIAN,OTHER,CLEAR,DRY,DAYLIGHT,TRAFFIC SIGNAL,N/A,N/A,3361E4B0-CCB2-4C78-BE18-E669B30DCD3A,PEDESTRIAN,Cross/Enter at Intersection,N/A,ON ROADWAY AT CROSSWALK,No,SUSPECTED SERIOUS INJURY,NONE,39.03858355,-77.05104015,"(39.03858355, -77.05104015)"
EJ7856009G,210029737,Gaithersburg Police Depar,Property Damage Crash,07/31/2021 06:37:00 PM,Municipality,SCHOOL DR,STORY DR,,GAITHERSBURG,BICYCLIST,OTHER,CLEAR,DRY,DAYLIGHT,N/A,N/A,N/A,43C0F0C0-BF2A-42AA-946A-26DEE5D308C3,BICYCLIST,Cross/Enter at Intersection,FAILURE TO YIELD RIGHT OF WAY,OTHER,Yes,NO APPARENT INJURY,NONE,39.11889078,-77.2139064,"(39.11889078, -77.2139064)"
MCP29600027,170534273,Montgomery County Police,Injury Crash,10/02/2017 07:23:00 AM,County,HOMECREST RD,LONGMEAD CROSSING DR,,N/A,PEDESTRIAN,OTHER,N/A,DRY,DAWN,STOP SIGN,N/A,N/A,DC761DAF-6236-4EDE-8B43-E8D5A308F7C5,PEDESTRIAN,Cross/Enter at Intersection,NO IMPROPER ACTIONS,ON ROADWAY AT CROSSWALK,No,POSSIBLE INJURY,NONE,39.10357,-77.05400333,"(39.10357, -77.05400333)"
MCP2358007X,200046475,Montgomery County Police,Property Damage Crash,11/24/2020 01:10:00 PM,Maryland (State),RIVER RD,NORTON RD,,N/A,BICYCLIST,SAME DIR REAR END,CLEAR,DRY,DAYLIGHT,NO CONTROLS,UNKNOWN,NONE DETECTED,5486DE50-CE97-4CB8-82D1-7829AD0EF48F,BICYCLIST,Walking/Riding w/Traffic,NO IMPROPER ACTIONS,ON ROADWAY NOT AT CROSSWALK,No,NO APPARENT INJURY,UNKNOWN,39.0256895,-77.21929867,"(39.0256895, -77.21929867)"
MCP31090045,200010517,Montgomery County Police,Injury Crash,03/03/2020 08:05:00 AM,Maryland (State),EAST WEST HWY,NOAA BUILDING 1,,N/A,BICYCLIST,STRAIGHT MOVEMENT ANGLE,CLEAR,DRY,DAYLIGHT,NO CONTROLS,NONE DETECTED,NONE DETECTED,E476A92E-C922-47AB-B530-3496FEC05C62,BICYCLIST,Walking/Riding w/Traffic,NO IMPROPER ACTIONS,SHOULDER,No,POSSIBLE INJURY,MC/BIKE HELMET,38.9920205,-77.03062467,"(38.9920205, -77.03062467)"
MCP0899001Z,17013122,Montgomery County Police,Injury Crash,03/13/2017 03:22:00 PM,County,ARLINGTON RD,EDGEMOOR LA,,N/A,PEDESTRIAN,OTHER,CLOUDY,DRY,DAYLIGHT,TRAFFIC SIGNAL,NONE DETECTED,NONE DETECTED,D3947630-E932-4C6D-84A7-A9A0A1265387,PEDESTRIAN,Cross/Enter at Intersection,NO IMPROPER ACTIONS,AT INTERSECTION MARKED CROSSWALK,No,SUSPECTED MINOR INJURY,NONE,38.9846992,-77.09866047,"(38.9846992, -77.09866047)"
MCP2565004G,170516450,Montgomery County Police,Injury Crash,06/29/2017 03:37:00 PM,Maryland (State),MONTGOMERY AVE,PEARL ST,,N/A,PEDESTRIAN,STRAIGHT MOVEMENT ANGLE,CLEAR,DRY,DAYLIGHT,NO CONTROLS,NONE DETECTED,NONE DETECTED,15886DF1-3371-4749-A017-CCFB6259BBE7,PEDESTRIAN,Walking/Cycling on Sidewalk,NO IMPROPER ACTIONS,OTHER,No,POSSIBLE INJURY,NONE,38.98397573,-77.09136084,"(38.98397573, -77.09136084)"
HA2386001H,230000953,Maryland-National Capital,Injury Crash,05/20/2023 03:00:00 PM,,,,PARKING LOT AT RIDGE ROAD RECREATIONAL PARK,,PEDESTRIAN,N/A,CLEAR,,DAYLIGHT,N/A,N/A,N/A,BBE057B1-639C-4598-8815-278BFFB15627,PEDESTRIAN,Other,NO IMPROPER ACTIONS,OTHER,Unknown,SUSPECTED MINOR INJURY,N/A,39.20949217,-77.24475033,"(39.20949217, -77.24475033)"
MCP26100014,170547922,Montgomery County Police,Injury Crash,12/11/2017 03:17:00 PM,County,MUDDY BRANCH RD,HARMONY HALL RD,,N/A,PEDESTRIAN,OTHER,CLEAR,DRY,DAYLIGHT,NO CONTROLS,NONE DETECTED,NONE DETECTED,D5A607F3-FA72-4E77-BC4C-ADA59367C476,PEDESTRIAN,Cross/Enter not at Intersection,DART DASH,ON ROADWAY NOT AT CROSSWALK,Yes,SUSPECTED MINOR INJURY,NONE,39.13700833,-77.20542833,"(39.13700833, -77.20542833)"
MCP31640044,210007828,Montgomery County Police,Injury Crash,03/02/2021 07:50:00 AM,Maryland (State),GEORGIA AVE,RANDOLPH RD,,N/A,PEDESTRIAN,SINGLE VEHICLE,CLEAR,DRY,DAYLIGHT,TRAFFIC SIGNAL,NONE DETECTED,NONE DETECTED,C720A46A-A27B-4944-ABE1-C264238746EC,PEDESTRIAN,Cross/Enter at Intersection,UNKNOWN,ON ROADWAY AT CROSSWALK,Unknown,POSSIBLE INJURY,NONE,39.05779333,-77.04981667,"(39.05779333, -77.04981667)"
MCP3061000L,170539614,Montgomery County Police,Property Damage Crash,10/29/2017 10:10:00 AM,County,CLARKSBURG RD,BARNES RD,,N/A,OTHER,SINGLE VEHICLE,CLOUDY,WET,DAYLIGHT,NO CONTROLS,NONE DETECTED,N/A,D57108B8-B3A2-421E-A34F-ED15F77E7FEE,OTHER,N/A,N/A,N/A,No,NO APPARENT INJURY,N/A,39.18431102,-77.3125425,"(39.18431102, -77.3125425)"
MCP3255000H,200034151,Montgomery County Police,Injury Crash,09/01/2020 10:30:00 AM,,,,PARKING LOT OF MCDONALDS AT 19388 MONTGOMERY VILLAGE AVE,,BICYCLIST,SINGLE VEHICLE,CLOUDY,,DAYLIGHT,NO CONTROLS,NONE DETECTED,NONE DETECTED,86A3D50B-DF58-44F3-9066-23CDB76F6B81,BICYCLIST,Walking/Cycling on Sidewalk,NO IMPROPER ACTIONS,OTHER,No,SUSPECTED MINOR INJURY,NONE,39.17381667,-77.20373833,"(39.17381667, -77.20373833)"
MCP0672000J,170508227,Montgomery County Police,Injury Crash,05/17/2017 04:26:00 AM,Maryland (State),W MONTGOMERY AVE,SHADY GROVE RD,,N/A,PEDESTRIAN,N/A,CLEAR,DRY,DARK LIGHTS ON,TRAFFIC SIGNAL,NONE DETECTED,UNKNOWN,0688A3A7-1D6C-4982-891D-A16AA86F95A7,PEDESTRIAN,Cross/Enter at Intersection,FAILURE TO YIELD RIGHT OF WAY,AT INTERSECTION MARKED CROSSWALK,Yes,SUSPECTED SERIOUS INJURY,N/A,39.10350847,-77.19058245,"(39.10350847, -77.19058245)"
MCP2846002T,170505454,Montgomery County Police,Injury Crash,05/02/2017 02:02:00 PM,Maryland (State),UNIVERSITY BLVD W,EAST AVE,,N/A,PEDESTRIAN,HEAD ON LEFT TURN,CLEAR,DRY,DAYLIGHT,OTHER,NONE DETECTED,NONE DETECTED,BA9F621C-C69E-416F-9D44-4B9DA4D7C3FA,PEDESTRIAN,Standing,NO IMPROPER ACTIONS,SIDEWALK,No,SUSPECTED SERIOUS INJURY,NONE,39.058355,-77.04861667,"(39.058355, -77.04861667)"
MCP27190017,16047966,Montgomery County Police,Injury Crash,09/18/2016 05:41:00 PM,County,PRICE AVE,FERN ST,,N/A,PEDESTRIAN,OTHER,CLEAR,DRY,DAYLIGHT,NO CONTROLS,NONE DETECTED,NONE DETECTED,7D5A9ECA-05FC-4276-9DEF-97E20AB3B73D,PEDESTRIAN,Cross/Enter at Intersection,NO IMPROPER ACTIONS,AT INTERSECTION MARKED CROSSWALK,No,SUSPECTED SERIOUS INJURY,NONE,39.0414,-77.048655,"(39.0414, -77.048655)"
MCP2891002Z,16060748,Montgomery County Police,Injury Crash,11/26/2016 02:58:00 PM,Maryland (State),GEORGIA AVE,AUGUST DR,,N/A,PEDESTRIAN,SINGLE VEHICLE,CLEAR,DRY,DAYLIGHT,TRAFFIC SIGNAL,NONE DETECTED,NONE DETECTED,95EAD03C-F76E-4DBE-A42F-68F165F45774,PEDESTRIAN,Cross/Enter at Intersection,NO IMPROPER ACTIONS,AT INTERSECTION MARKED CROSSWALK,No,SUSPECTED MINOR INJURY,N/A,39.02143,-77.04466,"(39.02143, -77.04466)"
MCP3031002D,180021142,Montgomery County Police,Property Damage Crash,04/30/2018 12:00:00 AM,County,TIVOLI LAKE BLVD,TIVOLI LAKE CT,,N/A,OTHER,HEAD ON LEFT TURN,CLEAR,DRY,UNKNOWN,NO CONTROLS,UNKNOWN,N/A,68C64E06-4E80-4DCB-806F-B234C0E61B82,OTHER,N/A,NO IMPROPER ACTIONS,OTHER,No,NO APPARENT INJURY,N/A,39.06948833,-77.03499167,"(39.06948833, -77.03499167)"
DD56440029,220003614,Rockville Police Departme,Injury Crash,01/27/2022 04:10:00 PM,Municipality,CHAPMAN AVE,BOUIC AVE,,ROCKVILLE,PEDESTRIAN,OTHER,CLEAR,DRY,DAYLIGHT,STOP SIGN,NONE DETECTED,NONE DETECTED,5E40EFB2-828F-4AD3-BC11-84649440F2DE,PEDESTRIAN,Cross/Enter at Intersection,NO IMPROPER ACTIONS,ON ROADWAY AT CROSSWALK,No,SUSPECTED MINOR INJURY,NONE,39.06108889,-77.12089636,"(39.06108889, -77.12089636)"
MCP2866005S,190049843,Montgomery County Police,Injury Crash,10/17/2019 04:19:00 PM,County,MONTROSE AVE,WEYMOUTH ST,,N/A,PEDESTRIAN,SINGLE VEHICLE,CLEAR,DRY,DAYLIGHT,NO CONTROLS,NONE DETECTED,NONE DETECTED,4620236A-EB75-4841-BA12-0EC10A11833C,PEDESTRIAN,Cross/Enter not at Intersection,DART DASH,ON ROADWAY NOT AT CROSSWALK,Yes,SUSPECTED MINOR INJURY,NONE,39.02835348,-77.09771704,"(39.02835348, -77.09771704)"
MCP2353002Z,16050932,Montgomery County Police,Injury Crash,10/04/2016 11:40:00 AM,Maryland (State),RIVER RD,CAPITOL CRESCENT TRAIL BRIDGE,,N/A,PEDESTRIAN,SINGLE VEHICLE,CLEAR,DRY,DAYLIGHT,OTHER,NONE DETECTED,NONE DETECTED,00DC94D2-5F27-499D-85DD-D39EC5E150DB,PEDESTRIAN,Cross/Enter not at Intersection,NO IMPROPER ACTIONS,ON ROADWAY AT CROSSWALK,No,SUSPECTED SERIOUS INJURY,NONE,38.96444833,-77.10323833,"(38.96444833, -77.10323833)"
EJ7873005M,2200012634,Gaithersburg Police Depar,Injury Crash,03/24/2022 08:49:00 AM,,,,"PARKING LOT OF 220 GIRARD STREET GAITHERSBURG, MD 20877",,PEDESTRIAN,OTHER,CLOUDY,,DAYLIGHT,NO CONTROLS,UNKNOWN,NONE DETECTED,FEEB918E-01A9-49FE-BDDF-0105D5E559E0,PEDESTRIAN,Other,DART DASH,OTHER,Yes,POSSIBLE INJURY,N/A,39.14171512,-77.18314614,"(39.14171512, -77.18314614)"
MCP27660016,15014009,Montgomery County Police,Injury Crash,03/26/2015 07:49:00 PM,Maryland (State),GEORGIA AVE,CONNECTICUT AVE,,N/A,PEDESTRIAN,STRAIGHT MOVEMENT ANGLE,RAINING,WET,DARK NO LIGHTS,NO CONTROLS,NONE DETECTED,NONE DETECTED,2EFC3F8E-01FE-4223-A942-F2CB88CD40F2,PEDESTRIAN,Cross/Enter not at Intersection,NOT VISIBLE,ON ROADWAY AT CROSSWALK,,POSSIBLE INJURY,NONE,39.08396833,-77.07845,"(39.08396833, -77.07845)"
MCP2871006H,190058878,Montgomery County Police,Injury Crash,12/06/2019 04:57:00 PM,,,,PARKING LOT OF 10901 WESTLAKE DR,,PEDESTRIAN,SINGLE VEHICLE,CLEAR,,DARK NO LIGHTS,STOP SIGN,NONE DETECTED,NONE DETECTED,425DDD14-3245-4770-A714-CCD9B7B53D5C,PEDESTRIAN,Cross/Enter at Intersection,FAILURE TO YIELD RIGHT OF WAY,AT INTERSECTION BUT NO CROSSWALK,Yes,SUSPECTED MINOR INJURY,NONE,39.035335,-77.14590667,"(39.035335, -77.14590667)"
MCP21210015,170537380,Montgomery County Police,Property Damage Crash,10/19/2017 01:55:00 PM,,,,"PARKING LOT OF 18911 PEACH TREE RD DICKERSON, MD 20842",,OTHER,OTHER,CLEAR,,DAYLIGHT,N/A,NONE DETECTED,NONE DETECTED,060AA460-5030-4CC7-9BAF-5E9F0AC24576,OTHER,Other,N/A,INSIDE BUILDING,No,NO APPARENT INJURY,N/A,39.16642236,-77.38878429,"(39.16642236, -77.38878429)"
MCP2398000J,15044798,MONTGOMERY,Injury Crash,09/06/2015 03:45:00 PM,County,SNOUFFERS SCHOOL RD,WOODFIELD RD,,N/A,PEDESTRIAN,STRAIGHT MOVEMENT ANGLE,CLEAR,DRY,DAYLIGHT,OTHER,UNKNOWN,NONE DETECTED,C96288A6-A168-48FE-A4BD-A144889E8201,PEDESTRIAN,Cross/Enter at Intersection,NO IMPROPER ACTIONS,ON ROADWAY AT CROSSWALK,No,SUSPECTED MINOR INJURY,NONE,39.1608978,-77.16340899,"(39.1608978, -77.16340899)"
MCP28460064,200028872,Montgomery County Police,Injury Crash,07/25/2020 12:24:00 PM,,,,12041 GEORGIA AVE (M&T BANK PARKING LOT),,BICYCLIST,SINGLE VEHICLE,CLEAR,,DAYLIGHT,NO CONTROLS,UNKNOWN,NONE DETECTED,15A645A6-516A-48F4-A27E-468D122B72C1,BICYCLIST,Walking/Cycling on Sidewalk,NO IMPROPER ACTIONS,SIDEWALK,No,SUSPECTED MINOR INJURY,NONE,39.05258193,-77.05031596,"(39.05258193, -77.05031596)"
DD5594001C,15050873,ROCKVILLE,Injury Crash,10/07/2015 05:07:00 PM,Municipality,FOREST AVE,HARRISON ST,,ROCKVILLE,BICYCLIST,OTHER,CLEAR,DRY,DAYLIGHT,NO CONTROLS,N/A,N/A,79DC17E3-F763-4BAB-9E5A-B547D91CE0E1,BICYCLIST,Cross/Enter not at Intersection,FAILURE TO YIELD RIGHT OF WAY,ON ROADWAY NOT AT CROSSWALK,Yes,POSSIBLE INJURY,MC/BIKE HELMET,39.08396833,-77.15315667,"(39.08396833, -77.15315667)"
EJ7864000F,16051641,Gaithersburg Police Depar,Injury Crash,10/07/2016 06:10:00 AM,Municipality,FIRSTFIELD RD,CLOPPER RD,,N/A,PEDESTRIAN,SINGLE VEHICLE,CLEAR,DRY,N/A,TRAFFIC SIGNAL,NONE DETECTED,NONE DETECTED,4AFB7ABF-0328-452B-9979-3A4FE79D3D4B,PEDESTRIAN,Cross/Enter at Intersection,DART DASH,ON ROADWAY NOT AT CROSSWALK,Yes,SUSPECTED MINOR INJURY,NONE,39.1437661,-77.22377881,"(39.1437661, -77.22377881)"
MCP2198008F,200047701,Montgomery County Police,Injury Crash,12/03/2020 07:06:00 PM,County,SHADY GROVE RD,CROSSOVER,,N/A,PEDESTRIAN,SINGLE VEHICLE,CLEAR,DRY,DARK LIGHTS ON,NO CONTROLS,N/A,N/A,4B1A33EB-885A-432A-A5AC-AACAE87A8757,PEDESTRIAN,Cross/Enter at Intersection,NO IMPROPER ACTIONS,AT INTERSECTION BUT NO CROSSWALK,No,POSSIBLE INJURY,N/A,39.120055,-77.18045216,"(39.120055, -77.18045216)"
MCP2546002K,180050432,Montgomery County Police,Injury Crash,10/09/2018 06:56:00 AM,Maryland (State),GEORGIA AVE,WENDY LA,,N/A,PEDESTRIAN,ANGLE MEETS RIGHT TURN,CLEAR,DRY,DAWN,NO CONTROLS,NONE DETECTED,NONE DETECTED,FB6D6D1B-BB93-45B8-B6FB-829294B67442,PEDESTRIAN,Standing,NO IMPROPER ACTIONS,SIDEWALK,No,POSSIBLE INJURY,N/A,39.078979,-77.07256,"(39.078979, -77.07256)"
EJ7854002Q,180064002,Gaithersburg Police Depar,Injury Crash,12/22/2018 12:27:00 PM,,,,880 RUSSELL AVE GAITHERSBURG MD PARKING LOT( COSTCO),,PEDESTRIAN,OTHER,N/A,,DAYLIGHT,NO CONTROLS,N/A,NONE DETECTED,E515D529-A666-4209-BF16-A6CCBF55D7F8,PEDESTRIAN,Getting off/on Vehicle,NO IMPROPER ACTIONS,OTHER,No,SUSPECTED MINOR INJURY,N/A,39.15531,-77.21383667,"(39.15531, -77.21383667)"
MCP27650015,15000583,Montgomery County Police,Injury Crash,01/04/2015 02:55:00 PM,,,,Parking lot of Giant Food (12051 Rockville Pike),,PEDESTRIAN,SINGLE VEHICLE,RAINING,,DAYLIGHT,NO CONTROLS,NONE DETECTED,NONE DETECTED,B0192567-A332-44AA-B745-26DEC4046E9B,PEDESTRIAN,Cross/Enter at Intersection,NO IMPROPER ACTIONS,ON ROADWAY AT CROSSWALK,,POSSIBLE INJURY,NONE,38.96282667,-77.08798333,"(38.96282667, -77.08798333)"
MCP2330000T,17012076,Montgomery County Police,Injury Crash,03/07/2017 07:18:00 PM,Maryland (State),GEORGIA AVE,PLYERS MILL RD,,N/A,PEDESTRIAN,OTHER,RAINING,WET,DARK NO LIGHTS,TRAFFIC SIGNAL,NONE DETECTED,NONE DETECTED,60712B9A-34E7-4F24-90C4-6F25ED6750E1,PEDESTRIAN,Cross/Enter at Intersection,NO IMPROPER ACTIONS,ON ROADWAY AT CROSSWALK,No,POSSIBLE INJURY,NONE,39.03002749,-77.04771996,"(39.03002749, -77.04771996)"
MCP2675001N,180011131,Montgomery County Police,Injury Crash,03/05/2018 05:34:00 AM,Maryland (State),UNIVERSITY BLVD W,AMHERST AVE,,N/A,PEDESTRIAN,STRAIGHT MOVEMENT ANGLE,N/A,DRY,DARK LIGHTS ON,FLASHING TRAFFIC SIGNAL,NONE DETECTED,NONE DETECTED,26F28AE7-2B58-4FA8-B741-D05E7EEC807C,PEDESTRIAN,Cross/Enter at Intersection,DART DASH,ON ROADWAY AT CROSSWALK,Yes,SUSPECTED SERIOUS INJURY,N/A,39.04130667,-77.04821833,"(39.04130667, -77.04821833)"
MCP2765001D,15022170,Montgomery County Police,Injury Crash,05/09/2015 08:42:00 PM,Maryland (State),DARNESTOWN RD,CROSSOVER,,N/A,PEDESTRIAN,SINGLE VEHICLE,CLEAR,DRY,DARK LIGHTS ON,TRAFFIC SIGNAL,NONE DETECTED,UNKNOWN,1238DAB5-A6B1-420B-B31D-6E0C5B55B552,PEDESTRIAN,Cross/Enter at Intersection,DART DASH,ON ROADWAY AT CROSSWALK,,POSSIBLE INJURY,NONE,39.11727152,-77.25116551,"(39.11727152, -77.25116551)"
MCP3111001P,190048267,Montgomery County Police,Property Damage Crash,10/08/2019 10:11:00 AM,Maryland (State),ROCKVILLE PIKE,CENTER DR,,N/A,PEDESTRIAN,SAME DIR REAR END,CLEAR,DRY,DAYLIGHT,TRAFFIC SIGNAL,NONE DETECTED,NONE DETECTED,1562C393-14B9-44AA-BB7B-6C8309B641FB,PEDESTRIAN,Cross/Enter at Intersection,NO IMPROPER ACTIONS,AT INTERSECTION MARKED CROSSWALK,No,NO APPARENT INJURY,NONE,38.99693893,-77.09671783,"(38.99693893, -77.09671783)"
MCP3111000G,180021653,Montgomery County Police,Injury Crash,05/01/2018 11:45:00 PM,,,,"PARKING LOT IN FRONT OF 1923 ROSEMARY HILLS DR, SILVER SPRING, MD 20910",,PEDESTRIAN,OTHER,CLEAR,,DARK LIGHTS ON,N/A,,NONE DETECTED,33E1B0A1-FE46-4292-8F74-4FC91B095329,PEDESTRIAN,Getting off/on Vehicle,NO IMPROPER ACTIONS,OTHER,No,POSSIBLE INJURY,NONE,38.99896333,-77.04298,"(38.99896333, -77.04298)"
MCP29540032,17010663,Montgomery County Police,Injury Crash,02/28/2017 09:31:00 AM,US (State),COLESVILLE RD,UNIVERSITY BLVD E,,N/A,PEDESTRIAN,SINGLE VEHICLE,CLEAR,DRY,DAYLIGHT,TRAFFIC SIGNAL,UNKNOWN,NONE DETECTED,F8689B85-1B5E-49F6-B20C-1A45D7D0BED1,PEDESTRIAN,Cross/Enter at Intersection,NO IMPROPER ACTIONS,ON ROADWAY AT CROSSWALK,No,POSSIBLE INJURY,N/A,39.01980052,-77.01337695,"(39.01980052, -77.01337695)"
MCP3303001S,230073589,Montgomery County Police,Injury Crash,12/25/2023 09:27:00 PM,County,GUNNERS BRANCH RD,FREDERICK RD,,N/A,PEDESTRIAN,SINGLE VEHICLE,CLEAR,DRY,DARK LIGHTS ON,NO CONTROLS,NONE DETECTED,NONE DETECTED,58FA60E1-F52A-4D43-AD67-3BC1BCA40242,PEDESTRIAN,Cross/Enter at Intersection,NO IMPROPER ACTIONS,ON ROADWAY AT CROSSWALK,No,NO APPARENT INJURY,NONE,39.17799305,-77.24060511,"(39.17799305, -77.24060511)"
DD561500F8,230014198,Rockville Police Departme,Injury Crash,03/24/2023 07:45:00 AM,Municipality,FLEET ST,PARK AVE,,ROCKVILLE,PEDESTRIAN,SINGLE VEHICLE,RAINING,WET,DAWN,NO CONTROLS,NONE DETECTED,NONE DETECTED,979A3F00-9E54-4D87-872C-69CCA738F786,PEDESTRIAN,Walking to/from school,NO IMPROPER ACTIONS,ON ROADWAY AT CROSSWALK,No,POSSIBLE INJURY,NONE,39.0800635,-77.14846033,"(39.0800635, -77.14846033)"
DD5641000Y,200021098,Rockville Police Departme,Injury Crash,05/28/2020 06:38:00 AM,Municipality,FALLSGROVE BLVD,PRETTYMAN DR,,ROCKVILLE,PEDESTRIAN,SINGLE VEHICLE,RAINING,WET,DUSK,STOP SIGN,NONE DETECTED,NONE DETECTED,FCE0D3BD-7D73-4FB1-9DE4-0E9B5D4E04AE,PEDESTRIAN,Cross/Enter at Intersection,NO IMPROPER ACTIONS,ON ROADWAY AT CROSSWALK,No,SUSPECTED MINOR INJURY,NONE,39.09632978,-77.19286117,"(39.09632978, -77.19286117)"
MCP289200FK,230066526,Montgomery County Police,Injury Crash,11/15/2023 04:05:00 PM,County,MANCHESTER RD,SCHUYLER RD,,N/A,PEDESTRIAN,SINGLE VEHICLE,CLEAR,DRY,DAYLIGHT,NO CONTROLS,NONE DETECTED,NONE DETECTED,259C7011-C181-4718-B7F8-5CC2069603C6,PEDESTRIAN,Playing,OTHER,ON ROADWAY NOT AT CROSSWALK,Unknown,SUSPECTED MINOR INJURY,NONE,39.00338,-77.01125667,"(39.00338, -77.01125667)"
DD5611004W,180027001,Rockville Police Departme,Injury Crash,06/01/2018 06:00:00 PM,Maryland (State),ROCKVILLE PIKE,TEMPLETON PL,,ROCKVILLE,PEDESTRIAN,SINGLE VEHICLE,CLEAR,DRY,DAYLIGHT,TRAFFIC SIGNAL,NONE DETECTED,NONE DETECTED,0721C381-9125-438C-938F-36784D329BE3,PEDESTRIAN,Cross/Enter at Intersection,IN ROADWAY IMPROPERLY,ON ROADWAY AT CROSSWALK,Yes,SUSPECTED SERIOUS INJURY,N/A,39.06671833,-77.12826333,"(39.06671833, -77.12826333)"