Report Number,Local Case Number,Agency Name,ACRS Report Type,Crash Date/Time,Route Type,Road Name,Cross-Street Name,Off-Road Description,Municipality,Related Non-Motorist,Collision Type,Weather,Surface Condition,Light,Traffic Control,Driver Substance Abuse,Non-Motorist Substance Abuse,Person ID,Pedestrian Type,Pedestrian Movement,Pedestrian Actions,Pedestrian Location,At Fault,Injury Severity,Safety Equipment,Latitude,Longitude,Location
MCP2008000Y,15014625,Montgomery County Police,Injury Crash,03/30/2015 04:25:00 PM,Maryland (State),WISCONSIN AVE,LELAND ST,,N/A,PEDESTRIAN,OTHER,CLEAR,DRY,DAYLIGHT,N/A,N/A,NONE DETECTED,6D516516-1268-452B-822D-9BB1AB1CABF5,PEDESTRIAN,Standing,OTHER,ON ROADWAY NOT AT CROSSWALK,,POSSIBLE INJURY,N/A,38.97980167,-77.09194667,"(38.97980167, -77.09194667)"
DM8388003W,220013424,Takoma Park Police Depart,Injury Crash,03/29/2022 04:24:00 PM,Maryland (State),UNIVERSITY BLVD E,PRINCE GEORGES CO/L,,N/A,PEDESTRIAN,OTHER,N/A,DRY,DAYLIGHT,TRAFFIC SIGNAL,NONE DETECTED,NONE DETECTED,CDA2F307-4FE4-4A8D-AD8F-AB1118A2FC65,PEDESTRIAN,Cross/Enter at Intersection,NO IMPROPER ACTIONS,ON ROADWAY AT CROSSWALK,No,POSSIBLE INJURY,NONE,38.98797353,-76.9864275,"(38.98797353, -76.9864275)"
MCP9113002P,170517604,Montgomery County Police,Injury Crash,07/06/2017 11:58:00 AM,County,ASPEN HILL RD,VEIRS MILL RD,,N/A,PEDESTRIAN,OTHER,CLOUDY,DRY,DAYLIGHT,TRAFFIC SIGNAL,NONE DETECTED,NONE DETECTED,8C184ACE-14C6-44F4-9401-27B4CCDB6892,PEDESTRIAN,Cross/Enter at Intersection,NO IMPROPER ACTIONS,ON ROADWAY AT CROSSWALK,No,SUSPECTED SERIOUS INJURY,NONE,39.06949,-77.10465667,"(39.06949, -77.10465667)"
MCP285900BH,210042466,Montgomery County Police,Injury Crash,10/22/2021 10:50:00 AM,,,,"PARKING LOT 297 MUDDY BRANCH RD, GAITHERSBURG, MD 20878",,PEDESTRIAN,OTHER,CLEAR,,DAYLIGHT,NO CONTROLS,NONE DETECTED,NONE DETECTED,EDE3D255-AAA9-4CB5-9605-82166253EF9E,PEDESTRIAN,Other,NO IMPROPER ACTIONS,OTHER,No,POSSIBLE INJURY,NONE,39.12745,-77.20826167,"(39.12745, -77.20826167)"
MCP1048000Z,15050991,MONTGOMERY,Injury Crash,10/08/2015 10:30:00 AM,County,E GUDE DR,CRABBS BRANCH WAY,,N/A,OTHER,SAME DIR REAR END,CLEAR,DRY,DAYLIGHT,OTHER,N/A,N/A,96A8B40E-E918-4F95-AD35-52297F912725,OTHER,Other Working,NO IMPROPER ACTIONS,INSIDE BUILDING,No,POSSIBLE INJURY,N/A,39.10644667,-77.14993167,"(39.10644667, -77.14993167)"
DD56050073,190049295,Rockville Police Departme,Injury Crash,10/14/2019 02:00:00 PM,Maryland (State),ROCKVILLE PIKE,EDMONSTON DR,,ROCKVILLE,PEDESTRIAN,STRAIGHT MOVEMENT ANGLE,CLEAR,DRY,DAYLIGHT,TRAFFIC SIGNAL,NONE DETECTED,NONE DETECTED,13DF6548-8ACA-48EA-8075-35A1F3D056B2,PEDESTRIAN,Standing,NO IMPROPER ACTIONS,SIDEWALK,No,SUSPECTED SERIOUS INJURY,N/A,39.07450917,-77.13577483,"(39.07450917, -77.13577483)"
MCP10220054,16033362,Montgomery County Police,Injury Crash,07/01/2016 05:24:00 PM,County,LEAMAN FARM RD,ENT TO SHOPPING CTR,,N/A,PEDESTRIAN,SINGLE VEHICLE,CLEAR,DRY,DAYLIGHT,NO CONTROLS,NONE DETECTED,NONE DETECTED,5EB759FB-DD38-486B-BC09-844912E1B459,PEDESTRIAN,Cross/Enter not at Intersection,DART DASH,ON ROADWAY NOT AT CROSSWALK,Yes,SUSPECTED MINOR INJURY,N/A,39.15874667,-77.27947333,"(39.15874667, -77.27947333)"
MCP2687001M,16033547,Montgomery County Police,Injury Crash,07/02/2016 04:33:00 PM,Maryland (State),WILSON LA,CORDELL AVE,,N/A,PEDESTRIAN,OTHER,N/A,DRY,DAYLIGHT,NO CONTROLS,NONE DETECTED,NONE DETECTED,DA1C00DD-B9D8-4E50-990C-605EB5B98465,PEDESTRIAN,Cross/Enter not at Intersection,IN ROADWAY IMPROPERLY,ON ROADWAY NOT AT CROSSWALK,Yes,POSSIBLE INJURY,NONE,38.98731781,-77.0994705,"(38.98731781, -77.0994705)"
MCP3143000H,180050750,Montgomery County Police,Injury Crash,10/10/2018 04:51:00 PM,Maryland (State),ROCKVILLE PIKE,WILSON DR,,N/A,BICYCLIST,STRAIGHT MOVEMENT ANGLE,CLEAR,N/A,DAYLIGHT,TRAFFIC SIGNAL,NONE DETECTED,NONE DETECTED,2D98DA36-0581-49C7-A9F6-78BFD6B0CD35,BICYCLIST,Walking/Cycling on Sidewalk,NO IMPROPER ACTIONS,AT INTERSECTION MARKED CROSSWALK,No,SUSPECTED MINOR INJURY,MC/BIKE HELMET,39.002625,-77.097675,"(39.002625, -77.097675)"
MCP3030005J,230052692,Montgomery County Police,Injury Crash,09/01/2023 06:30:00 PM,County,SANGAMORE RD,BROOKES LA,,N/A,PEDESTRIAN,OTHER,CLEAR,DRY,DAYLIGHT,STOP SIGN,N/A,N/A,14FFAD0B-8EA0-4579-94A0-D4DF3F028D20,PEDESTRIAN,Cross/Enter at Intersection,NO IMPROPER ACTIONS,AT INTERSECTION MARKED CROSSWALK,No,SUSPECTED MINOR INJURY,N/A,38.94859333,-77.11984833,"(38.94859333, -77.11984833)"
MCP3206001Q,200010739,Montgomery County Police,Injury Crash,03/04/2020 08:05:00 AM,Maryland (State),PINEY BRANCH RD,POTOMAC AVE,,N/A,PEDESTRIAN,SINGLE VEHICLE,CLEAR,DRY,DAYLIGHT,OTHER,UNKNOWN,N/A,735F95E1-F824-4BE1-801D-33BB7C1613B6,PEDESTRIAN,Walking to/from school,N/A,ON ROADWAY AT CROSSWALK,No,POSSIBLE INJURY,N/A,38.98662524,-77.01347558,"(38.98662524, -77.01347558)"
MCP2970001Q,16033110,Montgomery County Police,Injury Crash,06/30/2016 01:34:00 PM,Maryland (State),UNIVERSITY BLVD W,DRUMM AVE,,N/A,PEDESTRIAN,SINGLE VEHICLE,CLEAR,DRY,DAYLIGHT,YIELD SIGN,N/A,N/A,27E55E3F-BAFE-410B-B967-D5CD24AC1A1A,PEDESTRIAN,Cross/Enter at Intersection,NO IMPROPER ACTIONS,ON ROADWAY AT CROSSWALK,No,NO APPARENT INJURY,N/A,39.03668,-77.06152,"(39.03668, -77.06152)"
MCP2212002F,170522534,Montgomery County Police,Injury Crash,08/02/2017 02:36:00 PM,County,PLUM ORCHARD DR,BROADBIRCH DR,,N/A,PEDESTRIAN,OTHER,CLEAR,DRY,DAYLIGHT,STOP SIGN,NONE DETECTED,NONE DETECTED,A035EDE6-ADB7-48DB-B7B4-9E8EB30792D5,PEDESTRIAN,Cross/Enter at Intersection,NO IMPROPER ACTIONS,MIDBLOCK MARKED CROSSWALK,No,SUSPECTED MINOR INJURY,N/A,39.05551761,-76.95732951,"(39.05551761, -76.95732951)"
MCP2031000H,15028940,Montgomery County Police,Injury Crash,06/14/2015 11:35:00 AM,Maryland (State),WOODFIELD RD,FIELDCREST RD,,N/A,BICYCLIST,STRAIGHT MOVEMENT ANGLE,CLEAR,DRY,DAYLIGHT,TRAFFIC SIGNAL,NONE DETECTED,NONE DETECTED,56F8661A-97DA-4C7B-932F-E0160E0FB303,BICYCLIST,Cross/Enter at Intersection,NO IMPROPER ACTIONS,MIDBLOCK MARKED CROSSWALK,,POSSIBLE INJURY,NONE,39.18533667,-77.151085,"(39.18533667, -77.151085)"
EJ78470011,15035006,GAITHERSBURG,Injury Crash,07/17/2015 12:33:00 AM,Maryland (State),S FREDERICK RD,W DEER PARK RD,,GAITHERSBURG,PEDESTRIAN,SINGLE VEHICLE,CLEAR,DRY,DARK LIGHTS ON,TRAFFIC SIGNAL,N/A,ILLEGAL DRUG PRESENT,450EFED1-3AE8-4E49-8CEA-AD5B037B0B44,PEDESTRIAN,Cross/Enter at Intersection,IN ROADWAY IMPROPERLY,ON ROADWAY NOT AT CROSSWALK,Yes,POSSIBLE INJURY,NONE,39.13183333,-77.188705,"(39.13183333, -77.188705)"
MCP2351001G,170534931,Montgomery County Police,Injury Crash,10/05/2017 02:38:00 PM,County,PARKLAWN DR,RANDOLPH RD,,N/A,PEDESTRIAN,OTHER,CLEAR,DRY,DAYLIGHT,TRAFFIC SIGNAL,NONE DETECTED,NONE DETECTED,07E5E1EA-91CC-4558-AC07-EFDB787CFB45,PEDESTRIAN,Cross/Enter at Intersection,UNKNOWN,AT INTERSECTION MARKED CROSSWALK,Unknown,POSSIBLE INJURY,N/A,39.06397,-77.117405,"(39.06397, -77.117405)"
MCP3125003G,220003457,Montgomery County Police,Injury Crash,01/26/2022 04:40:00 PM,Maryland (State),DARNESTOWN RD,MUDDY BRANCH RD,,N/A,PEDESTRIAN,SINGLE VEHICLE,CLEAR,DRY,DAYLIGHT,TRAFFIC SIGNAL,N/A,N/A,9FF9D603-5681-4BA8-A0E3-BED6D00D4183,PEDESTRIAN,Cross/Enter at Intersection,NO IMPROPER ACTIONS,ON ROADWAY AT CROSSWALK,No,POSSIBLE INJURY,NONE,39.10288,-77.220805,"(39.10288, -77.220805)"
MCP3039004Y,200023798,Montgomery County Police,Property Damage Crash,06/17/2020 06:00:00 PM,US (State),GEORGIA AVE,NW EASTERN AVE (DC MAINT),,N/A,PEDESTRIAN,OTHER,RAINING,WET,DAYLIGHT,TRAFFIC SIGNAL,UNKNOWN,NONE DETECTED,B7BD4AA3-489E-4D20-90B6-226F4C70048A,PEDESTRIAN,Cross/Enter at Intersection,NO IMPROPER ACTIONS,AT INTERSECTION BUT NO CROSSWALK,No,NO APPARENT INJURY,N/A,38.99099,-77.028035,"(38.99099, -77.028035)"
MCP0942000T,16036684,Montgomery County Police,Injury Crash,07/20/2016 09:48:00 AM,Government,CENTER DR,ROCKVILLE PIKE,,N/A,BICYCLIST,SINGLE VEHICLE,CLEAR,DRY,DAYLIGHT,TRAFFIC SIGNAL,NONE DETECTED,NONE DETECTED,D3823BF6-9827-4C54-AA46-998866E62264,BICYCLIST,Cross/Enter at Intersection,NO IMPROPER ACTIONS,ON ROADWAY AT CROSSWALK,No,SUSPECTED MINOR INJURY,MC/BIKE HELMET,38.996685,-77.096815,"(38.996685, -77.096815)"
MCP3227004G,230023344,Montgomery County Police,Property Damage Crash,05/15/2023 06:02:00 PM,US (State),COLUMBIA PIKE,ENT TO BURNT MILLS SHOPPING CENTER,,N/A,PEDESTRIAN,SINGLE VEHICLE,CLEAR,DRY,DAYLIGHT,TRAFFIC SIGNAL,NONE DETECTED,NONE DETECTED,08CFA77B-C5C0-4BF9-8EEE-0544BF352E8D,PEDESTRIAN,Cross/Enter at Intersection,NO IMPROPER ACTIONS,ON ROADWAY AT CROSSWALK,No,NO APPARENT INJURY,N/A,39.03123795,-77.00460695,"(39.03123795, -77.00460695)"
MCP2492000V,170541937,Montgomery County Police,Fatal Crash,11/09/2017 06:40:00 PM,US (State),COLUMBIA PIKE,HILLWOOD DR,,N/A,PEDESTRIAN,OTHER,RAINING,WET,DARK LIGHTS ON,NO CONTROLS,NONE DETECTED,UNKNOWN,6C326AE8-EF66-4D76-8785-0A8ADB303CD9,PEDESTRIAN,Unknown,UNKNOWN,ON ROADWAY NOT AT CROSSWALK,Unknown,FATAL INJURY,NONE,39.03231522,-77.00382024,"(39.03231522, -77.00382024)"
MCP2639009T,200039284,Montgomery County Police,Injury Crash,10/06/2020 07:30:00 AM,Maryland (State),LAYHILL RD,BRIGGS RD,,N/A,PEDESTRIAN,STRAIGHT MOVEMENT ANGLE,CLEAR,DRY,DAYLIGHT,TRAFFIC SIGNAL,NONE DETECTED,NONE DETECTED,E3E61B0E-2248-4358-8D5C-27193EB97CC6,PEDESTRIAN,Cross/Enter at Intersection,NO IMPROPER ACTIONS,SIDEWALK,No,POSSIBLE INJURY,NONE,39.06889333,-77.045155,"(39.06889333, -77.045155)"
MCP3372001M,230061088,Montgomery County Police,Injury Crash,10/17/2023 03:21:00 PM,County,VEIRS MILL RD,GAYNOR RD,,N/A,PEDESTRIAN,N/A,CLEAR,DRY,DAYLIGHT,WARNING SIGN,NONE DETECTED,NONE DETECTED,9A0AC4C4-B095-4526-A74E-B1DD159B1562,PEDESTRIAN,Cross/Enter at Intersection,N/A,ON ROADWAY AT CROSSWALK,No,SUSPECTED MINOR INJURY,N/A,39.06165063,-77.09202394,"(39.06165063, -77.09202394)"
MCP1168000G,16005415,Montgomery County Police,Injury Crash,02/02/2016 10:01:00 AM,Maryland (State),GEORGIA AVE,CONNECTICUT AVE,,N/A,PEDESTRIAN,OTHER,CLEAR,WET,DAYLIGHT,NO CONTROLS,NONE DETECTED,ALCOHOL PRESENT,04B97FBF-6168-468E-B920-D06C512B47E1,PEDESTRIAN,Other,IN ROADWAY IMPROPERLY,ON ROADWAY NOT AT CROSSWALK,Yes,SUSPECTED MINOR INJURY,N/A,39.08397741,-77.07787201,"(39.08397741, -77.07787201)"
MCP1128003Y,15024362,Montgomery County Police,Injury Crash,05/21/2015 08:32:00 AM,,,,PARKING LOT OF 8600 OLD GEORGETOWN RD SUBURBAN HOSPITAL,,PEDESTRIAN,OTHER,CLOUDY,,DAYLIGHT,NO CONTROLS,NONE DETECTED,N/A,0FC83401-D3C2-4C11-B04B-9CCC414E1557,PEDESTRIAN,Standing,NO IMPROPER ACTIONS,OTHER,,SUSPECTED MINOR INJURY,N/A,38.99807167,-77.10923667,"(38.99807167, -77.10923667)"
MCP137800S9,190046402,Montgomery County Police,Injury Crash,09/27/2019 05:31:00 PM,Municipality,ODENDHAL AVE,FREDERICK RD,,N/A,PEDESTRIAN,SINGLE VEHICLE,CLEAR,DRY,DAYLIGHT,NO CONTROLS,NONE DETECTED,NONE DETECTED,7A588CBC-E0F0-4103-BA5B-A612F4C7D9C9,PEDESTRIAN,Cross/Enter at Intersection,NO IMPROPER ACTIONS,SIDEWALK,No,POSSIBLE INJURY,N/A,39.14905667,-77.20646333,"(39.14905667, -77.20646333)"
MCP1221004S,180013625,Montgomery County Police,Injury Crash,03/19/2018 08:48:00 AM,,,,PARKING LOT OF 100 TSCHIFFELY SQUARE RD,,PEDESTRIAN,SINGLE VEHICLE,CLEAR,,DAYLIGHT,NO CONTROLS,NONE DETECTED,NONE DETECTED,C6EBDEAA-6365-4BF8-82DB-C73A9E3EEFF7,PEDESTRIAN,Walking to/from school,NO IMPROPER ACTIONS,OTHER,No,SUSPECTED MINOR INJURY,N/A,39.11766833,-77.24671667,"(39.11766833, -77.24671667)"
MCP3053006T,230058875,Montgomery County Police,Injury Crash,09/24/2023 07:32:00 PM,Maryland (State),ROCKVILLE PIKE,DODGE ST,,N/A,PEDESTRIAN,SAME DIRECTION RIGHT TURN,RAINING,UNKNOWN,DARK LIGHTS ON,TRAFFIC SIGNAL,N/A,N/A,5BF4A785-C45B-495F-AC1A-527D29B8D312,PEDESTRIAN,Cross/Enter at Intersection,UNKNOWN,AT INTERSECTION MARKED CROSSWALK,No,POSSIBLE INJURY,N/A,39.08042559,-77.14398765,"(39.08042559, -77.14398765)"
MCP2358002G,16059235,Montgomery County Police,Injury Crash,11/17/2016 02:37:00 PM,Maryland (State),RIVER RD,COUNSELMAN RD,,N/A,BICYCLIST,STRAIGHT MOVEMENT ANGLE,CLEAR,DRY,DAYLIGHT,TRAFFIC SIGNAL,NONE DETECTED,NONE DETECTED,54290F89-19F4-490E-826D-7F373C768303,BICYCLIST,Walking/Riding w/Traffic,NO IMPROPER ACTIONS,ON ROADWAY NOT AT CROSSWALK,No,SUSPECTED MINOR INJURY,MC/BIKE HELMET,39.01725833,-77.207855,"(39.01725833, -77.207855)"
MCP2764000V,15051049,MONTGOMERY,Injury Crash,10/08/2015 04:11:00 PM,Maryland (State),VEIRS MILL RD,CONNECTICUT AVE,,N/A,PEDESTRIAN,OTHER,CLEAR,DRY,DAYLIGHT,TRAFFIC SIGNAL,NONE DETECTED,NONE DETECTED,6606008F-EDA3-4AFA-BC98-687673EA242A,PEDESTRIAN,Cross/Enter at Intersection,DART DASH,ON ROADWAY AT CROSSWALK,No,POSSIBLE INJURY,NONE,39.05165333,-77.07509,"(39.05165333, -77.07509)"
MCP271700DG,170535666,Montgomery County Police,Injury Crash,10/09/2017 04:20:00 PM,County,DECATUR AVE,UNIVERSITY BLVD W,,N/A,PEDESTRIAN,SINGLE VEHICLE,CLEAR,DRY,DAYLIGHT,NO CONTROLS,NONE DETECTED,NONE DETECTED,6AF615B2-2EE8-405C-92D3-02F4004D3EFB,PEDESTRIAN,Cross/Enter not at Intersection,DART DASH,ON ROADWAY NOT AT CROSSWALK,Yes,SUSPECTED MINOR INJURY,NONE,39.0338525,-77.07308983,"(39.0338525, -77.07308983)"
MCP23530036,16059188,Montgomery County Police,Injury Crash,11/17/2016 10:05:00 AM,Maryland (State),ROCKVILLE PIKE,EDSON LA,,N/A,PEDESTRIAN,SINGLE VEHICLE,N/A,DRY,DAYLIGHT,PERSON,NONE DETECTED,NONE DETECTED,64AFB968-E313-4409-8DDF-93DFA53AF9BF,PEDESTRIAN,Cross/Enter at Intersection,NO IMPROPER ACTIONS,ON ROADWAY AT CROSSWALK,No,POSSIBLE INJURY,NONE,39.04076833,-77.10961167,"(39.04076833, -77.10961167)"
DD5645000M,200044339,Rockville Police Departme,Injury Crash,11/10/2020 09:32:00 AM,Maryland (State),ROCKVILLE PIKE,CONGRESSIONAL LA,,N/A,PEDESTRIAN,SINGLE VEHICLE,CLEAR,DRY,DAYLIGHT,TRAFFIC SIGNAL,NONE DETECTED,NONE DETECTED,CEB65C9B-3A09-4381-A614-222D8DA7941B,PEDESTRIAN,Cross/Enter at Intersection,FAILURE TO OBEY TRAFFIC SIGNS SIGNALS OR OFFICER,ON ROADWAY AT CROSSWALK,Yes,SUSPECTED MINOR INJURY,NONE,39.06440333,-77.12626833,"(39.06440333, -77.12626833)"
MCP2531000H,16019244,Montgomery County Police,Property Damage Crash,04/19/2016 05:40:00 PM,County,MEDICAL CENTER DR,KEY WEST AVE,,N/A,BICYCLIST,STRAIGHT MOVEMENT ANGLE,CLEAR,DRY,DAYLIGHT,TRAFFIC SIGNAL,N/A,N/A,8A8CE7D5-A5EB-495E-B6E0-3C22F2810EA9,BICYCLIST,Cross/Enter at Intersection,FAILURE TO OBEY TRAFFIC SIGNS SIGNALS OR OFFICER,AT INTERSECTION MARKED CROSSWALK,Yes,NO APPARENT INJURY,NONE,39.10509333,-77.19660167,"(39.10509333, -77.19660167)"
MCP2766000W,15000959,Montgomery County Police,Injury Crash,01/06/2015 06:35:00 PM,Maryland (State),GEORGIA AVE,RALPH RD,,N/A,PEDESTRIAN,SINGLE VEHICLE,SNOW,SLUSH,DARK LIGHTS ON,NO CONTROLS,NONE DETECTED,NONE DETECTED,AFF3220E-A364-4CA0-9AF8-3D8532DC71F1,PEDESTRIAN,Cross/Enter not at Intersection,N/A,MEDIAN,,POSSIBLE INJURY,N/A,39.07908,-77.07245167,"(39.07908, -77.07245167)"
MCP33000017,210049817,Montgomery County Police,Injury Crash,12/08/2021 10:45:00 AM,,,,2519 ENNALS AVE WHEATON MD 20902,,PEDESTRIAN,SINGLE VEHICLE,CLOUDY,,DAYLIGHT,NO CONTROLS,NONE DETECTED,NONE DETECTED,53293DF6-5B3B-41EC-A735-B620FB66C225,PEDESTRIAN,Standing,NO IMPROPER ACTIONS,INSIDE BUILDING,No,POSSIBLE INJURY,NONE,39.03986433,-77.05333083,"(39.03986433, -77.05333083)"
MCP24550045,210003421,Montgomery County Police,Injury Crash,01/27/2021 03:12:00 PM,,,,PARKING LOT OF 12305 VILLAGE SQUARE TER,,PEDESTRIAN,OTHER,CLOUDY,,DAYLIGHT,N/A,NONE DETECTED,NONE DETECTED,964BFAEE-AA60-43DC-8861-0C8BCFEFD8AF,PEDESTRIAN,Unknown,UNKNOWN,OTHER,Yes,SUSPECTED MINOR INJURY,N/A,39.05945721,-77.10910044,"(39.05945721, -77.10910044)"
MCP31650032,210037948,Montgomery County Police,Injury Crash,09/25/2021 11:20:00 AM,County,GREENCASTLE RD,OLD COLUMBIA PIKE,,N/A,PEDESTRIAN,SINGLE VEHICLE,CLEAR,DRY,DAYLIGHT,N/A,NONE DETECTED,NONE DETECTED,2186FD23-E5A8-4679-999B-9016B262655A,PEDESTRIAN,Cross/Enter not at Intersection,INATTENTIVE,ON ROADWAY NOT AT CROSSWALK,No,POSSIBLE INJURY,NONE,39.09803833,-76.94348833,"(39.09803833, -76.94348833)"
MCP31930031,220003615,Montgomery County Police,Property Damage Crash,01/25/2022 03:00:00 PM,,,,IN THE PARKING LOT NORTHWOOD HIGH SCHOOL LOCATED AT 919 UNIVERSITY BLVD W SILVER SPRING MD 20901,,PEDESTRIAN,OTHER,CLEAR,,DAYLIGHT,NO CONTROLS,N/A,NONE DETECTED,6CAA799C-A373-48FC-B062-A9100CD83AFF,PEDESTRIAN,Cross/Enter not at Intersection,UNKNOWN,ON ROADWAY NOT AT CROSSWALK,No,NO APPARENT INJURY,NONE,39.03473253,-77.02358179,"(39.03473253, -77.02358179)"
MCP2829001K,15042332,MONTGOMERY,Injury Crash,08/23/2015 10:02:00 PM,County,LOCKWOOD DR,NEW HAMPSHIRE AVE,,N/A,PEDESTRIAN,OTHER,CLOUDY,DRY,DARK LIGHTS ON,NO CONTROLS,NONE DETECTED,NONE DETECTED,5FD5C1A0-941B-49B2-9125-9BB56E61A992,PEDESTRIAN,Cross/Enter not at Intersection,IN ROADWAY IMPROPERLY,ON ROADWAY NOT AT CROSSWALK,Yes,SUSPECTED MINOR INJURY,NONE,39.03932833,-76.99142,"(39.03932833, -76.99142)"
MCP27990053,190026189,Montgomery County Police,Injury Crash,06/01/2019 06:35:00 PM,County,PRINCE PHILIP DR,SPARTAN RD,,N/A,BICYCLIST,STRAIGHT MOVEMENT ANGLE,CLEAR,DRY,DAYLIGHT,NO CONTROLS,NONE DETECTED,NONE DETECTED,90DAD80A-F7B0-4283-854F-032E2A72C2A4,BICYCLIST,Walking/Riding w/Traffic,NO IMPROPER ACTIONS,ON ROADWAY NOT AT CROSSWALK,No,SUSPECTED MINOR INJURY,NONE,39.15452301,-77.05705246,"(39.15452301, -77.05705246)"
MCP11230021,180036808,Montgomery County Police,Injury Crash,07/25/2018 11:08:00 AM,Maryland (State),LAYHILL RD,MIDDLEBRIDGE DR,,N/A,PEDESTRIAN,SINGLE VEHICLE,CLOUDY,DRY,DAYLIGHT,NO CONTROLS,NONE DETECTED,NONE DETECTED,C507E5CD-8691-4C97-A621-CC5561811C07,PEDESTRIAN,Cross/Enter at Intersection,DART DASH,AT INTERSECTION BUT NO CROSSWALK,Unknown,SUSPECTED MINOR INJURY,NONE,39.072865,-77.0455,"(39.072865, -77.0455)"
MCP2967001J,16040037,Montgomery County Police,Injury Crash,08/07/2016 04:46:00 PM,County,GROSVENOR LA,ROCKVILLE PIKE,,N/A,BICYCLIST,HEAD ON,CLEAR,DRY,DAYLIGHT,TRAFFIC SIGNAL,N/A,N/A,F733B27E-F2AD-41D6-88C4-B4285CD43513,BICYCLIST,Walking/Riding against Traffic,IN ROADWAY IMPROPERLY,ON ROADWAY NOT AT CROSSWALK,Yes,POSSIBLE INJURY,MC/BIKE HELMET,39.022385,-77.10254167,"(39.022385, -77.10254167)"
MCP26890023,16043493,Montgomery County Police,Injury Crash,08/26/2016 06:27:00 PM,County,NEEDWOOD RD,REDLAND RD,,N/A,BICYCLIST,STRAIGHT MOVEMENT ANGLE,CLEAR,DRY,DAYLIGHT,STOP SIGN,NONE DETECTED,NONE DETECTED,09FE3146-3615-4749-845C-A148691B52BD,BICYCLIST,Cross/Enter at Intersection,NO IMPROPER ACTIONS,ON ROADWAY AT CROSSWALK,No,SUSPECTED MINOR INJURY,MC/BIKE HELMET,39.12307833,-77.15676167,"(39.12307833, -77.15676167)"
MCP27180018,15036367,MONTGOMERY,Injury Crash,07/23/2015 06:19:00 PM,County,TWINBROOK PKWY,PARKLAWN DR,,N/A,BICYCLIST,OTHER,CLEAR,DRY,DAYLIGHT,TRAFFIC SIGNAL,N/A,N/A,C5DD4A55-457D-4350-ADA2-631FA3686883,BICYCLIST,Cross/Enter at Intersection,NO IMPROPER ACTIONS,AT INTERSECTION MARKED CROSSWALK,No,POSSIBLE INJURY,NONE,39.061535,-77.11639667,"(39.061535, -77.11639667)"
MCP2931003V,190044970,Montgomery County Police,Injury Crash,09/19/2019 07:39:00 PM,County,E JEFFERSON ST,ENT TO FEDERAL PLAZA SC,,N/A,BICYCLIST,OTHER,CLEAR,N/A,DARK NO LIGHTS,N/A,N/A,N/A,2E3A7F28-83C1-43BF-9CA8-482444F60184,BICYCLIST,Cross/Enter at Intersection,NO IMPROPER ACTIONS,AT INTERSECTION MARKED CROSSWALK,No,POSSIBLE INJURY,MC/BIKE HELMET,39.05649333,-77.12632,"(39.05649333, -77.12632)"
MCP32580020,220012119,Montgomery County Police,Injury Crash,03/21/2022 11:02:00 AM,Maryland (State),UNIVERSITY BLVD W,VEIRS MILL RD,,N/A,PEDESTRIAN,STRAIGHT MOVEMENT ANGLE,CLEAR,DRY,DAYLIGHT,TRAFFIC SIGNAL,NONE DETECTED,NONE DETECTED,E3542493-6C5F-41FE-B9E6-7A0544E08872,PEDESTRIAN,Cross/Enter at Intersection,N/A,AT INTERSECTION MARKED CROSSWALK,No,SUSPECTED MINOR INJURY,N/A,39.04006667,-77.05507667,"(39.04006667, -77.05507667)"
MCP284800BX,220049624,Montgomery County Police,Injury Crash,11/10/2022 07:20:00 AM,County,RICHTER FARM RD,CRICKET HILL DR,,N/A,PEDESTRIAN,SINGLE VEHICLE,N/A,DRY,DAYLIGHT,STOP SIGN,UNKNOWN,NONE DETECTED,BB24A932-7FF4-4552-BEEE-5D6A233BAD6B,PEDESTRIAN,Cross/Enter at Intersection,NO IMPROPER ACTIONS,AT INTERSECTION MARKED CROSSWALK,No,POSSIBLE INJURY,N/A,39.151581,-77.281184,"(39.151581, -77.281184)"
MCP3311001M,230008585,Montgomery County Police,Injury Crash,02/20/2023 07:19:00 PM,Maryland (State),16TH ST,SPRING ST,,N/A,PEDESTRIAN,OTHER,CLEAR,DRY,DARK LIGHTS ON,NO CONTROLS,N/A,N/A,8E39F3FD-48D2-4117-A632-4482D87BBB7B,PEDESTRIAN,Cross/Enter not at Intersection,IN ROADWAY IMPROPERLY,ON ROADWAY NOT AT CROSSWALK,Yes,POSSIBLE INJURY,N/A,38.9959094,-77.03649502,"(38.9959094, -77.03649502)"
MCP31130020,190057732,Montgomery County Police,Injury Crash,11/30/2019 07:40:00 PM,County,BRIGGS CHANEY RD,RAMP 5 FR US 29 SB TO BRIGGS CHANEY RD,,N/A,PEDESTRIAN,OTHER,CLEAR,N/A,DARK LIGHTS ON,NO CONTROLS,N/A,N/A,672EB827-C663-44BA-811E-B34DC5E10C47,PEDESTRIAN,Cross/Enter not at Intersection,FAILURE TO YIELD RIGHT OF WAY,ON ROADWAY NOT AT CROSSWALK,Yes,SUSPECTED SERIOUS INJURY,NONE,39.08299833,-76.94840806,"(39.08299833, -76.94840806)"
MCP2450002C,180062847,Montgomery County Police,Injury Crash,12/16/2018 08:55:00 PM,Maryland (State),UNIVERSITY BLVD E,LANGLEY DR,,N/A,PEDESTRIAN,OTHER,N/A,DRY,DARK NO LIGHTS,NO CONTROLS,NONE DETECTED,UNKNOWN,2072C8A0-98F5-4A8D-86F4-D650291DA5AE,PEDESTRIAN,Cross/Enter not at Intersection,IN ROADWAY IMPROPERLY,MEDIAN,Yes,POSSIBLE INJURY,N/A,39.00148167,-76.99569333,"(39.00148167, -76.99569333)"
MCP27980038,170517119,Montgomery County Police,Injury Crash,07/03/2017 03:43:00 PM,Maryland (State),NEW HAMPSHIRE AVE,ENT TO WHITE OAK SHOPPING CENTER,,N/A,BICYCLIST,OTHER,CLEAR,DRY,DAYLIGHT,NO CONTROLS,NONE DETECTED,NONE DETECTED,F1B24995-0268-4ECA-AE66-38536050D41F,BICYCLIST,Walking/Riding against Traffic,WRONG WAY RIDING OR WALKING,SIDEWALK,Yes,POSSIBLE INJURY,NONE,39.03917695,-76.99018523,"(39.03917695, -76.99018523)"