Report Number,Local Case Number,Agency Name,ACRS Report Type,Crash Date/Time,Route Type,Road Name,Cross-Street Name,Off-Road Description,Municipality,Related Non-Motorist,Collision Type,Weather,Surface Condition,Light,Traffic Control,Driver Substance Abuse,Non-Motorist Substance Abuse,Person ID,Pedestrian Type,Pedestrian Movement,Pedestrian Actions,Pedestrian Location,At Fault,Injury Severity,Safety Equipment,Latitude,Longitude,Location
MCP3181000F,190021974,Montgomery County Police,Injury Crash,05/09/2019 10:10:00 PM,Maryland (State),GEORGIA AVE,REEDIE DR,,N/A,PEDESTRIAN,HEAD ON LEFT TURN,CLOUDY,DRY,DARK LIGHTS ON,TRAFFIC SIGNAL,UNKNOWN,N/A,E83A5495-8CD8-427C-A392-560E77AC8727,PEDESTRIAN,Cross/Enter at Intersection,NO IMPROPER ACTIONS,AT INTERSECTION MARKED CROSSWALK,No,SUSPECTED SERIOUS INJURY,N/A,39.03871263,-77.05079018,"(39.03871263, -77.05079018)"
MCP15540041,190007886,Montgomery County Police,Injury Crash,02/18/2019 05:27:00 PM,County,CRABBS BRANCH WAY,ENT TO MONT CO DEPT OF TRANS,,N/A,PEDESTRIAN,SINGLE VEHICLE,CLEAR,DRY,DAYLIGHT,TRAFFIC SIGNAL,NONE DETECTED,NONE DETECTED,EF5D11DC-6906-4B6D-8C08-77FEC5C5F63B,PEDESTRIAN,Other,NO IMPROPER ACTIONS,INSIDE BUILDING,No,POSSIBLE INJURY,N/A,39.12444333,-77.16421167,"(39.12444333, -77.16421167)"
MCP1382001X,15004447,Montgomery County Police,Injury Crash,01/28/2015 08:56:00 AM,,,,PARKING LOT OF 710 BEACON ROAD SILVER SPRING MD,,PEDESTRIAN,SINGLE VEHICLE,CLEAR,,DAYLIGHT,N/A,NONE DETECTED,NONE DETECTED,DF70982B-FC42-411A-8209-5B53588B64C6,PEDESTRIAN,Walking to/from school,IN ROADWAY IMPROPERLY,OTHER,,SUSPECTED SERIOUS INJURY,N/A,39.00903833,-76.98453833,"(39.00903833, -76.98453833)"
MCP1334006Y,180044660,Montgomery County Police,Injury Crash,09/07/2018 06:26:00 AM,Maryland (State),S FREDERICK RD,N WESTLAND DR,,N/A,BICYCLIST,STRAIGHT MOVEMENT ANGLE,CLEAR,DRY,DAWN,NO CONTROLS,NONE DETECTED,NONE DETECTED,1C5367CB-9952-45DB-891D-77EB4974985D,BICYCLIST,Walking/Riding w/Traffic,NO IMPROPER ACTIONS,OTHER,No,SUSPECTED SERIOUS INJURY,MC/BIKE HELMET,39.12796591,-77.18509472,"(39.12796591, -77.18509472)"
MCP3161001S,190048151,Montgomery County Police,Injury Crash,10/07/2019 03:39:00 PM,Maryland (State),UNIVERSITY BLVD W,PERRY AVE,,KENSINGTON,PEDESTRIAN,SAME DIR REAR END,CLEAR,DRY,DAYLIGHT,N/A,NONE DETECTED,NONE DETECTED,7B8D538E-C5E5-4982-8B40-5AD24E079F91,PEDESTRIAN,Cross/Enter at Intersection,UNKNOWN,ON ROADWAY AT CROSSWALK,No,NO APPARENT INJURY,NONE,39.03274833,-77.07378833,"(39.03274833, -77.07378833)"
MCP3139000F,180028408,Montgomery County Police,Injury Crash,06/08/2018 09:26:00 PM,Maryland (State),UNIVERSITY BLVD E,EXIT #29,,N/A,"BICYCLIST, OTHER",OTHER,CLEAR,N/A,DARK LIGHTS ON,TRAFFIC SIGNAL,N/A,N/A,1DA153F6-DF35-4A5F-9AB6-B8B6D1C3DCE6,BICYCLIST,Cross/Enter at Intersection,UNKNOWN,ON ROADWAY AT CROSSWALK,Yes,POSSIBLE INJURY,MC/BIKE HELMET,39.01608167,-77.00529833,"(39.01608167, -77.00529833)"
MCP24200050,230052397,Montgomery County Police,Injury Crash,08/31/2023 10:15:00 AM,Maryland (State),NEW HAMPSHIRE AVE,SPENCERVILLE RD,,N/A,BICYCLIST,OTHER,CLEAR,DRY,DAYLIGHT,NO CONTROLS,NONE DETECTED,N/A,B572D316-14E4-4365-9668-E6E40EDA2590,BICYCLIST,Walking/Riding w/Traffic,NO IMPROPER ACTIONS,OTHER,No,SUSPECTED MINOR INJURY,MC/BIKE HELMET,39.120183,-76.98884333,"(39.120183, -76.98884333)"
MCP2975000W,15061429,MONTGOMERY,Injury Crash,12/01/2015 09:05:00 PM,County,HARBOUR TOWN DR,HILTON HEAD CT,,N/A,PEDESTRIAN,OTHER,CLOUDY,WET,DARK LIGHTS ON,OTHER,NONE DETECTED,NONE DETECTED,7358FECB-5C03-49EA-9711-78AC9F0F6A61,PEDESTRIAN,Walking/Cycling on Sidewalk,NO IMPROPER ACTIONS,SIDEWALK,No,SUSPECTED MINOR INJURY,NONE,39.130925,-77.00749833,"(39.130925, -77.00749833)"
MCP32270039,220004178,Montgomery County Police,Injury Crash,01/31/2022 03:47:00 PM,US (State),COLUMBIA PIKE,ENT TO BURNT MILLS SHOPPING CENTER,,N/A,PEDESTRIAN,SINGLE VEHICLE,CLEAR,DRY,DAYLIGHT,TRAFFIC SIGNAL,NONE DETECTED,NONE DETECTED,03540B9E-BE08-460D-BD70-F855307A9B04,PEDESTRIAN,Cross/Enter at Intersection,NO IMPROPER ACTIONS,ON ROADWAY AT CROSSWALK,No,SUSPECTED MINOR INJURY,NONE,39.03101133,-77.0043415,"(39.03101133, -77.0043415)"
MCP271700QJ,190045681,Montgomery County Police,Injury Crash,09/24/2019 07:55:00 AM,Maryland (State),ROCKVILLE PIKE,NICHOLSON LA,,N/A,PEDESTRIAN,OTHER,CLEAR,DRY,DAYLIGHT,TRAFFIC SIGNAL,NONE DETECTED,NONE DETECTED,9336540B-2A30-449B-BA97-82238310B209,PEDESTRIAN,Cross/Enter at Intersection,NO IMPROPER ACTIONS,ON ROADWAY AT CROSSWALK,No,SUSPECTED MINOR INJURY,NONE,39.04454217,-77.11185467,"(39.04454217, -77.11185467)"
DM83860023,230054156,Takoma Park Police Depart,Injury Crash,09/10/2023 11:30:00 PM,Maryland (State),NEW HAMPSHIRE AVE,MERWOOD DR,,TAKOMA PARK,PEDESTRIAN,SINGLE VEHICLE,RAINING,WET,DARK LIGHTS ON,TRAFFIC SIGNAL,NONE DETECTED,NONE DETECTED,FAA7D0AF-CED7-4714-8200-6E1E99DC7194,PEDESTRIAN,Cross/Enter at Intersection,FAILURE TO YIELD RIGHT OF WAY,AT INTERSECTION MARKED CROSSWALK,Unknown,POSSIBLE INJURY,N/A,38.98333164,-76.98836341,"(38.98333164, -76.98836341)"
MCP1233005G,230073906,Montgomery County Police,Injury Crash,12/27/2023 07:42:00 PM,County,HAMPDEN LA,ARLINGTON RD,,N/A,PEDESTRIAN,N/A,RAINING,WET,DARK NO LIGHTS,STOP SIGN,NONE DETECTED,NONE DETECTED,58565E61-5C4A-43E2-A654-4147B21F44E1,PEDESTRIAN,Cross/Enter at Intersection,INATTENTIVE,CURB,No,POSSIBLE INJURY,N/A,38.98285333,-77.09823333,"(38.98285333, -77.09823333)"
MCP2961000V,15064766,MONTGOMERY,Injury Crash,12/18/2015 05:00:00 PM,Maryland (State),CONNECTICUT AVE,RANDOLPH RD,,N/A,PEDESTRIAN,SINGLE VEHICLE,N/A,DRY,DARK LIGHTS ON,NO CONTROLS,N/A,N/A,63B84238-CCF9-4925-982C-15C5E8FD96E9,PEDESTRIAN,Cross/Enter at Intersection,FAILURE TO YIELD RIGHT OF WAY,ON ROADWAY NOT AT CROSSWALK,Unknown,SUSPECTED MINOR INJURY,NONE,39.0565611,-77.07360595,"(39.0565611, -77.07360595)"
MCP3061001D,190033682,Montgomery County Police,Injury Crash,07/15/2019 07:30:00 PM,Maryland (State),FREDERICK RD,MIDDLEBROOK RD,,N/A,BICYCLIST,STRAIGHT MOVEMENT ANGLE,CLEAR,DRY,DAYLIGHT,TRAFFIC SIGNAL,UNKNOWN,NONE DETECTED,23C57303-DE02-4223-A619-5E008F547D23,BICYCLIST,Cross/Enter at Intersection,NO IMPROPER ACTIONS,ON ROADWAY AT CROSSWALK,No,SUSPECTED MINOR INJURY,MC/BIKE HELMET,39.18140438,-77.23826041,"(39.18140438, -77.23826041)"
MCP1378009T,16027391,Montgomery County Police,Injury Crash,06/01/2016 05:10:00 PM,County,BLACKWELL RD,GREAT SENECA HWY,,N/A,BICYCLIST,STRAIGHT MOVEMENT ANGLE,CLEAR,DRY,DAYLIGHT,STOP SIGN,NONE DETECTED,NONE DETECTED,3D94E185-8F4F-4F4D-8B60-6E3BC1A9A58C,BICYCLIST,Cross/Enter at Intersection,NO IMPROPER ACTIONS,ON ROADWAY NOT AT CROSSWALK,Yes,POSSIBLE INJURY,MC/BIKE HELMET,39.10165667,-77.20517,"(39.10165667, -77.20517)"
MCP3039004X,200012439,Montgomery County Police,Injury Crash,03/13/2020 04:30:00 PM,,,,CAR WASH LOCATED AT 9500 GEORGIA AVENUE,,PEDESTRIAN,OTHER,CLEAR,,DAYLIGHT,N/A,NONE DETECTED,NONE DETECTED,D4F5FABE-FD18-4FF5-AA2B-34374C45D2EA,PEDESTRIAN,Push/Work on Vehicle,ENTERING EXITING PARKED STANDING VEHICLE,OTHER,No,SUSPECTED MINOR INJURY,NONE,39.23341833,-77.28181167,"(39.23341833, -77.28181167)"
MCP29170021,170538180,Montgomery County Police,Injury Crash,10/22/2017 04:38:00 PM,County,LONGMEAD CROSSING DR,VILLAGE GATE DR,,N/A,BICYCLIST,STRAIGHT MOVEMENT ANGLE,CLEAR,DRY,DAYLIGHT,NO CONTROLS,NONE DETECTED,NONE DETECTED,86D45BF4-CC4A-4762-AFE7-89D494B3DBA2,BICYCLIST,Cross/Enter at Intersection,FAILURE TO YIELD RIGHT OF WAY,ON ROADWAY NOT AT CROSSWALK,Unknown,SUSPECTED MINOR INJURY,MC/BIKE HELMET,39.09674333,-77.04594833,"(39.09674333, -77.04594833)"
MCP3007000F,16001665,Montgomery County Police,Injury Crash,01/09/2016 06:36:00 PM,County,RANDOLPH RD,BUSHEY DR,,N/A,PEDESTRIAN,OTHER,N/A,DRY,DARK LIGHTS ON,NO CONTROLS,NONE DETECTED,NONE DETECTED,1EF94930-69BC-4038-8466-684A27FFC987,PEDESTRIAN,Cross/Enter at Intersection,NO IMPROPER ACTIONS,ON ROADWAY AT CROSSWALK,No,SUSPECTED MINOR INJURY,NONE,39.05737235,-77.07796454,"(39.05737235, -77.07796454)"
MCP3029001M,170539828,Montgomery County Police,Injury Crash,10/30/2017 04:45:00 PM,County,CARTERS GROVE DR,CARTERS GROVE CT,,N/A,PEDESTRIAN,OTHER,CLEAR,DRY,DAYLIGHT,NO CONTROLS,NONE DETECTED,NONE DETECTED,132B64B4-8BEE-4976-A7EF-E3DCC69BBF24,PEDESTRIAN,Cross/Enter at Intersection,NO IMPROPER ACTIONS,OTHER,No,POSSIBLE INJURY,NONE,39.06088695,-76.97171152,"(39.06088695, -76.97171152)"
MCP3264003W,230034745,Montgomery County Police,Injury Crash,07/21/2023 01:24:00 PM,Maryland (State),GEORGIA AVE,FENWICK LA,,N/A,BICYCLIST,STRAIGHT MOVEMENT ANGLE,CLEAR,DRY,DAYLIGHT,NO CONTROLS,NONE DETECTED,NONE DETECTED,CC204678-3AA1-41EE-976B-62AC3E32EE34,BICYCLIST,Cross/Enter at Intersection,UNKNOWN,ON ROADWAY AT CROSSWALK,Unknown,SUSPECTED MINOR INJURY,NONE,38.99828526,-77.03064861,"(38.99828526, -77.03064861)"
MCP27830044,210043191,Montgomery County Police,Injury Crash,10/27/2021 07:01:00 AM,County,RANDOLPH RD,COLIE DR,,N/A,PEDESTRIAN,OTHER,CLEAR,DRY,N/A,OTHER,N/A,N/A,D707230B-B6D4-4A31-9589-5F8ABCE6755D,PEDESTRIAN,Cross/Enter at Intersection,NO IMPROPER ACTIONS,ON ROADWAY AT CROSSWALK,No,POSSIBLE INJURY,N/A,39.05750968,-77.08004686,"(39.05750968, -77.08004686)"
MCP102200D2,190046106,Montgomery County Police,Injury Crash,09/26/2019 07:04:00 AM,County,STEEPLE RD,HIGHSTREAM DR,,N/A,PEDESTRIAN,SINGLE VEHICLE,CLEAR,DRY,DAWN,NO CONTROLS,NONE DETECTED,NONE DETECTED,0E4F7E30-E915-4419-BE7A-5E20646AC01A,PEDESTRIAN,Cross/Enter at Intersection,NO IMPROPER ACTIONS,AT INTERSECTION BUT NO CROSSWALK,No,SUSPECTED SERIOUS INJURY,NONE,39.17207833,-77.28908833,"(39.17207833, -77.28908833)"
MCP3355000Q,230026404,Montgomery County Police,Injury Crash,05/31/2023 10:35:00 PM,Maryland (State),UNIVERSITY BLVD E,E FRANKLIN AVE,,N/A,PEDESTRIAN,SINGLE VEHICLE,CLEAR,DRY,DARK LIGHTS ON,TRAFFIC SIGNAL,NONE DETECTED,NONE DETECTED,221C1F91-E8F1-4BC5-AAD8-821C7151D29A,PEDESTRIAN,Cross/Enter at Intersection,FAILURE TO OBEY TRAFFIC SIGNS SIGNALS OR OFFICER,ON ROADWAY AT CROSSWALK,Yes,SUSPECTED SERIOUS INJURY,NONE,39.01217242,-77.00241689,"(39.01217242, -77.00241689)"
EJ78520048,210002669,Gaithersburg Police Depar,Injury Crash,01/21/2021 08:00:00 PM,Other Public Roadway,WHISPERING WIND CT,FALLBROOK ST,,GAITHERSBURG,PEDESTRIAN,N/A,N/A,DRY,DARK LIGHTS ON,STOP SIGN,UNKNOWN,NONE DETECTED,1DFB0020-B8B0-4118-88B1-26835E692122,PEDESTRIAN,Cross/Enter at Intersection,NO IMPROPER ACTIONS,ON ROADWAY AT CROSSWALK,No,SUSPECTED MINOR INJURY,N/A,39.144393,-77.18506955,"(39.144393, -77.18506955)"
DD56240046,200023294,Rockville Police Departme,Injury Crash,06/18/2020 08:00:00 PM,Maryland (State),VEIRS MILL RD,ATLANTIC AVE,,ROCKVILLE,PEDESTRIAN,OTHER,CLEAR,DRY,DAYLIGHT,TRAFFIC SIGNAL,NONE DETECTED,NONE DETECTED,8A5C5EDC-04C7-42FD-833D-E638F9292A35,PEDESTRIAN,Cross/Enter at Intersection,NO IMPROPER ACTIONS,ON ROADWAY AT CROSSWALK,No,POSSIBLE INJURY,NONE,39.0745207,-77.1156424,"(39.0745207, -77.1156424)"
EJ7826002C,170523488,Gaithersburg Police Depar,Injury Crash,08/07/2017 01:37:00 PM,County,LOST KNIFE RD,ODENDHAL AVE,,N/A,PEDESTRIAN,OTHER,RAINING,WET,DAYLIGHT,NO CONTROLS,N/A,N/A,D66587A8-FBFF-4C69-BAE3-03917FA19271,PEDESTRIAN,Cross/Enter not at Intersection,NO IMPROPER ACTIONS,ON ROADWAY AT CROSSWALK,No,POSSIBLE INJURY,NONE,39.15290833,-77.19897667,"(39.15290833, -77.19897667)"
MCP913000B6,200040911,Montgomery County Police,Injury Crash,10/17/2020 10:27:00 AM,Maryland (State),NEW HAMPSHIRE AVE,DILSTON RD,,N/A,PEDESTRIAN,SINGLE VEHICLE,CLEAR,DRY,DAYLIGHT,TRAFFIC SIGNAL,NONE DETECTED,NONE DETECTED,F04A547C-9FCD-4D50-BDA6-5780FF215312,PEDESTRIAN,Cross/Enter at Intersection,NO IMPROPER ACTIONS,ON ROADWAY AT CROSSWALK,No,POSSIBLE INJURY,NONE,39.01138699,-76.97903723,"(39.01138699, -76.97903723)"
MCP12050044,180022763,Montgomery County Police,Injury Crash,05/09/2018 08:50:00 AM,County,BETHESDA AVE,WOODMONT AVE,,N/A,BICYCLIST,SAME DIRECTION RIGHT TURN,CLEAR,DRY,DAYLIGHT,N/A,NONE DETECTED,NONE DETECTED,7591F6ED-6C99-4695-A818-1A4509573BB5,BICYCLIST,Walking/Riding w/Traffic,NO IMPROPER ACTIONS,OTHER,No,SUSPECTED MINOR INJURY,MC/BIKE HELMET,38.98093687,-77.09644631,"(38.98093687, -77.09644631)"
MCP26790024,170534247,Montgomery County Police,Injury Crash,10/01/2017 11:10:00 PM,Maryland (State),UNIVERSITY BLVD E,E WAYNE AVE,,N/A,PEDESTRIAN,SAME DIRECTION SIDESWIPE,CLEAR,DRY,DARK LIGHTS ON,NO CONTROLS,NONE DETECTED,NONE DETECTED,FBA28D05-5138-4527-B601-DA438173E9A1,PEDESTRIAN,Push/Work on Vehicle,NO IMPROPER ACTIONS,OTHER,No,POSSIBLE INJURY,N/A,39.00671167,-76.99787333,"(39.00671167, -76.99787333)"
MCP29050052,210040154,Montgomery County Police,Injury Crash,10/08/2021 10:38:00 AM,County,TUCKERMAN LA,KINGS RIDING WAY,,N/A,BICYCLIST,STRAIGHT MOVEMENT ANGLE,CLEAR,DRY,DAYLIGHT,NO CONTROLS,N/A,N/A,8B86765E-0DBA-4B49-B110-1394DF8AB126,BICYCLIST,Cross/Enter at Intersection,NO IMPROPER ACTIONS,SIDEWALK,Yes,SUSPECTED MINOR INJURY,MC/BIKE HELMET,39.02916167,-77.110775,"(39.02916167, -77.110775)"
MCP1220003G,16009604,Montgomery County Police,Injury Crash,02/26/2016 01:27:00 PM,County,MOUNTAIN QUAIL RD,EASTWOOD AVE,,N/A,PEDESTRIAN,SINGLE VEHICLE,CLEAR,DRY,DAYLIGHT,N/A,NONE DETECTED,NONE DETECTED,3547BEA4-7559-472D-BEFF-185281B85F3B,PEDESTRIAN,Cross/Enter not at Intersection,FAILURE TO YIELD RIGHT OF WAY,OUTSIDE RIGHT OF WAY,Yes,POSSIBLE INJURY,NONE,39.02651333,-77.01141833,"(39.02651333, -77.01141833)"
MCP2947000J,15027847,Montgomery County Police,Injury Crash,06/09/2015 07:38:00 AM,County,FRANKFORT DR,MARIANNA DR,,N/A,PEDESTRIAN,SINGLE VEHICLE,CLEAR,DRY,DAYLIGHT,STOP SIGN,NONE DETECTED,NONE DETECTED,59389F67-7F8E-44BC-ABA9-DB9F4D3BC9E8,PEDESTRIAN,Cross/Enter at Intersection,NO IMPROPER ACTIONS,ON ROADWAY AT CROSSWALK,,POSSIBLE INJURY,N/A,39.08461293,-77.08991647,"(39.08461293, -77.08991647)"
MCP30660021,220026432,Montgomery County Police,Injury Crash,06/19/2022 07:00:00 AM,Maryland (State),EAST WEST HWY,GRUBB RD,,N/A,PEDESTRIAN,OTHER,CLEAR,DRY,DAYLIGHT,TRAFFIC SIGNAL,N/A,N/A,940A01F0-9941-42D2-98E3-9D1A234E64EC,PEDESTRIAN,Cross/Enter at Intersection,NO IMPROPER ACTIONS,ON ROADWAY AT CROSSWALK,No,SUSPECTED SERIOUS INJURY,N/A,38.99374076,-77.05190853,"(38.99374076, -77.05190853)"
MCP2182002C,200015489,Montgomery County Police,Injury Crash,04/09/2020 06:30:00 AM,County,BEL PRE RD,CONNECTICUT AVE,,N/A,PEDESTRIAN,N/A,RAINING,WET,DAWN,TRAFFIC SIGNAL,NONE DETECTED,NONE DETECTED,4A1116D7-5886-4B02-986B-2CF4E53F7D11,PEDESTRIAN,Cross/Enter at Intersection,NO IMPROPER ACTIONS,ON ROADWAY AT CROSSWALK,Unknown,POSSIBLE INJURY,NONE,39.09193329,-77.07034303,"(39.09193329, -77.07034303)"
MCP3059003X,190044082,Montgomery County Police,Injury Crash,09/14/2019 07:26:00 PM,Maryland (State),GEORGIA AVE,ASPEN HILL RD,,N/A,"BICYCLIST, PEDESTRIAN",OTHER,CLEAR,DRY,DARK LIGHTS ON,N/A,NONE DETECTED,NONE DETECTED,8FBEFCD7-2747-450B-9F2E-61BC38071B95,BICYCLIST,Walking/Cycling on Sidewalk,IN ROADWAY IMPROPERLY,SIDEWALK,Yes,SUSPECTED MINOR INJURY,NONE,39.080315,-77.07443833,"(39.080315, -77.07443833)"
MCP9110000C,15035789,MONTGOMERY,Injury Crash,07/20/2015 08:40:00 PM,Maryland (State),FREDERICK RD,RIDGE RD,,N/A,PEDESTRIAN,STRAIGHT MOVEMENT ANGLE,CLEAR,DRY,DARK LIGHTS ON,NO CONTROLS,NONE DETECTED,NONE DETECTED,7A8B002D-6189-43F2-B7AC-807C977A9B36,PEDESTRIAN,Cross/Enter not at Intersection,DART DASH,ON ROADWAY NOT AT CROSSWALK,Yes,SUSPECTED SERIOUS INJURY,NONE,39.2035264,-77.24562407,"(39.2035264, -77.24562407)"
MCP2971005F,200010438,Montgomery County Police,Property Damage Crash,03/02/2020 04:00:00 PM,,,,"PARKING LOT IN FRONT OF 18418 STONE HOLLOW DRIVE, GERMANTOWN, MD 20874",,PEDESTRIAN,SAME DIRECTION SIDESWIPE,CLOUDY,,DAYLIGHT,NO CONTROLS,ALCOHOL PRESENT,NONE DETECTED,B576D6FE-4571-4370-BB6D-185FA92EFD31,PEDESTRIAN,Standing,ENTERING EXITING PARKED STANDING VEHICLE,OTHER,No,NO APPARENT INJURY,NONE,39.15820167,-77.2683,"(39.15820167, -77.2683)"
MCP2770001B,16055350,Montgomery County Police,Injury Crash,10/27/2016 11:00:00 AM,County,SHADY GROVE RD,BRIARDALE RD,,N/A,PEDESTRIAN,OTHER,CLOUDY,N/A,DAYLIGHT,TRAFFIC SIGNAL,N/A,N/A,821C5D67-1D1D-497C-9B70-733960989313,PEDESTRIAN,Other,OTHER,ON ROADWAY NOT AT CROSSWALK,Unknown,SUSPECTED MINOR INJURY,NONE,39.13375951,-77.15832889,"(39.13375951, -77.15832889)"
MCP2831002G,170548149,Montgomery County Police,Injury Crash,12/12/2017 02:13:00 PM,,,,PARKING LOT OF 20944 FREDERICK ROAD (GIANT SUPERMARKET),,PEDESTRIAN,SINGLE VEHICLE,CLEAR,,DAYLIGHT,NO CONTROLS,N/A,NONE DETECTED,30A61293-C3B5-4DAB-9A14-ACE9F3CF94AF,PEDESTRIAN,Other,N/A,OTHER,No,POSSIBLE INJURY,NONE,39.18349833,-77.275365,"(39.18349833, -77.275365)"
MCP3109001C,180053981,Montgomery County Police,Property Damage Crash,10/28/2018 12:15:00 PM,Maryland (State),EAST WEST HWY,BLAIR MILL RD,,N/A,PEDESTRIAN,SAME DIR REAR END,CLEAR,DRY,DAYLIGHT,NO CONTROLS,NONE DETECTED,NONE DETECTED,1FAF08C5-D8DE-4B64-BF67-200BB8475BB2,PEDESTRIAN,Cross/Enter not at Intersection,NO IMPROPER ACTIONS,ON ROADWAY AT CROSSWALK,No,NO APPARENT INJURY,NONE,38.99169317,-77.03045817,"(38.99169317, -77.03045817)"
MCP137800H6,170513692,Montgomery County Police,Injury Crash,06/14/2017 06:02:00 PM,Maryland (State),GREAT SENECA HWY,SAM EIG HWY,,N/A,BICYCLIST,STRAIGHT MOVEMENT ANGLE,CLEAR,DRY,DAYLIGHT,TRAFFIC SIGNAL,NONE DETECTED,NONE DETECTED,68C640B1-4C11-494F-B762-0D0073A94B4E,BICYCLIST,Cross/Enter at Intersection,NO IMPROPER ACTIONS,ON ROADWAY AT CROSSWALK,No,SUSPECTED MINOR INJURY,MC/BIKE HELMET,39.10989667,-77.211555,"(39.10989667, -77.211555)"
MCP2201000Y,170511222,Montgomery County Police,Injury Crash,06/01/2017 08:14:00 PM,Maryland (State),COLESVILLE RD,SECOND AVE,,N/A,PEDESTRIAN,STRAIGHT MOVEMENT ANGLE,CLEAR,DRY,DARK LIGHTS ON,TRAFFIC SIGNAL,NONE DETECTED,NONE DETECTED,72DE848E-5281-4623-827C-ACA573FED069,PEDESTRIAN,Cross/Enter at Intersection,DART DASH,ON ROADWAY AT CROSSWALK,Yes,POSSIBLE INJURY,NONE,38.99394417,-77.03144968,"(38.99394417, -77.03144968)"
MCP3048008D,220032556,Montgomery County Police,Injury Crash,07/29/2022 07:50:00 AM,,,,"PARKING LOT MEN'S SHELTER 11600 NEBEL STREET ROCKVILLE, MD",,PEDESTRIAN,OTHER,CLOUDY,,DAYLIGHT,N/A,UNKNOWN,N/A,2F4983B3-7CC6-4522-B5DD-912450F8C195,PEDESTRIAN,Standing,NO IMPROPER ACTIONS,OTHER,No,SUSPECTED MINOR INJURY,N/A,39.01023333,-77.11491667,"(39.01023333, -77.11491667)"
MCP1205000X,15007751,Montgomery County Police,Injury Crash,02/16/2015 02:38:00 PM,,,,PARKING LOT OF 7809 WISCONSIN AVENUE.,,PEDESTRIAN,OTHER,SNOW,,DAYLIGHT,NO CONTROLS,NONE DETECTED,NONE DETECTED,E084AFBE-5A57-461E-9EF1-B15BD4F35470,PEDESTRIAN,Other,OTHER,OTHER,,SUSPECTED SERIOUS INJURY,N/A,38.98441833,-77.09423667,"(38.98441833, -77.09423667)"
MCP13660027,15003123,Montgomery County Police,Injury Crash,01/20/2015 06:40:00 AM,County,CENTERWAY RD,GOSHEN RD,,N/A,PEDESTRIAN,SINGLE VEHICLE,CLEAR,UNKNOWN,DARK LIGHTS ON,TRAFFIC SIGNAL,UNKNOWN,NONE DETECTED,C123231A-D5E9-4C34-B677-1D15373709EE,PEDESTRIAN,Cross/Enter at Intersection,NO IMPROPER ACTIONS,AT INTERSECTION MARKED CROSSWALK,,SUSPECTED MINOR INJURY,NONE,39.16943141,-77.19063878,"(39.16943141, -77.19063878)"
MCP2475000Q,15054234,MONTGOMERY,Injury Crash,10/25/2015 08:27:00 PM,County,BRUNETT AVE,UNIVERSITY BLVD W,,N/A,BICYCLIST,STRAIGHT MOVEMENT ANGLE,CLEAR,DRY,DARK LIGHTS ON,STOP SIGN,NONE DETECTED,NONE DETECTED,9D9033FE-832A-48A6-BAF1-D368999FEE9D,BICYCLIST,Walking/Riding against Traffic,WRONG WAY RIDING OR WALKING,ON ROADWAY AT CROSSWALK,Yes,POSSIBLE INJURY,UNKNOWN,39.02295129,-77.01679945,"(39.02295129, -77.01679945)"
MCP0036006Z,170535575,Montgomery County Police,Injury Crash,10/09/2017 07:16:00 AM,County,MIDDLEBROOK RD,CRYSTAL ROCK DR,,N/A,PEDESTRIAN,SINGLE VEHICLE,RAINING,WET,DARK LIGHTS ON,TRAFFIC SIGNAL,NONE DETECTED,NONE DETECTED,00CF1254-F4DF-4E5F-92ED-07F2D8FC2EB7,PEDESTRIAN,Cross/Enter at Intersection,DART DASH,AT INTERSECTION MARKED CROSSWALK,Yes,SUSPECTED SERIOUS INJURY,NONE,39.17685264,-77.26438813,"(39.17685264, -77.26438813)"
DM8499000R,210051181,Takoma Park Police Depart,Injury Crash,12/16/2021 01:32:00 PM,Maryland (State),CARROLL AVE,LINCOLN AVE,,TAKOMA PARK,BICYCLIST,STRAIGHT MOVEMENT ANGLE,CLEAR,DRY,DAYLIGHT,STOP SIGN,NONE DETECTED,NONE DETECTED,DD86E285-E3A1-4E41-BDF0-6ACDBDDB3A09,BICYCLIST,Walking/Riding w/Traffic,NO IMPROPER ACTIONS,N/A,No,SUSPECTED SERIOUS INJURY,MC/BIKE HELMET,38.98162947,-77.00315028,"(38.98162947, -77.00315028)"
MCP23300018,170539513,Montgomery County Police,Injury Crash,10/28/2017 05:12:00 PM,,,,11171 GEORGIA AVE - BUS TURN AROUND,,PEDESTRIAN,OTHER,CLEAR,,DAYLIGHT,NO CONTROLS,NONE DETECTED,NONE DETECTED,2CCF9EAD-D71A-43E6-A5F4-10F248E1CCD9,PEDESTRIAN,Other,OTHER,OTHER,Yes,SUSPECTED SERIOUS INJURY,NONE,39.03757,-77.051335,"(39.03757, -77.051335)"
MCP3042003L,220002612,Montgomery County Police,Injury Crash,01/21/2022 06:50:00 AM,County,HICKERSON DR,GEORGIA AVE,,N/A,PEDESTRIAN,HEAD ON LEFT TURN,CLOUDY,DRY,DAWN,NO CONTROLS,NONE DETECTED,NONE DETECTED,D03A5670-9A99-4C8C-A8A7-BE6B3C262F07,PEDESTRIAN,Cross/Enter at Intersection,NO IMPROPER ACTIONS,ON ROADWAY AT CROSSWALK,No,SUSPECTED MINOR INJURY,NONE,39.04215667,-77.05178,"(39.04215667, -77.05178)"
MCP3230004J,230033597,Montgomery County Police,Injury Crash,07/14/2023 04:50:00 PM,County,ASPEN HILL RD,PARKLAND DR,,N/A,OTHER,OTHER,CLEAR,DRY,DAYLIGHT,TRAFFIC SIGNAL,NONE DETECTED,NONE DETECTED,B7AFD0CB-A221-4B5A-B1AA-F1E09E2D05AD,OTHER,Cross/Enter at Intersection,UNKNOWN,ON ROADWAY NOT AT CROSSWALK,Unknown,SUSPECTED MINOR INJURY,NONE,39.07909683,-77.08717517,"(39.07909683, -77.08717517)"
MCP1453002D,16000517,Montgomery County Police,Injury Crash,01/04/2016 08:19:00 AM,,,,PARKING LOT OF 20910 FREDERICK RD (WALMART),,PEDESTRIAN,SINGLE VEHICLE,CLEAR,,DAYLIGHT,STOP SIGN,NONE DETECTED,NONE DETECTED,4B1C641C-875E-4C59-9B0B-3AD7C4CBB578,PEDESTRIAN,Cross/Enter at Intersection,NO IMPROPER ACTIONS,DRIVEWAY ACCESS MARKED CROSSWALK,No,SUSPECTED MINOR INJURY,NONE,39.197795,-77.25234333,"(39.197795, -77.25234333)"