Report Number,Local Case Number,Agency Name,ACRS Report Type,Crash Date/Time,Route Type,Road Name,Cross-Street Name,Off-Road Description,Municipality,Related Non-Motorist,Collision Type,Weather,Surface Condition,Light,Traffic Control,Driver Substance Abuse,Non-Motorist Substance Abuse,Person ID,Pedestrian Type,Pedestrian Movement,Pedestrian Actions,Pedestrian Location,At Fault,Injury Severity,Safety Equipment,Latitude,Longitude,Location
MCP242500FG,190046147,Montgomery County Police,Injury Crash,09/26/2019 11:34:00 AM,Maryland (State),COLESVILLE RD,SECOND AVE,,N/A,PEDESTRIAN,SINGLE VEHICLE,N/A,DRY,DAYLIGHT,TRAFFIC SIGNAL,NONE DETECTED,NONE DETECTED,3A26A2EE-2B62-488E-8BF2-A6AD83C4A6C9,PEDESTRIAN,Cross/Enter at Intersection,NO IMPROPER ACTIONS,AT INTERSECTION MARKED CROSSWALK,No,SUSPECTED MINOR INJURY,NONE,38.99455167,-77.03069833,"(38.99455167, -77.03069833)"
MCP2686003Y,190060319,Montgomery County Police,Injury Crash,12/14/2019 05:08:00 PM,Maryland (State),GERMANTOWN RD,WISTERIA DR,,N/A,PEDESTRIAN,SINGLE VEHICLE,RAINING,WET,DARK LIGHTS ON,TRAFFIC SIGNAL,NONE DETECTED,NONE DETECTED,2EA3BFC9-EEF2-4453-A0E8-A4DD699484E5,PEDESTRIAN,Cross/Enter at Intersection,NO IMPROPER ACTIONS,ON ROADWAY AT CROSSWALK,No,SUSPECTED MINOR INJURY,NONE,39.17688167,-77.26978167,"(39.17688167, -77.26978167)"
MCP2981003T,210028122,Montgomery County Police,Property Damage Crash,07/20/2021 09:36:00 PM,County,ARCOLA AVE,HOYT ST,,N/A,BICYCLIST,STRAIGHT MOVEMENT ANGLE,CLEAR,DRY,DARK LIGHTS ON,OTHER,NONE DETECTED,NONE DETECTED,84587377-007E-4997-B89B-D5379DD937F1,BICYCLIST,Cross/Enter not at Intersection,NO IMPROPER ACTIONS,ON ROADWAY AT CROSSWALK,No,NO APPARENT INJURY,MC/BIKE HELMET,39.03658667,-77.02696333,"(39.03658667, -77.02696333)"
MCP26230025,15060091,MONTGOMERY,Injury Crash,11/24/2015 02:52:00 PM,County,CEDAR ST,WAYNE AVE,,N/A,BICYCLIST,OTHER,CLEAR,DRY,DAYLIGHT,TRAFFIC SIGNAL,NONE DETECTED,NONE DETECTED,F2AA8D51-0211-4F11-B6BE-9D35C009967A,BICYCLIST,Cross/Enter at Intersection,N/A,ON ROADWAY AT CROSSWALK,No,SUSPECTED MINOR INJURY,MC/BIKE HELMET,38.99713833,-77.02170833,"(38.99713833, -77.02170833)"
MCP30160018,170517188,Montgomery County Police,Injury Crash,07/03/2017 10:13:00 PM,Maryland (State),GREAT SENECA HWY,CLOPPER RD,,N/A,PEDESTRIAN,SINGLE VEHICLE,CLEAR,DRY,DARK LIGHTS ON,TRAFFIC SIGNAL,NONE DETECTED,NONE DETECTED,3262DC3E-59C0-4D01-BA21-E47EC366FDA3,PEDESTRIAN,Cross/Enter at Intersection,NO IMPROPER ACTIONS,AT INTERSECTION MARKED CROSSWALK,No,SUSPECTED SERIOUS INJURY,N/A,39.15955467,-77.27509717,"(39.15955467, -77.27509717)"
MCP2798004Y,220017143,Montgomery County Police,Injury Crash,04/22/2022 03:33:00 PM,,,,PARKING LOT OF 12204 EAGLES NEST DRIVE,,PEDESTRIAN,SINGLE VEHICLE,CLEAR,,DAYLIGHT,NO CONTROLS,UNKNOWN,NONE DETECTED,6ACCC548-8556-412D-B57E-3D5B59144D3A,PEDESTRIAN,Cross/Enter at Intersection,DART DASH,ON ROADWAY NOT AT CROSSWALK,Yes,SUSPECTED MINOR INJURY,NONE,39.16414831,-77.25150531,"(39.16414831, -77.25150531)"
MCP1227001M,220023880,Montgomery County Police,Injury Crash,06/03/2022 09:25:00 PM,County,MONTGOMERY VILLAGE AVE,WALKERS CHOICE RD,,N/A,PEDESTRIAN,SINGLE VEHICLE,CLEAR,DRY,DARK NO LIGHTS,TRAFFIC SIGNAL,NONE DETECTED,UNKNOWN,19CF2B07-9CD8-4EB0-A0E5-9F04F27C3697,PEDESTRIAN,Cross/Enter at Intersection,FAILURE TO OBEY TRAFFIC SIGNS SIGNALS OR OFFICER,ON ROADWAY NOT AT CROSSWALK,Yes,SUSPECTED SERIOUS INJURY,NONE,39.16146231,-77.20207556,"(39.16146231, -77.20207556)"
MCP2966001Q,16013189,MONTGOMERY,Injury Crash,03/17/2016 03:45:00 PM,,,,2921 N LEISURE WORLD BLVD,,PEDESTRIAN,SINGLE VEHICLE,CLEAR,,DAYLIGHT,NO CONTROLS,N/A,NONE DETECTED,59DF52AE-8FED-45DB-86B1-BEF5586E0C95,PEDESTRIAN,Getting off/on Vehicle,OTHER,OTHER,No,SUSPECTED MINOR INJURY,NONE,39.05828333,-77.04810667,"(39.05828333, -77.04810667)"
MCP25080009,15040442,MONTGOMERY,Injury Crash,08/13/2015 07:53:00 PM,County,PINNACLE DR,CENTURY BLVD,,N/A,PEDESTRIAN,SINGLE VEHICLE,CLEAR,DRY,DAWN,NO CONTROLS,NONE DETECTED,NONE DETECTED,B6976A40-914F-4E06-87DB-5500577B0E23,PEDESTRIAN,N/A,NOT VISIBLE,ON ROADWAY NOT AT CROSSWALK,No,SUSPECTED MINOR INJURY,NONE,39.183015,-77.266275,"(39.183015, -77.266275)"
MCP3080000Q,180026986,Montgomery County Police,Injury Crash,06/01/2018 04:43:00 PM,County,AIRCRAFT DR,GERMANTOWN RD,,N/A,PEDESTRIAN,N/A,CLEAR,DRY,DAYLIGHT,N/A,N/A,N/A,48865228-24E8-48DC-B130-70E72AC49FC6,PEDESTRIAN,Unknown,UNKNOWN,ON ROADWAY NOT AT CROSSWALK,No,SUSPECTED MINOR INJURY,N/A,39.18276369,-77.26078391,"(39.18276369, -77.26078391)"
MCP2082000Z,170513136,Montgomery County Police,Injury Crash,06/11/2017 11:59:00 PM,Maryland (State),GEORGIA AVE,ENNALLS AVE,,N/A,PEDESTRIAN,SINGLE VEHICLE,CLEAR,DRY,DARK LIGHTS ON,NO CONTROLS,NONE DETECTED,ALCOHOL CONTRIBUTED,2139C4CD-C7A0-46EE-AF1B-8CEDC1432845,PEDESTRIAN,Cross/Enter not at Intersection,UNKNOWN,ON ROADWAY NOT AT CROSSWALK,Yes,SUSPECTED SERIOUS INJURY,NONE,39.07991333,-77.080315,"(39.07991333, -77.080315)"
MCP2659001H,17010628,Montgomery County Police,Injury Crash,02/28/2017 05:13:00 AM,County,BELVEDERE BLVD,FOREST GROVE DR,,N/A,PEDESTRIAN,OTHER,CLEAR,DRY,DARK LIGHTS ON,NO CONTROLS,ALCOHOL PRESENT,NONE DETECTED,20D0B011-BB19-4AB3-B53D-2735AE7EF83E,PEDESTRIAN,Cross/Enter at Intersection,NO IMPROPER ACTIONS,ON ROADWAY AT CROSSWALK,No,SUSPECTED MINOR INJURY,REFLECTIVE CLOTHING,39.01979,-77.03893833,"(39.01979, -77.03893833)"
MCP29910012,16045765,Montgomery County Police,Injury Crash,09/07/2016 12:06:00 PM,,,,IN SHOPPING CENTER INFRONT OF OLNEY GRILLE RESTAURANT,,PEDESTRIAN,SINGLE VEHICLE,N/A,,DAYLIGHT,NO CONTROLS,NONE DETECTED,NONE DETECTED,A7D14029-D1ED-4DC8-99F5-A696B07B4A9B,PEDESTRIAN,Cross/Enter not at Intersection,NO IMPROPER ACTIONS,OTHER,No,POSSIBLE INJURY,N/A,39.1530121,-77.06876725,"(39.1530121, -77.06876725)"
EJ7852007R,230024916,Gaithersburg Police Depar,Injury Crash,05/24/2023 03:44:00 PM,,,,842 MUDDY BRANCH ROAD - GIANT GROCERY STORE PARKING LOT,,PEDESTRIAN,OTHER,N/A,,DAYLIGHT,NO CONTROLS,NONE DETECTED,NONE DETECTED,1BE017FC-71A8-4A10-B859-7AFB6056117A,PEDESTRIAN,Cross/Enter at Intersection,NO IMPROPER ACTIONS,AT INTERSECTION MARKED CROSSWALK,No,SUSPECTED MINOR INJURY,N/A,39.114845,-77.2166299,"(39.114845, -77.2166299)"
MCP2853001V,16029275,Montgomery County Police,Injury Crash,06/10/2016 03:50:00 PM,County,LANGLEY DR,GLENVILLE RD,,N/A,PEDESTRIAN,SINGLE VEHICLE,CLEAR,DRY,DAYLIGHT,NO CONTROLS,UNKNOWN,N/A,CDCBC5E3-F7A9-49AA-917D-8BD1DDECCC99,PEDESTRIAN,Walking to/from school,NO IMPROPER ACTIONS,N/A,No,SUSPECTED MINOR INJURY,N/A,39.00149957,-76.99610353,"(39.00149957, -76.99610353)"
MCP2683005X,220023650,Montgomery County Police,Injury Crash,06/02/2022 04:07:00 PM,,,,"PARKING LOT OF 18200 BLK OF LOST KNIFE CIRCLE, GAITHERSBURG, MD 20886",,PEDESTRIAN,OTHER,RAINING,,DAYLIGHT,NO CONTROLS,UNKNOWN,NONE DETECTED,E70C77E2-8571-4CFF-B34A-EACA3E271947,PEDESTRIAN,Other,NO IMPROPER ACTIONS,OTHER,No,SUSPECTED MINOR INJURY,NONE,39.15674245,-77.20225061,"(39.15674245, -77.20225061)"
MCP3312002W,230010987,Montgomery County Police,Injury Crash,03/06/2023 10:48:00 AM,,,,12028 CHERRY HILL RD PARKING LOT,,PEDESTRIAN,OTHER,CLEAR,,DAYLIGHT,NO CONTROLS,"NONE DETECTED, UNKNOWN",NONE DETECTED,8E60D51E-AE56-4BB4-930E-099A9ED25F77,PEDESTRIAN,Standing,NO IMPROPER ACTIONS,OTHER,No,POSSIBLE INJURY,NONE,39.05456667,-76.95594333,"(39.05456667, -76.95594333)"
MCP3192002F,210042406,Montgomery County Police,Injury Crash,10/21/2021 09:09:00 PM,,,,IN PARKING LOT OF 2102 RANDOLPH RD,,PEDESTRIAN,SINGLE VEHICLE,CLEAR,,DARK LIGHTS ON,NO CONTROLS,UNKNOWN,NONE DETECTED,F7A14958-D0DB-4DDE-B352-AA2472488F2C,PEDESTRIAN,Other,NO IMPROPER ACTIONS,OTHER,No,POSSIBLE INJURY,NONE,39.05974367,-77.04569667,"(39.05974367, -77.04569667)"
MCP1202003F,180039760,Montgomery County Police,Injury Crash,08/10/2018 12:28:00 PM,Maryland (State),BRADLEY LA,WISCONSIN AVE,,N/A,BICYCLIST,SAME DIRECTION SIDESWIPE,CLEAR,DRY,DAYLIGHT,NO CONTROLS,UNKNOWN,NONE DETECTED,F5BF5B4A-D9DD-470A-B492-DAA08152B257,BICYCLIST,Walking/Riding w/Traffic,NO IMPROPER ACTIONS,IN BIKEWAY,No,SUSPECTED SERIOUS INJURY,MC/BIKE HELMET,38.97709667,-77.08568667,"(38.97709667, -77.08568667)"
MCP2969001P,16011970,MONTGOMERY,Injury Crash,03/10/2016 06:46:00 PM,,,,"4701 SANGAMORE RD, CVS PARKING LOT",,PEDESTRIAN,OTHER,CLEAR,,DARK LIGHTS ON,NO CONTROLS,NONE DETECTED,NONE DETECTED,259D9CC1-9FF8-4388-AD58-5AAD6821F29D,PEDESTRIAN,Cross/Enter at Intersection,NO IMPROPER ACTIONS,OTHER,No,SUSPECTED MINOR INJURY,NONE,38.94955543,-77.11827278,"(38.94955543, -77.11827278)"
MCP1213007Y,230032407,Montgomery County Police,Injury Crash,07/07/2023 04:45:00 PM,County,CRYSTAL LA,MIDDLEVALE LA,,N/A,PEDESTRIAN,STRAIGHT MOVEMENT ANGLE,CLEAR,DRY,DAYLIGHT,STOP SIGN,NONE DETECTED,NONE DETECTED,EF18707F-CBCB-4F53-AC95-8A230B58A91C,PEDESTRIAN,Cross/Enter at Intersection,NO IMPROPER ACTIONS,AT INTERSECTION BUT NO CROSSWALK,No,SUSPECTED MINOR INJURY,NONE,39.07833333,-77.040145,"(39.07833333, -77.040145)"
MCP1121003L,180003360,Montgomery County Police,Injury Crash,01/20/2018 07:25:00 PM,Maryland (State),MUNCASTER MILL RD,REDLAND RD,,N/A,PEDESTRIAN,SINGLE VEHICLE,CLEAR,DRY,DARK LIGHTS ON,TRAFFIC SIGNAL,NONE DETECTED,NONE DETECTED,022045FD-765B-488E-B0B8-20ADAE64215B,PEDESTRIAN,Cross/Enter at Intersection,DART DASH,AT INTERSECTION MARKED CROSSWALK,Yes,POSSIBLE INJURY,NONE,39.14544,-77.14410167,"(39.14544, -77.14410167)"
MCP2791001D,15034093,MONTGOMERY,Property Damage Crash,07/10/2015 08:43:00 PM,County,FENTON ST,SLIGO AVE,,N/A,PEDESTRIAN,SINGLE VEHICLE,N/A,DRY,DARK LIGHTS ON,TRAFFIC SIGNAL,NONE DETECTED,N/A,88181B3E-A081-4E21-B250-C0E0B94DDD29,PEDESTRIAN,Cross/Enter at Intersection,N/A,AT INTERSECTION MARKED CROSSWALK,No,NO APPARENT INJURY,NONE,38.99015314,-77.02397704,"(38.99015314, -77.02397704)"
MCP1064003V,16004749,Montgomery County Police,Injury Crash,01/29/2016 02:19:00 PM,US (State),COLESVILLE RD,GEORGIA AVE,,N/A,BICYCLIST,N/A,CLEAR,DRY,DAYLIGHT,TRAFFIC SIGNAL,N/A,N/A,2271B81B-E7C1-41E8-85C4-5EB5C1087F58,BICYCLIST,Cross/Enter at Intersection,FAILURE TO OBEY TRAFFIC SIGNS SIGNALS OR OFFICER,AT INTERSECTION MARKED CROSSWALK,Yes,SUSPECTED MINOR INJURY,NONE,38.99617833,-77.02912667,"(38.99617833, -77.02912667)"
MCP2504005Z,200040526,Montgomery County Police,Injury Crash,10/14/2020 04:32:00 PM,County,TRAVILAH RD,PINEY MEETINGHOUSE RD,,N/A,BICYCLIST,STRAIGHT MOVEMENT ANGLE,CLEAR,DRY,DAYLIGHT,STOP SIGN,NONE DETECTED,NONE DETECTED,D35CA7D4-9F0A-4FF7-B772-FDAA998D5BC1,BICYCLIST,Walking/Riding w/Traffic,NO IMPROPER ACTIONS,ON ROADWAY NOT AT CROSSWALK,No,SUSPECTED SERIOUS INJURY,MC/BIKE HELMET,39.08632667,-77.21847833,"(39.08632667, -77.21847833)"
MCP30190045,210045939,Montgomery County Police,Injury Crash,11/12/2021 05:15:00 PM,,GRAND PARK AVENUE,PERSEI PLACE,,N/A,PEDESTRIAN,OTHER,CLEAR,DRY,DARK LIGHTS ON,STOP SIGN,N/A,N/A,0A51C1A7-2D28-49A4-8D4F-072C1C11B6B1,PEDESTRIAN,N/A,NO IMPROPER ACTIONS,ON ROADWAY AT CROSSWALK,No,POSSIBLE INJURY,NONE,39.050075,-77.117335,"(39.050075, -77.117335)"
MCP2356001S,210012483,Montgomery County Police,Injury Crash,04/03/2021 07:00:00 PM,Municipality,MARYLAND AVE,E MIDDLE LA,,ROCKVILLE,PEDESTRIAN,STRAIGHT MOVEMENT ANGLE,CLEAR,DRY,DUSK,N/A,N/A,N/A,D9063536-EC95-4F2F-94B8-D842488D2029,PEDESTRIAN,Cross/Enter not at Intersection,DART DASH,ON ROADWAY NOT AT CROSSWALK,Yes,POSSIBLE INJURY,N/A,39.08623688,-77.15101352,"(39.08623688, -77.15101352)"
DD56040013,15021865,Rockville Police Departme,Injury Crash,05/08/2015 02:48:00 AM,Municipality,FREDERICK AVE,N STONESTREET AVE,,ROCKVILLE,PEDESTRIAN,OTHER,CLEAR,DRY,DARK NO LIGHTS,NO CONTROLS,UNKNOWN,ALCOHOL PRESENT,881FD5F7-5A77-4D6E-B088-6C5F7BAAD2BD,PEDESTRIAN,Standing,IN ROADWAY IMPROPERLY,ON ROADWAY NOT AT CROSSWALK,,SUSPECTED MINOR INJURY,NONE,39.09468833,-77.14998667,"(39.09468833, -77.14998667)"
MCP2679003F,210045140,Montgomery County Police,Injury Crash,11/07/2021 10:40:00 PM,County,RANDOLPH RD,GEORGIA AVE,,N/A,PEDESTRIAN,OTHER,CLEAR,DRY,DARK LIGHTS ON,TRAFFIC SIGNAL,NONE DETECTED,NONE DETECTED,DA767146-3435-4035-9125-C44A88F51F52,PEDESTRIAN,Cross/Enter at Intersection,NO IMPROPER ACTIONS,ON ROADWAY AT CROSSWALK,No,POSSIBLE INJURY,NONE,39.058255,-77.04799833,"(39.058255, -77.04799833)"
HA24750003,20000308,Maryland-National Capital,Injury Crash,01/24/2020 02:30:00 PM,Municipality,DORSET AVE,LITTLE FALLS PKWY,,N/A,BICYCLIST,SAME DIR REND LEFT TURN,N/A,DRY,DAYLIGHT,TRAFFIC SIGNAL,UNKNOWN,N/A,465E831D-70E4-40CB-9833-3ABA4207C975,BICYCLIST,Walking/Riding w/Traffic,NO IMPROPER ACTIONS,AT INTERSECTION BUT NO CROSSWALK,No,SUSPECTED MINOR INJURY,MC/BIKE HELMET,38.96878235,-77.10061474,"(38.96878235, -77.10061474)"
MCP2708008D,230050302,Montgomery County Police,Property Damage Crash,08/19/2023 09:54:00 PM,Maryland (State),UNIVERSITY BLVD E,ENT TO BUSINESS,,N/A,PEDESTRIAN,STRAIGHT MOVEMENT ANGLE,CLEAR,DRY,DARK LIGHTS ON,NO CONTROLS,UNKNOWN,NONE DETECTED,D56C33CE-9EB8-40CB-AB16-500407C45F2F,PEDESTRIAN,Other,NO IMPROPER ACTIONS,SIDEWALK,No,NO APPARENT INJURY,N/A,39.00002827,-76.99580421,"(39.00002827, -76.99580421)"
EJ7809000W,17007620,Gaithersburg Police Depar,Injury Crash,02/12/2017 03:34:00 AM,,,,"117 E. DIAMOND AVE. GAITHERSBURG, MD. 20877 (CANCUN RESTAURANT / REAR PARKING LOT)",,PEDESTRIAN,SINGLE VEHICLE,CLEAR,,DARK LIGHTS ON,NO CONTROLS,ALCOHOL CONTRIBUTED,ALCOHOL PRESENT,238B93E8-B145-4560-8329-BA6A820EA1F8,PEDESTRIAN,Unknown,N/A,OTHER,No,SUSPECTED MINOR INJURY,N/A,39.14187307,-77.19475061,"(39.14187307, -77.19475061)"
MCP26940012,15002209,Montgomery County Police,Injury Crash,01/14/2015 04:16:00 PM,,,,Parking lot 5809 Nicholson Ln T1 level,,PEDESTRIAN,OTHER,N/A,,DARK LIGHTS ON,NO CONTROLS,NONE DETECTED,NONE DETECTED,2499251E-C8B1-4814-A64E-BF2233274D56,PEDESTRIAN,Other,NO IMPROPER ACTIONS,OTHER,,POSSIBLE INJURY,NONE,39.05546833,-77.09720167,"(39.05546833, -77.09720167)"
MCP3124005N,220022996,Montgomery County Police,Injury Crash,05/29/2022 03:34:00 PM,,,,"12015 GEORGIA AVE. SILVER SPRING, MD 20902",,PEDESTRIAN,OTHER,CLOUDY,,DAYLIGHT,N/A,NONE DETECTED,NONE DETECTED,84B6C073-42CA-4C5F-8380-19A4F7950E67,PEDESTRIAN,Other,N/A,OTHER,Unknown,SUSPECTED MINOR INJURY,N/A,39.05267,-77.05011667,"(39.05267, -77.05011667)"
MCP2627000M,15045966,MONTGOMERY,Injury Crash,09/11/2015 03:31:00 PM,Maryland (State),WISCONSIN AVE,ENT TO SHOPPING CENTER,,N/A,PEDESTRIAN,SINGLE VEHICLE,CLEAR,DRY,DAYLIGHT,NO CONTROLS,NONE DETECTED,NONE DETECTED,0AF6DE51-2D17-4209-B2E3-B12C13EEA976,PEDESTRIAN,Cross/Enter at Intersection,NO IMPROPER ACTIONS,DRIVEWAY ACCESS MARKED CROSSWALK,No,POSSIBLE INJURY,NONE,38.96293667,-77.08654,"(38.96293667, -77.08654)"
DM8386001H,210034743,Takoma Park Police Depart,Injury Crash,09/04/2021 06:30:00 PM,Municipality,HOLTON LA,NEW HAMPSHIRE AVE,,N/A,MACHINE OPERATOR/RIDER,SAME DIRECTION RIGHT TURN,CLEAR,DRY,DAYLIGHT,TRAFFIC SIGNAL,NONE DETECTED,NONE DETECTED,B2C6EA83-8EB7-44BF-96D2-C7EB206F9ADC,MACHINE OPERATOR/RIDER,Cross/Enter at Intersection,NO IMPROPER ACTIONS,ON ROADWAY AT CROSSWALK,No,SUSPECTED MINOR INJURY,N/A,38.98152167,-77.01008,"(38.98152167, -77.01008)"
DD55220056,220020909,Rockville Police Departme,Injury Crash,05/15/2022 10:28:00 AM,Municipality,W EDMONSTON DR,ROCKVILLE PIKE,,N/A,PEDESTRIAN,OTHER,UNKNOWN,UNKNOWN,DAYLIGHT,STOP SIGN,UNKNOWN,N/A,1ABB89A9-DEF8-489A-82E7-29037BA04666,PEDESTRIAN,Cross/Enter at Intersection,UNKNOWN,AT INTERSECTION MARKED CROSSWALK,Unknown,SUSPECTED MINOR INJURY,N/A,39.07372622,-77.13698762,"(39.07372622, -77.13698762)"
MCP2853007B,200009971,Montgomery County Police,Injury Crash,02/28/2020 06:10:00 PM,County,ELTON RD,NEW HAMPSHIRE AVE,,N/A,PEDESTRIAN,OTHER,CLEAR,DRY,DARK LIGHTS ON,TRAFFIC SIGNAL,N/A,N/A,F058DD44-9F12-4874-AF8A-AA6A57B36DEF,PEDESTRIAN,Cross/Enter at Intersection,NO IMPROPER ACTIONS,AT INTERSECTION MARKED CROSSWALK,No,SUSPECTED MINOR INJURY,N/A,39.021095,-76.976515,"(39.021095, -76.976515)"
MCP2931006H,230007561,Montgomery County Police,Injury Crash,02/14/2023 05:33:00 PM,Maryland (State),ROCKVILLE PIKE,ENT TO BEST BUY,,N/A,OTHER CONVEYANCE,STRAIGHT MOVEMENT ANGLE,CLEAR,DRY,DAYLIGHT,TRAFFIC SIGNAL,NONE DETECTED,NONE DETECTED,40337CC4-9C8C-428D-A96E-315E3D407378,OTHER CONVEYANCE,Cross/Enter at Intersection,NO IMPROPER ACTIONS,AT INTERSECTION MARKED CROSSWALK,No,SUSPECTED MINOR INJURY,NONE,39.06965167,-77.13047,"(39.06965167, -77.13047)"
MCP2765003D,16064031,Montgomery County Police,Injury Crash,12/13/2016 06:25:00 PM,County,TUCKERMAN LA,SEVEN LOCKS RD,,N/A,PEDESTRIAN,SINGLE VEHICLE,CLEAR,DRY,DARK LIGHTS ON,TRAFFIC SIGNAL,UNKNOWN,NONE DETECTED,E5E20597-47E9-4849-B55B-590E485A49C6,PEDESTRIAN,Cross/Enter at Intersection,NO IMPROPER ACTIONS,ON ROADWAY AT CROSSWALK,No,POSSIBLE INJURY,NONE,39.04066963,-77.15906382,"(39.04066963, -77.15906382)"
MCP20010015,190053398,Montgomery County Police,Fatal Crash,11/06/2019 07:27:00 AM,Municipality,MCAULIFFE DR,LINTHICUM ST,,ROCKVILLE,PEDESTRIAN,SINGLE VEHICLE,CLEAR,DRY,DAYLIGHT,NO CONTROLS,NONE DETECTED,NONE DETECTED,3BDF0544-8063-4831-8DAC-6E1807B94326,PEDESTRIAN,Cross/Enter not at Intersection,UNKNOWN,OUTSIDE RIGHT OF WAY,Yes,FATAL INJURY,NONE,39.07656774,-77.11651066,"(39.07656774, -77.11651066)"
EJ7839001S,16057167,Gaithersburg Police Depar,Property Damage Crash,11/05/2016 10:40:00 PM,Municipality,W DEER PARK RD,BUTTRY RD,,GAITHERSBURG,BICYCLIST,OTHER,N/A,DRY,DARK LIGHTS ON,STOP SIGN,NONE DETECTED,NONE DETECTED,257CB38D-45F6-421A-B543-7C46D56522C0,BICYCLIST,Cross/Enter at Intersection,UNKNOWN,UNKNOWN,Unknown,NO APPARENT INJURY,NONE,39.13404333,-77.20415333,"(39.13404333, -77.20415333)"
MCP1119009G,210049041,Montgomery County Police,Injury Crash,12/03/2021 08:18:00 AM,Maryland (State),GEORGIA AVE,CONNECTICUT AVE,,N/A,PEDESTRIAN,OTHER,CLEAR,N/A,DAYLIGHT,TRAFFIC SIGNAL,NONE DETECTED,NONE DETECTED,81F0566A-1B87-4FBF-9475-7295ACB734F6,PEDESTRIAN,Cross/Enter at Intersection,NO IMPROPER ACTIONS,AT INTERSECTION MARKED CROSSWALK,No,SUSPECTED MINOR INJURY,N/A,39.08398667,-77.07765833,"(39.08398667, -77.07765833)"
MCP2351001G,170534931,Montgomery County Police,Injury Crash,10/05/2017 02:38:00 PM,County,PARKLAWN DR,RANDOLPH RD,,N/A,PEDESTRIAN,OTHER,CLEAR,DRY,DAYLIGHT,TRAFFIC SIGNAL,NONE DETECTED,NONE DETECTED,79B4B7F6-31A5-4A30-8558-B0CD619180FA,PEDESTRIAN,Cross/Enter at Intersection,UNKNOWN,AT INTERSECTION MARKED CROSSWALK,Unknown,POSSIBLE INJURY,N/A,39.06397,-77.117405,"(39.06397, -77.117405)"
DD5604002L,190005952,Rockville Police Departme,Injury Crash,02/06/2019 06:04:00 PM,Municipality,NELSON ST,AZALEA DR,,ROCKVILLE,PEDESTRIAN,OTHER,RAINING,WET,DARK LIGHTS ON,N/A,NONE DETECTED,NONE DETECTED,438C3BD0-BFB4-4EBE-B66B-C061872ED31A,PEDESTRIAN,N/A,DART DASH,ON ROADWAY AT CROSSWALK,No,SUSPECTED MINOR INJURY,N/A,39.09211,-77.17369,"(39.09211, -77.17369)"
MCP1378012F,220045928,Montgomery County Police,Injury Crash,10/19/2022 04:52:00 PM,County,SANGAMORE RD,WALHONDING RD,,N/A,PEDESTRIAN,STRAIGHT MOVEMENT ANGLE,CLEAR,DRY,DAYLIGHT,STOP SIGN,NONE DETECTED,NONE DETECTED,961F1D28-92D8-4D20-81E8-C9312DB122A4,PEDESTRIAN,Walking/Cycling on Sidewalk,NO IMPROPER ACTIONS,SIDEWALK,No,SUSPECTED MINOR INJURY,NONE,38.962698,-77.12132582,"(38.962698, -77.12132582)"
MCP2689002T,17009131,Montgomery County Police,Injury Crash,02/20/2017 07:47:00 AM,County,TWINBROOK PKWY,PARKLAWN DR,,N/A,PEDESTRIAN,SINGLE VEHICLE,CLEAR,DRY,DAYLIGHT,TRAFFIC SIGNAL,NONE DETECTED,NONE DETECTED,164A863C-A1FB-4CD9-A5B9-F4D54B17273A,PEDESTRIAN,Cross/Enter at Intersection,NO IMPROPER ACTIONS,AT INTERSECTION MARKED CROSSWALK,No,SUSPECTED MINOR INJURY,REFLECTIVE CLOTHING,39.06148051,-77.11623296,"(39.06148051, -77.11623296)"
MCP271700K4,180041691,Montgomery County Police,Injury Crash,08/21/2018 09:40:00 PM,County,SOUTHAMPTON DR,BEACON RD,,N/A,PEDESTRIAN,OTHER,CLEAR,WET,DARK LIGHTS ON,NO CONTROLS,UNKNOWN,NONE DETECTED,E4A9914F-97A3-40A2-A110-516C9E1071FF,PEDESTRIAN,Cross/Enter not at Intersection,IN ROADWAY IMPROPERLY,ON ROADWAY NOT AT CROSSWALK,No,SUSPECTED MINOR INJURY,NONE,39.00533483,-76.98210633,"(39.00533483, -76.98210633)"
DM8403000R,220029453,Takoma Park Police Depart,Injury Crash,07/09/2022 10:07:00 AM,Maryland (State),NEW HAMPSHIRE AVE,LARCH AVE,,TAKOMA PARK,PEDESTRIAN,SINGLE VEHICLE,CLEAR,DRY,DAYLIGHT,NO CONTROLS,NONE DETECTED,UNKNOWN,B044C418-B2BD-47D9-96A2-B4651AEFCDBB,PEDESTRIAN,Cross/Enter not at Intersection,IN ROADWAY IMPROPERLY,OTHER,Yes,SUSPECTED SERIOUS INJURY,N/A,38.99192361,-76.99186574,"(38.99192361, -76.99186574)"
MCP3228001Y,210023945,Montgomery County Police,Injury Crash,06/22/2021 08:19:00 PM,Maryland (State),GEORGIA AVE,COLESVILLE RD,,N/A,OTHER CONVEYANCE,OTHER,CLEAR,DRY,DAYLIGHT,NO CONTROLS,UNKNOWN,NONE DETECTED,AAF5CCFB-A067-4D9F-B0C8-CD1B7BA29E7C,OTHER CONVEYANCE,Walking/Riding w/Traffic,IN ROADWAY IMPROPERLY,ON ROADWAY NOT AT CROSSWALK,Yes,SUSPECTED SERIOUS INJURY,MC/BIKE HELMET,38.99627009,-77.02857405,"(38.99627009, -77.02857405)"
MCP137800LQ,180030475,Montgomery County Police,Injury Crash,06/20/2018 02:49:00 PM,,,,PARKING LOT OF 22 N SUMMIT AVE,,PEDESTRIAN,OTHER,CLOUDY,,DAYLIGHT,N/A,NONE DETECTED,NONE DETECTED,67C91EE9-4A5C-4663-97A8-1F1B1B78789A,PEDESTRIAN,Other,OTHER,OTHER,No,SUSPECTED SERIOUS INJURY,N/A,39.14301721,-77.19334379,"(39.14301721, -77.19334379)"
MCP28640014,15025726,Montgomery County Police,Injury Crash,05/28/2015 03:22:00 PM,Maryland (State),DARNESTOWN RD,AMBIANCE DR,,N/A,PEDESTRIAN,STRAIGHT MOVEMENT ANGLE,CLEAR,DRY,DAYLIGHT,NO CONTROLS,NONE DETECTED,NONE DETECTED,AF976D7B-A431-49EE-9341-52A3C596461A,PEDESTRIAN,Cross/Enter at Intersection,DART DASH,ON ROADWAY NOT AT CROSSWALK,,SUSPECTED MINOR INJURY,N/A,39.11341833,-77.24281833,"(39.11341833, -77.24281833)"