Report Number,Local Case Number,Agency Name,ACRS Report Type,Crash Date/Time,Route Type,Road Name,Cross-Street Name,Off-Road Description,Municipality,Related Non-Motorist,Collision Type,Weather,Surface Condition,Light,Traffic Control,Driver Substance Abuse,Non-Motorist Substance Abuse,Person ID,Pedestrian Type,Pedestrian Movement,Pedestrian Actions,Pedestrian Location,At Fault,Injury Severity,Safety Equipment,Latitude,Longitude,Location
MCP2192003M,200034762,Montgomery County Police,Injury Crash,09/05/2020 06:15:00 AM,Maryland (State),GEORGIA AVE,OLNEY SANDY SPRING RD,,N/A,PEDESTRIAN,OTHER,N/A,DRY,DARK LIGHTS ON,N/A,UNKNOWN,N/A,494C65FD-7CA3-4707-AC14-84795D07DAEA,PEDESTRIAN,Cross/Enter not at Intersection,NO IMPROPER ACTIONS,ON ROADWAY NOT AT CROSSWALK,No,SUSPECTED MINOR INJURY,N/A,39.1536124,-77.06752065,"(39.1536124, -77.06752065)"
MCP2966005K,200004681,Montgomery County Police,Injury Crash,01/28/2020 06:00:00 PM,County,WISTERIA DR,WARING STATION RD,,N/A,PEDESTRIAN,OTHER,CLEAR,N/A,DUSK,NO CONTROLS,NONE DETECTED,N/A,A3624EFC-6250-4153-AE04-1AB871F971BC,PEDESTRIAN,Standing,INATTENTIVE,CURB,Unknown,POSSIBLE INJURY,NONE,39.16219554,-77.2508941,"(39.16219554, -77.2508941)"
MCP2766004Z,190036594,Montgomery County Police,Injury Crash,07/31/2019 09:35:00 AM,,,,PARKING LOT OF 3323 BEAVERWOOD LA,,PEDESTRIAN,SINGLE VEHICLE,CLEAR,,DARK NO LIGHTS,N/A,NONE DETECTED,NONE DETECTED,192C8072-CB2B-47D7-9005-426D860CD9CF,PEDESTRIAN,Other,NOT VISIBLE,OTHER,Yes,POSSIBLE INJURY,NONE,39.08741388,-77.06588645,"(39.08741388, -77.06588645)"
MCP12210020,16007046,Montgomery County Police,Injury Crash,02/11/2016 07:52:00 AM,County,N SUMMIT AVE,PARK AVE,,GAITHERSBURG,PEDESTRIAN,SINGLE VEHICLE,CLEAR,DRY,DAYLIGHT,STOP SIGN,NONE DETECTED,NONE DETECTED,5D37368C-7A52-4AB4-8D4C-C494A08BC557,PEDESTRIAN,Cross/Enter at Intersection,NO IMPROPER ACTIONS,ON ROADWAY AT CROSSWALK,No,SUSPECTED MINOR INJURY,NONE,39.14581167,-77.192245,"(39.14581167, -77.192245)"
MCP1233004X,220049708,Montgomery County Police,Injury Crash,11/10/2022 05:04:00 PM,County,JONES MILL RD,WOODHOLLOW DR,,N/A,BICYCLIST,SAME DIRECTION LEFT TURN,CLOUDY,DRY,DARK NO LIGHTS,NO CONTROLS,NONE DETECTED,NONE DETECTED,DC76EE71-165D-48E1-A4E3-AE76958BE667,BICYCLIST,Other,IMPROPER PASSING,ON ROADWAY NOT AT CROSSWALK,Yes,SUSPECTED MINOR INJURY,MC/BIKE HELMET,39.00559333,-77.06322833,"(39.00559333, -77.06322833)"
MCP26100011,170546586,Montgomery County Police,Injury Crash,12/04/2017 05:59:00 AM,Maryland (State),KEY WEST AVE,ENT TO BUSINESS,,N/A,PEDESTRIAN,OTHER,CLEAR,DRY,DARK NO LIGHTS,STOP SIGN,NONE DETECTED,NONE DETECTED,619E1A47-3350-4175-8604-1F7CA9B056D1,PEDESTRIAN,Cross/Enter at Intersection,FAILURE TO YIELD RIGHT OF WAY,AT INTERSECTION BUT NO CROSSWALK,Yes,POSSIBLE INJURY,N/A,39.10569,-77.19907833,"(39.10569, -77.19907833)"
MCP30380053,210020082,Montgomery County Police,Injury Crash,05/27/2021 03:23:00 PM,County,FENTON ST,WAYNE AVE,,N/A,PEDESTRIAN,OTHER,CLEAR,DRY,DAYLIGHT,TRAFFIC SIGNAL,N/A,NONE DETECTED,985C0FA5-9AC3-4F4D-99CC-A530FA31CD23,PEDESTRIAN,Cross/Enter at Intersection,NO IMPROPER ACTIONS,ON ROADWAY AT CROSSWALK,No,SUSPECTED MINOR INJURY,N/A,38.99552664,-77.02445613,"(38.99552664, -77.02445613)"
DD5603004L,170532638,Rockville Police Departme,Injury Crash,09/23/2017 10:45:00 AM,Municipality,WOOTTON PKWY,FALLS RD,,N/A,PEDESTRIAN,OTHER,CLEAR,DRY,DAYLIGHT,TRAFFIC SIGNAL,NONE DETECTED,NONE DETECTED,DCA187D2-6CD0-4C67-96B1-1BC56FF2984A,PEDESTRIAN,Cross/Enter at Intersection,NO IMPROPER ACTIONS,ON ROADWAY AT CROSSWALK,No,SUSPECTED MINOR INJURY,REFLECTIVE CLOTHING,39.06992673,-77.169967,"(39.06992673, -77.169967)"
MCP2556004N,230007596,Montgomery County Police,Injury Crash,02/14/2023 08:36:00 PM,Municipality,S SUMMIT AVE,E DIAMOND AVE,,GAITHERSBURG,PEDESTRIAN,STRAIGHT MOVEMENT ANGLE,CLEAR,DRY,DARK LIGHTS ON,TRAFFIC SIGNAL,NONE DETECTED,ALCOHOL PRESENT,3B2C0893-73D3-4720-8D03-4EF3C47C41A0,PEDESTRIAN,Cross/Enter at Intersection,FAILURE TO OBEY TRAFFIC SIGNS SIGNALS OR OFFICER,AT INTERSECTION BUT NO CROSSWALK,Yes,POSSIBLE INJURY,N/A,39.14194667,-77.19340167,"(39.14194667, -77.19340167)"
MCP3112002Z,190039192,Montgomery County Police,Injury Crash,08/16/2019 05:54:00 PM,Maryland (State),WISCONSIN AVE,MIDDLETON LA,,N/A,PEDESTRIAN,OTHER,N/A,DRY,DAYLIGHT,NO CONTROLS,NONE DETECTED,NONE DETECTED,FA7EDD0F-F3B0-40A1-B656-2E6B78FD6463,PEDESTRIAN,Cross/Enter at Intersection,NO IMPROPER ACTIONS,ON ROADWAY AT CROSSWALK,No,SUSPECTED SERIOUS INJURY,N/A,38.98683767,-77.09462283,"(38.98683767, -77.09462283)"
MCP2843000G,15055270,MONTGOMERY,Injury Crash,10/30/2015 07:43:00 PM,Municipality,GIRARD ST,VICTORY FARM DR,,GAITHERSBURG,BICYCLIST,STRAIGHT MOVEMENT ANGLE,CLEAR,DRY,DARK LIGHTS ON,NO CONTROLS,NONE DETECTED,NONE DETECTED,D61892CA-144D-452B-AA3F-4D42E184157C,BICYCLIST,Cross/Enter at Intersection,FAILURE TO YIELD RIGHT OF WAY,AT INTERSECTION MARKED CROSSWALK,Yes,POSSIBLE INJURY,NONE,39.14664092,-77.18492568,"(39.14664092, -77.18492568)"
MCP137800SJ,190048178,Montgomery County Police,Injury Crash,10/07/2019 06:51:00 PM,County,SNOUFFERS SCHOOL RD,WOODFIELD RD,,N/A,PEDESTRIAN,SINGLE VEHICLE,CLOUDY,DRY,DARK LIGHTS ON,WARNING SIGN,NONE DETECTED,ALCOHOL PRESENT,A571EEEA-6D0C-4E05-9971-F9CCFE06EE58,PEDESTRIAN,Cross/Enter not at Intersection,DART DASH,ISLAND,Yes,SUSPECTED SERIOUS INJURY,NONE,39.16084,-77.16312333,"(39.16084, -77.16312333)"
MCP2588002W,170519407,Montgomery County Police,Property Damage Crash,07/16/2017 01:15:00 PM,County,RUSSETT RD,BAUER DR,,N/A,BICYCLIST,OTHER,CLEAR,DRY,DAYLIGHT,STOP SIGN,NONE DETECTED,NONE DETECTED,CF5AF66F-5316-442F-994E-4ECF7BBD4596,BICYCLIST,Cross/Enter at Intersection,FAILURE TO YIELD RIGHT OF WAY,ON ROADWAY AT CROSSWALK,Yes,NO APPARENT INJURY,NONE,39.05841167,-77.04803833,"(39.05841167, -77.04803833)"
MCP30000014,16043707,Montgomery County Police,Injury Crash,08/27/2016 05:28:00 PM,,,,"PARKING LOT OF 19700 N FREDERICK ROAD, GERMANTOWN, MARYLAND 20874",,BICYCLIST,STRAIGHT MOVEMENT ANGLE,CLEAR,,DAYLIGHT,STOP SIGN,NONE DETECTED,NONE DETECTED,8E0FD06A-8F3F-4138-A101-4B97936C719D,BICYCLIST,Cross/Enter at Intersection,INATTENTIVE,ON ROADWAY AT CROSSWALK,Yes,SUSPECTED SERIOUS INJURY,NONE,39.17861167,-77.23893167,"(39.17861167, -77.23893167)"
MCP9419003X,220049126,Montgomery County Police,Injury Crash,11/07/2022 02:36:00 PM,Maryland (State),HUNGERFORD DR,FREDERICK AVE #2,,ROCKVILLE,PEDESTRIAN,OTHER,CLEAR,DRY,DAYLIGHT,TRAFFIC SIGNAL,NONE DETECTED,NONE DETECTED,C26F947A-D243-45DC-9536-5F5267044ED4,PEDESTRIAN,Cross/Enter at Intersection,NO IMPROPER ACTIONS,ON ROADWAY AT CROSSWALK,No,SUSPECTED MINOR INJURY,NONE,39.09434167,-77.15334167,"(39.09434167, -77.15334167)"
DD56120035,220053012,Rockville Police Departme,Injury Crash,12/01/2022 12:13:00 PM,Maryland (State),E JEFFERSON ST,MARYLAND AVE,,ROCKVILLE,PEDESTRIAN,SINGLE VEHICLE,CLEAR,DRY,DAYLIGHT,TRAFFIC SIGNAL,NONE DETECTED,NONE DETECTED,203FE24F-E86C-4F1F-99F1-CE6C2F4AB793,PEDESTRIAN,Cross/Enter at Intersection,NO IMPROPER ACTIONS,ON ROADWAY AT CROSSWALK,No,POSSIBLE INJURY,NONE,39.08273505,-77.15121389,"(39.08273505, -77.15121389)"
MCP1174004J,200031668,Montgomery County Police,Injury Crash,08/14/2020 11:11:00 AM,,,,PARKING LOT OF 2015 EAST WEST HWY.,,PEDESTRIAN,SINGLE VEHICLE,CLEAR,,DAYLIGHT,N/A,,NONE DETECTED,8519E1A8-E780-47C0-9B49-C03CC83E73B5,PEDESTRIAN,Getting off/on Vehicle,ENTERING EXITING PARKED STANDING VEHICLE,OTHER,Yes,SUSPECTED MINOR INJURY,N/A,38.99509287,-77.04511842,"(38.99509287, -77.04511842)"
MCP3010008K,230049242,Montgomery County Police,Injury Crash,08/13/2023 12:07:00 PM,,,,PARKING LOT OF 4860 BOILING BROOK PKWY,,BICYCLIST,STRAIGHT MOVEMENT ANGLE,CLEAR,,DAYLIGHT,NO CONTROLS,N/A,N/A,19E2FCBE-B374-48A1-8B01-B631EE5765B1,BICYCLIST,Cross/Enter at Intersection,NO IMPROPER ACTIONS,OTHER,No,NO APPARENT INJURY,MC/BIKE HELMET,39.04679333,-77.099845,"(39.04679333, -77.099845)"
MCP0251000T,15061391,MONTGOMERY,Injury Crash,12/01/2015 11:00:00 AM,,,,"parking lot of 951 N. Frederick Rd. Gaithersburg,  Md. 20879",,PEDESTRIAN,SINGLE VEHICLE,UNKNOWN,,DAYLIGHT,N/A,UNKNOWN,UNKNOWN,BD53182E-F203-48A7-8CFA-5DE6D71820BD,PEDESTRIAN,Standing,NO IMPROPER ACTIONS,OTHER,No,POSSIBLE INJURY,NONE,39.155988,-77.215948,"(39.155988, -77.215948)"
MCP3141001J,190052601,Montgomery County Police,Injury Crash,10/31/2019 06:00:00 PM,County,13TH ST,GEORGIA AVE,,N/A,MACHINE OPERATOR/RIDER,STRAIGHT MOVEMENT ANGLE,N/A,DRY,UNKNOWN,NO CONTROLS,UNKNOWN,UNKNOWN,BA4D7D7C-DCDC-48FB-BD09-6CB44DC0A145,MACHINE OPERATOR/RIDER,Other,UNKNOWN,SIDEWALK,Unknown,SUSPECTED MINOR INJURY,NONE,38.98718952,-77.02727766,"(38.98718952, -77.02727766)"
MCP21590017,230052658,Montgomery County Police,Injury Crash,09/01/2023 03:23:00 PM,,,,"P-LOT OF 12988 MIDDLEBROOK RD GERMANTOWN, MD 20874",,PEDESTRIAN,OTHER,CLEAR,,DAYLIGHT,N/A,NONE DETECTED,NONE DETECTED,499BD280-B3F6-4554-9504-D795C3400FC5,PEDESTRIAN,Other,DART DASH,OTHER,Yes,SUSPECTED MINOR INJURY,NONE,39.18098967,-77.2701215,"(39.18098967, -77.2701215)"
MCP2559001R,170501242,Montgomery County Police,Injury Crash,04/09/2017 12:19:00 PM,Maryland (State),WOODFIELD RD,SPUR TO AIRPARK RD,,N/A,BICYCLIST,SAME DIRECTION RIGHT TURN,CLEAR,DRY,DAYLIGHT,TRAFFIC SIGNAL,NONE DETECTED,NONE DETECTED,347F04C6-86DB-48BC-9928-D8264CCD0479,BICYCLIST,Cross/Enter at Intersection,NO IMPROPER ACTIONS,ON ROADWAY AT CROSSWALK,No,SUSPECTED MINOR INJURY,MC/BIKE HELMET,39.16897185,-77.15427339,"(39.16897185, -77.15427339)"
MCP15950005,15011709,Montgomery County Police,Injury Crash,03/14/2015 12:34:00 AM,Maryland (State),GEORGIA AVE,ENNALLS AVE,,N/A,PEDESTRIAN,SINGLE VEHICLE,RAINING,WET,DARK LIGHTS ON,NO CONTROLS,NONE DETECTED,UNKNOWN,15AC7B49-4BA4-4FF6-94B9-9CB234FBB13D,PEDESTRIAN,Cross/Enter not at Intersection,UNKNOWN,ON ROADWAY NOT AT CROSSWALK,,SUSPECTED SERIOUS INJURY,NONE,39.04081129,-77.05160379,"(39.04081129, -77.05160379)"
DM8463000L,180009268,Takoma Park Police Depart,Injury Crash,02/22/2018 03:18:00 PM,,,,"PARKING LOT OF 6300 NEW HAMPSHIRE AVE, TAKOMA PARK, MD 20912",,PEDESTRIAN,SINGLE VEHICLE,RAINING,,DAYLIGHT,N/A,UNKNOWN,N/A,25AC5FF6-7020-4665-B6E0-1589CEBCE5FD,PEDESTRIAN,Standing,OTHER,OTHER,No,SUSPECTED SERIOUS INJURY,N/A,38.96627446,-77.00259447,"(38.96627446, -77.00259447)"
EJ78890025,220014084,Gaithersburg Police Depar,Injury Crash,04/02/2022 06:40:00 PM,Municipality,CENTER POINT WAY,MARKET ST E,,GAITHERSBURG,PEDESTRIAN,OTHER,N/A,DRY,DUSK,NO CONTROLS,UNKNOWN,NONE DETECTED,FB6B06D9-2DBE-4EED-9F4B-FC74C89C481D,PEDESTRIAN,Standing,NO IMPROPER ACTIONS,OTHER,No,POSSIBLE INJURY,NONE,39.12182466,-77.23451514,"(39.12182466, -77.23451514)"
MCP3099000M,180022296,Montgomery County Police,Injury Crash,05/06/2018 05:30:00 PM,County,STALEYBRIDGE RD,ST JOHNSBURY LA,,N/A,PEDESTRIAN,HEAD ON,CLEAR,DRY,DAYLIGHT,NO CONTROLS,NONE DETECTED,N/A,0F3A4713-BC79-4AAB-888F-71D51B703418,PEDESTRIAN,Other,NO IMPROPER ACTIONS,OTHER,No,SUSPECTED SERIOUS INJURY,N/A,39.16911833,-77.24176167,"(39.16911833, -77.24176167)"
MCP32330042,230018372,Montgomery County Police,Injury Crash,04/17/2023 08:35:00 PM,County,FOREST GLEN RD,BRUNETT AVE,,N/A,PEDESTRIAN,SINGLE VEHICLE,CLEAR,DRY,DARK LIGHTS ON,STOP SIGN,NONE DETECTED,NONE DETECTED,28EB4A3E-E8C7-4F62-840B-E2827C750490,PEDESTRIAN,Cross/Enter at Intersection,NO IMPROPER ACTIONS,ON ROADWAY AT CROSSWALK,No,SUSPECTED MINOR INJURY,NONE,39.03450883,-77.011285,"(39.03450883, -77.011285)"
MCP3264000P,200037473,Montgomery County Police,Injury Crash,09/24/2020 07:17:00 AM,County,BLAIR MILL RD,ENT TO BUSINESS,,N/A,BICYCLIST,SAME DIRECTION RIGHT TURN,CLEAR,DRY,DAWN,NO CONTROLS,NONE DETECTED,NONE DETECTED,474A96BF-EA47-4E2F-8BB4-7F0020A93345,BICYCLIST,Walking/Riding w/Traffic,NO IMPROPER ACTIONS,AT INTERSECTION BUT NO CROSSWALK,No,SUSPECTED MINOR INJURY,NONE,38.99047667,-77.03066333,"(38.99047667, -77.03066333)"
MCP2361001L,200008760,Montgomery County Police,Injury Crash,02/21/2020 07:24:00 PM,County,CONTOUR RD,TUNSTALL DR,,N/A,PEDESTRIAN,OTHER,CLEAR,DRY,DARK LIGHTS ON,OTHER,NONE DETECTED,NONE DETECTED,E880E5B0-AE5F-4D08-9563-1C32D9BDD312,PEDESTRIAN,Cross/Enter at Intersection,NO IMPROPER ACTIONS,AT INTERSECTION MARKED CROSSWALK,No,SUSPECTED MINOR INJURY,NONE,39.15419667,-77.196725,"(39.15419667, -77.196725)"
MCP9366000N,16055445,Montgomery County Police,Injury Crash,10/28/2016 02:35:00 AM,Maryland (State),GEORGIA AVE,EMORY CHURCH RD,,N/A,PEDESTRIAN,SAME DIR REAR END,CLEAR,WET,DARK LIGHTS ON,N/A,ALCOHOL PRESENT,NONE DETECTED,443B5E67-CF52-435D-B8F2-86FC80A9C561,PEDESTRIAN,Standing,NO IMPROPER ACTIONS,CURB,No,SUSPECTED MINOR INJURY,NONE,39.13212667,-77.07039667,"(39.13212667, -77.07039667)"
MCP2395002F,230024407,Montgomery County Police,Injury Crash,05/21/2023 08:50:00 PM,County,DARNESTOWN RD,YEARLING DR,,N/A,PEDESTRIAN,SINGLE VEHICLE,CLEAR,DRY,DARK -- UNKNOWN LIGHTING,NO CONTROLS,NONE DETECTED,NONE DETECTED,208CCDB8-4C30-4F78-8797-CC31CB033644,PEDESTRIAN,Cross/Enter not at Intersection,IN ROADWAY IMPROPERLY,ON ROADWAY NOT AT CROSSWALK,Yes,SUSPECTED MINOR INJURY,NONE,39.09914367,-77.21122667,"(39.09914367, -77.21122667)"
DD56230023,190042665,Rockville Police Departme,Injury Crash,09/05/2019 11:35:00 PM,,,,PARKING LOT OF 888 ROCKVILLE PIKE,,PEDESTRIAN,OTHER,CLEAR,,DARK LIGHTS ON,N/A,UNKNOWN,NONE DETECTED,F9A3DE05-76AE-492E-8C61-62A6981B8BAB,PEDESTRIAN,Standing,NO IMPROPER ACTIONS,OTHER,No,POSSIBLE INJURY,N/A,39.07493983,-77.13598367,"(39.07493983, -77.13598367)"
MCP271700FB,170549278,Montgomery County Police,Injury Crash,12/18/2017 01:00:00 PM,County,JONES BRIDGE RD,GLENBROOK PKWY,,N/A,PEDESTRIAN,OTHER,CLEAR,DRY,DAYLIGHT,TRAFFIC SIGNAL,NONE DETECTED,NONE DETECTED,8448EBC1-B649-4441-91D0-6DFED6E0F30B,PEDESTRIAN,Cross/Enter at Intersection,UNKNOWN,ON ROADWAY AT CROSSWALK,Unknown,SUSPECTED MINOR INJURY,NONE,38.99687533,-77.093677,"(38.99687533, -77.093677)"
DD5605004K,170543975,Rockville Police Departme,Property Damage Crash,11/20/2017 07:30:00 PM,,,,"PARKING LOT OF 1902 VEIRS MILL RD, ROCKVILLE, MD, 20851",,BICYCLIST,OTHER,CLEAR,,DARK NO LIGHTS,NO CONTROLS,NONE DETECTED,NONE DETECTED,F1C922B5-D209-4706-B75E-1769BECD3ECC,BICYCLIST,Walking/Riding w/Traffic,UNKNOWN,AT INTERSECTION BUT NO CROSSWALK,Unknown,NO APPARENT INJURY,NONE,39.07588667,-77.11704167,"(39.07588667, -77.11704167)"
MCP3161000J,180052192,Montgomery County Police,Injury Crash,10/18/2018 01:28:00 PM,Maryland (State),OLD GEORGETOWN RD,TILDEN LA,,N/A,BICYCLIST,STRAIGHT MOVEMENT ANGLE,CLEAR,DRY,DAYLIGHT,TRAFFIC SIGNAL,NONE DETECTED,NONE DETECTED,6AA9F48C-CE12-41F9-B8D9-B523045B4C05,BICYCLIST,Unknown,UNKNOWN,ON ROADWAY AT CROSSWALK,Yes,SUSPECTED MINOR INJURY,NONE,39.04475341,-77.12065004,"(39.04475341, -77.12065004)"
MCP2016002K,180003811,Montgomery County Police,Injury Crash,01/23/2018 11:12:00 AM,Maryland (State),ROCKVILLE PIKE,ENT TO FEDERAL PLAZA S.C.,,N/A,PEDESTRIAN,OTHER,CLEAR,DRY,DAYLIGHT,TRAFFIC SIGNAL,N/A,N/A,DF80F6BE-CBCF-482B-8C4D-5CFF5792D210,PEDESTRIAN,Cross/Enter at Intersection,NO IMPROPER ACTIONS,AT INTERSECTION MARKED CROSSWALK,No,SUSPECTED MINOR INJURY,N/A,39.057675,-77.12007333,"(39.057675, -77.12007333)"
MCP30370039,200032121,Montgomery County Police,Injury Crash,08/17/2020 04:10:00 PM,,,,PARKING LOT OF 19777 FREDERICK RD,,BICYCLIST,SINGLE VEHICLE,CLEAR,,DAYLIGHT,STOP SIGN,NONE DETECTED,NONE DETECTED,3E8E02F7-F7FA-4343-85A1-E5F797C68296,BICYCLIST,Cross/Enter at Intersection,DART DASH,OTHER,Yes,SUSPECTED MINOR INJURY,NONE,39.17869758,-77.23813421,"(39.17869758, -77.23813421)"
MCP1580009X,180063772,Montgomery County Police,Injury Crash,12/21/2018 12:02:00 PM,Maryland (State),MIDCOUNTY HWY,SPUR TO SAYBROOKE OAKS BLVD,,N/A,OTHER,HEAD ON LEFT TURN,CLOUDY,DRY,DAYLIGHT,TRAFFIC SIGNAL,NONE DETECTED,NONE DETECTED,8543F13E-F9DE-4D74-B3EA-35C25AE98C60,OTHER,Other Working,NO IMPROPER ACTIONS,OTHER,No,SUSPECTED SERIOUS INJURY,N/A,39.15054,-77.17428333,"(39.15054, -77.17428333)"
MCP26890033,170505880,Montgomery County Police,Injury Crash,05/04/2017 01:24:00 PM,County,E JEFFERSON ST,ENT TO FEDERAL PLAZA SC,,N/A,OTHER CONVEYANCE,STRAIGHT MOVEMENT ANGLE,CLEAR,DRY,DAYLIGHT,NO CONTROLS,NONE DETECTED,NONE DETECTED,11CF6C28-F81E-4FA7-A012-C07343FB7F16,OTHER CONVEYANCE,Cross/Enter at Intersection,NO IMPROPER ACTIONS,OTHER,No,POSSIBLE INJURY,NONE,39.05785451,-77.12624967,"(39.05785451, -77.12624967)"
MCP26080012,15043981,MONTGOMERY,Injury Crash,09/01/2015 05:33:00 PM,Maryland (State),GEORGIA AVE,AUGUST DR,,N/A,PEDESTRIAN,STRAIGHT MOVEMENT ANGLE,CLEAR,DRY,DAYLIGHT,TRAFFIC SIGNAL,NONE DETECTED,N/A,5B702C97-C2AA-42E9-8F75-F9D4C98D161D,PEDESTRIAN,Cross/Enter at Intersection,NO IMPROPER ACTIONS,ON ROADWAY AT CROSSWALK,No,NO APPARENT INJURY,N/A,39.02128167,-77.04459667,"(39.02128167, -77.04459667)"
MCP25920011,190002854,Montgomery County Police,Injury Crash,01/17/2019 09:30:00 PM,,,,PARKING LOT OF GIANT LOCATED AT 20044 GOSHEN RD,,PEDESTRIAN,OTHER,SNOW,,DARK LIGHTS ON,N/A,N/A,N/A,DCA31964-2E33-47A7-A82D-D9C0A7BEF07C,PEDESTRIAN,Standing,NO IMPROPER ACTIONS,OTHER,No,POSSIBLE INJURY,NONE,39.12279293,-77.22670388,"(39.12279293, -77.22670388)"
MCP2968004F,220027586,Montgomery County Police,Injury Crash,06/27/2022 08:47:00 AM,County,LINCOLNSHIRE DR,FALLS CHAPEL WAY,,N/A,PEDESTRIAN,OTHER,CLEAR,DRY,DAYLIGHT,N/A,N/A,N/A,62ABED7D-4ADA-4488-B4E1-AAF2E7314B98,PEDESTRIAN,Other Working,NO IMPROPER ACTIONS,OTHER,No,NO APPARENT INJURY,REFLECTIVE CLOTHING,39.063115,-77.18202833,"(39.063115, -77.18202833)"
MCP27880018,170536709,Montgomery County Police,Injury Crash,10/17/2017 11:23:00 PM,Maryland (State),GEORGIA AVE,UNIVERSITY BLVD W,,N/A,BICYCLIST,SAME DIRECTION RIGHT TURN,CLEAR,DRY,DARK LIGHTS ON,NO CONTROLS,UNKNOWN,NONE DETECTED,1C49A5D9-5810-4E45-9BD2-D566EA5BF6A1,BICYCLIST,Walking/Riding w/Traffic,UNKNOWN,SHOULDER,No,SUSPECTED MINOR INJURY,N/A,39.04193729,-77.05223545,"(39.04193729, -77.05223545)"
EJ7875000L,190029922,Gaithersburg Police Depar,Injury Crash,06/22/2019 10:26:00 PM,Municipality,ODENDHAL AVE,RUSSELL AVE,,GAITHERSBURG,BICYCLIST,ANGLE MEETS LEFT TURN,CLEAR,DRY,DARK LIGHTS ON,TRAFFIC SIGNAL,N/A,N/A,99F3559B-3E9F-4818-B92C-078B08B43EC9,BICYCLIST,Cross/Enter at Intersection,INATTENTIVE,ON ROADWAY NOT AT CROSSWALK,Yes,POSSIBLE INJURY,NONE,39.15061333,-77.2037,"(39.15061333, -77.2037)"
MCP29820047,210039034,Montgomery County Police,Property Damage Crash,10/01/2021 06:37:00 PM,County,FRANKLIN AVE,CAROLINE AVE,,N/A,OTHER PEDALCYCLIST,OTHER,N/A,DRY,DAYLIGHT,NO CONTROLS,NONE DETECTED,NONE DETECTED,A49819AC-BBDA-439C-90C1-7CAFAB05E367,OTHER PEDALCYCLIST,Cross/Enter at Intersection,FAILURE TO YIELD RIGHT OF WAY,AT INTERSECTION BUT NO CROSSWALK,Yes,NO APPARENT INJURY,UNKNOWN,39.00936912,-77.01271447,"(39.00936912, -77.01271447)"
MCP2968002Z,190019026,Montgomery County Police,Injury Crash,04/23/2019 02:43:00 PM,County,DUFIEF MILL RD,AMBERLEA FARM DR,,N/A,BICYCLIST,OTHER,CLEAR,DRY,DAYLIGHT,N/A,N/A,N/A,33C6D0E0-B8A2-4B95-80B6-5A57CD41F713,BICYCLIST,Walking/Riding w/Traffic,NO IMPROPER ACTIONS,ON ROADWAY NOT AT CROSSWALK,No,SUSPECTED MINOR INJURY,MC/BIKE HELMET,39.08873833,-77.235815,"(39.08873833, -77.235815)"
MCP9390000W,170523992,Montgomery County Police,Injury Crash,08/09/2017 09:11:00 PM,Maryland (State),KEY WEST AVE,DARNESTOWN RD,,N/A,BICYCLIST,OTHER,CLEAR,DRY,DARK LIGHTS ON,TRAFFIC SIGNAL,NONE DETECTED,N/A,1085C866-307D-4B21-B29B-0068DE59761D,BICYCLIST,Cross/Enter at Intersection,FAILURE TO YIELD RIGHT OF WAY,AT INTERSECTION MARKED CROSSWALK,Yes,SUSPECTED MINOR INJURY,N/A,39.10050492,-77.21343756,"(39.10050492, -77.21343756)"
EJ7866009J,200048190,Gaithersburg Police Depar,Injury Crash,12/07/2020 12:08:00 PM,Municipality,RUSSELL AVE,MARYLAND AVE,,GAITHERSBURG,PEDESTRIAN,OTHER,CLEAR,DRY,DAYLIGHT,STOP SIGN,NONE DETECTED,NONE DETECTED,02037026-53B2-440B-899C-EC17C8546201,PEDESTRIAN,Cross/Enter at Intersection,NO IMPROPER ACTIONS,ON ROADWAY AT CROSSWALK,No,POSSIBLE INJURY,NONE,39.14851765,-77.19946173,"(39.14851765, -77.19946173)"
DM8338000Y,170540342,Takoma Park Police Depart,Injury Crash,11/01/2017 11:12:00 PM,Maryland (State),CARROLL AVE,PARK AVE,,TAKOMA PARK,OTHER,SINGLE VEHICLE,CLEAR,DRY,DARK LIGHTS ON,NO CONTROLS,ALCOHOL PRESENT,N/A,A6D178E4-EBD3-4156-8C72-7E734A54BFCF,OTHER,N/A,N/A,INSIDE BUILDING,No,NO APPARENT INJURY,N/A,38.97597119,-77.0089674,"(38.97597119, -77.0089674)"
MCP3272001L,220037313,Montgomery County Police,Injury Crash,08/29/2022 10:30:00 AM,County,CRESTHAVEN DR,ROYAL RD,,N/A,PEDESTRIAN,HEAD ON,CLEAR,DRY,DAYLIGHT,NO CONTROLS,NONE DETECTED,NONE DETECTED,D0751F5A-7C8C-4B5D-A76D-991ED8084E19,PEDESTRIAN,Other Working,NO IMPROPER ACTIONS,OTHER,No,SUSPECTED MINOR INJURY,NONE,39.0275,-76.98692,"(39.0275, -76.98692)"
MCP1251000W,16037313,Montgomery County Police,Injury Crash,07/23/2016 02:01:00 PM,County,FALLS RD,RIVER RD,,N/A,PEDESTRIAN,OTHER,CLEAR,DRY,DAYLIGHT,TRAFFIC SIGNAL,NONE DETECTED,NONE DETECTED,A1E873E0-59B9-4653-9A30-9A913AE5767E,PEDESTRIAN,Cross/Enter at Intersection,N/A,ON ROADWAY AT CROSSWALK,No,SUSPECTED MINOR INJURY,NONE,39.01707667,-77.21024,"(39.01707667, -77.21024)"
MCP2195000P,16015880,Montgomery County Police,Injury Crash,04/01/2016 09:50:00 AM,County,SOUTHLAWN LA,E GUDE DR,,N/A,PEDESTRIAN,STRAIGHT MOVEMENT ANGLE,RAINING,WET,DAYLIGHT,PERSON,NONE DETECTED,NONE DETECTED,6FF96CB5-39BC-490F-ADE7-B58104D84751,PEDESTRIAN,Cross/Enter at Intersection,NO IMPROPER ACTIONS,AT INTERSECTION MARKED CROSSWALK,No,POSSIBLE INJURY,N/A,39.09779667,-77.13708167,"(39.09779667, -77.13708167)"
MCP2702001F,16046989,Montgomery County Police,Property Damage Crash,09/13/2016 05:09:00 PM,County,FENTON ST,CAMERON ST,,N/A,PEDESTRIAN,OTHER,N/A,DRY,DAYLIGHT,TRAFFIC SIGNAL,UNKNOWN,NONE DETECTED,B0785F44-2969-4428-9991-D3487F430321,PEDESTRIAN,Cross/Enter at Intersection,UNKNOWN,ON ROADWAY AT CROSSWALK,No,NO APPARENT INJURY,N/A,38.99820167,-77.028855,"(38.99820167, -77.028855)"