Report Number,Local Case Number,Agency Name,ACRS Report Type,Crash Date/Time,Route Type,Road Name,Cross-Street Name,Off-Road Description,Municipality,Related Non-Motorist,Collision Type,Weather,Surface Condition,Light,Traffic Control,Driver Substance Abuse,Non-Motorist Substance Abuse,Person ID,Pedestrian Type,Pedestrian Movement,Pedestrian Actions,Pedestrian Location,At Fault,Injury Severity,Safety Equipment,Latitude,Longitude,Location
MCP29690019,15062641,MONTGOMERY,Injury Crash,12/08/2015 10:30:00 AM,County,AMHERST AVE,REEDIE DR,,N/A,PEDESTRIAN,OTHER,CLEAR,DRY,DAYLIGHT,STOP SIGN,UNKNOWN,NONE DETECTED,B2EB067D-2E82-449B-A8E0-38A327B4DC35,PEDESTRIAN,Cross/Enter at Intersection,NO IMPROPER ACTIONS,ON ROADWAY AT CROSSWALK,No,SUSPECTED MINOR INJURY,NONE,39.03945667,-77.04855333,"(39.03945667, -77.04855333)"
MCP31560011,190048989,Montgomery County Police,Injury Crash,10/12/2019 01:03:00 AM,Maryland (State),16TH ST,EAST WEST HWY,,N/A,PEDESTRIAN,SINGLE VEHICLE,CLEAR,DRY,DARK LIGHTS ON,TRAFFIC SIGNAL,UNKNOWN,NONE DETECTED,2BA8C315-B7A3-49EE-8C45-FA01C96C839F,PEDESTRIAN,Cross/Enter at Intersection,FAILURE TO OBEY TRAFFIC SIGNS SIGNALS OR OFFICER,ON ROADWAY AT CROSSWALK,Yes,SUSPECTED MINOR INJURY,NONE,38.99460544,-77.03637746,"(38.99460544, -77.03637746)"
MCP2046006N,17014779,Montgomery County Police,Injury Crash,03/23/2017 06:32:00 AM,County,MT PISGAH RD,OAKVIEW DR,,N/A,PEDESTRIAN,OTHER,CLEAR,DRY,DARK LIGHTS ON,NO CONTROLS,NONE DETECTED,NONE DETECTED,3001CF27-168F-4ED9-9AF7-705C232E9CD0,PEDESTRIAN,Cross/Enter at Intersection,NO IMPROPER ACTIONS,ON ROADWAY AT CROSSWALK,No,SUSPECTED MINOR INJURY,NONE,39.01524833,-76.97705,"(39.01524833, -76.97705)"
MCP2162000V,15007508,Montgomery County Police,Injury Crash,02/14/2015 08:05:00 PM,Maryland (State),OLNEY SANDY SPRING RD,ENT TO SHARP ST UNITED METHODIST CHURCH,,N/A,PEDESTRIAN,OTHER,SNOW,ICE,DARK NO LIGHTS,NO CONTROLS,N/A,N/A,C5512A0B-0CB4-4BE8-A431-070EFA60E90D,PEDESTRIAN,Standing,DISABLED VEHICLE RELATED,ON ROADWAY NOT AT CROSSWALK,,SUSPECTED MINOR INJURY,NONE,39.14660833,-77.039365,"(39.14660833, -77.039365)"
MCP27450018,15058225,MONTGOMERY,Injury Crash,11/14/2015 09:50:00 PM,County,FLOWER HILL WAY,WOODFIELD RD,,N/A,PEDESTRIAN,OTHER,N/A,DRY,DARK LIGHTS ON,NO CONTROLS,UNKNOWN,N/A,B928E4E0-F6F9-4E53-A6B2-31F6E55F2F28,PEDESTRIAN,Cross/Enter not at Intersection,UNKNOWN,SIDEWALK,No,SUSPECTED SERIOUS INJURY,NONE,39.15570833,-77.16471833,"(39.15570833, -77.16471833)"
MCP2695000J,16024315,Montgomery County Police,Injury Crash,05/16/2016 02:43:00 PM,US (State),COLUMBIA PIKE,MUSGROVE RD,,N/A,PEDESTRIAN,SINGLE VEHICLE,CLEAR,DRY,DAYLIGHT,NO CONTROLS,UNKNOWN,N/A,301C1A61-5816-46F8-A25B-EE83F8A967C8,PEDESTRIAN,Standing,OTHER,DRIVEWAY ACCESS MARKED CROSSWALK,No,SUSPECTED MINOR INJURY,NONE,39.06766051,-76.95820525,"(39.06766051, -76.95820525)"
MCP2986000Z,16040906,Montgomery County Police,Injury Crash,08/12/2016 12:20:00 PM,County,CAMERON ST,FENTON ST,,N/A,PEDESTRIAN,SINGLE VEHICLE,CLEAR,DRY,DAYLIGHT,TRAFFIC SIGNAL,NONE DETECTED,NONE DETECTED,12313B9D-C120-4EEE-83AC-AFBDEF3E170A,PEDESTRIAN,Cross/Enter at Intersection,UNKNOWN,AT INTERSECTION MARKED CROSSWALK,Unknown,SUSPECTED MINOR INJURY,NONE,38.99834667,-77.02863167,"(38.99834667, -77.02863167)"
EJ7860002P,200033826,Gaithersburg Police Depar,Property Damage Crash,08/29/2020 08:03:00 PM,Municipality,MEEM AVE,CHESTNUT ST,,GAITHERSBURG,PEDESTRIAN,OTHER,CLEAR,DRY,DARK LIGHTS ON,STOP SIGN,NONE DETECTED,NONE DETECTED,33741E51-6FB2-41E7-B88E-609C5BCC2693,PEDESTRIAN,Cross/Enter at Intersection,UNKNOWN,AT INTERSECTION MARKED CROSSWALK,Unknown,NO APPARENT INJURY,NONE,39.14161835,-77.20369181,"(39.14161835, -77.20369181)"
DD5527001Z,180063320,Rockville Police Departme,Injury Crash,12/19/2018 08:33:00 AM,Municipality,SUNRISE DR,CRESTVIEW DR,,ROCKVILLE,PEDESTRIAN,OTHER,CLEAR,DRY,DAYLIGHT,NO CONTROLS,NONE DETECTED,NONE DETECTED,6C6F4640-E1F0-4ADE-8DA7-62E1B15F315C,PEDESTRIAN,Cross/Enter at Intersection,NO IMPROPER ACTIONS,N/A,No,SUSPECTED MINOR INJURY,NONE,39.09916,-77.15928333,"(39.09916, -77.15928333)"
MCP2563000N,170541530,Montgomery County Police,Injury Crash,11/07/2017 05:26:00 PM,Municipality,N WASHINGTON ST,DAWSON AVE,,ROCKVILLE,PEDESTRIAN,SINGLE VEHICLE,RAINING,WET,DARK LIGHTS ON,TRAFFIC SIGNAL,NONE DETECTED,UNKNOWN,0FD4F99F-8384-45E5-868F-F9F8CA3158F5,PEDESTRIAN,Unknown,UNKNOWN,UNKNOWN,Unknown,SUSPECTED SERIOUS INJURY,NONE,39.08860969,-77.15370074,"(39.08860969, -77.15370074)"
MCP2016006M,220052575,Montgomery County Police,Injury Crash,11/29/2022 06:30:00 AM,County,REDLAND RD,ENT SHADY GROVE METRO STATION,,N/A,PEDESTRIAN,OTHER,CLEAR,DRY,DAWN,TRAFFIC SIGNAL,NONE DETECTED,NONE DETECTED,BF321D26-77C9-46FC-A910-06E63C096B67,PEDESTRIAN,Cross/Enter at Intersection,NO IMPROPER ACTIONS,ON ROADWAY AT CROSSWALK,No,SUSPECTED MINOR INJURY,N/A,39.12837017,-77.16735683,"(39.12837017, -77.16735683)"
MCP2837000X,16017506,Montgomery County Police,Injury Crash,04/10/2016 12:10:00 PM,Maryland (State),DARNESTOWN RD,SENECA RD,,N/A,BICYCLIST,HEAD ON LEFT TURN,N/A,DRY,DAYLIGHT,NO CONTROLS,NONE DETECTED,NONE DETECTED,AD3701A4-C2C2-46FA-8607-49DEC5037B98,BICYCLIST,Cross/Enter not at Intersection,NO IMPROPER ACTIONS,ON ROADWAY NOT AT CROSSWALK,No,POSSIBLE INJURY,MC/BIKE HELMET,39.103765,-77.292745,"(39.103765, -77.292745)"
MCP26080012,15043981,MONTGOMERY,Injury Crash,09/01/2015 05:33:00 PM,Maryland (State),GEORGIA AVE,AUGUST DR,,N/A,PEDESTRIAN,STRAIGHT MOVEMENT ANGLE,CLEAR,DRY,DAYLIGHT,TRAFFIC SIGNAL,NONE DETECTED,NONE DETECTED,8C3A2386-E400-48E8-944D-C0D1611E0D13,PEDESTRIAN,Cross/Enter at Intersection,NO IMPROPER ACTIONS,ON ROADWAY AT CROSSWALK,No,POSSIBLE INJURY,N/A,39.02128167,-77.04459667,"(39.02128167, -77.04459667)"
MCP3329000R,220046123,Montgomery County Police,Injury Crash,10/20/2022 07:04:00 PM,County,AVENEL RD,CAMILLUS DR,,N/A,BICYCLIST,HEAD ON LEFT TURN,CLEAR,DRY,DARK -- UNKNOWN LIGHTING,N/A,NONE DETECTED,NONE DETECTED,F4350A95-415C-4FB9-BB47-1CB289C54F30,BICYCLIST,Cross/Enter at Intersection,NO IMPROPER ACTIONS,AT INTERSECTION BUT NO CROSSWALK,No,SUSPECTED MINOR INJURY,N/A,39.00969333,-76.98029,"(39.00969333, -76.98029)"
MCP2356002X,230022087,Montgomery County Police,Injury Crash,05/08/2023 09:00:00 PM,Municipality,KING FARM BLVD,CRESTFIELD DR,,N/A,PEDESTRIAN,SINGLE VEHICLE,CLEAR,DRY,DARK LIGHTS ON,NO CONTROLS,N/A,NONE DETECTED,3B6A634F-C107-42C7-B201-6E61D8210940,PEDESTRIAN,Cross/Enter at Intersection,NO IMPROPER ACTIONS,SIDEWALK,No,SUSPECTED MINOR INJURY,NONE,39.11353231,-77.17281194,"(39.11353231, -77.17281194)"
MCP25490048,15003663,Montgomery County Police,Injury Crash,01/23/2015 07:15:00 AM,Maryland (State),CONNECTICUT AVE,THORNAPPLE ST,,CHEVY CHASE #4,BICYCLIST,HEAD ON LEFT TURN,N/A,WET,DAWN,NO CONTROLS,NONE DETECTED,NONE DETECTED,622B15DA-2896-4E24-A7AA-712F986E3251,BICYCLIST,Walking/Riding w/Traffic,NO IMPROPER ACTIONS,OTHER,,SUSPECTED MINOR INJURY,MC/BIKE HELMET,39.21237333,-77.14266,"(39.21237333, -77.14266)"
MCP2796001Y,15031558,Montgomery County Police,Injury Crash,06/28/2015 11:20:00 AM,County,BEAVERWOOD LA,BEL PRE RD,,N/A,BICYCLIST,STRAIGHT MOVEMENT ANGLE,CLEAR,DRY,DAYLIGHT,TRAFFIC SIGNAL,NONE DETECTED,NONE DETECTED,66DE60E6-C70C-4031-AA14-0E095AD52ACA,BICYCLIST,Walking/Cycling on Sidewalk,FAILURE TO YIELD RIGHT OF WAY,ON ROADWAY AT CROSSWALK,,SUSPECTED MINOR INJURY,NONE,39.09046667,-77.05909,"(39.09046667, -77.05909)"
MCP27200013,15020637,Montgomery County Police,Injury Crash,05/01/2015 07:05:00 PM,Maryland (State),GEORGIA AVE,REEDIE DR,,N/A,PEDESTRIAN,STRAIGHT MOVEMENT ANGLE,CLEAR,DRY,DAYLIGHT,TRAFFIC SIGNAL,N/A,N/A,B0105DE1-B57D-42BD-B0ED-798DE63DB44E,PEDESTRIAN,Unknown,UNKNOWN,UNKNOWN,,POSSIBLE INJURY,N/A,39.03855333,-77.051755,"(39.03855333, -77.051755)"
MCP2046004Y,16009023,Montgomery County Police,Injury Crash,02/23/2016 09:24:00 AM,County,SLIGO AVE,FENTON ST,,N/A,PEDESTRIAN,ANGLE MEETS LEFT TURN,RAINING,WET,DAYLIGHT,TRAFFIC SIGNAL,NONE DETECTED,NONE DETECTED,A6921DDD-D69B-4D67-B614-913F0F222184,PEDESTRIAN,Cross/Enter at Intersection,NO IMPROPER ACTIONS,ON ROADWAY AT CROSSWALK,No,SUSPECTED MINOR INJURY,NONE,38.99017815,-77.02395558,"(38.99017815, -77.02395558)"
MCP2897000X,16036981,Montgomery County Police,Injury Crash,07/21/2016 05:43:00 PM,Other Public Roadway,HENDERSON CORNER RD,FREDERICK RD,,N/A,BICYCLIST,SINGLE VEHICLE,CLEAR,DRY,DAYLIGHT,NO CONTROLS,NONE DETECTED,NONE DETECTED,B518730B-B05D-4208-8B7D-FE08A53CE64A,BICYCLIST,Cross/Enter at Intersection,FAILURE TO YIELD RIGHT OF WAY,ON ROADWAY AT CROSSWALK,Yes,POSSIBLE INJURY,NONE,39.2015799,-77.25025222,"(39.2015799, -77.25025222)"
EJ7833002Z,170504343,Gaithersburg Police Depar,Injury Crash,04/26/2017 02:45:00 PM,County,N WESTLAND DR,S FREDERICK RD,,N/A,PEDESTRIAN,OTHER,CLEAR,DRY,DAYLIGHT,STOP SIGN,NONE DETECTED,NONE DETECTED,45530A02-DA22-417B-B963-5FC2EA343932,PEDESTRIAN,Cross/Enter at Intersection,NO IMPROPER ACTIONS,AT INTERSECTION MARKED CROSSWALK,No,POSSIBLE INJURY,N/A,39.12802119,-77.18507051,"(39.12802119, -77.18507051)"
MCP2676001F,15042691,MONTGOMERY,Injury Crash,08/25/2015 09:03:00 PM,County,STEDWICK RD,MONTGOMERY VILLAGE AVE,,N/A,BICYCLIST,OTHER,CLEAR,DRY,DARK LIGHTS ON,TRAFFIC SIGNAL,N/A,N/A,A3840532-34FE-4699-87A7-A68A291ED003,BICYCLIST,Cross/Enter at Intersection,NO IMPROPER ACTIONS,ON ROADWAY AT CROSSWALK,No,SUSPECTED MINOR INJURY,NONE,39.16959167,-77.20456,"(39.16959167, -77.20456)"
MCP2877009M,220012689,Montgomery County Police,Injury Crash,03/24/2022 01:35:00 PM,County,DUVALL DR,MASSACHUSETTS AVE,,N/A,PEDESTRIAN,STRAIGHT MOVEMENT ANGLE,CLOUDY,DRY,DAYLIGHT,STOP SIGN,NONE DETECTED,NONE DETECTED,6A9BF43C-8BF7-4B87-A8DB-7C8A0013E28C,PEDESTRIAN,Cross/Enter at Intersection,NO IMPROPER ACTIONS,ON ROADWAY AT CROSSWALK,No,SUSPECTED MINOR INJURY,NONE,38.95017787,-77.10169016,"(38.95017787, -77.10169016)"
MCP29170095,220013624,Montgomery County Police,Injury Crash,03/30/2022 08:11:00 PM,County,RANDOLPH RD,BUSHEY DR,,N/A,PEDESTRIAN,STRAIGHT MOVEMENT ANGLE,CLEAR,DRY,DARK NO LIGHTS,NO CONTROLS,NONE DETECTED,NONE DETECTED,FD51FF84-75F5-4031-9437-7F2B1D63AE52,PEDESTRIAN,Cross/Enter not at Intersection,DART DASH,ON ROADWAY NOT AT CROSSWALK,Yes,SUSPECTED SERIOUS INJURY,NONE,39.05748,-77.07754,"(39.05748, -77.07754)"
MCP2861005C,220019720,Montgomery County Police,Injury Crash,05/09/2022 05:05:00 PM,Maryland (State),OLD GEORGETOWN RD,CHESHIRE DR,,N/A,BICYCLIST,OTHER,CLEAR,DRY,DAYLIGHT,TRAFFIC SIGNAL,NONE DETECTED,NONE DETECTED,04EE3EF5-0363-43B0-ADBE-3DE5915B8B76,BICYCLIST,Cross/Enter not at Intersection,DART DASH,ON ROADWAY NOT AT CROSSWALK,Yes,SUSPECTED SERIOUS INJURY,MC/BIKE HELMET,39.02244667,-77.12369333,"(39.02244667, -77.12369333)"
MCP3122002R,200000844,Montgomery County Police,Injury Crash,01/06/2020 07:00:00 AM,Maryland (State),LAYHILL RD,ENT TO LAYHILL SHOPPING CENTER,,N/A,PEDESTRIAN,SINGLE VEHICLE,CLEAR,DRY,DARK -- UNKNOWN LIGHTING,NO CONTROLS,UNKNOWN,NONE DETECTED,F7E8AB3F-ACD1-434F-9FBA-8C6ED73104EE,PEDESTRIAN,Walking to/from school,NO IMPROPER ACTIONS,DRIVEWAY ACCESS MARKED CROSSWALK,No,POSSIBLE INJURY,N/A,39.092464,-77.045316,"(39.092464, -77.045316)"
MCP3085003M,220029820,Montgomery County Police,Injury Crash,07/11/2022 06:27:00 PM,County,NICHOLSON LA,NICHOLSON CT,,N/A,PEDESTRIAN,HEAD ON LEFT TURN,CLEAR,DRY,DAYLIGHT,TRAFFIC SIGNAL,NONE DETECTED,NONE DETECTED,5F07B41F-D652-45E3-9B5D-F876586704CD,PEDESTRIAN,Cross/Enter at Intersection,NO IMPROPER ACTIONS,ON ROADWAY AT CROSSWALK,No,SUSPECTED MINOR INJURY,N/A,39.0454131,-77.10500228,"(39.0454131, -77.10500228)"
MCP1379003Y,15021552,Montgomery County Police,Injury Crash,05/06/2015 02:15:00 PM,County,EXECUTIVE BLVD,OLD GEORGETOWN RD,,N/A,PEDESTRIAN,OTHER,CLEAR,DRY,DAYLIGHT,NO CONTROLS,NONE DETECTED,NONE DETECTED,04158147-305A-49D3-9D0E-5C671AA610F9,PEDESTRIAN,Other Working,NO IMPROPER ACTIONS,ON ROADWAY NOT AT CROSSWALK,,SUSPECTED SERIOUS INJURY,UNKNOWN,39.04871833,-77.123845,"(39.04871833, -77.123845)"
MCP0487001P,170523655,Montgomery County Police,Injury Crash,08/08/2017 02:00:00 PM,,,,"PARKING LOT OF 19300 FRENCHTON PLACE 
MONTGOMERY VILLAGE, MD 20886",,PEDESTRIAN,OTHER,CLOUDY,,DAYLIGHT,NO CONTROLS,NONE DETECTED,NONE DETECTED,3296E465-53F1-47EB-9D74-FED2DFD3FF47,PEDESTRIAN,Standing,NOT VISIBLE,CURB,No,POSSIBLE INJURY,REFLECTIVE CLOTHING,39.17207,-77.215765,"(39.17207, -77.215765)"
DM8456001Z,180031791,Takoma Park Police Depart,Injury Crash,06/28/2018 08:30:00 AM,,,,1345 UNIVERSITY BLVD EAST TAKOMA PARK MD 20912,,PEDESTRIAN,OTHER,N/A,,DAYLIGHT,NO CONTROLS,NONE DETECTED,NONE DETECTED,ECB31E24-2713-488C-9CDC-663BE7F33D4B,PEDESTRIAN,Standing,NO IMPROPER ACTIONS,N/A,No,SUSPECTED MINOR INJURY,NONE,38.986505,-76.98552333,"(38.986505, -76.98552333)"
MCP271700K1,180039391,Montgomery County Police,Injury Crash,08/08/2018 04:45:00 PM,Maryland (State),UNIVERSITY BLVD E,COLESVILLE RD,,N/A,PEDESTRIAN,OTHER,CLEAR,DRY,DAYLIGHT,TRAFFIC SIGNAL,NONE DETECTED,NONE DETECTED,96341BFC-4BFE-484A-A32A-F95DF70D3094,PEDESTRIAN,Cross/Enter not at Intersection,DART DASH,ON ROADWAY NOT AT CROSSWALK,Yes,SUSPECTED MINOR INJURY,NONE,39.020385,-77.014245,"(39.020385, -77.014245)"
MCP2814001Y,180051933,Montgomery County Police,Injury Crash,10/17/2018 05:33:00 AM,Maryland (State),MUNCASTER MILL RD,MUNCASTER RD,,N/A,PEDESTRIAN,OTHER,CLEAR,DRY,DARK LIGHTS ON,N/A,NONE DETECTED,NONE DETECTED,7F96AB2B-6AEC-4244-B5C4-E93D4043DFAE,PEDESTRIAN,Other,IN ROADWAY IMPROPERLY,ON ROADWAY NOT AT CROSSWALK,Yes,SUSPECTED MINOR INJURY,NONE,39.14601367,-77.14469017,"(39.14601367, -77.14469017)"
EJ7837003Y,190038861,Gaithersburg Police Depar,Injury Crash,08/14/2019 05:10:00 PM,County,SHADY GROVE RD,RAMP 3 FR SHADY GROVE RD EB TO IS 270 NB,,N/A,PEDESTRIAN,SINGLE VEHICLE,CLEAR,DRY,DAYLIGHT,NO CONTROLS,N/A,N/A,8C86550E-FA63-4509-9445-D144DE604BAA,PEDESTRIAN,Cross/Enter at Intersection,NO IMPROPER ACTIONS,AT INTERSECTION BUT NO CROSSWALK,No,SUSPECTED MINOR INJURY,NONE,39.11354167,-77.18659,"(39.11354167, -77.18659)"
DD5624002M,190023541,Rockville Police Departme,Injury Crash,05/18/2019 03:11:00 PM,Municipality,BALTIMORE RD,WOODBURN RD,,ROCKVILLE,PEDESTRIAN,OTHER,CLEAR,DRY,DAYLIGHT,NO CONTROLS,UNKNOWN,NONE DETECTED,F639F111-9422-445F-8736-3EB9E9222845,PEDESTRIAN,Unknown,UNKNOWN,ON ROADWAY NOT AT CROSSWALK,Unknown,SUSPECTED MINOR INJURY,N/A,39.08389553,-77.13346669,"(39.08389553, -77.13346669)"
MCP3053003R,200004077,Montgomery County Police,Property Damage Crash,01/24/2020 10:25:00 AM,Maryland (State),UNIVERSITY BLVD W,AMHERST AVE,,N/A,PEDESTRIAN,OTHER,CLEAR,DRY,DARK LIGHTS ON,TRAFFIC SIGNAL,N/A,N/A,3B10088B-46CF-4D32-BE12-1D86E53E8C6A,PEDESTRIAN,Cross/Enter at Intersection,UNKNOWN,AT INTERSECTION MARKED CROSSWALK,Unknown,NO APPARENT INJURY,NONE,39.04115833,-77.04794333,"(39.04115833, -77.04794333)"
DD5595004L,170530299,Rockville Police Departme,Injury Crash,09/13/2017 08:55:00 AM,Municipality,MARYLAND AVE,GREAT FALLS RD,,ROCKVILLE,PEDESTRIAN,OTHER,RAINING,WET,OTHER,UNKNOWN,UNKNOWN,NONE DETECTED,DC27EFB4-EEF6-41BB-8B80-C76C0666026C,PEDESTRIAN,Cross/Enter not at Intersection,DART DASH,OUTSIDE RIGHT OF WAY,Yes,SUSPECTED MINOR INJURY,N/A,39.07794198,-77.15829134,"(39.07794198, -77.15829134)"
MCP2370001T,15029532,Montgomery County Police,Injury Crash,06/17/2015 02:23:00 PM,Maryland (State),NEW HAMPSHIRE AVE,POWDER MILL RD,,N/A,OTHER CONVEYANCE,STRAIGHT MOVEMENT ANGLE,CLOUDY,DRY,DAYLIGHT,TRAFFIC SIGNAL,NONE DETECTED,UNKNOWN,CC438BEC-4F6C-49E5-9827-3389D24029E5,OTHER CONVEYANCE,Other,IN ROADWAY IMPROPERLY,ON ROADWAY NOT AT CROSSWALK,,SUSPECTED SERIOUS INJURY,NONE,39.02205333,-76.97723333,"(39.02205333, -76.97723333)"
MCP29990008,15067038,MONTGOMERY,Injury Crash,12/30/2015 10:30:00 PM,County,BRIGGS CHANEY RD,RAMP 6 FR BRIGGS CHANEY RD TO US 29 SB,,N/A,BICYCLIST,STRAIGHT MOVEMENT ANGLE,RAINING,WET,DARK LIGHTS ON,TRAFFIC SIGNAL,UNKNOWN,NONE DETECTED,E628F675-FDF6-4A14-8A5C-8D2B779F9CAE,BICYCLIST,Walking/Cycling on Sidewalk,NO IMPROPER ACTIONS,ON ROADWAY AT CROSSWALK,No,POSSIBLE INJURY,NONE,39.0838655,-76.9495149,"(39.0838655, -76.9495149)"
MCP271700F6,170546798,Montgomery County Police,Injury Crash,12/05/2017 06:45:00 PM,Maryland (State),OLD GEORGETOWN RD,OAKMONT AVE,,N/A,PEDESTRIAN,OTHER,RAINING,WET,DARK LIGHTS ON,TRAFFIC SIGNAL,NONE DETECTED,NONE DETECTED,1F48AF99-4861-4615-A47D-41FF8C164723,PEDESTRIAN,Cross/Enter at Intersection,DART DASH,ON ROADWAY AT CROSSWALK,Yes,SUSPECTED MINOR INJURY,NONE,39.00464633,-77.11086233,"(39.00464633, -77.11086233)"
MCP29620076,230009723,Montgomery County Police,Injury Crash,02/27/2023 09:09:00 AM,,,,IN FRONT OF 19284 CIRCLE GATE DR,,PEDESTRIAN,SINGLE VEHICLE,CLEAR,,DAYLIGHT,NO CONTROLS,NONE DETECTED,NONE DETECTED,8F1A2D63-FC6D-4EAB-86EB-DBD9CF54A301,PEDESTRIAN,Other,N/A,OTHER,No,SUSPECTED MINOR INJURY,N/A,39.17291517,-77.26506767,"(39.17291517, -77.26506767)"
MCP2357001V,16053572,Montgomery County Police,Injury Crash,10/18/2016 09:30:00 AM,,,,7740 FENTON ST. PARKING GARAGE LEVEL 3,,PEDESTRIAN,OTHER,N/A,,DAYLIGHT,N/A,N/A,NONE DETECTED,6B0B752C-9DA9-46AA-B917-DDFDF21A5308,PEDESTRIAN,N/A,UNKNOWN,N/A,Yes,POSSIBLE INJURY,NONE,38.98682667,-77.02328833,"(38.98682667, -77.02328833)"
DD56200006,16058258,Rockville Police Departme,Injury Crash,11/11/2016 07:52:00 PM,Maryland (State),E JEFFERSON ST,MONROE ST,,ROCKVILLE,PEDESTRIAN,OTHER,CLEAR,DRY,DARK LIGHTS ON,TRAFFIC SIGNAL,NONE DETECTED,NONE DETECTED,E105D145-85D5-4D36-9BE1-75242B8D5C7A,PEDESTRIAN,Cross/Enter at Intersection,NO IMPROPER ACTIONS,AT INTERSECTION MARKED CROSSWALK,No,SUSPECTED MINOR INJURY,NONE,39.08189382,-77.14920402,"(39.08189382, -77.14920402)"
MCP29040062,180052929,Montgomery County Police,Injury Crash,10/22/2018 05:45:00 PM,County,CARROLL AVE,PINEY BRANCH RD,,N/A,PEDESTRIAN,SINGLE VEHICLE,CLEAR,DRY,DAYLIGHT,NO CONTROLS,NONE DETECTED,NONE DETECTED,61936A01-DFC9-454F-8F8F-3F98E6C12768,PEDESTRIAN,Other,IN ROADWAY IMPROPERLY,ON ROADWAY NOT AT CROSSWALK,Yes,POSSIBLE INJURY,NONE,38.99960112,-76.99062974,"(38.99960112, -76.99062974)"
EJ7866008S,200038773,Gaithersburg Police Depar,Injury Crash,10/02/2020 10:30:00 AM,,,,211 N FREDERICK AVE,,PEDESTRIAN,SINGLE VEHICLE,CLEAR,,DAYLIGHT,NO CONTROLS,NONE DETECTED,NONE DETECTED,BCC490AD-BC22-4E2E-85AD-89AD8D1153C8,PEDESTRIAN,Walking/Cycling on Sidewalk,N/A,SIDEWALK,No,POSSIBLE INJURY,N/A,39.14459353,-77.20184705,"(39.14459353, -77.20184705)"
MCP2666001L,16062712,Montgomery County Police,Injury Crash,12/06/2016 11:40:00 PM,County,OLD COLUMBIA PIKE,FAIRLAND RD,,N/A,BICYCLIST,STRAIGHT MOVEMENT ANGLE,RAINING,WET,DARK LIGHTS ON,NO CONTROLS,NONE DETECTED,NONE DETECTED,3E235409-5213-435F-8B3E-1A045A1C1E51,BICYCLIST,Walking/Riding w/Traffic,UNKNOWN,ON ROADWAY NOT AT CROSSWALK,No,SUSPECTED MINOR INJURY,NONE,39.0766885,-76.95740998,"(39.0766885, -76.95740998)"
MCP23610022,220037562,Montgomery County Police,Injury Crash,08/30/2022 03:53:00 PM,County,WALKERS CHOICE RD,MONTGOMERY VILLAGE AVE,,N/A,PEDESTRIAN,OTHER,RAINING,WET,DAYLIGHT,STOP SIGN,NONE DETECTED,NONE DETECTED,D92A5E59-E94F-4704-819E-510AEA5592AC,PEDESTRIAN,Approach/Leaving Schoolbus,NO IMPROPER ACTIONS,IN SCHOOL BUS ZONE,No,SUSPECTED SERIOUS INJURY,NONE,39.161571,-77.20324,"(39.161571, -77.20324)"
MCP27800042,180040949,Montgomery County Police,Injury Crash,08/17/2018 02:43:00 PM,Maryland (State),CLOPPER RD,KINGSVIEW VILLAGE AVE,,N/A,BICYCLIST,OTHER,N/A,DRY,DAYLIGHT,TRAFFIC SIGNAL,N/A,NONE DETECTED,A7A87082-6B23-4493-A978-F50BDD417792,BICYCLIST,Walking/Cycling on Sidewalk,IN ROADWAY IMPROPERLY,AT INTERSECTION MARKED CROSSWALK,Yes,SUSPECTED MINOR INJURY,MC/BIKE HELMET,39.16089167,-77.27955,"(39.16089167, -77.27955)"
MCP2724002M,220013343,Montgomery County Police,Injury Crash,03/29/2022 08:00:00 AM,,,,DRIVEWAY ENTRANCE TO FRANCIS SCOTT KEY MIDDLE SCHOOL,,PEDESTRIAN,OTHER,CLEAR,,DAYLIGHT,N/A,UNKNOWN,NONE DETECTED,0F46F120-F546-47B2-AE98-7DF425FCE2CD,PEDESTRIAN,Other,OTHER,SIDEWALK,Unknown,POSSIBLE INJURY,N/A,39.02635536,-76.99109161,"(39.02635536, -76.99109161)"
MCP3050000C,17007929,Montgomery County Police,Injury Crash,02/13/2017 07:00:00 PM,Other Public Roadway,GLENMONT CIR #1,GLENMONT CIR #2,,N/A,PEDESTRIAN,SINGLE VEHICLE,OTHER,DRY,DARK LIGHTS ON,NO CONTROLS,NONE DETECTED,NONE DETECTED,F7531DBE-B5E8-4670-85B6-3417AA1C3E26,PEDESTRIAN,Other,NO IMPROPER ACTIONS,OTHER,No,NO APPARENT INJURY,N/A,39.05893754,-77.04736322,"(39.05893754, -77.04736322)"
MCP2664003L,170525978,Montgomery County Police,Injury Crash,08/21/2017 09:30:00 AM,Maryland (State),UNIVERSITY BLVD W,DENNIS AVE,,N/A,PEDESTRIAN,SINGLE VEHICLE,N/A,DRY,DAYLIGHT,TRAFFIC SIGNAL,NONE DETECTED,NONE DETECTED,492A875C-0792-4DB5-B622-F9365D45F730,PEDESTRIAN,Cross/Enter at Intersection,NO IMPROPER ACTIONS,AT INTERSECTION MARKED CROSSWALK,No,SUSPECTED MINOR INJURY,NONE,39.02660333,-77.02022,"(39.02660333, -77.02022)"
MCP21990005,15056281,MONTGOMERY,Injury Crash,11/04/2015 05:35:00 PM,County,MIDDLEBROOK RD,FATHER HURLEY BLVD,,N/A,PEDESTRIAN,SINGLE VEHICLE,CLEAR,DRY,DUSK,TRAFFIC SIGNAL,N/A,N/A,47C564AA-8210-4FB4-BCFF-9A7429D53AAD,PEDESTRIAN,Walking to/from school,FAILURE TO OBEY TRAFFIC SIGNS SIGNALS OR OFFICER,AT INTERSECTION MARKED CROSSWALK,Yes,SUSPECTED MINOR INJURY,N/A,39.18380322,-77.27381945,"(39.18380322, -77.27381945)"
DD5611000W,16000618,Rockville Police Departme,Injury Crash,01/04/2016 05:36:00 PM,Municipality,N WASHINGTON ST,MARTINS LA,,ROCKVILLE,PEDESTRIAN,SINGLE VEHICLE,CLEAR,DRY,DARK LIGHTS ON,TRAFFIC SIGNAL,NONE DETECTED,UNKNOWN,A99096BC-2EC4-42DE-BC5C-84F3F75C07E4,PEDESTRIAN,Cross/Enter at Intersection,DART DASH,ON ROADWAY NOT AT CROSSWALK,Yes,POSSIBLE INJURY,NONE,39.09080965,-77.15365648,"(39.09080965, -77.15365648)"
MCP0961000N,15007939,Montgomery County Police,Injury Crash,02/18/2015 07:21:00 AM,County,LOST KNIFE RD,CONTOUR RD,,N/A,PEDESTRIAN,SINGLE VEHICLE,CLEAR,SLUSH,DAYLIGHT,OTHER,NONE DETECTED,NONE DETECTED,8C5D11E2-FB88-4676-83FC-32BEA8408637,PEDESTRIAN,Cross/Enter at Intersection,NO IMPROPER ACTIONS,ON ROADWAY AT CROSSWALK,,SUSPECTED MINOR INJURY,NONE,39.15461,-77.20116833,"(39.15461, -77.20116833)"