Report Number,Local Case Number,Agency Name,ACRS Report Type,Crash Date/Time,Route Type,Road Name,Cross-Street Name,Off-Road Description,Municipality,Related Non-Motorist,Collision Type,Weather,Surface Condition,Light,Traffic Control,Driver Substance Abuse,Non-Motorist Substance Abuse,Person ID,Pedestrian Type,Pedestrian Movement,Pedestrian Actions,Pedestrian Location,At Fault,Injury Severity,Safety Equipment,Latitude,Longitude,Location
MCP1563003R,170512738,Montgomery County Police,Injury Crash,06/09/2017 04:30:00 PM,Maryland (State),CONNECTICUT AVE,EAST WEST HWY,,N/A,BICYCLIST,STRAIGHT MOVEMENT ANGLE,CLEAR,DRY,DAYLIGHT,NO CONTROLS,UNKNOWN,NONE DETECTED,5393D388-92B9-440D-ADAC-B837D22F3980,BICYCLIST,Walking/Riding w/Traffic,NO IMPROPER ACTIONS,ON ROADWAY NOT AT CROSSWALK,No,SUSPECTED MINOR INJURY,MC/BIKE HELMET,38.98762115,-77.07727253,"(38.98762115, -77.07727253)"
DD5583007G,220042243,Rockville Police Departme,Injury Crash,09/28/2022 08:45:00 AM,Municipality,GAITHER RD,ROYAL CRESCENT,,ROCKVILLE,BICYCLIST,HEAD ON LEFT TURN,CLEAR,DRY,DAYLIGHT,NO CONTROLS,NONE DETECTED,NONE DETECTED,99BC1898-FA66-463F-9E68-58EED8F6E720,BICYCLIST,Walking/Cycling on Sidewalk,NO IMPROPER ACTIONS,AT INTERSECTION BUT NO CROSSWALK,No,SUSPECTED SERIOUS INJURY,MC/BIKE HELMET,39.11677067,-77.18194267,"(39.11677067, -77.18194267)"
MCP33500023,230067818,Montgomery County Police,Injury Crash,11/22/2023 01:10:00 PM,,NICHOLSON LN,CITADEL AVE,,N/A,PEDESTRIAN,OTHER,CLOUDY,DRY,DAYLIGHT,TRAFFIC SIGNAL,UNKNOWN,NONE DETECTED,21FC6FD7-FD46-4D5C-9AC3-51A4C9B60652,PEDESTRIAN,Walking/Riding w/Traffic,NO IMPROPER ACTIONS,AT INTERSECTION MARKED CROSSWALK,No,SUSPECTED MINOR INJURY,N/A,39.04513667,-77.109205,"(39.04513667, -77.109205)"
EJ7873005Y,220019686,Gaithersburg Police Depar,Injury Crash,05/09/2022 02:00:00 PM,,,,"PAARKING LOT OF 18749 N FREDERICK AVE GAITHERSBURG, MD 20879",,PEDESTRIAN,OTHER,CLEAR,,DAYLIGHT,NO CONTROLS,NONE DETECTED,N/A,830027DD-7944-4635-A6C9-AACF7857F7D9,PEDESTRIAN,Other,DART DASH,OTHER,Yes,POSSIBLE INJURY,NONE,39.16350472,-77.22561123,"(39.16350472, -77.22561123)"
MCP3195001Q,200047400,Montgomery County Police,Injury Crash,12/01/2020 04:00:00 PM,County,BUCKNELL DR,ROAD END,,N/A,PEDESTRIAN,OTHER,CLEAR,DRY,DAYLIGHT,N/A,N/A,N/A,66F084FE-83FC-46B6-9B1B-F22BF4A244B1,PEDESTRIAN,Cross/Enter not at Intersection,NO IMPROPER ACTIONS,ON ROADWAY NOT AT CROSSWALK,No,SUSPECTED MINOR INJURY,OTHER,39.03577069,-77.04681735,"(39.03577069, -77.04681735)"
MCP3198002B,210002649,Montgomery County Police,Injury Crash,01/21/2021 06:30:00 PM,County,RANDOLPH RD,BUSHEY DR,,N/A,BICYCLIST,OTHER,CLEAR,DRY,DARK LIGHTS ON,STOP SIGN,NONE DETECTED,NONE DETECTED,5BEFBA69-3D4E-4E8F-A666-E37218052CF7,BICYCLIST,Cross/Enter at Intersection,UNKNOWN,ON ROADWAY AT CROSSWALK,No,POSSIBLE INJURY,NONE,39.057505,-77.07764667,"(39.057505, -77.07764667)"
MCP27910018,15024286,Montgomery County Police,Property Damage Crash,05/20/2015 07:59:00 PM,County,LOCKWOOD DR,NEW HAMPSHIRE AVE,,N/A,PEDESTRIAN,SINGLE VEHICLE,CLEAR,DRY,DUSK,NO CONTROLS,NONE DETECTED,N/A,0CA28746-DE41-4259-B8C0-113A30351056,PEDESTRIAN,Playing,INATTENTIVE,OTHER,,NO APPARENT INJURY,N/A,39.039405,-76.99220667,"(39.039405, -76.99220667)"
DM83380008,15055214,TAKOMA,Injury Crash,10/30/2015 04:15:00 PM,Maryland (State),UNIVERSITY BLVD,SPUR TO MD 650,,N/A,PEDESTRIAN,OTHER,N/A,DRY,DAYLIGHT,OTHER,UNKNOWN,N/A,4A057AC3-06E7-4952-83C9-A137950B0CAF,PEDESTRIAN,Cross/Enter at Intersection,NO IMPROPER ACTIONS,ON ROADWAY AT CROSSWALK,No,SUSPECTED MINOR INJURY,N/A,38.98902,-76.98776,"(38.98902, -76.98776)"
MCP2384000Q,15001274,Montgomery County Police,Injury Crash,01/08/2015 06:00:00 PM,Municipality,THE HILLS PLAZA,S PARK AVE,,FRIENDSHIP HEIGHTS,PEDESTRIAN,OTHER,N/A,DRY,DARK LIGHTS ON,STOP SIGN,UNKNOWN,NONE DETECTED,7C4FB622-873E-4554-BE31-EBE27385A56C,PEDESTRIAN,Cross/Enter at Intersection,NO IMPROPER ACTIONS,ON ROADWAY AT CROSSWALK,,SUSPECTED MINOR INJURY,N/A,38.9633631,-77.08818913,"(38.9633631, -77.08818913)"
MCP3222002D,230013727,Montgomery County Police,Injury Crash,03/21/2023 04:03:00 PM,County,KEYSTONE AVE,SOUTH BROOK LA,,N/A,PEDESTRIAN,OTHER,CLEAR,DRY,DAYLIGHT,NO CONTROLS,NONE DETECTED,NONE DETECTED,658D1E57-E0E0-4406-9E6C-06CD330945F6,PEDESTRIAN,Cross/Enter not at Intersection,INATTENTIVE,ON ROADWAY NOT AT CROSSWALK,Yes,POSSIBLE INJURY,NONE,38.99212326,-77.10298094,"(38.99212326, -77.10298094)"
EJ7846001D,16028029,Gaithersburg Police Depar,Injury Crash,06/04/2016 05:32:00 PM,Maryland (State),FREDERICK RD,BROOKS AVE,,GAITHERSBURG,PEDESTRIAN,SINGLE VEHICLE,CLEAR,DRY,DAYLIGHT,NO CONTROLS,NONE DETECTED,ALCOHOL CONTRIBUTED,623A7310-7290-44A9-A78C-EF21FC1E27CC,PEDESTRIAN,Cross/Enter not at Intersection,DART DASH,SIDEWALK,Yes,POSSIBLE INJURY,N/A,39.158985,-77.21714333,"(39.158985, -77.21714333)"
MCP3258001Q,210046320,Montgomery County Police,Property Damage Crash,11/15/2021 01:47:00 PM,,,,2ND FLOOR COSTCO GARAGE AT 11160 VEIRS MILL RD,,PEDESTRIAN,STRAIGHT MOVEMENT ANGLE,CLEAR,,DAYLIGHT,NO CONTROLS,N/A,N/A,D1A3AE56-9B71-4944-9F17-A9A06A9267C0,PEDESTRIAN,Other,NO IMPROPER ACTIONS,OTHER,Unknown,NO APPARENT INJURY,N/A,39.03514,-77.05408167,"(39.03514, -77.05408167)"
MCP30900068,220034656,Montgomery County Police,Injury Crash,08/12/2022 08:41:00 AM,,,,"PARKING LOT OF 805 RUSSELL AVE GAITHERSBURG,MD",,PEDESTRIAN,SINGLE VEHICLE,CLEAR,,DAYLIGHT,NO CONTROLS,N/A,N/A,9952165F-A321-4104-AAD6-6682B2B97A97,PEDESTRIAN,Other,NO IMPROPER ACTIONS,OTHER,No,NO APPARENT INJURY,N/A,39.15685,-77.21019,"(39.15685, -77.21019)"
MCP23960032,190001004,Montgomery County Police,Injury Crash,01/07/2019 07:55:00 AM,,,,PARKING LOT 12405 GEORGIA AVENUE,,PEDESTRIAN,STRAIGHT MOVEMENT ANGLE,CLOUDY,,DAYLIGHT,NO CONTROLS,NONE DETECTED,NONE DETECTED,40702F69-01D9-4C0D-8A51-656E9C838635,PEDESTRIAN,Other,INATTENTIVE,OTHER,Yes,POSSIBLE INJURY,NONE,39.06099667,-77.05151167,"(39.06099667, -77.05151167)"
MCP9386004G,17015027,Montgomery County Police,Injury Crash,03/24/2017 10:04:00 AM,Maryland (State),OLD GEORGETOWN RD,EDGEMOOR LA,,N/A,PEDESTRIAN,OTHER,RAINING,WET,DAYLIGHT,TRAFFIC SIGNAL,NONE DETECTED,NONE DETECTED,58BF0ACA-7199-4B71-A6E3-3EFE2BA7C062,PEDESTRIAN,Cross/Enter at Intersection,NO IMPROPER ACTIONS,AT INTERSECTION MARKED CROSSWALK,No,POSSIBLE INJURY,NONE,38.98573833,-77.09561667,"(38.98573833, -77.09561667)"
EJ7833003W,170524565,Gaithersburg Police Depar,Injury Crash,08/12/2017 11:38:00 PM,,,,"PARKING LOT OF 111 WATKINS STATION CIRCLE IN GAITHERSBURG, MD 20877",,PEDESTRIAN,OTHER,N/A,,DARK LIGHTS ON,NO CONTROLS,UNKNOWN,NONE DETECTED,E77DE94B-CB87-4888-AAA9-4DB6E575FACB,PEDESTRIAN,Standing,OTHER,OTHER,No,SUSPECTED MINOR INJURY,NONE,39.16057648,-77.2195711,"(39.16057648, -77.2195711)"
MCP2907000W,15004097,Montgomery County Police,Injury Crash,01/25/2015 09:04:00 PM,County,ELM ST,WISCONSIN AVE,,N/A,PEDESTRIAN,OTHER,CLEAR,DRY,DARK LIGHTS ON,TRAFFIC SIGNAL,NONE DETECTED,NONE DETECTED,509DF3AE-1744-469E-AA63-0CDDEBB262B4,PEDESTRIAN,Cross/Enter at Intersection,NO IMPROPER ACTIONS,ON ROADWAY AT CROSSWALK,,SUSPECTED MINOR INJURY,N/A,38.98287833,-77.09362,"(38.98287833, -77.09362)"
MCP3136002G,190041527,Montgomery County Police,Injury Crash,08/30/2019 12:11:00 PM,,,,8523 PINEY BRANCH RD (REAR PARKING LOT),,PEDESTRIAN,OTHER,CLEAR,,DAYLIGHT,N/A,NONE DETECTED,ALCOHOL PRESENT,111FAD56-CBF4-451C-B56E-94FDC05D29F4,PEDESTRIAN,Standing,NOT VISIBLE,OTHER,No,SUSPECTED MINOR INJURY,N/A,38.99774447,-77.00260826,"(38.99774447, -77.00260826)"
EJ7809003W,230034946,Gaithersburg Police Depar,Injury Crash,07/22/2023 05:01:00 PM,County,N SUMMIT AVE,PARK AVE,,GAITHERSBURG,OTHER CONVEYANCE,SINGLE VEHICLE,CLEAR,DRY,DAYLIGHT,NO CONTROLS,NONE DETECTED,UNKNOWN,74B7E523-1A69-45EE-B142-7882EBAB01EC,OTHER CONVEYANCE,Walking/Riding w/Traffic,OTHER,ON ROADWAY NOT AT CROSSWALK,Unknown,SUSPECTED MINOR INJURY,NONE,39.14494278,-77.19249225,"(39.14494278, -77.19249225)"
MCP2840000M,15057597,MONTGOMERY,Injury Crash,11/11/2015 05:30:00 PM,County,LOCKWOOD DR,NEW HAMPSHIRE AVE,,N/A,PEDESTRIAN,N/A,N/A,DRY,DUSK,NO CONTROLS,N/A,NONE DETECTED,B398C0C2-16C0-4339-82E1-0DE8E4358016,PEDESTRIAN,Cross/Enter not at Intersection,NOT VISIBLE,UNKNOWN,Yes,POSSIBLE INJURY,NONE,39.04226667,-76.98699167,"(39.04226667, -76.98699167)"
MCP2830001X,16008844,Montgomery County Police,Injury Crash,02/22/2016 11:18:00 AM,,,,18101 PRINCE PHILLIP DR OLNEY MD 20832                  ( MONTGOMERY GENERAL HOSPITAL PARKING LOT),,PEDESTRIAN,OTHER,CLEAR,,DAYLIGHT,NO CONTROLS,NONE DETECTED,NONE DETECTED,761E1C01-377B-441E-BA7C-AA5BA141A795,PEDESTRIAN,Other,OTHER,OTHER,No,POSSIBLE INJURY,NONE,39.14722833,-77.05212,"(39.14722833, -77.05212)"
DD56420015,200012727,Rockville Police Departme,Injury Crash,03/15/2020 12:25:00 PM,Maryland (State),ROCKVILLE PIKE,CHURCH ST,,ROCKVILLE,PEDESTRIAN,OTHER,CLEAR,DRY,DAYLIGHT,TRAFFIC SIGNAL,NONE DETECTED,NONE DETECTED,D38DB6E1-B338-4FB6-825C-748701308AAB,PEDESTRIAN,Cross/Enter at Intersection,NO IMPROPER ACTIONS,AT INTERSECTION MARKED CROSSWALK,No,SUSPECTED MINOR INJURY,N/A,39.08348,-77.1466135,"(39.08348, -77.1466135)"
MCP2094004W,15021686,Montgomery County Police,Injury Crash,05/07/2015 10:20:00 AM,,,,"PARKING LOT OF
 11820 PARKLAWN DR",,OTHER,SINGLE VEHICLE,CLEAR,,DAYLIGHT,N/A,NONE DETECTED,NONE DETECTED,C71C405B-D4EA-4A61-A91A-7F3582F0DDB6,OTHER,N/A,N/A,INSIDE BUILDING,,SUSPECTED MINOR INJURY,N/A,39.27647167,-77.21262167,"(39.27647167, -77.21262167)"
EJ7866004M,180047863,Gaithersburg Police Depar,Injury Crash,09/25/2018 10:44:00 AM,Maryland (State),FREDERICK RD,SPUR TO MD 124,,N/A,PEDESTRIAN,SINGLE VEHICLE,RAINING,WET,DAYLIGHT,YIELD SIGN,NONE DETECTED,NONE DETECTED,207D5091-0CD4-4C60-A836-007DCFEFC03A,PEDESTRIAN,Cross/Enter at Intersection,N/A,ON ROADWAY AT CROSSWALK,No,SUSPECTED MINOR INJURY,N/A,39.123905,-77.18027,"(39.123905, -77.18027)"
MCP3111006F,230006544,Montgomery County Police,Injury Crash,02/09/2023 06:26:00 AM,Maryland (State),ROCKVILLE PIKE,MARINELLI RD,,N/A,PEDESTRIAN,SINGLE VEHICLE,CLOUDY,DRY,DARK LIGHTS ON,TRAFFIC SIGNAL,NONE DETECTED,NONE DETECTED,CAB8E30E-1363-46A1-9ABF-5ABC4339734A,PEDESTRIAN,Cross/Enter at Intersection,INATTENTIVE,ON ROADWAY AT CROSSWALK,Yes,SUSPECTED MINOR INJURY,NONE,39.0474655,-77.1129135,"(39.0474655, -77.1129135)"
MCP26640019,15038081,MONTGOMERY,Injury Crash,08/01/2015 09:54:00 AM,Maryland (State),GEORGIA AVE,SHOREFIELD RD,,N/A,BICYCLIST,SINGLE VEHICLE,CLEAR,DRY,DAYLIGHT,TRAFFIC SIGNAL,NONE DETECTED,NONE DETECTED,3D2D2439-8A41-4E56-B733-9656DBEB9D94,BICYCLIST,Cross/Enter at Intersection,OTHER,AT INTERSECTION MARKED CROSSWALK,Unknown,POSSIBLE INJURY,MC/BIKE HELMET,39.05341,-77.050689,"(39.05341, -77.050689)"
DD5631000W,180036439,Rockville Police Departme,Injury Crash,07/23/2018 02:10:00 PM,,,,"STAPLES PARKING LOT 1531 ROCKVILLE PIKE ROCKVILLE, MD",,PEDESTRIAN,SINGLE VEHICLE,CLEAR,,DAYLIGHT,N/A,NONE DETECTED,NONE DETECTED,95C5A2A2-A22E-4865-9C68-B5367E407F5F,PEDESTRIAN,Other,NO IMPROPER ACTIONS,SIDEWALK,No,SUSPECTED SERIOUS INJURY,N/A,39.06488667,-77.12646333,"(39.06488667, -77.12646333)"
DD55270029,190026677,Rockville Police Departme,Injury Crash,06/05/2019 02:30:00 PM,Maryland (State),FREDERICK RD,WATKINS POND BLVD,,ROCKVILLE,PEDESTRIAN,OTHER,CLEAR,DRY,DAYLIGHT,NO CONTROLS,NONE DETECTED,NONE DETECTED,2E9A9B38-A599-46EF-8CB3-61A36B9A5512,PEDESTRIAN,Cross/Enter not at Intersection,FAILURE TO YIELD RIGHT OF WAY,ON ROADWAY NOT AT CROSSWALK,Yes,SUSPECTED SERIOUS INJURY,NONE,39.11215142,-77.16183609,"(39.11215142, -77.16183609)"
MCP3122003G,200032514,Montgomery County Police,Injury Crash,08/20/2020 11:25:00 AM,Maryland (State),GEORGIA AVE,SHOREFIELD RD,,N/A,PEDESTRIAN,SINGLE VEHICLE,CLEAR,DRY,DAYLIGHT,TRAFFIC SIGNAL,NONE DETECTED,NONE DETECTED,5433E641-5713-4DA0-BDE0-705E3D3C3A46,PEDESTRIAN,Cross/Enter at Intersection,NO IMPROPER ACTIONS,AT INTERSECTION MARKED CROSSWALK,No,SUSPECTED MINOR INJURY,N/A,39.05288667,-77.05112,"(39.05288667, -77.05112)"
MCP9318000L,180031038,Montgomery County Police,Injury Crash,06/23/2018 09:15:00 PM,County,CASTLE BLVD,TEAGARDEN CIR,,N/A,PEDESTRIAN,OTHER,CLEAR,DRY,DARK LIGHTS ON,NO CONTROLS,NONE DETECTED,NONE DETECTED,807E92E1-367B-4EC6-AB7B-D922E23CC8A5,PEDESTRIAN,Cross/Enter not at Intersection,DART DASH,ON ROADWAY NOT AT CROSSWALK,Yes,SUSPECTED SERIOUS INJURY,N/A,39.08186667,-76.94466,"(39.08186667, -76.94466)"
MCP2917002H,180010939,Montgomery County Police,Injury Crash,03/03/2018 04:00:00 PM,County,GRAND PRE RD,BEL PRE RD,,N/A,PEDESTRIAN,OTHER,CLEAR,DRY,DAYLIGHT,NO CONTROLS,NONE DETECTED,NONE DETECTED,E78E761F-2FF7-4606-9E64-C65B56D3F435,PEDESTRIAN,Other,NO IMPROPER ACTIONS,SIDEWALK,No,POSSIBLE INJURY,NONE,39.09123833,-77.07625667,"(39.09123833, -77.07625667)"
EJ7888005C,230065681,Gaithersburg Police Depar,Injury Crash,11/10/2023 06:50:00 PM,,,,PARKING LOT OF 9801 WASHINGTONIAN BLVD,,PEDESTRIAN,OTHER,CLEAR,,DARK LIGHTS ON,NO CONTROLS,UNKNOWN,NONE DETECTED,05D046C7-CC91-4AF0-811E-EB0F8C128355,PEDESTRIAN,Cross/Enter at Intersection,IN ROADWAY IMPROPERLY,SIDEWALK,Yes,SUSPECTED MINOR INJURY,NONE,39.11514581,-77.19761533,"(39.11514581, -77.19761533)"
MCP33200013,220044963,Montgomery County Police,Injury Crash,10/13/2022 09:42:00 PM,Maryland (State),COLESVILLE RD,EAST WEST HWY,,N/A,PEDESTRIAN,OTHER,RAINING,WET,DARK LIGHTS ON,TRAFFIC SIGNAL,NONE DETECTED,NONE DETECTED,6F1AC3AE-CD28-4B88-BDE0-4EAB0EB95A51,PEDESTRIAN,Cross/Enter at Intersection,NO IMPROPER ACTIONS,ON ROADWAY AT CROSSWALK,No,SUSPECTED MINOR INJURY,NONE,38.99355427,-77.03212944,"(38.99355427, -77.03212944)"
MCP2363000K,15053556,Montgomery County Police,Fatal Crash,10/22/2015 06:01:00 AM,US (State),COLUMBIA PIKE,OAK LEAF DR,,N/A,PEDESTRIAN,OTHER,CLEAR,DRY,DARK LIGHTS ON,NO CONTROLS,NONE DETECTED,UNKNOWN,C90C839C-9739-490E-A008-5A22654DE14E,PEDESTRIAN,Other,IN ROADWAY IMPROPERLY,OTHER,Yes,FATAL INJURY,NONE,39.04073629,-76.99623227,"(39.04073629, -76.99623227)"
MCP28820028,180037034,Montgomery County Police,Injury Crash,07/27/2018 03:20:00 PM,County,GERMANTOWN RD,SHAKESPEARE BLVD,,N/A,BICYCLIST,SINGLE VEHICLE,CLEAR,DRY,DAYLIGHT,TRAFFIC SIGNAL,NONE DETECTED,NONE DETECTED,9BF24F9C-1863-49CC-B0F8-5B26FCD77776,BICYCLIST,Walking/Riding w/Traffic,NO IMPROPER ACTIONS,ON ROADWAY AT CROSSWALK,No,SUSPECTED MINOR INJURY,NONE,39.18853496,-77.25182667,"(39.18853496, -77.25182667)"
MCP26080054,230035307,Montgomery County Police,Property Damage Crash,07/24/2023 09:16:00 PM,US (State),COLESVILLE RD,TIMBERWOOD AVE,,N/A,OTHER CONVEYANCE,HEAD ON,CLEAR,DRY,DARK LIGHTS ON,TRAFFIC SIGNAL,NONE DETECTED,N/A,12FA9EE7-3D9E-4FCA-8ECA-E0C888CEF804,OTHER CONVEYANCE,N/A,NO IMPROPER ACTIONS,CURB,No,NO APPARENT INJURY,N/A,39.02419833,-77.011125,"(39.02419833, -77.011125)"
MCP2771001B,220035136,Montgomery County Police,Injury Crash,08/16/2022 11:40:00 AM,Maryland (State),GEORGIA AVE,ENT TO BUSINESS,,N/A,PEDESTRIAN,OTHER,CLEAR,DRY,DAYLIGHT,NO CONTROLS,N/A,N/A,F0ADAB12-353F-48FB-844F-B8212C4A1651,PEDESTRIAN,Walking/Cycling on Sidewalk,NO IMPROPER ACTIONS,SIDEWALK,Unknown,POSSIBLE INJURY,NONE,39.08315,-77.07775,"(39.08315, -77.07775)"
MCP1182003N,210022862,Montgomery County Police,Injury Crash,06/14/2021 08:39:00 AM,County,FOREST PL,FOREST RD,,N/A,PEDESTRIAN,OTHER,CLEAR,DRY,DAYLIGHT,PERSON,UNKNOWN,N/A,6BC4AB50-225A-48EC-ABF1-40B326E810FB,PEDESTRIAN,Other Working,NO IMPROPER ACTIONS,DRIVEWAY ACCESS MARKED CROSSWALK,No,SUSPECTED MINOR INJURY,REFLECTIVE CLOTHING,39.01296,-77.11339667,"(39.01296, -77.11339667)"
MCP2689007X,210040510,Montgomery County Police,Injury Crash,10/10/2021 02:35:00 PM,County,ST JAMES RD,RED CHURCH CT,,N/A,PEDESTRIAN,SINGLE VEHICLE,CLOUDY,DRY,DAYLIGHT,NO CONTROLS,NONE DETECTED,NONE DETECTED,FBF266E7-3E57-46A9-A7AC-54B7507D2D83,PEDESTRIAN,Walking/Riding w/Traffic,NO IMPROPER ACTIONS,SHOULDER,No,SUSPECTED SERIOUS INJURY,NONE,39.05638869,-77.20221929,"(39.05638869, -77.20221929)"
MCP21160086,180011693,Montgomery County Police,Injury Crash,03/08/2018 07:34:00 AM,County,GAINSBOROUGH RD,ENID DR,,N/A,PEDESTRIAN,STRAIGHT MOVEMENT ANGLE,CLEAR,DRY,DAYLIGHT,NO CONTROLS,NONE DETECTED,NONE DETECTED,E5B2A777-D274-40F8-8F3E-04B9B0F380DC,PEDESTRIAN,Walking to/from school,DART DASH,ON ROADWAY NOT AT CROSSWALK,Yes,POSSIBLE INJURY,NONE,39.04629167,-77.16886333,"(39.04629167, -77.16886333)"
MCP2801002N,200005898,Montgomery County Police,Injury Crash,02/04/2020 11:50:00 PM,Maryland (State),NEW HAMPSHIRE AVE,RAMP 4 FR MD 650 NB TO IS 495 EB,,N/A,PEDESTRIAN,STRAIGHT MOVEMENT ANGLE,RAINING,WET,DARK LIGHTS ON,N/A,UNKNOWN,N/A,BAC69C35-134A-4C57-8112-DA0CEEB23C44,PEDESTRIAN,Cross/Enter at Intersection,NO IMPROPER ACTIONS,ON ROADWAY AT CROSSWALK,No,SUSPECTED MINOR INJURY,NONE,39.01597923,-76.97748942,"(39.01597923, -76.97748942)"
MCP2411003L,190037883,Montgomery County Police,Injury Crash,08/08/2019 06:00:00 PM,Municipality,TWINBROOK PKWY,MCAULIFFE DR,,ROCKVILLE,OTHER CONVEYANCE,STRAIGHT MOVEMENT ANGLE,CLEAR,DRY,DAYLIGHT,STOP SIGN,NONE DETECTED,NONE DETECTED,69944254-E773-4E06-8D7D-8AB32C56FA5D,OTHER CONVEYANCE,Cross/Enter at Intersection,NO IMPROPER ACTIONS,AT INTERSECTION BUT NO CROSSWALK,No,SUSPECTED MINOR INJURY,MC/BIKE HELMET,39.07446185,-77.11134739,"(39.07446185, -77.11134739)"
MCP94280013,16023526,Montgomery County Police,Property Damage Crash,05/12/2016 05:35:00 AM,Maryland (State),DAMASCUS RD,CHROME MINE RD,,N/A,IN ANIMAL-DRAWN VEH,STRAIGHT MOVEMENT ANGLE,FOGGY,N/A,DAWN,NO CONTROLS,N/A,N/A,A8C041DC-35A9-405B-8DF4-3B1CC356ABB4,IN ANIMAL-DRAWN VEH,Other,DART DASH,SHOULDER,No,NO APPARENT INJURY,N/A,39.26200167,-77.14981667,"(39.26200167, -77.14981667)"
DD5631002S,190046191,Rockville Police Departme,Property Damage Crash,09/26/2019 03:26:00 PM,Municipality,FALLSGROVE DR,OAK KNOLL DR,,ROCKVILLE,BICYCLIST,OTHER,CLEAR,DRY,DAYLIGHT,STOP SIGN,NONE DETECTED,NONE DETECTED,FED53CBD-78E8-4BE4-A765-31D0BA8E3DAC,BICYCLIST,Cross/Enter at Intersection,NO IMPROPER ACTIONS,N/A,No,NO APPARENT INJURY,NONE,39.09560167,-77.19220333,"(39.09560167, -77.19220333)"
MCP9318000N,180039836,Montgomery County Police,Property Damage Crash,08/10/2018 08:45:00 PM,,,,"VEH CRASH INTO 3952 ANGELTON CT, BURTONSVILLE MD",,OTHER,SINGLE VEHICLE,CLEAR,,DARK LIGHTS ON,N/A,NONE DETECTED,N/A,9323A20D-F2CC-42FC-A235-302D1FDF0FC2,OTHER,N/A,NO IMPROPER ACTIONS,N/A,No,NO APPARENT INJURY,N/A,39.08890333,-76.93335,"(39.08890333, -76.93335)"
EJ78840035,210044861,Gaithersburg Police Depar,Injury Crash,11/05/2021 05:12:00 PM,Maryland (State),CLOPPER RD,SPUR FR MD 124,,N/A,PEDESTRIAN,SINGLE VEHICLE,CLEAR,DRY,DAYLIGHT,TRAFFIC SIGNAL,NONE DETECTED,N/A,11E656AA-A656-4325-879E-CD3C4A5AF621,PEDESTRIAN,Cross/Enter at Intersection,UNKNOWN,ON ROADWAY AT CROSSWALK,Unknown,NO APPARENT INJURY,NONE,39.14250693,-77.22108205,"(39.14250693, -77.22108205)"
MCP235300C7,230053644,Montgomery County Police,Injury Crash,09/07/2023 01:29:00 PM,Maryland (State),WISCONSIN AVE,WILLOW LA,,N/A,PEDESTRIAN,SINGLE VEHICLE,CLOUDY,DRY,DAYLIGHT,OTHER,NONE DETECTED,NONE DETECTED,5AC1AF93-0634-49B7-84BA-E9268F4E22A5,PEDESTRIAN,Cross/Enter at Intersection,FAILURE TO OBEY TRAFFIC SIGNS SIGNALS OR OFFICER,OTHER,Yes,SUSPECTED MINOR INJURY,NONE,38.98128283,-77.09254467,"(38.98128283, -77.09254467)"
MCP3000002N,190026219,Montgomery County Police,Injury Crash,06/01/2019 10:27:00 PM,County,MIDDLEBROOK RD,WARING STATION RD,,N/A,PEDESTRIAN,SINGLE VEHICLE,CLEAR,DRY,DARK LIGHTS ON,TRAFFIC SIGNAL,NONE DETECTED,NONE DETECTED,12862211-19AD-42F6-B77A-10BA5F788CB0,PEDESTRIAN,Cross/Enter at Intersection,OTHER,AT INTERSECTION MARKED CROSSWALK,No,SUSPECTED MINOR INJURY,N/A,39.17525182,-77.25361113,"(39.17525182, -77.25361113)"
MCP30330012,170509475,Montgomery County Police,Injury Crash,05/23/2017 07:23:00 PM,,,,PARKING LOT OF 8860 PINEY BRANCH ROAD,,PEDESTRIAN,OTHER,RAINING,,DARK LIGHTS ON,NO CONTROLS,UNKNOWN,NONE DETECTED,0BDF779E-55BF-4F80-AE57-5F44B010272D,PEDESTRIAN,Other,NO IMPROPER ACTIONS,OTHER,No,SUSPECTED MINOR INJURY,NONE,39.00080545,-76.99174225,"(39.00080545, -76.99174225)"
MCP29270010,16026289,Montgomery County Police,Property Damage Crash,05/26/2016 08:02:00 PM,County,WAYNE AVE,SLIGO CREEK PKWY,,N/A,BICYCLIST,HEAD ON LEFT TURN,CLEAR,DRY,DAYLIGHT,TRAFFIC SIGNAL,NONE DETECTED,NONE DETECTED,EFC21E43-6AA4-4479-B31D-D841A71EB42F,BICYCLIST,Cross/Enter at Intersection,NO IMPROPER ACTIONS,ON ROADWAY AT CROSSWALK,No,NO APPARENT INJURY,MC/BIKE HELMET,38.99964857,-77.01058343,"(38.99964857, -77.01058343)"
MCP29360046,200045110,Montgomery County Police,Injury Crash,11/15/2020 04:30:00 PM,Maryland (State),ROCKVILLE PIKE,ENT TO NATIONAL NAVAL MEDICAL CTR,,N/A,BICYCLIST,STRAIGHT MOVEMENT ANGLE,CLOUDY,DRY,DAYLIGHT,TRAFFIC SIGNAL,NONE DETECTED,NONE DETECTED,C36FD9C1-307D-47BA-B01D-5A971F529E95,BICYCLIST,Cross/Enter at Intersection,NO IMPROPER ACTIONS,ON ROADWAY AT CROSSWALK,No,SUSPECTED MINOR INJURY,OTHER,39.004705,-77.09712333,"(39.004705, -77.09712333)"
MCP3018000H,17011232,Montgomery County Police,Injury Crash,03/03/2017 05:35:00 AM,,BEL PRE RD,SUN VALLEY CIR,,N/A,PEDESTRIAN,OTHER,OTHER,WET,DARK LIGHTS ON,NO CONTROLS,NONE DETECTED,NONE DETECTED,5F454389-13C8-4CE6-8DED-A3601D644F72,PEDESTRIAN,Cross/Enter not at Intersection,FAILURE TO YIELD RIGHT OF WAY,ON ROADWAY NOT AT CROSSWALK,Yes,POSSIBLE INJURY,NONE,39.09050051,-77.04785943,"(39.09050051, -77.04785943)"
MCP33420009,220045119,Montgomery County Police,Injury Crash,10/14/2022 06:32:00 PM,Maryland (State),NEW HAMPSHIRE AVE,ASHTON OAKS CT,,N/A,PEDESTRIAN,SINGLE VEHICLE,CLEAR,DRY,DARK NO LIGHTS,NO CONTROLS,NONE DETECTED,ALCOHOL PRESENT,EE675A5C-AE35-4AB1-9381-89535E31068D,PEDESTRIAN,Walking/Riding w/Traffic,DART DASH,ON ROADWAY NOT AT CROSSWALK,Yes,SUSPECTED SERIOUS INJURY,NONE,39.15768979,-77.01388182,"(39.15768979, -77.01388182)"