Report Number,Local Case Number,Agency Name,ACRS Report Type,Crash Date/Time,Route Type,Road Name,Cross-Street Name,Off-Road Description,Municipality,Related Non-Motorist,Collision Type,Weather,Surface Condition,Light,Traffic Control,Driver Substance Abuse,Non-Motorist Substance Abuse,Person ID,Pedestrian Type,Pedestrian Movement,Pedestrian Actions,Pedestrian Location,At Fault,Injury Severity,Safety Equipment,Latitude,Longitude,Location
MCP2769000N,15003271,Montgomery County Police,Injury Crash,01/20/2015 09:13:00 PM,,,,PARKING LOT @ 237 KENTLANDS BLVD,,PEDESTRIAN,OTHER,CLEAR,,DARK LIGHTS ON,N/A,N/A,N/A,C28CC53B-7A2B-424F-810F-2D07C0BC45C8,PEDESTRIAN,Cross/Enter at Intersection,NO IMPROPER ACTIONS,OUTSIDE RIGHT OF WAY,,POSSIBLE INJURY,N/A,39.12499,-77.239035,"(39.12499, -77.239035)"
MCP1323001N,220002521,Montgomery County Police,Property Damage Crash,01/20/2022 02:30:00 PM,Maryland (State),COLESVILLE RD,EAST WEST HWY,,N/A,BICYCLIST,SAME DIRECTION SIDESWIPE,CLOUDY,WET,DAYLIGHT,TRAFFIC SIGNAL,NONE DETECTED,NONE DETECTED,FA4F0B13-20B2-4B19-B9A4-2D548F3E562E,BICYCLIST,Cross/Enter at Intersection,UNKNOWN,ON ROADWAY AT CROSSWALK,Unknown,NO APPARENT INJURY,MC/BIKE HELMET,38.99419,-77.03125333,"(38.99419, -77.03125333)"
DM8499000V,220010088,Takoma Park Police Depart,Injury Crash,03/09/2022 07:32:00 AM,County,RAY DR,PINEY BRANCH RD,,N/A,PEDESTRIAN,OTHER,RAINING,WET,DAYLIGHT,SCHOOL ZONE SIGN DEVICE,N/A,N/A,70E3C7D3-41B5-4E52-8F8D-06CAE781EE53,PEDESTRIAN,Walking to/from school,UNKNOWN,ON ROADWAY AT CROSSWALK,No,POSSIBLE INJURY,UNKNOWN,38.98594162,-77.01355269,"(38.98594162, -77.01355269)"
MCP28680027,17005637,Montgomery County Police,Injury Crash,02/01/2017 05:31:00 PM,County,WAVERLY ST,MONTGOMERY AVE,,N/A,PEDESTRIAN,SINGLE VEHICLE,CLEAR,DRY,DUSK,TRAFFIC SIGNAL,NONE DETECTED,N/A,3C6E83EC-F36F-4E02-A86F-0CF79C7EA835,PEDESTRIAN,Cross/Enter at Intersection,NO IMPROPER ACTIONS,ON ROADWAY AT CROSSWALK,No,SUSPECTED MINOR INJURY,NONE,38.98410167,-77.09234333,"(38.98410167, -77.09234333)"
MCP33040008,210030742,Montgomery County Police,Injury Crash,08/07/2021 08:56:00 PM,Maryland (State),EAST WEST HWY (W/B COUPLET),WAVERLY ST,,N/A,PEDESTRIAN,SAME DIRECTION LEFT TURN,CLEAR,DRY,DARK LIGHTS ON,TRAFFIC SIGNAL,NONE DETECTED,UNKNOWN,B9FC02F1-E9C9-4521-91B0-693AD2838DF1,PEDESTRIAN,Walking/Riding w/Traffic,NO IMPROPER ACTIONS,AT INTERSECTION MARKED CROSSWALK,No,SUSPECTED MINOR INJURY,NONE,38.98481033,-77.0923015,"(38.98481033, -77.0923015)"
MCP0113001N,170533371,Montgomery County Police,Injury Crash,09/27/2017 09:26:00 AM,County,JONES BRIDGE RD,JONES MILL RD,,N/A,PEDESTRIAN,SINGLE VEHICLE,CLEAR,DRY,DAYLIGHT,TRAFFIC SIGNAL,NONE DETECTED,NONE DETECTED,F556ADEF-C1F1-4325-BF1F-A26017DE8677,PEDESTRIAN,Cross/Enter at Intersection,FAILURE TO OBEY TRAFFIC SIGNS SIGNALS OR OFFICER,ON ROADWAY AT CROSSWALK,Yes,SUSPECTED MINOR INJURY,NONE,38.99802833,-77.06607667,"(38.99802833, -77.06607667)"
MCP2892006C,190019593,Montgomery County Police,Injury Crash,04/26/2019 03:16:00 PM,County,SPRING ST,CAMERON ST,,N/A,PEDESTRIAN,OTHER,RAINING,WET,DAYLIGHT,TRAFFIC SIGNAL,NONE DETECTED,NONE DETECTED,D246FFB4-79BE-4918-A50D-7AE6AD238C87,PEDESTRIAN,Cross/Enter at Intersection,NO IMPROPER ACTIONS,ON ROADWAY AT CROSSWALK,No,POSSIBLE INJURY,NONE,38.99965111,-77.02785858,"(38.99965111, -77.02785858)"
HA24770003,20002031,Maryland-National Capital,Injury Crash,08/25/2020 07:53:00 AM,Government,BEACH DR,WEXFORD DR,,N/A,BICYCLIST,ANGLE MEETS RIGHT TURN,CLEAR,DRY,DAYLIGHT,STOP SIGN,NONE DETECTED,NONE DETECTED,A850809D-4628-439A-943F-F6D9A8BA2202,BICYCLIST,Walking/Riding w/Traffic,NO IMPROPER ACTIONS,AT INTERSECTION BUT NO CROSSWALK,No,POSSIBLE INJURY,MC/BIKE HELMET,39.03618719,-77.08453341,"(39.03618719, -77.08453341)"
HA23300007,15000703,Maryland-National Capital,Injury Crash,07/06/2015 10:11:00 AM,Maryland (State),UNIVERSITY BLVD W,SLIGO CREEK PKWY,,N/A,PEDESTRIAN,OTHER,CLEAR,DRY,DAYLIGHT,TRAFFIC SIGNAL,NONE DETECTED,NONE DETECTED,43B919F3-198F-4AAB-B2D9-18797A218B3F,PEDESTRIAN,Other,OTHER,OTHER,Yes,SUSPECTED MINOR INJURY,N/A,39.07366167,-77.00741167,"(39.07366167, -77.00741167)"
MCP2977007X,200051049,Montgomery County Police,Injury Crash,12/28/2020 01:51:00 PM,US (State),COLESVILLE RD,SOUTHWOOD AVE,,N/A,PEDESTRIAN,OTHER,CLEAR,DRY,DAYLIGHT,NO CONTROLS,N/A,N/A,15DC7ABD-53B0-4B27-8158-B8D4F3370060,PEDESTRIAN,Getting off/on Vehicle,ENTERING EXITING PARKED STANDING VEHICLE,OTHER,Yes,SUSPECTED MINOR INJURY,NONE,39.02638346,-77.01059628,"(39.02638346, -77.01059628)"
MCP115100CL,210039551,Montgomery County Police,Injury Crash,10/05/2021 07:25:00 AM,,,,PARKING LOT OF 12850 MIDDLEBROOK ROAD,,OTHER CONVEYANCE,STRAIGHT MOVEMENT ANGLE,CLEAR,,DAYLIGHT,STOP SIGN,NONE DETECTED,NONE DETECTED,AB3D6AA6-C594-4331-909A-4E8B524166BE,OTHER CONVEYANCE,Cross/Enter at Intersection,FAILURE TO YIELD RIGHT OF WAY,OTHER,Yes,SUSPECTED MINOR INJURY,NONE,39.17687833,-77.2663,"(39.17687833, -77.2663)"
MCP3127002Q,230061478,Montgomery County Police,Injury Crash,10/19/2023 03:54:00 PM,Maryland (State),EAST WEST HWY,GRUBB RD,,N/A,PEDESTRIAN,OTHER,CLEAR,DRY,DAYLIGHT,TRAFFIC SIGNAL,NONE DETECTED,NONE DETECTED,A10B41CC-0479-4A64-8EFB-69211F13AE07,PEDESTRIAN,Cross/Enter at Intersection,DART DASH,ON ROADWAY AT CROSSWALK,Yes,SUSPECTED MINOR INJURY,NONE,38.99385617,-77.0514365,"(38.99385617, -77.0514365)"
MCP22980098,16041928,Montgomery County Police,Injury Crash,08/18/2016 01:00:00 PM,County,SHAKESPEARE BLVD,FREDERICK RD,,N/A,BICYCLIST,OTHER,CLEAR,DRY,N/A,TRAFFIC SIGNAL,NONE DETECTED,N/A,08281D21-C5D4-407C-BA37-460388DBC3FA,BICYCLIST,Cross/Enter at Intersection,NO IMPROPER ACTIONS,ON ROADWAY AT CROSSWALK,No,POSSIBLE INJURY,MC/BIKE HELMET,39.19834669,-77.24505812,"(39.19834669, -77.24505812)"
MCP9419001S,180043414,Montgomery County Police,Injury Crash,08/31/2018 09:55:00 AM,County,SEVEN LOCKS RD,MONTROSE RD,,N/A,PEDESTRIAN,OTHER,CLEAR,DRY,DAYLIGHT,TRAFFIC SIGNAL,NONE DETECTED,NONE DETECTED,09EB4AAA-A314-4699-BFBD-FDD705EA7696,PEDESTRIAN,Other Working,N/A,ON ROADWAY NOT AT CROSSWALK,Yes,SUSPECTED MINOR INJURY,REFLECTIVE CLOTHING,39.05682167,-77.16154333,"(39.05682167, -77.16154333)"
MCP28970021,200024556,Montgomery County Police,Injury Crash,06/23/2020 03:12:00 PM,,,,PARKING LOT IN FRONT OF 19564 CRYSTAL ROCK DR.,,BICYCLIST,SINGLE VEHICLE,CLEAR,,DAYLIGHT,N/A,NONE DETECTED,NONE DETECTED,AB66906C-BB6E-4046-80A9-FE83CC720429,BICYCLIST,Playing,FAILURE TO YIELD RIGHT OF WAY,OTHER,Yes,SUSPECTED MINOR INJURY,NONE,39.17790667,-77.26241167,"(39.17790667, -77.26241167)"
DM8479001C,220021661,Takoma Park Police Depart,Injury Crash,05/21/2022 10:12:00 AM,,,,PARKING LOT,,PEDESTRIAN,N/A,N/A,,DAYLIGHT,NO CONTROLS,NONE DETECTED,NONE DETECTED,4A07043C-64F7-4703-8B5B-E53C84C844B2,PEDESTRIAN,Other,OTHER,OTHER,Unknown,POSSIBLE INJURY,NONE,38.98664837,-76.98786523,"(38.98664837, -76.98786523)"
MCP2739003R,200051544,Montgomery County Police,Injury Crash,12/31/2020 11:12:00 PM,US (State),COLESVILLE RD,CRESTMOOR DR,,N/A,BICYCLIST,SAME DIR REAR END,CLEAR,DRY,DARK LIGHTS ON,NO CONTROLS,OTHER,N/A,AE93E677-84E8-4E5D-9B89-7395C535CD08,BICYCLIST,Walking/Riding w/Traffic,N/A,SHOULDER,No,SUSPECTED MINOR INJURY,REFLECTIVE CLOTHING,39.030665,-77.00602,"(39.030665, -77.00602)"
DD5527004T,230052328,Rockville Police Departme,Injury Crash,08/30/2023 09:00:00 PM,,,,PARKING LOT OF 845 ROCKVILLE PIKE ROCKVILLE MD 20850,,PEDESTRIAN,OTHER,CLEAR,,DARK LIGHTS ON,NO CONTROLS,NONE DETECTED,NONE DETECTED,48E19622-A231-4505-8A89-77F642A45219,PEDESTRIAN,Cross/Enter not at Intersection,NO IMPROPER ACTIONS,ON ROADWAY NOT AT CROSSWALK,No,NO APPARENT INJURY,NONE,39.07432118,-77.13761745,"(39.07432118, -77.13761745)"
MCP2536000D,15040498,MONTGOMERY,Injury Crash,08/14/2015 03:20:00 AM,Maryland (State),VEIRS MILL RD,FERRARA AVE,,N/A,PEDESTRIAN,OTHER,CLEAR,DRY,DARK LIGHTS ON,NO CONTROLS,N/A,ALCOHOL PRESENT,A914D581-187F-4FA0-811F-504C65439D90,PEDESTRIAN,Walking/Cycling on Sidewalk,NO IMPROPER ACTIONS,SIDEWALK,No,SUSPECTED MINOR INJURY,NONE,39.05307167,-77.077145,"(39.05307167, -77.077145)"
MCP2780005H,210035455,Montgomery County Police,Injury Crash,09/09/2021 02:25:00 PM,County,SHAKESPEARE BLVD,OBSERVATION DR,,N/A,PEDESTRIAN,SINGLE VEHICLE,CLOUDY,DRY,DAYLIGHT,N/A,N/A,N/A,8E300ADF-0610-4D1A-8582-183B317AB2B8,PEDESTRIAN,Cross/Enter at Intersection,NO IMPROPER ACTIONS,ON ROADWAY AT CROSSWALK,No,POSSIBLE INJURY,N/A,39.19734167,-77.25220833,"(39.19734167, -77.25220833)"
MCP2800001W,15013639,Montgomery County Police,Injury Crash,03/24/2015 05:15:00 PM,Maryland (State),OLD GEORGETOWN RD,LONE OAK DR,,N/A,PEDESTRIAN,OTHER,CLEAR,DRY,DAYLIGHT,TRAFFIC SIGNAL,UNKNOWN,NONE DETECTED,E08F5CF5-3018-47C0-A751-4089663C4FDE,PEDESTRIAN,Cross/Enter at Intersection,NO IMPROPER ACTIONS,ON ROADWAY AT CROSSWALK,,POSSIBLE INJURY,N/A,39.02067667,-77.122255,"(39.02067667, -77.122255)"
MCP9301004L,230050284,Montgomery County Police,Injury Crash,08/19/2023 08:00:00 PM,Maryland (State),W DIAMOND AVE,BUREAU DR,,GAITHERSBURG,BICYCLIST,OTHER,N/A,DRY,DARK LIGHTS ON,TRAFFIC SIGNAL,N/A,N/A,F03757DD-014A-4723-852E-9187E9283F26,BICYCLIST,Walking/Riding against Traffic,IN ROADWAY IMPROPERLY,ON ROADWAY AT CROSSWALK,Yes,SUSPECTED MINOR INJURY,NONE,39.14180941,-77.21738014,"(39.14180941, -77.21738014)"
MCP3059003G,180063871,Montgomery County Police,Injury Crash,12/21/2018 07:00:00 PM,,,,PARKING LOT OF 13615 GEORGIA AVE,,PEDESTRIAN,OTHER,CLEAR,,DUSK,N/A,UNKNOWN,NONE DETECTED,F683236B-C907-44F5-AAC6-A26AF23F65AB,PEDESTRIAN,Walking/Cycling on Sidewalk,NO IMPROPER ACTIONS,SIDEWALK,No,POSSIBLE INJURY,N/A,39.07891152,-77.07230682,"(39.07891152, -77.07230682)"
MCP2667006J,190048595,Montgomery County Police,Injury Crash,10/10/2019 05:30:00 AM,County,OAKMONT AVE,RAILROAD ST,,N/A,PEDESTRIAN,OTHER,CLEAR,DRY,DARK NO LIGHTS,N/A,NONE DETECTED,NONE DETECTED,0A39FED6-93C6-4BED-BE1F-33D8E18D9C0C,PEDESTRIAN,Standing,IN ROADWAY IMPROPERLY,ON ROADWAY NOT AT CROSSWALK,Yes,SUSPECTED SERIOUS INJURY,NONE,39.13180626,-77.17504441,"(39.13180626, -77.17504441)"
MCP32790011,220004942,Montgomery County Police,Injury Crash,02/04/2022 10:43:00 PM,County,RANDOLPH RD,BENNION RD,,N/A,PEDESTRIAN,HEAD ON,CLEAR,DRY,DARK NO LIGHTS,N/A,NONE DETECTED,NONE DETECTED,4924D8BA-ACDF-4FCB-81B7-0D43672955CE,PEDESTRIAN,Getting off/on Vehicle,IN ROADWAY IMPROPERLY,ON ROADWAY NOT AT CROSSWALK,Yes,SUSPECTED SERIOUS INJURY,N/A,39.05491713,-77.08482227,"(39.05491713, -77.08482227)"
MCP94240022,190004073,Montgomery County Police,Injury Crash,01/26/2019 12:40:00 AM,,,,PARKING LOT OF 9801 BETHESDA CHURCH ROAD,,PEDESTRIAN,SINGLE VEHICLE,CLEAR,,DARK LIGHTS ON,N/A,NONE DETECTED,NONE DETECTED,DB1295CF-1299-4DD4-88C6-65D9CF01B7DD,PEDESTRIAN,Unknown,N/A,OTHER,Unknown,SUSPECTED MINOR INJURY,NONE,39.28356667,-77.20274667,"(39.28356667, -77.20274667)"
MCP3064001T,190007943,Montgomery County Police,Injury Crash,02/19/2019 07:30:00 AM,County,MONTICELLO AVE,KERSEY RD,,N/A,PEDESTRIAN,SINGLE VEHICLE,CLEAR,DRY,DAYLIGHT,STOP SIGN,NONE DETECTED,NONE DETECTED,D1D9EDFB-7C38-4B77-A3C2-8B4801E49747,PEDESTRIAN,Cross/Enter at Intersection,OTHER,AT INTERSECTION BUT NO CROSSWALK,No,SUSPECTED MINOR INJURY,NONE,39.043759,-77.02953433,"(39.043759, -77.02953433)"
MCP3201003M,230003047,Montgomery County Police,Injury Crash,01/19/2023 12:01:00 PM,County,MIDDLEBROOK RD,CROSSRIDGE DR,,N/A,PEDESTRIAN,SINGLE VEHICLE,CLOUDY,WET,DAYLIGHT,STOP SIGN,NONE DETECTED,NONE DETECTED,E47690DB-0967-403B-9456-9E3F3709FB90,PEDESTRIAN,Cross/Enter at Intersection,NO IMPROPER ACTIONS,ON ROADWAY AT CROSSWALK,No,POSSIBLE INJURY,NONE,39.174774,-77.259127,"(39.174774, -77.259127)"
MCP2864001H,15065163,MONTGOMERY,Injury Crash,12/20/2015 07:34:00 PM,Maryland (State),ROCKVILLE PIKE,HALPINE RD,,ROCKVILLE,PEDESTRIAN,OTHER,CLEAR,DRY,DARK LIGHTS ON,TRAFFIC SIGNAL,NONE DETECTED,NONE DETECTED,E8D5A850-15C1-405B-9CD7-7EDFA294EAC3,PEDESTRIAN,Cross/Enter at Intersection,NO IMPROPER ACTIONS,ON ROADWAY AT CROSSWALK,No,SUSPECTED MINOR INJURY,NONE,39.06229667,-77.1241,"(39.06229667, -77.1241)"
MCP32400015,200035785,Montgomery County Police,Injury Crash,09/12/2020 03:30:00 PM,,,,PARKING LOT OF HOME DEPOT 21010 FREDERICK RD,,PEDESTRIAN,OTHER,N/A,,DAYLIGHT,NO CONTROLS,N/A,N/A,01C6FD6A-9A38-4C9C-8630-F50220BAB394,PEDESTRIAN,Push/Work on Vehicle,NO IMPROPER ACTIONS,OTHER,No,POSSIBLE INJURY,N/A,39.20145504,-77.2485474,"(39.20145504, -77.2485474)"
MCP3163005V,230054916,Montgomery County Police,Injury Crash,09/14/2023 06:49:00 PM,County,ASHLEY DR,CREEK SHORE DR,,N/A,PEDESTRIAN,STRAIGHT MOVEMENT ANGLE,CLEAR,DRY,DAYLIGHT,N/A,N/A,N/A,A88FDE59-B28B-4EEA-9738-1A1BCC16258E,PEDESTRIAN,Playing,DART DASH,ON ROADWAY NOT AT CROSSWALK,Yes,POSSIBLE INJURY,NONE,39.04202183,-77.09122733,"(39.04202183, -77.09122733)"
MCP12510018,170543897,Montgomery County Police,Injury Crash,11/20/2017 02:14:00 PM,County,DUFIEF MILL RD,TRAVILAH RD,,N/A,BICYCLIST,SAME DIR REAR END,CLEAR,DRY,DAYLIGHT,NO CONTROLS,NONE DETECTED,NONE DETECTED,6A718394-A609-4378-9019-0F7DC219870F,BICYCLIST,Walking/Riding w/Traffic,NO IMPROPER ACTIONS,SHOULDER,No,SUSPECTED MINOR INJURY,MC/BIKE HELMET,39.08093667,-77.25052833,"(39.08093667, -77.25052833)"
MCP3040003F,190019668,Montgomery County Police,Injury Crash,04/26/2019 10:00:00 PM,,,,DRIVEWAY OF 23001 HOWARD CHAPEL RD,,PEDESTRIAN,N/A,CLEAR,,DARK NO LIGHTS,N/A,N/A,N/A,98711C8C-DD35-4B0E-A47A-75C4C5151DB6,PEDESTRIAN,Other,NO IMPROPER ACTIONS,OTHER,No,POSSIBLE INJURY,N/A,39.23350333,-77.07254667,"(39.23350333, -77.07254667)"
EJ78530024,17007184,Gaithersburg Police Depar,Injury Crash,02/12/2017 06:30:00 AM,,,,"408 N. FREDERICK AVE. GAITHERSBURG, MARYLAND 20877",,PEDESTRIAN,OTHER,N/A,,N/A,NO CONTROLS,N/A,NONE DETECTED,666DEC13-F939-4F91-B1C1-7F1C5B0701F3,PEDESTRIAN,Standing,OTHER,OTHER,No,POSSIBLE INJURY,NONE,39.139945,-77.19556833,"(39.139945, -77.19556833)"
MCP3254003F,230056238,Montgomery County Police,Injury Crash,09/28/2023 07:26:00 AM,Municipality,FIRSTFIELD RD,SPUR TO QUINCE ORCHARD BLVD,,N/A,BICYCLIST,SAME DIRECTION RIGHT TURN,CLEAR,DRY,DAYLIGHT,UNKNOWN,UNKNOWN,NONE DETECTED,0CF8C92B-507B-4909-9771-71A456855ABD,BICYCLIST,Walking/Riding w/Traffic,NO IMPROPER ACTIONS,ON ROADWAY NOT AT CROSSWALK,No,SUSPECTED SERIOUS INJURY,MC/BIKE HELMET,39.14253641,-77.22448063,"(39.14253641, -77.22448063)"
MCP3089001P,180041729,Montgomery County Police,Injury Crash,08/22/2018 08:00:00 AM,County,THAYER AVE,FENTON ST,,N/A,BICYCLIST,OTHER,N/A,DRY,DAYLIGHT,TRAFFIC SIGNAL,N/A,N/A,9AECDAB3-4C7B-4385-9509-F4CDF0168527,BICYCLIST,Walking/Riding w/Traffic,NO IMPROPER ACTIONS,SHOULDER,No,SUSPECTED MINOR INJURY,N/A,38.99449667,-77.03050833,"(38.99449667, -77.03050833)"
MCP2635006F,200036642,Montgomery County Police,Injury Crash,09/18/2020 04:40:00 PM,County,BROOKEVILLE RD,ZION RD,,N/A,BICYCLIST,STRAIGHT MOVEMENT ANGLE,CLEAR,DRY,DAYLIGHT,STOP SIGN,N/A,N/A,207482C3-3A54-4593-9508-80065812DCF8,BICYCLIST,Cross/Enter at Intersection,FAILURE TO OBEY TRAFFIC SIGNS SIGNALS OR OFFICER,AT INTERSECTION BUT NO CROSSWALK,Yes,SUSPECTED MINOR INJURY,MC/BIKE HELMET,39.1849163,-77.1008186,"(39.1849163, -77.1008186)"
MCP3060002M,190052561,Montgomery County Police,Injury Crash,11/01/2019 06:45:00 AM,County,WARREN ST,SEMINARY RD,,N/A,PEDESTRIAN,OTHER,CLEAR,DRY,DAWN,STOP SIGN,N/A,N/A,850D73F2-5F47-42E6-88C2-BC8FC6E57ED4,PEDESTRIAN,Getting off/on Vehicle,DART DASH,UNKNOWN,Yes,SUSPECTED MINOR INJURY,NONE,39.01062627,-77.04841232,"(39.01062627, -77.04841232)"
MCP27260054,200036436,Montgomery County Police,Injury Crash,09/17/2020 12:09:00 PM,Maryland (State),ROCKVILLE PIKE,HUBBARD DR,,N/A,BICYCLIST,OTHER,CLEAR,DRY,DAYLIGHT,TRAFFIC SIGNAL,NONE DETECTED,NONE DETECTED,873A68EE-2493-4F0D-847F-5FEB1135008C,BICYCLIST,Cross/Enter at Intersection,NO IMPROPER ACTIONS,SIDEWALK,No,SUSPECTED MINOR INJURY,MC/BIKE HELMET,39.05494107,-77.11835683,"(39.05494107, -77.11835683)"
MCP2789003N,170521502,Montgomery County Police,Injury Crash,07/27/2017 05:07:00 PM,County,THAYER AVE,MAYOR LA,,N/A,PEDESTRIAN,SINGLE VEHICLE,CLEAR,DRY,DAYLIGHT,NO CONTROLS,N/A,N/A,5E583374-03F8-4A27-82CD-B56A268FE257,PEDESTRIAN,Cross/Enter not at Intersection,NOT VISIBLE,ON ROADWAY NOT AT CROSSWALK,Yes,POSSIBLE INJURY,NONE,38.99309167,-77.025915,"(38.99309167, -77.025915)"
MCP2973000Y,15062871,MONTGOMERY,Injury Crash,12/09/2015 02:20:00 PM,County,ASPEN HILL RD,CONNECTICUT AVE,,N/A,PEDESTRIAN,OTHER,CLOUDY,DRY,DAYLIGHT,OTHER,NONE DETECTED,NONE DETECTED,84E722CA-5700-4216-87B0-7C9714E1C7C5,PEDESTRIAN,Cross/Enter at Intersection,NO IMPROPER ACTIONS,ON ROADWAY AT CROSSWALK,No,POSSIBLE INJURY,NONE,39.08028854,-77.07865119,"(39.08028854, -77.07865119)"
MCP2134000L,16010777,MONTGOMERY,Fatal Crash,03/04/2016 07:55:00 AM,County,E RANDOLPH RD,WITHAN DR,,N/A,PEDESTRIAN,OTHER,N/A,WET,DAYLIGHT,NO CONTROLS,NONE DETECTED,UNKNOWN,4B7B9650-F435-4269-B4B9-090FFE01F17B,PEDESTRIAN,Cross/Enter at Intersection,UNKNOWN,AT INTERSECTION MARKED CROSSWALK,Unknown,FATAL INJURY,N/A,39.06569359,-76.9736588,"(39.06569359, -76.9736588)"
MCP1453007W,190051042,Montgomery County Police,Injury Crash,10/24/2019 06:05:00 AM,Maryland (State),CLOPPER RD,ENT TO BUSINESS,,N/A,PEDESTRIAN,SINGLE VEHICLE,CLOUDY,DRY,DARK LIGHTS ON,NO CONTROLS,NONE DETECTED,NONE DETECTED,616FEABB-ECDF-4340-A058-41344BC1F094,PEDESTRIAN,Cross/Enter at Intersection,NO IMPROPER ACTIONS,AT INTERSECTION BUT NO CROSSWALK,No,SUSPECTED MINOR INJURY,N/A,39.15657,-77.26578333,"(39.15657, -77.26578333)"
MCP2861004Y,210030265,Montgomery County Police,Injury Crash,08/04/2021 03:17:00 PM,,,,SIDEWALK BY 4710 BETHESDA AVE,,BICYCLIST,OTHER,CLEAR,,DAYLIGHT,OTHER,NONE DETECTED,NONE DETECTED,DC2DD3C2-3BDD-4E79-9E72-E91F26A4F1A8,BICYCLIST,Walking/Riding against Traffic,INATTENTIVE,SIDEWALK,Unknown,SUSPECTED MINOR INJURY,NONE,38.981225,-77.094355,"(38.981225, -77.094355)"
EJ7882000W,210013988,Gaithersburg Police Depar,Injury Crash,04/14/2021 08:37:00 PM,County,LOST KNIFE RD,ODENDHAL AVE,,N/A,PEDESTRIAN,OTHER,RAINING,WET,DARK LIGHTS ON,TRAFFIC SIGNAL,NONE DETECTED,NONE DETECTED,9617B277-2329-43B8-BC92-CE65EE1AF90A,PEDESTRIAN,Cross/Enter at Intersection,NO IMPROPER ACTIONS,AT INTERSECTION MARKED CROSSWALK,No,SUSPECTED MINOR INJURY,NONE,39.15244545,-77.19853331,"(39.15244545, -77.19853331)"
MCP3044005X,220046657,Montgomery County Police,Injury Crash,10/24/2022 04:04:00 PM,County,ROBEY RD,PALMER HOUSE WAY,,N/A,PEDESTRIAN,OTHER,CLEAR,DRY,DAYLIGHT,NO CONTROLS,NONE DETECTED,NONE DETECTED,32338FCB-5F7D-4A92-994E-7A5AF46329C7,PEDESTRIAN,Cross/Enter not at Intersection,DART DASH,ON ROADWAY NOT AT CROSSWALK,Yes,SUSPECTED MINOR INJURY,NONE,39.08166168,-76.94116653,"(39.08166168, -76.94116653)"
MCP27400016,15055621,MONTGOMERY,Injury Crash,11/01/2015 05:52:00 PM,Maryland (State),UNIVERSITY BLVD E,FORSTON DR,,N/A,BICYCLIST,N/A,CLEAR,DRY,DARK NO LIGHTS,N/A,NONE DETECTED,NONE DETECTED,1E6773F8-B53E-4B4A-B108-1BBAA49C2C0C,BICYCLIST,Cross/Enter at Intersection,NO IMPROPER ACTIONS,ON ROADWAY AT CROSSWALK,No,SUSPECTED MINOR INJURY,NONE,38.99483118,-76.99300289,"(38.99483118, -76.99300289)"
MCP23390081,230012269,Montgomery County Police,Injury Crash,03/14/2023 03:12:00 PM,,,,PARKING LOT OF 12085 ROCKVILLE PK,,PEDESTRIAN,HEAD ON,CLEAR,,DAYLIGHT,NO CONTROLS,NONE DETECTED,NONE DETECTED,CCF158D6-CE30-45FB-BBF4-A8FB78DAB9D5,PEDESTRIAN,Getting off/on Vehicle,OTHER,OTHER,Yes,SUSPECTED SERIOUS INJURY,N/A,39.05478663,-77.11541242,"(39.05478663, -77.11541242)"
EJ7876000N,190026354,Gaithersburg Police Depar,Injury Crash,06/02/2019 10:10:00 PM,Maryland (State),MONTGOMERY VILLAGE AVE,SPUR TO LOST KNIFE RD,,N/A,BICYCLIST,STRAIGHT MOVEMENT ANGLE,CLOUDY,WET,DARK LIGHTS ON,TRAFFIC SIGNAL,NONE DETECTED,ALCOHOL PRESENT,4B746786-935A-4761-9328-C30FCC58F9FA,BICYCLIST,Cross/Enter at Intersection,OTHER,ON ROADWAY AT CROSSWALK,Yes,SUSPECTED MINOR INJURY,NONE,39.157775,-77.20400167,"(39.157775, -77.20400167)"
MCP2832003K,170547729,Montgomery County Police,Injury Crash,12/10/2017 01:54:00 PM,Maryland (State),WISCONSIN AVE,SOMERSET TERRACE,,N/A,PEDESTRIAN,OTHER,CLEAR,DRY,DAYLIGHT,NO CONTROLS,NONE DETECTED,NONE DETECTED,AA8741D3-E573-4EF8-B1D4-61D7F1267215,PEDESTRIAN,Standing,NO IMPROPER ACTIONS,ON ROADWAY NOT AT CROSSWALK,No,POSSIBLE INJURY,NONE,38.96183833,-77.08677333,"(38.96183833, -77.08677333)"
MCP29050016,15034441,MONTGOMERY,Property Damage Crash,07/13/2015 05:43:00 PM,County,FERNWOOD RD,ROCK SPRING DR,,N/A,BICYCLIST,STRAIGHT MOVEMENT ANGLE,CLEAR,WET,DAYLIGHT,TRAFFIC SIGNAL,NONE DETECTED,NONE DETECTED,EA4A2940-6D33-41E5-8038-07B169F7C13C,BICYCLIST,Cross/Enter at Intersection,NO IMPROPER ACTIONS,AT INTERSECTION MARKED CROSSWALK,No,NO APPARENT INJURY,MC/BIKE HELMET,39.02381833,-77.13551333,"(39.02381833, -77.13551333)"
EJ7884003L,220001618,Gaithersburg Police Depar,Injury Crash,01/13/2022 07:35:00 PM,Municipality,RIO BLVD,FIELDS RD,,N/A,PEDESTRIAN,SINGLE VEHICLE,CLEAR,DRY,DARK LIGHTS ON,STOP SIGN,N/A,N/A,CF57760C-6B88-4E44-848F-125019BB308D,PEDESTRIAN,Cross/Enter at Intersection,N/A,ON ROADWAY AT CROSSWALK,No,POSSIBLE INJURY,NONE,39.11525968,-77.20468778,"(39.11525968, -77.20468778)"
MCP271700TY,210008918,Montgomery County Police,Injury Crash,03/23/2021 04:35:00 PM,County,ROOSEVELT ST,OLD GEORGETOWN RD,,N/A,BICYCLIST,OTHER,CLEAR,DRY,DAYLIGHT,NO CONTROLS,NONE DETECTED,NONE DETECTED,7452A366-A7EA-49DF-98F3-748CF51913BD,BICYCLIST,Cross/Enter at Intersection,NO IMPROPER ACTIONS,AT INTERSECTION BUT NO CROSSWALK,No,SUSPECTED MINOR INJURY,MC/BIKE HELMET,38.99147883,-77.09794533,"(38.99147883, -77.09794533)"