Report Number,Local Case Number,Agency Name,ACRS Report Type,Crash Date/Time,Route Type,Road Name,Cross-Street Name,Off-Road Description,Municipality,Related Non-Motorist,Collision Type,Weather,Surface Condition,Light,Traffic Control,Driver Substance Abuse,Non-Motorist Substance Abuse,Person ID,Pedestrian Type,Pedestrian Movement,Pedestrian Actions,Pedestrian Location,At Fault,Injury Severity,Safety Equipment,Latitude,Longitude,Location
MCP9432002X,200048406,Montgomery County Police,Injury Crash,12/08/2020 05:40:00 PM,,JAEGER ROAD,WOODCOCK WAY,,N/A,PEDESTRIAN,STRAIGHT MOVEMENT ANGLE,CLEAR,DRY,DARK NO LIGHTS,STOP SIGN,NONE DETECTED,NONE DETECTED,6F9FAB8A-6094-4F2C-A6B5-4E69973EE4FE,PEDESTRIAN,Cross/Enter at Intersection,NOT VISIBLE,AT INTERSECTION BUT NO CROSSWALK,No,POSSIBLE INJURY,NONE,39.21697667,-77.29607667,"(39.21697667, -77.29607667)"
MCP3228005F,230062197,Montgomery County Police,Injury Crash,10/23/2023 06:59:00 PM,,,,"PARKING LOT OF 833 WAYNE AVE, SILVER SPRING, MARYLAND 20910",,PEDESTRIAN,OTHER,CLEAR,,DARK LIGHTS ON,NO CONTROLS,NONE DETECTED,NONE DETECTED,88B28BBC-3658-4517-9BC8-7D7059DD8E22,PEDESTRIAN,Standing,NO IMPROPER ACTIONS,OTHER,No,SUSPECTED MINOR INJURY,NONE,38.99646417,-77.023829,"(38.99646417, -77.023829)"
MCP26500016,230050435,Montgomery County Police,Injury Crash,08/20/2023 09:26:00 PM,County,HILLANDALE RD,BRADLEY BLVD,,N/A,PEDESTRIAN,SINGLE VEHICLE,CLEAR,DRY,DARK LIGHTS ON,TRAFFIC SIGNAL,NONE DETECTED,NONE DETECTED,A5F0342C-BD90-4ECF-9364-A892B7ED4FAD,PEDESTRIAN,Cross/Enter at Intersection,NO IMPROPER ACTIONS,AT INTERSECTION MARKED CROSSWALK,No,SUSPECTED MINOR INJURY,N/A,38.9778,-77.09670833,"(38.9778, -77.09670833)"
MCP28630010,15046309,MONTGOMERY,Injury Crash,09/13/2015 11:50:00 AM,County,ARROWHEAD RD,MONTGOMERY VILLAGE AVE,,N/A,PEDESTRIAN,HEAD ON LEFT TURN,CLEAR,DRY,DAYLIGHT,NO CONTROLS,NONE DETECTED,NONE DETECTED,06597BA2-13B4-438E-A4BB-F4C8E3E7F3CB,PEDESTRIAN,Other Working,N/A,OTHER,No,POSSIBLE INJURY,REFLECTIVE CLOTHING,39.186455,-77.19535167,"(39.186455, -77.19535167)"
MCP304800BL,230057465,Montgomery County Police,Property Damage Crash,09/29/2023 12:00:00 PM,Maryland (State),CONNECTICUT AVE,TAYLOR ST,,CHEVY CHASE #3,OTHER,SAME DIRECTION SIDESWIPE,CLOUDY,DRY,DAYLIGHT,NO CONTROLS,N/A,N/A,35759F61-1EED-4D2C-A09C-339597767B6C,OTHER,Other,N/A,N/A,No,NO APPARENT INJURY,N/A,38.97973783,-77.077215,"(38.97973783, -77.077215)"
MCP3164001W,190029845,Montgomery County Police,Injury Crash,06/22/2019 12:16:00 PM,,,,CVS PARKING LOT,,PEDESTRIAN,HEAD ON,CLEAR,,DAYLIGHT,NO CONTROLS,N/A,N/A,C35DB446-0382-4C41-8952-DD9BDBBC8E1B,PEDESTRIAN,Standing,NO IMPROPER ACTIONS,SIDEWALK,No,SUSPECTED MINOR INJURY,N/A,39.039275,-77.054065,"(39.039275, -77.054065)"
MCP2948000G,15037928,MONTGOMERY,Injury Crash,07/31/2015 04:21:00 PM,County,CHANNING DR,ALMA ST,,N/A,PEDESTRIAN,N/A,CLEAR,DRY,DAYLIGHT,NO CONTROLS,NONE DETECTED,NONE DETECTED,9D2FCDFE-A59C-47C3-BE6D-F12968F48287,PEDESTRIAN,Standing,NO IMPROPER ACTIONS,SHOULDER,No,SUSPECTED MINOR INJURY,NONE,39.04446333,-77.04058667,"(39.04446333, -77.04058667)"
MCP29730017,16015925,Montgomery County Police,Injury Crash,04/01/2016 02:47:00 PM,Maryland (State),VEIRS MILL RD,UNIVERSITY BLVD W,,N/A,PEDESTRIAN,SINGLE VEHICLE,CLEAR,DRY,DAYLIGHT,NO CONTROLS,NONE DETECTED,NONE DETECTED,ADDBFD5E-AABA-4B00-8E4A-AD3474884ACC,PEDESTRIAN,Cross/Enter not at Intersection,FAILURE TO YIELD RIGHT OF WAY,ON ROADWAY NOT AT CROSSWALK,Yes,POSSIBLE INJURY,NONE,39.04029881,-77.05611527,"(39.04029881, -77.05611527)"
DM8374000Q,16023271,Takoma Park Police Depart,Injury Crash,05/10/2016 08:19:00 PM,Municipality,MAPLE AVE,PHILADELPHIA AVE,,N/A,PEDESTRIAN,OTHER,CLOUDY,DRY,DARK LIGHTS ON,TRAFFIC SIGNAL,N/A,N/A,36CD0868-4E7C-4A49-B677-0957FDFDC313,PEDESTRIAN,Cross/Enter at Intersection,UNKNOWN,ON ROADWAY AT CROSSWALK,No,SUSPECTED MINOR INJURY,N/A,38.981335,-77.01154,"(38.981335, -77.01154)"
MCP263900CZ,210040772,Montgomery County Police,Injury Crash,10/12/2021 10:07:00 AM,,,,PARKING LOT OF 22700 SWEET SHRUB DR,,PEDESTRIAN,HEAD ON LEFT TURN,CLOUDY,,DAYLIGHT,NO CONTROLS,NONE DETECTED,NONE DETECTED,F50050BA-4456-41D8-AF37-01679824429A,PEDESTRIAN,Other,NO IMPROPER ACTIONS,ON ROADWAY AT CROSSWALK,No,POSSIBLE INJURY,NONE,39.23042167,-77.250285,"(39.23042167, -77.250285)"
MCP292300B2,230059118,Montgomery County Police,Injury Crash,10/07/2023 01:52:00 PM,County,PARKER AVE,GEORGIA AVE,,N/A,BICYCLIST,OTHER,CLEAR,DRY,DAYLIGHT,STOP SIGN,NONE DETECTED,NONE DETECTED,F92F5DD5-FBCE-49A1-BFA4-ED74E9558BA0,BICYCLIST,Cross/Enter at Intersection,NO IMPROPER ACTIONS,AT INTERSECTION BUT NO CROSSWALK,No,SUSPECTED MINOR INJURY,NONE,39.04950383,-77.05174269,"(39.04950383, -77.05174269)"
MCP235300CN,230070177,Montgomery County Police,Injury Crash,12/06/2023 10:56:00 AM,County,ARLINGTON RD,BETHESDA AVE,,N/A,PEDESTRIAN,STRAIGHT MOVEMENT ANGLE,CLOUDY,DRY,DAYLIGHT,TRAFFIC SIGNAL,NONE DETECTED,NONE DETECTED,153BE158-9638-4246-8B14-EF19E79492CC,PEDESTRIAN,Standing,NO IMPROPER ACTIONS,SIDEWALK,No,SUSPECTED SERIOUS INJURY,N/A,38.98077833,-77.09855,"(38.98077833, -77.09855)"
DD5643002V,230030322,Rockville Police Departme,Injury Crash,06/24/2023 10:50:00 PM,Municipality,MONROE ST,E JEFFERSON ST,,N/A,"OTHER, PEDESTRIAN",OTHER,CLEAR,DRY,DARK LIGHTS ON,TRAFFIC SIGNAL,NONE DETECTED,UNKNOWN,AC61CBD1-47DE-464C-AA34-3E7FEE83AA50,PEDESTRIAN,Cross/Enter at Intersection,DART DASH,OUTSIDE RIGHT OF WAY,Yes,SUSPECTED MINOR INJURY,N/A,39.08198033,-77.14913469,"(39.08198033, -77.14913469)"
MCP3059003G,180063871,Montgomery County Police,Injury Crash,12/21/2018 07:00:00 PM,,,,PARKING LOT OF 13615 GEORGIA AVE,,PEDESTRIAN,OTHER,CLEAR,,DUSK,N/A,UNKNOWN,NONE DETECTED,59981897-F4E5-4159-8077-39D87DDEC1BD,PEDESTRIAN,Walking/Cycling on Sidewalk,NO IMPROPER ACTIONS,SIDEWALK,No,POSSIBLE INJURY,N/A,39.07891152,-77.07230682,"(39.07891152, -77.07230682)"
MCP2496002M,210017307,Montgomery County Police,Injury Crash,05/08/2021 02:32:00 PM,County,FOREST GLEN RD,LORAIN AVE,,N/A,BICYCLIST,STRAIGHT MOVEMENT ANGLE,CLOUDY,DRY,DAYLIGHT,STOP SIGN,NONE DETECTED,NONE DETECTED,9A4373B8-1772-4D9A-BFA9-54380D64D78D,BICYCLIST,Cross/Enter at Intersection,FAILURE TO YIELD RIGHT OF WAY,AT INTERSECTION BUT NO CROSSWALK,Yes,POSSIBLE INJURY,MC/BIKE HELMET,39.01717453,-77.02162894,"(39.01717453, -77.02162894)"
MCP9432002S,200034713,Montgomery County Police,Injury Crash,09/04/2020 07:00:00 PM,,GODWIT STREET,MERLIN AVENUE,,N/A,BICYCLIST,STRAIGHT MOVEMENT ANGLE,CLEAR,DRY,DUSK,NO CONTROLS,UNKNOWN,NONE DETECTED,B35B0E44-5B7D-468B-88B9-F2647DC5DE27,BICYCLIST,Cross/Enter at Intersection,NO IMPROPER ACTIONS,ON ROADWAY NOT AT CROSSWALK,No,SUSPECTED MINOR INJURY,MC/BIKE HELMET,39.21974833,-77.29039,"(39.21974833, -77.29039)"
MCP25980021,180053745,Montgomery County Police,Injury Crash,10/26/2018 09:08:00 PM,Maryland (State),PINEY BRANCH RD,SILVER SPRING AVE,,N/A,PEDESTRIAN,STRAIGHT MOVEMENT ANGLE,RAINING,WET,DARK LIGHTS ON,NO CONTROLS,N/A,N/A,DB2F230C-3323-45C8-A118-8A0E5E4F793A,PEDESTRIAN,Cross/Enter not at Intersection,IN ROADWAY IMPROPERLY,OUTSIDE RIGHT OF WAY,Yes,SUSPECTED MINOR INJURY,NONE,38.99349176,-77.00914788,"(38.99349176, -77.00914788)"
MCP28510019,15048076,MONTGOMERY,Injury Crash,09/22/2015 06:44:00 PM,Maryland (State),GERMANTOWN RD,AIRCRAFT DR,,N/A,PEDESTRIAN,SINGLE VEHICLE,CLEAR,DRY,DAYLIGHT,TRAFFIC SIGNAL,NONE DETECTED,NONE DETECTED,8CD3880B-7884-49A3-A47D-665B594167C2,PEDESTRIAN,Cross/Enter at Intersection,FAILURE TO YIELD RIGHT OF WAY,ON ROADWAY AT CROSSWALK,Yes,SUSPECTED MINOR INJURY,N/A,39.18203333,-77.26057833,"(39.18203333, -77.26057833)"
MCP2871008D,220054106,Montgomery County Police,Injury Crash,12/07/2022 04:17:00 PM,,,,PARKING LOT OF 4860 BOILING BROOK PKWY,,MACHINE OPERATOR/RIDER,STRAIGHT MOVEMENT ANGLE,CLEAR,,DARK LIGHTS ON,NO CONTROLS,NONE DETECTED,NONE DETECTED,4A718F1A-AEEF-4F66-BDFB-3C997E5EE01B,MACHINE OPERATOR/RIDER,Cross/Enter at Intersection,FAILURE TO YIELD RIGHT OF WAY,OTHER,Yes,SUSPECTED MINOR INJURY,NONE,39.04691333,-77.09962833,"(39.04691333, -77.09962833)"
MCP2764000G,15007772,Montgomery County Police,Injury Crash,02/16/2015 06:43:00 PM,,,,Parking Lot at 12015 georgia avenue,,PEDESTRIAN,OTHER,SNOW,,DARK LIGHTS ON,NO CONTROLS,NONE DETECTED,NONE DETECTED,7913F637-2878-451C-BD0B-AD477C0C7933,PEDESTRIAN,Other,UNKNOWN,OTHER,,POSSIBLE INJURY,NONE,39.05967167,-77.04533333,"(39.05967167, -77.04533333)"
MCP3173000K,190025858,Montgomery County Police,Injury Crash,06/12/2019 07:14:00 AM,County,BRUNETT AVE,UNIVERSITY BLVD W,,N/A,PEDESTRIAN,OTHER,CLEAR,DRY,DAWN,STOP SIGN,NONE DETECTED,NONE DETECTED,02151929-D7B2-42AC-8830-A65C0A35C41E,PEDESTRIAN,Cross/Enter at Intersection,NO IMPROPER ACTIONS,ON ROADWAY AT CROSSWALK,No,NO APPARENT INJURY,N/A,39.0229374,-77.01688638,"(39.0229374, -77.01688638)"
MCP271700L4,180053259,Montgomery County Police,Injury Crash,10/24/2018 01:30:00 PM,,,,801  ELLSWORTH DRIVE (FENTON STREET PARKING GARAGE),,PEDESTRIAN,OTHER,CLEAR,,DAYLIGHT,NO CONTROLS,NONE DETECTED,NONE DETECTED,C9857EE8-D632-45CB-A875-F18BA9DE62C0,PEDESTRIAN,Other,NO IMPROPER ACTIONS,OTHER,No,SUSPECTED MINOR INJURY,NONE,38.997237,-77.02585,"(38.997237, -77.02585)"
MCP3117000X,180030357,Montgomery County Police,Injury Crash,06/20/2018 09:18:00 PM,County,LLOYD RD,BETTEKER LA,,N/A,OTHER,OTHER,CLEAR,DRY,DARK NO LIGHTS,NO CONTROLS,ILLEGAL DRUG PRESENT,N/A,24E774C9-F812-4953-B50D-9A0CF3AA143B,OTHER,Standing,NO IMPROPER ACTIONS,ON ROADWAY NOT AT CROSSWALK,No,SUSPECTED MINOR INJURY,NONE,39.05958735,-77.20637798,"(39.05958735, -77.20637798)"
MCP3180000B,190015313,Montgomery County Police,Injury Crash,04/02/2019 06:30:00 PM,Maryland (State),OLNEY SANDY SPRING RD,VILLAGE CENTER DR,,N/A,PEDESTRIAN,STRAIGHT MOVEMENT ANGLE,RAINING,WET,DAYLIGHT,TRAFFIC SIGNAL,NONE DETECTED,NONE DETECTED,9E661EAA-39B1-47B7-AF40-5EBF318085A2,PEDESTRIAN,Cross/Enter at Intersection,INATTENTIVE,ON ROADWAY AT CROSSWALK,No,SUSPECTED MINOR INJURY,NONE,39.15208833,-77.06454333,"(39.15208833, -77.06454333)"
MCP25880023,16063188,Montgomery County Police,Injury Crash,12/09/2016 11:51:00 AM,,,,PARKING LOT OF ASPEN HILL SHOPPING CENTER  (13729 CONNECTICUT AVE),,PEDESTRIAN,OTHER,CLEAR,,DAYLIGHT,N/A,NONE DETECTED,NONE DETECTED,8BDABFAE-4574-40F3-8BCF-1F3ADDE94ACD,PEDESTRIAN,Other,NO IMPROPER ACTIONS,ON ROADWAY AT CROSSWALK,No,SUSPECTED SERIOUS INJURY,N/A,39.05842667,-77.04802833,"(39.05842667, -77.04802833)"
MCP1491001V,200009003,Montgomery County Police,Injury Crash,02/23/2020 12:04:00 PM,County,SEVEN LOCKS RD,GOYA DR,,N/A,BICYCLIST,SINGLE VEHICLE,CLEAR,DRY,DAYLIGHT,NO CONTROLS,NONE DETECTED,NONE DETECTED,068FF380-B367-4964-A2D5-C85B88A92498,BICYCLIST,Walking/Riding w/Traffic,NO IMPROPER ACTIONS,ON ROADWAY NOT AT CROSSWALK,No,SUSPECTED SERIOUS INJURY,MC/BIKE HELMET,39.05562168,-77.16217279,"(39.05562168, -77.16217279)"
MCP2546001Z,16053220,Montgomery County Police,Injury Crash,10/16/2016 04:16:00 PM,County,RANDOLPH RD,DEWEY RD,,N/A,BICYCLIST,SINGLE VEHICLE,N/A,DRY,DAYLIGHT,TRAFFIC SIGNAL,NONE DETECTED,N/A,FD270525-AE1F-4573-91C7-E8C5841A519E,BICYCLIST,Cross/Enter at Intersection,NO IMPROPER ACTIONS,ON ROADWAY AT CROSSWALK,No,POSSIBLE INJURY,MC/BIKE HELMET,39.05328167,-77.08922333,"(39.05328167, -77.08922333)"
MCP003600B8,190031917,Montgomery County Police,Injury Crash,07/04/2019 10:45:00 PM,Maryland (State),GERMANTOWN RD,RICHTER FARM RD,,N/A,PEDESTRIAN,SINGLE VEHICLE,CLOUDY,DRY,DARK LIGHTS ON,PERSON,NONE DETECTED,NONE DETECTED,86AAA26E-C1B0-46E4-A9D0-3AC613CAB3B1,PEDESTRIAN,Standing,OTHER,ON ROADWAY AT CROSSWALK,No,SUSPECTED SERIOUS INJURY,REFLECTIVE CLOTHING,39.15423749,-77.28721828,"(39.15423749, -77.28721828)"
MCP9419001T,180045961,Montgomery County Police,Injury Crash,09/14/2018 02:51:00 PM,County,RANDOLPH RD,ROCKING HORSE RD,,N/A,PEDESTRIAN,OTHER,CLOUDY,DRY,DAYLIGHT,TRAFFIC SIGNAL,NONE DETECTED,NONE DETECTED,16EDD962-564A-414F-8442-7FE5754FDEBC,PEDESTRIAN,Cross/Enter at Intersection,DART DASH,ON ROADWAY AT CROSSWALK,Unknown,POSSIBLE INJURY,NONE,39.05367667,-77.09426,"(39.05367667, -77.09426)"
MCP2789000L,15006131,Montgomery County Police,Injury Crash,02/06/2015 08:37:00 PM,County,WAYNE AVE,GEORGIA AVE,,N/A,PEDESTRIAN,SINGLE VEHICLE,CLEAR,N/A,DARK LIGHTS ON,OTHER,N/A,N/A,0CE570E8-FBFC-43A3-A21C-20CAD49E612E,PEDESTRIAN,Cross/Enter at Intersection,NO IMPROPER ACTIONS,AT INTERSECTION MARKED CROSSWALK,,POSSIBLE INJURY,N/A,38.99484667,-77.02573167,"(38.99484667, -77.02573167)"
MCP3196003G,220038150,Montgomery County Police,Injury Crash,09/02/2022 10:46:00 PM,Maryland (State),FREDERICK RD,GUNNERS BRANCH RD,,N/A,MACHINE OPERATOR/RIDER,HEAD ON LEFT TURN,CLEAR,DRY,UNKNOWN,N/A,NONE DETECTED,NONE DETECTED,C84E3928-6D58-4685-9910-871F9374AE85,MACHINE OPERATOR/RIDER,Cross/Enter at Intersection,IN ROADWAY IMPROPERLY,ON ROADWAY NOT AT CROSSWALK,Yes,POSSIBLE INJURY,UNKNOWN,39.17528022,-77.23856697,"(39.17528022, -77.23856697)"
MCP3112004V,200039555,Montgomery County Police,Injury Crash,10/07/2020 07:00:00 PM,,,,"PARKING LOT IN FRONT OF 5077 BRADLEY BLVD, CHEVY CHASE, MD",,PEDESTRIAN,OTHER,CLEAR,,DARK NO LIGHTS,N/A,NONE DETECTED,NONE DETECTED,19E023A9-F7A7-4ED3-BCD4-E67A63233AAD,PEDESTRIAN,Cross/Enter not at Intersection,NO IMPROPER ACTIONS,OTHER,No,SUSPECTED MINOR INJURY,N/A,38.9785653,-77.09983529,"(38.9785653, -77.09983529)"
MCP2678004C,230057220,Montgomery County Police,Injury Crash,09/28/2023 05:43:00 AM,Maryland (State),UNIVERSITY BLVD W,CADDINGTON AVE,,N/A,PEDESTRIAN,SAME DIRECTION RIGHT TURN,CLEAR,DRY,DARK LIGHTS ON,TRAFFIC SIGNAL,NONE DETECTED,NONE DETECTED,1516FB1F-843A-4B86-927C-29644A5F1A76,PEDESTRIAN,Cross/Enter at Intersection,NO IMPROPER ACTIONS,ON ROADWAY AT CROSSWALK,No,SUSPECTED MINOR INJURY,NONE,39.03349675,-77.02360757,"(39.03349675, -77.02360757)"
MCP25940069,200022518,Montgomery County Police,Injury Crash,06/08/2020 11:30:00 AM,Maryland (State),GEORGIA AVE,EMORY LA,,N/A,BICYCLIST,SAME DIR REAR END,CLEAR,DRY,DAYLIGHT,TRAFFIC SIGNAL,NONE DETECTED,NONE DETECTED,A100255C-009E-48F9-968E-514DBADD6BA4,BICYCLIST,Standing,NO IMPROPER ACTIONS,ON ROADWAY NOT AT CROSSWALK,No,SUSPECTED MINOR INJURY,MC/BIKE HELMET,39.12596833,-77.0721995,"(39.12596833, -77.0721995)"
MCP2437004S,220013942,Montgomery County Police,Injury Crash,04/01/2022 05:10:00 PM,County,PARKLAWN DR,RANDOLPH RD,,N/A,PEDESTRIAN,STRAIGHT MOVEMENT ANGLE,CLEAR,DRY,DAYLIGHT,NO CONTROLS,NONE DETECTED,NONE DETECTED,95D88FFF-5E80-4C42-B429-D90507F7C9B1,PEDESTRIAN,Standing,NO IMPROPER ACTIONS,OTHER,No,SUSPECTED SERIOUS INJURY,N/A,39.0537535,-77.1067445,"(39.0537535, -77.1067445)"
MCP2832002M,17015784,Montgomery County Police,Injury Crash,03/28/2017 01:38:00 PM,Maryland (State),EAST WEST HWY,GRUBB RD,,N/A,PEDESTRIAN,SINGLE VEHICLE,CLOUDY,DRY,DAYLIGHT,TRAFFIC SIGNAL,NONE DETECTED,N/A,DAA88CAB-D3DE-43DE-B361-7871B70327A7,PEDESTRIAN,Cross/Enter at Intersection,NO IMPROPER ACTIONS,ON ROADWAY AT CROSSWALK,No,POSSIBLE INJURY,N/A,38.99381333,-77.05224833,"(38.99381333, -77.05224833)"
MCP2756003L,200041458,Montgomery County Police,Injury Crash,10/20/2020 07:57:00 PM,Maryland (State),GEORGIA AVE,REEDIE DR,,N/A,PEDESTRIAN,SAME DIRECTION SIDESWIPE,CLEAR,DRY,DARK LIGHTS ON,NO CONTROLS,NONE DETECTED,ALCOHOL PRESENT,6BB25EAB-0BAB-4A18-A556-8DEA4EFD3826,PEDESTRIAN,Cross/Enter not at Intersection,FAILURE TO YIELD RIGHT OF WAY,ON ROADWAY NOT AT CROSSWALK,Yes,POSSIBLE INJURY,NONE,39.03897333,-77.0517,"(39.03897333, -77.0517)"
MCP2799007B,230030144,Montgomery County Police,Injury Crash,06/23/2023 08:57:00 PM,US (State),GEORGIA AVE,ELLSWORTH DR,,N/A,PEDESTRIAN,SINGLE VEHICLE,CLEAR,DRY,DARK LIGHTS ON,TRAFFIC SIGNAL,NONE DETECTED,NONE DETECTED,820EF735-DFB4-4E7D-A630-B8A32E10B085,PEDESTRIAN,Cross/Enter at Intersection,NO IMPROPER ACTIONS,SIDEWALK,No,SUSPECTED MINOR INJURY,NONE,38.99544195,-77.02726407,"(38.99544195, -77.02726407)"
MCP2800001W,15013639,Montgomery County Police,Injury Crash,03/24/2015 05:15:00 PM,Maryland (State),OLD GEORGETOWN RD,LONE OAK DR,,N/A,PEDESTRIAN,OTHER,CLEAR,DRY,DAYLIGHT,TRAFFIC SIGNAL,UNKNOWN,NONE DETECTED,15E82374-5782-4ED3-8534-F85C1186A9F8,PEDESTRIAN,Cross/Enter at Intersection,NO IMPROPER ACTIONS,ON ROADWAY AT CROSSWALK,,POSSIBLE INJURY,N/A,39.02067667,-77.122255,"(39.02067667, -77.122255)"
MCP2008001L,15059160,MONTGOMERY,Injury Crash,11/19/2015 05:47:00 PM,Maryland (State),CONNECTICUT AVE,PLYERS MILL RD,,N/A,PEDESTRIAN,OTHER,RAINING,WET,DARK LIGHTS ON,TRAFFIC SIGNAL,NONE DETECTED,NONE DETECTED,38F0F74D-6826-4A57-A079-F32FD1AFE20E,PEDESTRIAN,Cross/Enter at Intersection,NO IMPROPER ACTIONS,ON ROADWAY AT CROSSWALK,No,SUSPECTED SERIOUS INJURY,N/A,39.03023,-77.07536,"(39.03023, -77.07536)"
MCP2805003Y,200036605,Montgomery County Police,Property Damage Crash,09/18/2020 11:30:00 AM,,,,"PL OF 880 RUSSELL AVE, GAITHERSBURG, MD",,PEDESTRIAN,SINGLE VEHICLE,CLOUDY,,DAYLIGHT,N/A,NONE DETECTED,NONE DETECTED,0F083A32-378B-4C2E-A6B2-DD2C5B25F7B0,PEDESTRIAN,Standing,NO IMPROPER ACTIONS,ON ROADWAY NOT AT CROSSWALK,Unknown,NO APPARENT INJURY,NONE,39.1560965,-77.2127805,"(39.1560965, -77.2127805)"
MCP28850023,170525609,Montgomery County Police,Injury Crash,08/18/2017 09:53:00 PM,Maryland (State),GEORGIA AVE,NORBECK RD,,N/A,PEDESTRIAN,OTHER,CLEAR,DRY,DARK LIGHTS ON,NO CONTROLS,NONE DETECTED,UNKNOWN,4088F118-AD6F-48C3-9FC7-19CDF49A70F1,PEDESTRIAN,Other,IN ROADWAY IMPROPERLY,ON ROADWAY NOT AT CROSSWALK,Yes,SUSPECTED SERIOUS INJURY,NONE,39.11042259,-77.07601458,"(39.11042259, -77.07601458)"
MCP29890002,15015633,Montgomery County Police,Injury Crash,04/05/2015 12:38:00 AM,,,,"Parking lot of 8300 Carroll Ave Takoma Park, MD 20912",,PEDESTRIAN,OTHER,CLEAR,,DARK LIGHTS ON,N/A,UNKNOWN,UNKNOWN,C35DEBC4-6414-402A-87FF-FAD874CFEAE9,PEDESTRIAN,Other,UNKNOWN,OTHER,,POSSIBLE INJURY,NONE,38.9927507,-76.99359298,"(38.9927507, -76.99359298)"
MCP285900CR,220036510,Montgomery County Police,Injury Crash,08/24/2022 06:00:00 AM,,,,"PARKING LOT OF 898 MUDDY BRANCH RD, GAITHERSBURG, MD 20878",,PEDESTRIAN,OTHER,CLEAR,,DARK LIGHTS ON,NO CONTROLS,NONE DETECTED,NONE DETECTED,E72DDCE8-F1AF-4F3D-8565-3D365A2B7F3A,PEDESTRIAN,Other,NO IMPROPER ACTIONS,OTHER,Yes,POSSIBLE INJURY,NONE,39.15703094,-77.20249509,"(39.15703094, -77.20249509)"
MCP2824001G,15046937,MONTGOMERY,Injury Crash,09/16/2015 04:50:00 PM,Municipality,VEIRS DR,OAKWOOD DR,,N/A,BICYCLIST,OTHER,CLEAR,DRY,DAYLIGHT,NO CONTROLS,N/A,N/A,3BEFD4AF-E5B3-46E3-8DC4-7636F685915D,BICYCLIST,Walking/Riding w/Traffic,NO IMPROPER ACTIONS,SHOULDER,No,POSSIBLE INJURY,MC/BIKE HELMET,39.077609,-77.196532,"(39.077609, -77.196532)"
MCP27980050,220021583,Montgomery County Police,Injury Crash,05/20/2022 06:40:00 PM,County,MIDDLEBROOK RD,CELEBRATION WAY,,N/A,PEDESTRIAN,OTHER,CLEAR,DRY,DAYLIGHT,OTHER,NONE DETECTED,NONE DETECTED,CE0DF1C3-CEB1-4634-87BD-B72BDD67125B,PEDESTRIAN,Cross/Enter not at Intersection,DART DASH,ON ROADWAY NOT AT CROSSWALK,Yes,POSSIBLE INJURY,NONE,39.18164167,-77.26942333,"(39.18164167, -77.26942333)"
MCP2719000J,15019317,Montgomery County Police,Injury Crash,04/24/2015 02:35:00 PM,County,RANDOLPH RD,MIDDLEVALE LA,,N/A,PEDESTRIAN,N/A,N/A,N/A,DAYLIGHT,N/A,,N/A,B9ED6297-BCF8-473B-83DC-522F0DB31300,PEDESTRIAN,Walking to/from school,N/A,SIDEWALK,,SUSPECTED MINOR INJURY,NONE,39.06457333,-77.03838333,"(39.06457333, -77.03838333)"
MCP28990040,200042035,Montgomery County Police,Injury Crash,10/24/2020 09:41:00 PM,County,MONTGOMERY VILLAGE AVE,MIDCOUNTY HWY,,N/A,PEDESTRIAN,OTHER,CLEAR,DRY,DARK LIGHTS ON,TRAFFIC SIGNAL,NONE DETECTED,UNKNOWN,224279B8-6EB3-492A-A695-45374A9F72F2,PEDESTRIAN,Cross/Enter not at Intersection,DART DASH,ON ROADWAY NOT AT CROSSWALK,Yes,SUSPECTED SERIOUS INJURY,NONE,39.15993033,-77.20247867,"(39.15993033, -77.20247867)"
MCP32960017,220029530,Montgomery County Police,Injury Crash,07/09/2022 09:27:00 PM,Maryland (State),NEW HAMPSHIRE AVE,LOCKWOOD DR,,N/A,PEDESTRIAN,OTHER,CLEAR,DRY,DARK -- UNKNOWN LIGHTING,TRAFFIC SIGNAL,UNKNOWN,NONE DETECTED,8701E56C-92CA-4910-B50D-5DAC61AF6ED5,PEDESTRIAN,Cross/Enter at Intersection,NOT VISIBLE,ON ROADWAY AT CROSSWALK,No,SUSPECTED MINOR INJURY,NONE,39.04016,-76.98971,"(39.04016, -76.98971)"
DD56200009,16062592,Rockville Police Departme,Injury Crash,12/06/2016 11:18:00 AM,Maryland (State),HUNGERFORD DR,A ST,,ROCKVILLE,PEDESTRIAN,SINGLE VEHICLE,RAINING,WET,DAYLIGHT,TRAFFIC SIGNAL,UNKNOWN,NONE DETECTED,9AB1DD10-092D-4EBD-AF51-4B399B8E6EB0,PEDESTRIAN,Cross/Enter at Intersection,NO IMPROPER ACTIONS,SIDEWALK,No,POSSIBLE INJURY,NONE,39.0919869,-77.15315223,"(39.0919869, -77.15315223)"
DD55740004,15031596,Rockville Police Departme,Injury Crash,06/28/2015 04:00:00 PM,Maryland (State),ROCKVILLE PIKE,ENT TO WOODMONT COUNTRY CLUB,,N/A,BICYCLIST,STRAIGHT MOVEMENT ANGLE,CLEAR,DRY,DAYLIGHT,TRAFFIC SIGNAL,N/A,N/A,835E6E29-A11F-4B10-9372-17183557D880,BICYCLIST,Walking/Cycling on Sidewalk,NO IMPROPER ACTIONS,DRIVEWAY ACCESS MARKED CROSSWALK,,SUSPECTED MINOR INJURY,MC/BIKE HELMET,39.069365,-77.13067,"(39.069365, -77.13067)"
DD5648001P,230004285,Rockville Police Departme,Property Damage Crash,01/26/2023 01:36:00 PM,,,,PARKING LOT OF 824 ROCKVILLE PIKE,,PEDESTRIAN,OTHER,CLOUDY,,DAYLIGHT,N/A,UNKNOWN,NONE DETECTED,B850DEC6-6318-4BA1-8D68-3A47DA08E6DB,PEDESTRIAN,Other,NO IMPROPER ACTIONS,OTHER,No,NO APPARENT INJURY,NONE,39.07652084,-77.13802343,"(39.07652084, -77.13802343)"
MCP2680002P,180044204,Montgomery County Police,Property Damage Crash,09/04/2018 09:15:00 PM,,,,PARKING GARAGE AT 8700 CAMERON ST,,PEDESTRIAN,OTHER,CLEAR,,DARK LIGHTS ON,NO CONTROLS,UNKNOWN,NONE DETECTED,D8AD3596-43E2-42E2-974E-D63452B5B199,PEDESTRIAN,Cross/Enter not at Intersection,NO IMPROPER ACTIONS,OTHER,No,NO APPARENT INJURY,REFLECTIVE CLOTHING,38.998305,-77.02881167,"(38.998305, -77.02881167)"