Report Number,Local Case Number,Agency Name,ACRS Report Type,Crash Date/Time,Route Type,Road Name,Cross-Street Name,Off-Road Description,Municipality,Related Non-Motorist,Collision Type,Weather,Surface Condition,Light,Traffic Control,Driver Substance Abuse,Non-Motorist Substance Abuse,Person ID,Pedestrian Type,Pedestrian Movement,Pedestrian Actions,Pedestrian Location,At Fault,Injury Severity,Safety Equipment,Latitude,Longitude,Location
EJ7858003N,190028031,Gaithersburg Police Depar,Injury Crash,06/12/2019 12:36:00 PM,Municipality,FAIRBANKS BLVD,BARKLEY PL,,GAITHERSBURG,BICYCLIST,SINGLE VEHICLE,CLEAR,DRY,DAYLIGHT,STOP SIGN,NONE DETECTED,NONE DETECTED,0A607A0D-E59F-4657-81E4-9A903620F111,BICYCLIST,Walking/Cycling on Sidewalk,FAILURE TO YIELD RIGHT OF WAY,SIDEWALK,Yes,SUSPECTED MINOR INJURY,NONE,39.13214833,-77.19136167,"(39.13214833, -77.19136167)"
MCP29390022,170538862,Montgomery County Police,Injury Crash,10/25/2017 09:10:00 PM,County,BURNT WOODS DR,WATERS LANDING DR,,N/A,PEDESTRIAN,SAME DIR REAR END,CLEAR,DRY,DARK LIGHTS ON,STOP SIGN,,N/A,D174BC8C-E29E-4376-AFC2-453AEF390373,PEDESTRIAN,Getting off/on Vehicle,OTHER,ON ROADWAY AT CROSSWALK,Yes,SUSPECTED MINOR INJURY,NONE,39.19633249,-77.27894649,"(39.19633249, -77.27894649)"
MCP137800PQ,190006725,Montgomery County Police,Injury Crash,02/11/2019 06:14:00 PM,County,MONTGOMERY VILLAGE AVE,CROSSOVER,,N/A,PEDESTRIAN,SINGLE VEHICLE,RAINING,WET,DARK LIGHTS ON,NO CONTROLS,NONE DETECTED,NONE DETECTED,F5784507-C623-4DD6-977A-38E9E2E3EDFF,PEDESTRIAN,Cross/Enter at Intersection,NO IMPROPER ACTIONS,AT INTERSECTION BUT NO CROSSWALK,No,POSSIBLE INJURY,NONE,39.16801667,-77.20546667,"(39.16801667, -77.20546667)"
MCP1227000R,180040809,Montgomery County Police,Fatal Crash,08/16/2018 04:01:00 PM,Maryland (State),NORBECK RD,E GUDE DR,,ROCKVILLE,PEDESTRIAN,SINGLE VEHICLE,CLEAR,DRY,DAYLIGHT,TRAFFIC SIGNAL,NONE DETECTED,NONE DETECTED,8887AF4A-37F4-45BA-98C6-0DD00EF89BDE,PEDESTRIAN,Cross/Enter at Intersection,UNKNOWN,ON ROADWAY AT CROSSWALK,Unknown,FATAL INJURY,NONE,39.09007553,-77.12899195,"(39.09007553, -77.12899195)"
DM85150003,230016518,Takoma Park Police Depart,Injury Crash,04/06/2023 08:10:00 PM,,8600 FLOWER AVE,8500 PINEY BRANCH AVE,,N/A,PEDESTRIAN,OTHER,RAINING,WET,DARK LIGHTS ON,NO CONTROLS,N/A,NONE DETECTED,C73E3CFE-17CE-4E8B-A97F-B2513CF73C7F,PEDESTRIAN,Other,IN ROADWAY IMPROPERLY,ON ROADWAY NOT AT CROSSWALK,Yes,SUSPECTED MINOR INJURY,NONE,38.99753973,-77.00336459,"(38.99753973, -77.00336459)"
MCP2853007J,200028316,Montgomery County Police,Injury Crash,07/21/2020 03:14:00 PM,US (State),COLUMBIA PIKE,ENT TO BURNT MILLS SHOPPING CENTER,,N/A,PEDESTRIAN,OTHER,CLEAR,DRY,DAYLIGHT,TRAFFIC SIGNAL,N/A,N/A,B74284FA-8960-49FD-978E-A6BCD6B736AE,PEDESTRIAN,Cross/Enter at Intersection,NO IMPROPER ACTIONS,AT INTERSECTION MARKED CROSSWALK,No,SUSPECTED MINOR INJURY,N/A,39.03138833,-77.00444,"(39.03138833, -77.00444)"
MCP2928001W,170525926,Montgomery County Police,Injury Crash,08/20/2017 10:09:00 PM,Maryland (State),16TH ST,EAST WEST HWY,,N/A,PEDESTRIAN,SINGLE VEHICLE,CLEAR,DRY,DARK LIGHTS ON,TRAFFIC SIGNAL,NONE DETECTED,NONE DETECTED,D8A73013-5910-43AB-AE5D-2FFC67B38AB1,PEDESTRIAN,Cross/Enter at Intersection,NO IMPROPER ACTIONS,ON ROADWAY AT CROSSWALK,No,POSSIBLE INJURY,NONE,38.99440487,-77.03637555,"(38.99440487, -77.03637555)"
MCP2001001F,200042837,Montgomery County Police,Fatal Crash,10/30/2020 02:32:00 PM,Maryland (State),GERMANTOWN RD,MIDDLEBROOK RD,,N/A,PEDESTRIAN,SINGLE VEHICLE,CLEAR,DRY,DAYLIGHT,TRAFFIC SIGNAL,NONE DETECTED,NONE DETECTED,A141ABBA-69DE-4D04-B787-B8F48DCF726F,PEDESTRIAN,Cross/Enter at Intersection,FAILURE TO YIELD RIGHT OF WAY,ON ROADWAY AT CROSSWALK,Yes,FATAL INJURY,NONE,39.17893647,-77.26728732,"(39.17893647, -77.26728732)"
DD5652001Q,220050140,Rockville Police Departme,Property Damage Crash,11/13/2022 03:48:00 PM,Municipality,TEMPLETON PL,ROCKVILLE PIKE,,N/A,PEDESTRIAN,STRAIGHT MOVEMENT ANGLE,CLEAR,DRY,DAYLIGHT,TRAFFIC SIGNAL,UNKNOWN,NONE DETECTED,73431F0A-C874-42F5-9D44-8E08FC445106,PEDESTRIAN,Cross/Enter at Intersection,NO IMPROPER ACTIONS,AT INTERSECTION MARKED CROSSWALK,No,NO APPARENT INJURY,N/A,39.06687019,-77.12834047,"(39.06687019, -77.12834047)"
MCP2348002R,170516329,Montgomery County Police,Injury Crash,06/28/2017 09:59:00 PM,Maryland (State),VEIRS MILL RD,CROSSOVER,,N/A,PEDESTRIAN,SINGLE VEHICLE,CLEAR,DRY,DARK LIGHTS ON,N/A,NONE DETECTED,NONE DETECTED,5510AFA1-27F9-4FA7-956F-28B73085F8A5,PEDESTRIAN,Walking/Cycling on Sidewalk,NO IMPROPER ACTIONS,SIDEWALK,No,POSSIBLE INJURY,N/A,39.041405,-77.058375,"(39.041405, -77.058375)"
MCP2996000B,16006181,Montgomery County Police,Injury Crash,02/05/2016 09:40:00 PM,Maryland (State),FREDERICK RD,NO NAME,,N/A,PEDESTRIAN,OTHER,CLEAR,DRY,DARK LIGHTS ON,NO CONTROLS,NONE DETECTED,UNKNOWN,F41117FE-B459-42CA-BD08-8F4BA41EAE79,PEDESTRIAN,Cross/Enter not at Intersection,DART DASH,ON ROADWAY NOT AT CROSSWALK,Yes,SUSPECTED MINOR INJURY,NONE,39.1230232,-77.17844144,"(39.1230232, -77.17844144)"
HA22800009,16001004,Maryland-National Capital,Injury Crash,08/08/2016 01:26:00 PM,Government,BEACH DR,KNOWLES AVE,,N/A,BICYCLIST,SAME DIR REAR END,CLEAR,DRY,DAYLIGHT,NO CONTROLS,NONE DETECTED,NONE DETECTED,08C4C122-5F8D-47FB-9556-F4A9ADD7F958,BICYCLIST,Walking/Riding w/Traffic,NO IMPROPER ACTIONS,ON ROADWAY NOT AT CROSSWALK,No,SUSPECTED MINOR INJURY,MC/BIKE HELMET,39.03010333,-77.08701833,"(39.03010333, -77.08701833)"
MCP2656004G,200001465,Montgomery County Police,Injury Crash,01/09/2020 11:30:00 AM,Maryland (State),GEORGIA AVE,SPRING ST,,N/A,PEDESTRIAN,OTHER,CLEAR,DRY,DAYLIGHT,N/A,N/A,N/A,688E5278-BEC7-4EA4-9C5E-B598FBD72DD7,PEDESTRIAN,Cross/Enter at Intersection,NO IMPROPER ACTIONS,SIDEWALK,No,NO APPARENT INJURY,N/A,38.99906,-77.031,"(38.99906, -77.031)"
DD5611005T,190012007,Rockville Police Departme,Injury Crash,03/15/2019 03:27:00 PM,Municipality,WOOTTON PKWY,ROCKVILLE PIKE,,N/A,PEDESTRIAN,SINGLE VEHICLE,CLEAR,DRY,DAYLIGHT,NO CONTROLS,NONE DETECTED,NONE DETECTED,44FC3DEC-67AD-49A3-A93E-D77D7A6B1E5B,PEDESTRIAN,Cross/Enter at Intersection,OTHER,ON ROADWAY NOT AT CROSSWALK,Yes,SUSPECTED MINOR INJURY,NONE,39.07621498,-77.14015397,"(39.07621498, -77.14015397)"
MCP22030029,170549506,Montgomery County Police,Injury Crash,12/19/2017 01:35:00 PM,County,AMHERST AVE,UNIVERSITY BLVD W,,N/A,PEDESTRIAN,ANGLE MEETS RIGHT TURN,CLEAR,DRY,DAYLIGHT,TRAFFIC SIGNAL,NONE DETECTED,NONE DETECTED,8121C4DF-8D1F-4E59-B879-5A66EE8A587D,PEDESTRIAN,Cross/Enter at Intersection,NO IMPROPER ACTIONS,ON ROADWAY AT CROSSWALK,No,SUSPECTED MINOR INJURY,NONE,39.04075833,-77.04814833,"(39.04075833, -77.04814833)"
MCP2968004F,220027586,Montgomery County Police,Injury Crash,06/27/2022 08:47:00 AM,County,LINCOLNSHIRE DR,FALLS CHAPEL WAY,,N/A,PEDESTRIAN,OTHER,CLEAR,DRY,DAYLIGHT,N/A,N/A,N/A,43448CF5-A2FC-49CA-90F8-0C19F24DC1A4,PEDESTRIAN,Other Working,NO IMPROPER ACTIONS,OTHER,No,SUSPECTED MINOR INJURY,REFLECTIVE CLOTHING,39.063115,-77.18202833,"(39.063115, -77.18202833)"
MCP2675000S,15031652,Montgomery County Police,Injury Crash,06/28/2015 09:19:00 PM,County,RANDOLPH RD,BLUHILL RD,,N/A,BICYCLIST,HEAD ON LEFT TURN,CLEAR,DRY,DARK LIGHTS ON,NO CONTROLS,NONE DETECTED,NONE DETECTED,EC72741F-4797-441E-A6F3-8FFAA117D007,BICYCLIST,Cross/Enter not at Intersection,IN ROADWAY IMPROPERLY,ON ROADWAY NOT AT CROSSWALK,,SUSPECTED MINOR INJURY,NONE,39.05903667,-77.06514167,"(39.05903667, -77.06514167)"
MCP2597001D,15014325,Montgomery County Police,Injury Crash,03/28/2015 08:20:00 PM,US (State),COLESVILLE RD,FENTON ST,,N/A,PEDESTRIAN,STRAIGHT MOVEMENT ANGLE,CLEAR,DRY,DARK LIGHTS ON,NO CONTROLS,NONE DETECTED,ALCOHOL PRESENT,A8BD8F2B-4B69-4CAD-9FDA-49DB8570354F,PEDESTRIAN,Cross/Enter not at Intersection,IN ROADWAY IMPROPERLY,ON ROADWAY NOT AT CROSSWALK,,SUSPECTED MINOR INJURY,NONE,38.99732434,-77.02731371,"(38.99732434, -77.02731371)"
MCP3271001G,210042535,Montgomery County Police,Injury Crash,10/22/2021 04:30:00 PM,Maryland (State),WISCONSIN AVE,CORDELL AVE,,N/A,BICYCLIST,SINGLE VEHICLE,CLEAR,DRY,DAYLIGHT,TRAFFIC SIGNAL,NONE DETECTED,NONE DETECTED,AC0D7082-0C84-4E53-97F3-05BD35BF9AF6,BICYCLIST,Cross/Enter at Intersection,NO IMPROPER ACTIONS,AT INTERSECTION MARKED CROSSWALK,No,POSSIBLE INJURY,NONE,38.99102878,-77.09559958,"(38.99102878, -77.09559958)"
DD56640012,230065308,Rockville Police Departme,Property Damage Crash,11/09/2023 09:57:00 AM,Maryland (State),ROCKVILLE PIKE,HALPINE RD,,ROCKVILLE,PEDESTRIAN,OTHER,CLEAR,DRY,DAYLIGHT,TRAFFIC SIGNAL,NONE DETECTED,NONE DETECTED,5725A13B-1C60-4444-B5F7-869AC5232C42,PEDESTRIAN,Cross/Enter at Intersection,N/A,ON ROADWAY AT CROSSWALK,No,NO APPARENT INJURY,N/A,39.06179301,-77.12373409,"(39.06179301, -77.12373409)"
MCP14330022,180056822,Montgomery County Police,Injury Crash,11/12/2018 06:50:00 PM,Maryland (State),ROCKVILLE PIKE,HALPINE RD,,ROCKVILLE,PEDESTRIAN,OTHER,RAINING,WET,DARK LIGHTS ON,TRAFFIC SIGNAL,NONE DETECTED,NONE DETECTED,9BF51C62-6A62-4FC1-91A1-65A1268D5A2B,PEDESTRIAN,Cross/Enter at Intersection,NO IMPROPER ACTIONS,AT INTERSECTION MARKED CROSSWALK,No,SUSPECTED MINOR INJURY,N/A,39.06211,-77.12384167,"(39.06211, -77.12384167)"
DM8266000D,16035251,Takoma Park Police Depart,Injury Crash,07/12/2016 11:45:00 AM,Municipality,CHICAGO AVE,PHILADELPHIA AVE,,N/A,PEDESTRIAN,OTHER,CLEAR,DRY,DAYLIGHT,N/A,N/A,NONE DETECTED,20DB5C92-002B-40D4-BB00-40B870456DB5,PEDESTRIAN,Cross/Enter not at Intersection,ENTERING EXITING PARKED STANDING VEHICLE,OTHER,Yes,SUSPECTED MINOR INJURY,N/A,38.98627167,-77.02176667,"(38.98627167, -77.02176667)"
MCP2850000S,15034760,MONTGOMERY,Injury Crash,07/15/2015 01:07:00 PM,,,,"Wheaton Plaza Ring Rd, between Target and Giant",,PEDESTRIAN,SINGLE VEHICLE,CLEAR,,DAYLIGHT,N/A,N/A,N/A,895990FA-1CC4-453E-BC13-8705CB20F8E7,PEDESTRIAN,Cross/Enter at Intersection,NO IMPROPER ACTIONS,ON ROADWAY AT CROSSWALK,No,POSSIBLE INJURY,N/A,39.03736333,-77.05747333,"(39.03736333, -77.05747333)"
MCP26560050,200050075,Montgomery County Police,Injury Crash,12/20/2020 08:50:00 PM,,,,PARKING LOT OF 12814 SAGE TERRACE,,PEDESTRIAN,OTHER,N/A,,DARK LIGHTS ON,N/A,N/A,NONE DETECTED,47763640-756B-4DB7-A926-7FC953E0689C,PEDESTRIAN,Other,IN ROADWAY IMPROPERLY,OTHER,Yes,POSSIBLE INJURY,N/A,39.16015333,-77.26538,"(39.16015333, -77.26538)"
MCP27220030,180037639,Montgomery County Police,Injury Crash,07/29/2018 08:38:00 PM,,,,"PARKING LOT OF 14101 GEORGIA AVE SILVER SPRING, MD",,BICYCLIST,SINGLE VEHICLE,CLEAR,,DARK LIGHTS ON,NO CONTROLS,N/A,N/A,D5F26865-3F28-48A2-9B3C-490BE063E1D4,BICYCLIST,Cross/Enter at Intersection,NO IMPROPER ACTIONS,SIDEWALK,No,POSSIBLE INJURY,NONE,39.08536833,-77.07825,"(39.08536833, -77.07825)"
MCP30330010,170508328,Montgomery County Police,Injury Crash,05/17/2017 04:00:00 PM,Maryland (State),UNIVERSITY BLVD E,COLESVILLE RD,,N/A,PEDESTRIAN,OTHER,CLEAR,DRY,DAYLIGHT,TRAFFIC SIGNAL,NONE DETECTED,NONE DETECTED,4C7617A1-8F9A-4B18-B41A-DBF232ACBE29,PEDESTRIAN,Cross/Enter not at Intersection,FAILURE TO OBEY TRAFFIC SIGNS SIGNALS OR OFFICER,ON ROADWAY AT CROSSWALK,Yes,POSSIBLE INJURY,NONE,39.01971092,-77.01315299,"(39.01971092, -77.01315299)"
MCP3150001L,200042420,Montgomery County Police,Injury Crash,10/27/2020 05:27:00 PM,,,,PARKING LOT OF 12304 FEATHERWOOD DR SILVER SPRING MD,,PEDESTRIAN,N/A,CLEAR,,DAYLIGHT,NO CONTROLS,NONE DETECTED,NONE DETECTED,EADA2DCA-2005-4BF5-AD30-E7557BA25DBD,PEDESTRIAN,Other,FAILURE TO YIELD RIGHT OF WAY,ON ROADWAY NOT AT CROSSWALK,Yes,SUSPECTED MINOR INJURY,NONE,39.05905521,-76.9718918,"(39.05905521, -76.9718918)"
MCP137800WG,210005062,Montgomery County Police,Injury Crash,02/08/2021 06:58:00 PM,County,CONTOUR RD,ODENDHAL AVE,,N/A,PEDESTRIAN,SINGLE VEHICLE,CLOUDY,DRY,DARK LIGHTS ON,TRAFFIC SIGNAL,UNKNOWN,NONE DETECTED,13591EB5-8BD6-480C-AD13-20EAC453C7D9,PEDESTRIAN,Cross/Enter at Intersection,NO IMPROPER ACTIONS,ON ROADWAY AT CROSSWALK,No,SUSPECTED MINOR INJURY,NONE,39.15243628,-77.19602164,"(39.15243628, -77.19602164)"
MCP3196000F,190041996,Montgomery County Police,Injury Crash,09/02/2019 03:16:00 PM,County,WALDORF DR,WYNNFIELD DR,,N/A,BICYCLIST,STRAIGHT MOVEMENT ANGLE,CLEAR,DRY,DAYLIGHT,NO CONTROLS,N/A,N/A,B504A6D3-ABA0-46F7-81C3-4DD3068A6C03,BICYCLIST,Walking/Riding w/Traffic,NO IMPROPER ACTIONS,ON ROADWAY NOT AT CROSSWALK,No,SUSPECTED MINOR INJURY,MC/BIKE HELMET,39.18594429,-77.27688125,"(39.18594429, -77.27688125)"
EJ7863000N,16066010,Gaithersburg Police Depar,Injury Crash,12/23/2016 04:24:00 PM,Municipality,PROFESSIONAL DR,FREDERICK RD,,N/A,PEDESTRIAN,N/A,CLEAR,DRY,DAYLIGHT,TRAFFIC SIGNAL,NONE DETECTED,NONE DETECTED,80A78B07-F7FC-4F9A-B9E5-DC7D2F58B471,PEDESTRIAN,Cross/Enter not at Intersection,DART DASH,ON ROADWAY NOT AT CROSSWALK,Yes,SUSPECTED MINOR INJURY,NONE,39.16337167,-77.22609,"(39.16337167, -77.22609)"
MCP30940029,220051881,Montgomery County Police,Injury Crash,11/23/2022 06:46:00 PM,,,,"PARKING LOT OF 19235 WATKINS MILL RD, MONTGOMERY VILLAGE, MD 20886",,PEDESTRIAN,OTHER,N/A,,DARK LIGHTS ON,N/A,"NONE DETECTED, UNKNOWN",NONE DETECTED,F0E7DF52-EE9B-4797-A293-E8BF59B56D2B,PEDESTRIAN,Other,IN ROADWAY IMPROPERLY,N/A,No,POSSIBLE INJURY,NONE,39.17233433,-77.20610483,"(39.17233433, -77.20610483)"
MCP2048003D,210039533,Montgomery County Police,Injury Crash,08/28/2021 12:00:00 PM,,AVENEL GARDEN LANE,ELTON RD,,N/A,PEDESTRIAN,OTHER,CLEAR,DRY,DAYLIGHT,NO CONTROLS,NONE DETECTED,NONE DETECTED,7431DC1A-65A6-40AD-9401-642B5271D660,PEDESTRIAN,Other,NO IMPROPER ACTIONS,SIDEWALK,No,SUSPECTED MINOR INJURY,N/A,39.01944365,-76.97196495,"(39.01944365, -76.97196495)"
MCP94280045,220007951,Montgomery County Police,Injury Crash,02/23/2022 02:14:00 PM,Maryland (State),RIDGE RD,DAMASCUS MANOR RD,,N/A,PEDESTRIAN,STRAIGHT MOVEMENT ANGLE,CLEAR,DRY,DAYLIGHT,NO CONTROLS,NONE DETECTED,NONE DETECTED,94AD48CB-BEDB-4584-8A10-F3983C352176,PEDESTRIAN,Cross/Enter not at Intersection,DART DASH,ON ROADWAY NOT AT CROSSWALK,Yes,SUSPECTED MINOR INJURY,NONE,39.28011119,-77.21175433,"(39.28011119, -77.21175433)"
MCP28180022,16041124,Montgomery County Police,Injury Crash,08/13/2016 05:37:00 PM,County,FENTON ST,COLESVILLE RD,,N/A,PEDESTRIAN,OTHER,CLEAR,DRY,N/A,TRAFFIC SIGNAL,NONE DETECTED,NONE DETECTED,DAE2F9D7-3E9E-4983-AA6B-FEB3A35895BE,PEDESTRIAN,Cross/Enter at Intersection,NO IMPROPER ACTIONS,AT INTERSECTION MARKED CROSSWALK,No,SUSPECTED MINOR INJURY,N/A,38.99752833,-77.02718167,"(38.99752833, -77.02718167)"
MCP3163002J,200003614,Montgomery County Police,Injury Crash,01/22/2020 03:30:00 PM,County,WESTBARD AVE,RIDGEFIELD RD,,N/A,PEDESTRIAN,HEAD ON LEFT TURN,N/A,DRY,DAYLIGHT,TRAFFIC SIGNAL,NONE DETECTED,N/A,7D721C70-8453-454C-957A-E67F5B548A46,PEDESTRIAN,Cross/Enter at Intersection,N/A,ON ROADWAY AT CROSSWALK,No,POSSIBLE INJURY,N/A,38.961452,-77.106857,"(38.961452, -77.106857)"
MCP29730031,170507704,Montgomery County Police,Injury Crash,05/14/2017 12:12:00 PM,,,,ASPEN HILL SHOPPING CENTER - CAPITAL ONE BANK - 13601 CONNECTICUT AVE SILVER SPRING MD 20906,,PEDESTRIAN,OTHER,CLEAR,,DAYLIGHT,NO CONTROLS,NONE DETECTED,NONE DETECTED,5356F370-20A6-4E57-A59A-8D67183D57D3,PEDESTRIAN,Other,NO IMPROPER ACTIONS,OTHER,No,POSSIBLE INJURY,N/A,39.07822411,-77.07972005,"(39.07822411, -77.07972005)"
MCP3121002G,190048939,Montgomery County Police,Property Damage Crash,10/11/2019 07:50:00 PM,County,WALKERS CHOICE RD,LAKE LANDING RD,,N/A,PEDESTRIAN,SINGLE VEHICLE,CLEAR,DRY,DARK LIGHTS ON,TRAFFIC SIGNAL,UNKNOWN,NONE DETECTED,1AE34311-0563-4631-A417-BA827EDBD59A,PEDESTRIAN,Cross/Enter at Intersection,NO IMPROPER ACTIONS,ON ROADWAY AT CROSSWALK,No,NO APPARENT INJURY,NONE,39.16144578,-77.20209489,"(39.16144578, -77.20209489)"
MCP23960036,190010789,Montgomery County Police,Injury Crash,03/08/2019 04:30:00 PM,Maryland (State),HUNGERFORD DR,BEALL AVE #2,,ROCKVILLE,PEDESTRIAN,STRAIGHT MOVEMENT ANGLE,CLEAR,DRY,DAYLIGHT,TRAFFIC SIGNAL,N/A,N/A,3648A6A3-E25B-4434-8283-0CC6BD53A3FF,PEDESTRIAN,Cross/Enter at Intersection,NO IMPROPER ACTIONS,ON ROADWAY AT CROSSWALK,No,SUSPECTED MINOR INJURY,UNKNOWN,39.08742277,-77.15015525,"(39.08742277, -77.15015525)"
MCP289200CN,220033164,Montgomery County Police,Injury Crash,08/02/2022 03:45:00 PM,US (State),COLESVILLE RD,UNIVERSITY BLVD E,,N/A,PEDESTRIAN,SINGLE VEHICLE,CLEAR,DRY,DAYLIGHT,TRAFFIC SIGNAL,NONE DETECTED,NONE DETECTED,E59834BA-AEFD-4E2E-AA70-A175C117E119,PEDESTRIAN,Cross/Enter at Intersection,NO IMPROPER ACTIONS,ON ROADWAY AT CROSSWALK,No,POSSIBLE INJURY,NONE,39.019485,-77.01374,"(39.019485, -77.01374)"
MCP25120028,16049778,Montgomery County Police,Injury Crash,09/27/2016 07:51:00 PM,Maryland (State),CLOPPER RD,FIRSTFIELD RD,,GAITHERSBURG,PEDESTRIAN,STRAIGHT MOVEMENT ANGLE,CLEAR,DRY,DARK LIGHTS ON,NO CONTROLS,NONE DETECTED,NONE DETECTED,9B127A44-90F9-472C-BCA6-6728479AACEA,PEDESTRIAN,Cross/Enter not at Intersection,FAILURE TO YIELD RIGHT OF WAY,ON ROADWAY NOT AT CROSSWALK,Yes,POSSIBLE INJURY,NONE,39.144595,-77.22561167,"(39.144595, -77.22561167)"
MCP2788000Z,16049262,Montgomery County Police,Injury Crash,09/25/2016 02:51:00 AM,Maryland (State),GEORGIA AVE,PRICE AVE,,N/A,PEDESTRIAN,SINGLE VEHICLE,CLEAR,DRY,DARK LIGHTS ON,WARNING SIGN,NONE DETECTED,ALCOHOL PRESENT,78AE1651-C2A8-484A-8BED-2A2C761F83CE,PEDESTRIAN,Cross/Enter at Intersection,INATTENTIVE,ON ROADWAY AT CROSSWALK,No,POSSIBLE INJURY,N/A,39.03997,-77.05110667,"(39.03997, -77.05110667)"
MCP2963001Q,180031057,Montgomery County Police,Injury Crash,06/24/2018 12:13:00 AM,US (State),GEORGIA AVE,SILVER SPRING AVE,,N/A,PEDESTRIAN,SINGLE VEHICLE,N/A,DRY,DARK LIGHTS ON,TRAFFIC SIGNAL,NONE DETECTED,NONE DETECTED,AA572C01-92EA-407F-B0EB-EA8371A85AE6,PEDESTRIAN,Cross/Enter at Intersection,NO IMPROPER ACTIONS,ON ROADWAY AT CROSSWALK,No,POSSIBLE INJURY,NONE,38.99150833,-77.02672833,"(38.99150833, -77.02672833)"
MCP291400B3,200030582,Montgomery County Police,Injury Crash,07/12/2020 03:40:00 AM,US (State),GEORGIA AVE,CROSSOVER,,N/A,PEDESTRIAN,OTHER,CLEAR,N/A,DARK LIGHTS ON,NO CONTROLS,N/A,N/A,0CB16293-85C5-4909-A8B1-6341DA452CC1,PEDESTRIAN,Standing,IN ROADWAY IMPROPERLY,N/A,Yes,POSSIBLE INJURY,NONE,38.99105471,-77.02640648,"(38.99105471, -77.02640648)"
MCP24360087,190040357,Montgomery County Police,Injury Crash,08/23/2019 12:50:00 PM,Maryland (State),PINEY BRANCH RD,ARLISS ST,,N/A,PEDESTRIAN,OTHER,RAINING,WET,DAYLIGHT,TRAFFIC SIGNAL,NONE DETECTED,NONE DETECTED,D9B00D3F-CC88-4344-B85C-D319920CDF00,PEDESTRIAN,Cross/Enter at Intersection,NO IMPROPER ACTIONS,ON ROADWAY AT CROSSWALK,No,SUSPECTED MINOR INJURY,N/A,38.99846833,-77.00145667,"(38.99846833, -77.00145667)"
MCP1465005S,220025349,Montgomery County Police,Injury Crash,06/13/2022 11:01:00 AM,County,NORWOOD RD,ATTLEBORO RD,,N/A,PEDESTRIAN,SINGLE VEHICLE,CLEAR,DRY,DAYLIGHT,OTHER,NONE DETECTED,NONE DETECTED,65CFE011-284E-41AB-9F6A-162EBD498663,PEDESTRIAN,Other Working,NO IMPROPER ACTIONS,OTHER,No,SUSPECTED MINOR INJURY,N/A,39.11543667,-77.01710667,"(39.11543667, -77.01710667)"
MCP3050000N,170502919,Montgomery County Police,Injury Crash,04/19/2017 08:41:00 AM,,,,DUNKIN DONUTS 13810 CONNECTICUT AVE SILVER SPRING 20906,,OTHER,SINGLE VEHICLE,CLEAR,,DAYLIGHT,N/A,NONE DETECTED,NONE DETECTED,4024C966-4958-407F-AF20-E9D67DE126F9,OTHER,Other,N/A,INSIDE BUILDING,No,SUSPECTED MINOR INJURY,N/A,39.08526833,-77.07725333,"(39.08526833, -77.07725333)"
MCP1174000Y,15036273,MONTGOMERY,Injury Crash,07/23/2015 09:56:00 AM,Maryland (State),OLD GEORGETOWN RD,CORDELL AVE,,N/A,PEDESTRIAN,SINGLE VEHICLE,CLEAR,DRY,DAYLIGHT,OTHER,NONE DETECTED,N/A,C81C50F9-5C55-42D8-8697-E50BFF21CF6E,PEDESTRIAN,Cross/Enter at Intersection,NO IMPROPER ACTIONS,ON ROADWAY AT CROSSWALK,No,SUSPECTED MINOR INJURY,NONE,38.98785167,-77.09937333,"(38.98785167, -77.09937333)"
MCP9130006K,180060238,Montgomery County Police,Injury Crash,12/02/2018 02:28:00 PM,,,,"PARKING LOT OF 807 DALEVIEW DRIVE
MONTGOMERY KNOLLS ELEMENTARY SCHOOL",,PEDESTRIAN,OTHER,CLOUDY,,DAYLIGHT,N/A,NONE DETECTED,NONE DETECTED,F1E3C5A3-21D1-4AED-AABD-4FDFAC07B2DF,PEDESTRIAN,Other,OTHER,OTHER,No,POSSIBLE INJURY,NONE,39.0056,-76.99393333,"(39.0056, -76.99393333)"
MCP1389001K,180015217,Montgomery County Police,Injury Crash,03/28/2018 07:55:00 PM,,,,PARKING LOT OF 7200 MUNCASTER MILL RD (MCDONALD'S),,PEDESTRIAN,SINGLE VEHICLE,RAINING,,DARK LIGHTS ON,N/A,N/A,NONE DETECTED,67BA1FEC-CE1F-48A8-9BA8-70738C361A44,PEDESTRIAN,Other Working,NO IMPROPER ACTIONS,OTHER,No,SUSPECTED MINOR INJURY,N/A,39.14563667,-77.14467333,"(39.14563667, -77.14467333)"
MCP284800BQ,210051102,Montgomery County Police,Injury Crash,12/16/2021 08:08:00 AM,Maryland (State),ROCKVILLE PIKE,NORTH DR,,N/A,BICYCLIST,OTHER,CLEAR,DRY,DAYLIGHT,TRAFFIC SIGNAL,NONE DETECTED,NONE DETECTED,E65355DC-180E-4B72-99EC-0BF75FD19A66,BICYCLIST,Walking/Cycling on Sidewalk,NO IMPROPER ACTIONS,AT INTERSECTION MARKED CROSSWALK,No,POSSIBLE INJURY,MC/BIKE HELMET,39.00445333,-77.09722833,"(39.00445333, -77.09722833)"
MCP2869003W,190047272,Montgomery County Police,Injury Crash,10/02/2019 02:40:00 PM,County,KERWIN RD,UNIVERSITY BLVD W,,N/A,BICYCLIST,OTHER,N/A,DRY,DAYLIGHT,STOP SIGN,UNKNOWN,NONE DETECTED,FFEC9862-6481-4B52-A6AD-31537C818010,BICYCLIST,Cross/Enter at Intersection,NO IMPROPER ACTIONS,AT INTERSECTION BUT NO CROSSWALK,No,SUSPECTED MINOR INJURY,MC/BIKE HELMET,39.02979358,-77.02100592,"(39.02979358, -77.02100592)"
EJ78850035,230032394,Gaithersburg Police Depar,Injury Crash,07/07/2023 02:55:00 PM,,,,PARKING LOT OF 880 RUSSELL AVE,,PEDESTRIAN,N/A,CLEAR,,DAYLIGHT,NO CONTROLS,NONE DETECTED,NONE DETECTED,5FB966A6-5440-4489-BF8F-2D88032C8063,PEDESTRIAN,Other,NO IMPROPER ACTIONS,OTHER,No,POSSIBLE INJURY,N/A,39.1563985,-77.21339017,"(39.1563985, -77.21339017)"