Report Number,Local Case Number,Agency Name,ACRS Report Type,Crash Date/Time,Route Type,Road Name,Cross-Street Name,Off-Road Description,Municipality,Related Non-Motorist,Collision Type,Weather,Surface Condition,Light,Traffic Control,Driver Substance Abuse,Non-Motorist Substance Abuse,Person ID,Pedestrian Type,Pedestrian Movement,Pedestrian Actions,Pedestrian Location,At Fault,Injury Severity,Safety Equipment,Latitude,Longitude,Location
MCP2965004N,200018691,Montgomery County Police,Injury Crash,05/08/2020 10:10:00 AM,County,HERITAGE HILLS DR,HERITAGE HILLS CT,,N/A,OTHER CONVEYANCE,OTHER,CLOUDY,DRY,DAYLIGHT,NO CONTROLS,NONE DETECTED,NONE DETECTED,090619CD-AB50-4CAA-8706-1B28EB0A24E4,OTHER CONVEYANCE,Cross/Enter not at Intersection,NOT VISIBLE,ON ROADWAY NOT AT CROSSWALK,Yes,POSSIBLE INJURY,REFLECTIVE CLOTHING,39.169105,-77.06162333,"(39.169105, -77.06162333)"
MCP27910022,16012504,MONTGOMERY,Injury Crash,03/13/2016 08:55:00 PM,,,,PARKING LOT AT 13820 OLD COLUMBIA PIKE,,PEDESTRIAN,SINGLE VEHICLE,RAINING,,DARK LIGHTS ON,NO CONTROLS,NONE DETECTED,ALCOHOL PRESENT,19E161CF-5C1E-45B5-B69A-DFB59B9AD61D,PEDESTRIAN,Other,INATTENTIVE,OTHER,Yes,POSSIBLE INJURY,NONE,39.083745,-76.95171167,"(39.083745, -76.95171167)"
MCP2039001J,16018390,Montgomery County Police,Property Damage Crash,04/15/2016 06:12:00 AM,Maryland (State),CONNECTICUT AVE,KAYSON ST,,N/A,OTHER,STRAIGHT MOVEMENT ANGLE,CLEAR,DRY,DARK NO LIGHTS,STOP SIGN,N/A,N/A,3693B532-251E-4BEF-856F-C68D3FF4C778,OTHER,N/A,N/A,INSIDE BUILDING,No,NO APPARENT INJURY,N/A,39.06792499,-77.07523137,"(39.06792499, -77.07523137)"
MCP2187000G,200025035,Montgomery County Police,Injury Crash,06/27/2020 12:06:00 PM,Maryland (State),QUINCE ORCHARD RD,ENT TO PARK & RIDE,,N/A,BICYCLIST,STRAIGHT MOVEMENT ANGLE,CLEAR,DRY,DAYLIGHT,TRAFFIC SIGNAL,NONE DETECTED,NONE DETECTED,97ADC450-E92E-4CDA-BFA2-EC1D90141872,BICYCLIST,Cross/Enter not at Intersection,FAILURE TO OBEY TRAFFIC SIGNS SIGNALS OR OFFICER,ON ROADWAY NOT AT CROSSWALK,Yes,SUSPECTED MINOR INJURY,NONE,39.02994667,-77.12695333,"(39.02994667, -77.12695333)"
MCP3039005Y,220019946,Montgomery County Police,Injury Crash,05/10/2022 10:00:00 PM,US (State),GEORGIA AVE,THAYER AVE,,N/A,PEDESTRIAN,STRAIGHT MOVEMENT ANGLE,CLEAR,DRY,DARK LIGHTS ON,TRAFFIC SIGNAL,NONE DETECTED,N/A,A18D68AF-E35A-4573-8603-43749067B9C2,PEDESTRIAN,Cross/Enter at Intersection,NO IMPROPER ACTIONS,AT INTERSECTION MARKED CROSSWALK,No,SUSPECTED MINOR INJURY,REFLECTIVE CLOTHING,38.99291668,-77.02660492,"(38.99291668, -77.02660492)"
MCP2384000T,15008804,Montgomery County Police,Injury Crash,02/24/2015 06:45:00 PM,County,SANGAMORE RD,SENTINEL RD,,N/A,PEDESTRIAN,OTHER,CLEAR,DRY,DARK LIGHTS ON,STOP SIGN,UNKNOWN,NONE DETECTED,D8F82FF1-CCE2-4891-8992-EBF43F8F6B87,PEDESTRIAN,Cross/Enter at Intersection,NO IMPROPER ACTIONS,ON ROADWAY AT CROSSWALK,,SUSPECTED MINOR INJURY,N/A,38.95055333,-77.12055167,"(38.95055333, -77.12055167)"
MCP29910013,16047934,Montgomery County Police,Injury Crash,09/18/2016 12:45:00 PM,,,,CHURCH PARKING LOT OFF OF 17615 OLD BALTIMORE RD.,,PEDESTRIAN,SINGLE VEHICLE,CLEAR,,DAYLIGHT,NO CONTROLS,NONE DETECTED,NONE DETECTED,51EE3148-3B80-4843-8C9C-FEFD82F1918A,PEDESTRIAN,Other,NO IMPROPER ACTIONS,OTHER,No,POSSIBLE INJURY,N/A,39.14461333,-77.050775,"(39.14461333, -77.050775)"
MCP2054000K,190058955,Montgomery County Police,Injury Crash,12/06/2019 09:15:00 PM,Maryland (State),16TH ST,EAST WEST HWY,,N/A,PEDESTRIAN,STRAIGHT MOVEMENT ANGLE,CLEAR,DRY,DARK LIGHTS ON,TRAFFIC SIGNAL,UNKNOWN,NONE DETECTED,2FD4974C-DC42-44DB-8FED-EC3C88493B23,PEDESTRIAN,Cross/Enter at Intersection,NO IMPROPER ACTIONS,AT INTERSECTION MARKED CROSSWALK,No,SUSPECTED MINOR INJURY,N/A,38.99464661,-77.03620287,"(38.99464661, -77.03620287)"
MCP30700015,190055317,Montgomery County Police,Injury Crash,11/16/2019 01:10:00 PM,County,BATTERY LA,OLD GEORGETOWN RD,,N/A,PEDESTRIAN,SINGLE VEHICLE,CLEAR,DRY,DAYLIGHT,TRAFFIC SIGNAL,N/A,N/A,6BFDD7FE-00F3-4D3D-BE61-3EF6ADAA4395,PEDESTRIAN,Cross/Enter at Intersection,NO IMPROPER ACTIONS,AT INTERSECTION MARKED CROSSWALK,No,SUSPECTED MINOR INJURY,N/A,38.99080167,-77.10278167,"(38.99080167, -77.10278167)"
MCP33020008,210031516,Montgomery County Police,Injury Crash,08/13/2021 05:51:00 PM,County,RANDOLPH RD,SHERWOOD FOREST DR,,N/A,PEDESTRIAN,SINGLE VEHICLE,RAINING,WET,DAYLIGHT,N/A,NONE DETECTED,NONE DETECTED,6B5D8E0F-5244-443A-ACCB-0F40790E0819,PEDESTRIAN,Cross/Enter at Intersection,DART DASH,AT INTERSECTION BUT NO CROSSWALK,Yes,SUSPECTED SERIOUS INJURY,NONE,39.07321171,-77.00832942,"(39.07321171, -77.00832942)"
DD5643002V,230030322,Rockville Police Departme,Injury Crash,06/24/2023 10:50:00 PM,Municipality,MONROE ST,E JEFFERSON ST,,N/A,"OTHER, PEDESTRIAN",OTHER,CLEAR,DRY,DARK LIGHTS ON,TRAFFIC SIGNAL,NONE DETECTED,N/A,A2AB0E6C-AD55-49E1-A114-1B86B5285AC8,OTHER,N/A,N/A,N/A,No,NO APPARENT INJURY,N/A,39.08198033,-77.14913469,"(39.08198033, -77.14913469)"
DD5593001W,16004967,Rockville Police Departme,Injury Crash,01/30/2016 07:15:00 PM,,,,"PARKING LOT OF 15136 FREDERICK RD (ADVANCE AUTO), ROCKVILLE, MD",,PEDESTRIAN,HEAD ON LEFT TURN,CLEAR,,DARK LIGHTS ON,N/A,UNKNOWN,NONE DETECTED,85943060-F96A-446D-BD1C-E4C02AE4D87B,PEDESTRIAN,Other,NO IMPROPER ACTIONS,OTHER,No,POSSIBLE INJURY,NONE,39.10419167,-77.15767333,"(39.10419167, -77.15767333)"
MCP2752001P,170506457,Montgomery County Police,Injury Crash,05/07/2017 04:10:00 PM,County,MARYLAND AVE,MACARTHUR BLVD,,N/A,BICYCLIST,STRAIGHT MOVEMENT ANGLE,CLEAR,DRY,DAYLIGHT,STOP SIGN,N/A,N/A,7A8BC406-D329-4BD4-9AF0-60906DA5E386,BICYCLIST,Cross/Enter at Intersection,NO IMPROPER ACTIONS,ON ROADWAY AT CROSSWALK,No,SUSPECTED MINOR INJURY,MC/BIKE HELMET,38.96556133,-77.13695267,"(38.96556133, -77.13695267)"
MCP3029000N,170500472,Montgomery County Police,Injury Crash,04/05/2017 08:15:00 AM,County,HEWITT AVE,GEORGIA AVE,,N/A,PEDESTRIAN,OTHER,CLEAR,DRY,DAYLIGHT,NO CONTROLS,UNKNOWN,N/A,45EBF403-7E71-49BC-AE53-9DB968368749,PEDESTRIAN,Standing,NO IMPROPER ACTIONS,OTHER,No,SUSPECTED MINOR INJURY,N/A,39.07924957,-77.06777215,"(39.07924957, -77.06777215)"
DM8456000V,170514397,Takoma Park Police Depart,Injury Crash,06/18/2017 01:00:00 PM,Maryland (State),NEW HAMPSHIRE AVE,UNIVERSITY BLVD,,N/A,PEDESTRIAN,N/A,CLEAR,DRY,DAYLIGHT,TRAFFIC SIGNAL,N/A,NONE DETECTED,FA0BCDC3-971A-4350-90F0-C687F2A519DE,PEDESTRIAN,Cross/Enter not at Intersection,DART DASH,ON ROADWAY NOT AT CROSSWALK,Yes,POSSIBLE INJURY,NONE,38.98634,-76.98856167,"(38.98634, -76.98856167)"
MCP30390069,230024261,Montgomery County Police,Property Damage Crash,05/20/2023 06:16:00 PM,County,DENNIS AVE,INWOOD AVE,,N/A,BICYCLIST,STRAIGHT MOVEMENT ANGLE,CLEAR,DRY,DAYLIGHT,TRAFFIC SIGNAL,UNKNOWN,NONE DETECTED,5D9D708B-0019-4125-B58C-6EE8F7E336E7,BICYCLIST,Cross/Enter at Intersection,NO IMPROPER ACTIONS,AT INTERSECTION BUT NO CROSSWALK,No,NO APPARENT INJURY,MC/BIKE HELMET,39.02623569,-77.03543627,"(39.02623569, -77.03543627)"
MCP2973002W,170501570,Montgomery County Police,Injury Crash,03/27/2017 04:00:00 PM,,,,"HOME DEPOT PARKING LOT - 14000 GEORGIA AVE SILVER SPRING, MD 20906",,PEDESTRIAN,OTHER,CLEAR,,DAYLIGHT,NO CONTROLS,NONE DETECTED,NONE DETECTED,03E95798-F810-4970-9971-7BDF0A6FD7A4,PEDESTRIAN,Standing,NO IMPROPER ACTIONS,OTHER,No,POSSIBLE INJURY,N/A,39.0836115,-77.08112955,"(39.0836115, -77.08112955)"
MCP2651003J,190050853,Montgomery County Police,Injury Crash,10/23/2019 06:49:00 AM,County,NORTHAMPTON DR,BEACON RD,,N/A,PEDESTRIAN,OTHER,CLEAR,DRY,DARK LIGHTS ON,STOP SIGN,N/A,N/A,54D336CB-DB44-4EB8-857D-18B8A33E8476,PEDESTRIAN,Cross/Enter at Intersection,FAILURE TO YIELD RIGHT OF WAY,ON ROADWAY NOT AT CROSSWALK,Yes,POSSIBLE INJURY,NONE,39.00762,-76.98374,"(39.00762, -76.98374)"
MCP3017000G,170542868,Montgomery County Police,Injury Crash,11/14/2017 11:00:00 PM,Maryland (State),ROCKVILLE PIKE,TEMPLETON PL,,ROCKVILLE,PEDESTRIAN,OTHER,CLEAR,DRY,UNKNOWN,UNKNOWN,UNKNOWN,NONE DETECTED,7F4C7327-7DE1-4F2D-BB99-5F67800B11B7,PEDESTRIAN,Cross/Enter at Intersection,UNKNOWN,ON ROADWAY AT CROSSWALK,Unknown,SUSPECTED MINOR INJURY,NONE,39.06699568,-77.12818623,"(39.06699568, -77.12818623)"
MCP2586006S,230062730,Montgomery County Police,Injury Crash,10/26/2023 04:27:00 PM,Maryland (State),GERMANTOWN RD,BOWMAN MILL RD,,N/A,BICYCLIST,STRAIGHT MOVEMENT ANGLE,N/A,DRY,DAYLIGHT,TRAFFIC SIGNAL,NONE DETECTED,NONE DETECTED,171D2F85-7EE6-4006-87D8-373EF60BD2DB,BICYCLIST,Cross/Enter at Intersection,FAILURE TO YIELD RIGHT OF WAY,MIDBLOCK MARKED CROSSWALK,Yes,POSSIBLE INJURY,NONE,39.17524245,-77.27203661,"(39.17524245, -77.27203661)"
MCP29950048,190009228,Montgomery County Police,Injury Crash,02/26/2019 06:26:00 PM,County,BEL PRE RD,NORTH GATE DR,,N/A,PEDESTRIAN,OTHER,CLEAR,N/A,DARK LIGHTS ON,OTHER,UNKNOWN,NONE DETECTED,E8A46667-1F78-4D82-88BD-1ED2028EEDA5,PEDESTRIAN,Cross/Enter not at Intersection,NO IMPROPER ACTIONS,ON ROADWAY AT CROSSWALK,No,SUSPECTED SERIOUS INJURY,NONE,39.09190667,-77.06920667,"(39.09190667, -77.06920667)"
DM84470016,16056965,Takoma Park Police Depart,Injury Crash,11/04/2016 07:40:00 PM,Maryland (State),NEW HAMPSHIRE AVE,HOLTON LA,,TAKOMA PARK,PEDESTRIAN,SINGLE VEHICLE,CLEAR,DRY,DARK LIGHTS ON,TRAFFIC SIGNAL,NONE DETECTED,NONE DETECTED,4222D904-8AF2-4B72-A3CA-7FA7B8873C29,PEDESTRIAN,Cross/Enter at Intersection,FAILURE TO OBEY TRAFFIC SIGNS SIGNALS OR OFFICER,ON ROADWAY NOT AT CROSSWALK,Yes,POSSIBLE INJURY,NONE,38.985899,-76.988181,"(38.985899, -76.988181)"
MCP3148000S,180058223,Montgomery County Police,Injury Crash,11/20/2018 02:08:00 PM,County,EXECUTIVE BLVD,MARINELLI RD,,N/A,PEDESTRIAN,HEAD ON,CLEAR,DRY,DAYLIGHT,TRAFFIC SIGNAL,N/A,N/A,2F07F928-FDA2-4527-8D86-2CC04FC215D4,PEDESTRIAN,Cross/Enter at Intersection,NO IMPROPER ACTIONS,ON ROADWAY AT CROSSWALK,No,POSSIBLE INJURY,N/A,39.04627333,-77.11695833,"(39.04627333, -77.11695833)"
MCP3109008S,230065376,Montgomery County Police,Injury Crash,11/09/2023 06:29:00 AM,County,AVENEL RD,NORTHAMPTON DR,,N/A,PEDESTRIAN,OTHER,CLEAR,DRY,DAWN,STOP SIGN,UNKNOWN,NONE DETECTED,3079BC78-190B-41E8-9A9E-C4C34EFBE067,PEDESTRIAN,Cross/Enter at Intersection,NO IMPROPER ACTIONS,ON ROADWAY AT CROSSWALK,No,SUSPECTED MINOR INJURY,NONE,39.00706072,-76.98051033,"(39.00706072, -76.98051033)"
MCP32800017,210032816,Montgomery County Police,Injury Crash,08/23/2021 07:07:00 AM,Maryland (State),PINEY BRANCH RD,KODIAK DR,,N/A,BICYCLIST,SINGLE VEHICLE,CLEAR,DRY,DAYLIGHT,OTHER,NONE DETECTED,NONE DETECTED,96A648C9-638F-4A35-9B2D-98C8D17F5058,BICYCLIST,Walking/Cycling on Sidewalk,UNKNOWN,SIDEWALK,Unknown,SUSPECTED SERIOUS INJURY,NONE,38.99971833,-76.99328667,"(38.99971833, -76.99328667)"
MCP2231001Y,16019835,Montgomery County Police,Injury Crash,04/22/2016 02:57:00 PM,County,AUGUSTA LA,MARLYN DR,,N/A,PEDESTRIAN,SINGLE VEHICLE,CLOUDY,DRY,DAYLIGHT,NO CONTROLS,NONE DETECTED,NONE DETECTED,52FF3653-ED82-464E-AC66-6685DD1AECB1,PEDESTRIAN,Standing,NO IMPROPER ACTIONS,SHOULDER,No,POSSIBLE INJURY,NONE,38.96081869,-77.11842299,"(38.96081869, -77.11842299)"
MCP32380021,220050613,Montgomery County Police,Injury Crash,11/16/2022 10:41:00 AM,US (State),GEORGIA AVE,SLIGO AVE,,N/A,OTHER CONVEYANCE,OTHER,CLEAR,DRY,DAYLIGHT,TRAFFIC SIGNAL,NONE DETECTED,NONE DETECTED,FA47916C-18B7-4261-8F43-4AF0202E90D1,OTHER CONVEYANCE,Cross/Enter at Intersection,FAILURE TO OBEY TRAFFIC SIGNS SIGNALS OR OFFICER,ON ROADWAY AT CROSSWALK,Yes,SUSPECTED SERIOUS INJURY,NONE,38.99115,-77.02659,"(38.99115, -77.02659)"
MCP3005006T,220039727,Montgomery County Police,Injury Crash,09/13/2022 07:18:00 AM,,,,EXIT OF 2425 BLUERIDGE AVE PARKING GARAGE,,BICYCLIST,SINGLE VEHICLE,CLEAR,,DAYLIGHT,NO CONTROLS,NONE DETECTED,NONE DETECTED,C7956B94-0C95-4717-BD9A-88728ABC3FFB,BICYCLIST,Walking/Cycling on Sidewalk,INATTENTIVE,SIDEWALK,Unknown,POSSIBLE INJURY,NONE,39.04330833,-77.05111667,"(39.04330833, -77.05111667)"
MCP2867002J,16036336,Montgomery County Police,Injury Crash,07/18/2016 11:40:00 AM,,,,PARKING LOT OF 10100 COLESVILLE RD,,PEDESTRIAN,OTHER,CLEAR,,DAYLIGHT,N/A,NONE DETECTED,NONE DETECTED,AF4B924A-15C8-4065-8146-7237125695F5,PEDESTRIAN,Other,NO IMPROPER ACTIONS,OTHER,No,POSSIBLE INJURY,NONE,39.02063407,-77.01280832,"(39.02063407, -77.01280832)"
DD5567001H,230066464,Rockville Police Departme,Property Damage Crash,11/15/2023 12:25:00 PM,Municipality,ANITA CT,FIRST ST,,N/A,OTHER,SINGLE VEHICLE,CLEAR,DRY,DAYLIGHT,N/A,NONE DETECTED,NONE DETECTED,4503ED57-21C7-4A9A-8F1F-706044947121,OTHER,Other,OTHER,OTHER,Yes,NO APPARENT INJURY,REFLECTIVE CLOTHING,39.08364589,-77.13610201,"(39.08364589, -77.13610201)"
MCP1205000Y,15009601,Montgomery County Police,Injury Crash,02/28/2015 09:21:00 AM,Maryland (State),CONNECTICUT AVE,KNOWLES AVE,,N/A,PEDESTRIAN,SINGLE VEHICLE,CLEAR,DRY,DAYLIGHT,N/A,NONE DETECTED,N/A,87764BF4-D4E3-4D32-BC2A-222C99B26B5B,PEDESTRIAN,Standing,NO IMPROPER ACTIONS,OTHER,,SUSPECTED SERIOUS INJURY,N/A,39.02763549,-77.07640886,"(39.02763549, -77.07640886)"
HA2399000Q,16001370,Maryland-National Capital,Injury Crash,11/07/2016 08:02:00 AM,Government,LITTLE FALLS PKWY,ARLINGTON RD,,N/A,BICYCLIST,STRAIGHT MOVEMENT ANGLE,CLEAR,DRY,DAYLIGHT,N/A,N/A,N/A,50EFC924-A225-4E7D-AE18-2A925649BED9,BICYCLIST,Cross/Enter at Intersection,N/A,AT INTERSECTION MARKED CROSSWALK,No,SUSPECTED MINOR INJURY,MC/BIKE HELMET,38.97335842,-77.1013239,"(38.97335842, -77.1013239)"
MCP27540018,170505519,Montgomery County Police,Injury Crash,05/02/2017 06:21:00 PM,Maryland (State),PINEY BRANCH RD,ENT TO APTS,,N/A,PEDESTRIAN,OTHER,OTHER,DRY,DAYLIGHT,N/A,NONE DETECTED,NONE DETECTED,7D6453BD-3DE3-45A9-A6FB-9C9E46617A1C,PEDESTRIAN,Walking/Cycling on Sidewalk,N/A,SIDEWALK,No,POSSIBLE INJURY,N/A,38.99862667,-77.00000667,"(38.99862667, -77.00000667)"
MCP3302000G,210038876,Montgomery County Police,Injury Crash,09/30/2021 07:36:00 PM,County,STEWART LA,APRIL LA,,N/A,PEDESTRIAN,SINGLE VEHICLE,CLEAR,DRY,DARK LIGHTS ON,NO CONTROLS,N/A,NONE DETECTED,AD197581-BDCA-41F3-8771-E764E0C131F6,PEDESTRIAN,Cross/Enter not at Intersection,IN ROADWAY IMPROPERLY,ON ROADWAY NOT AT CROSSWALK,Yes,SUSPECTED MINOR INJURY,NONE,39.0441139,-76.9803241,"(39.0441139, -76.9803241)"
MCP2714001K,200007572,Montgomery County Police,Injury Crash,02/16/2020 05:10:00 PM,,,,THE PARKING LOT CROSSWALK OF 12207 VEIRS MILL RD,,PEDESTRIAN,OTHER,CLEAR,,DAYLIGHT,NO CONTROLS,N/A,N/A,97FDB327-7C7A-40E4-9F16-3E2307152BC1,PEDESTRIAN,Standing,NO IMPROPER ACTIONS,DRIVEWAY ACCESS MARKED CROSSWALK,No,POSSIBLE INJURY,NONE,39.05697181,-77.08218147,"(39.05697181, -77.08218147)"
DD56490037,230032266,Rockville Police Departme,Injury Crash,07/06/2023 06:38:00 PM,Municipality,HALPINE RD,E JEFFERSON ST,,ROCKVILLE,PEDESTRIAN,OTHER,N/A,DRY,DAYLIGHT,TRAFFIC SIGNAL,N/A,N/A,E41DEF8E-C0E2-4D82-A313-78F52358D659,PEDESTRIAN,Cross/Enter at Intersection,NO IMPROPER ACTIONS,ON ROADWAY AT CROSSWALK,No,SUSPECTED MINOR INJURY,N/A,39.0612988,-77.12503017,"(39.0612988, -77.12503017)"
MCP2162004Q,200019716,Montgomery County Police,Injury Crash,05/16/2020 06:51:00 PM,,,,"IN THE DRIVEWAY OF 16713 ALEXANDER MANOR DRIVE, SILVER SPRING, MARYLAND",,OTHER,SINGLE VEHICLE,CLEAR,,DAYLIGHT,NO CONTROLS,,N/A,9CED3A31-2BFB-459C-B859-A6588F0F2F23,OTHER,Getting off/on Vehicle,INATTENTIVE,OTHER,Yes,POSSIBLE INJURY,NONE,39.1364856,-77.01767355,"(39.1364856, -77.01767355)"
DD5583006V,210052325,Rockville Police Departme,Injury Crash,12/23/2021 12:11:00 PM,Maryland (State),HUNGERFORD DR,BEALL AVE #2,,ROCKVILLE,PEDESTRIAN,SINGLE VEHICLE,CLEAR,DRY,DAYLIGHT,NO CONTROLS,NONE DETECTED,NONE DETECTED,9884385A-7BBA-458D-B41C-94EC54E51743,PEDESTRIAN,Walking/Cycling on Sidewalk,NO IMPROPER ACTIONS,DRIVEWAY ACCESS MARKED CROSSWALK,No,POSSIBLE INJURY,N/A,39.08715583,-77.150315,"(39.08715583, -77.150315)"
MCP3134003N,220036963,Montgomery County Police,Injury Crash,08/26/2022 07:48:00 PM,Maryland (State),UNIVERSITY BLVD E,E WAYNE AVE,,N/A,BICYCLIST,OTHER,CLEAR,DRY,DUSK,TRAFFIC SIGNAL,N/A,N/A,CAD59D50-BD84-404C-BD7D-2E5870A2F312,BICYCLIST,Cross/Enter at Intersection,NO IMPROPER ACTIONS,ON ROADWAY AT CROSSWALK,No,POSSIBLE INJURY,NONE,39.006144,-76.997678,"(39.006144, -76.997678)"
MCP3051003X,200002374,Montgomery County Police,Injury Crash,01/14/2020 05:35:00 PM,County,FERNWOOD RD,NO NAME,,N/A,PEDESTRIAN,OTHER,RAINING,WET,DARK LIGHTS ON,TRAFFIC SIGNAL,NONE DETECTED,NONE DETECTED,7E4ACC9F-9B65-4E3F-8E6C-CC726796F19C,PEDESTRIAN,Cross/Enter at Intersection,NO IMPROPER ACTIONS,ON ROADWAY AT CROSSWALK,No,POSSIBLE INJURY,NONE,39.02382667,-77.13569,"(39.02382667, -77.13569)"
MCP2771001Q,230004201,Montgomery County Police,Injury Crash,01/26/2023 06:45:00 AM,Maryland (State),CONNECTICUT AVE,WELLER RD,,N/A,PEDESTRIAN,OTHER,FOGGY,WET,DARK LIGHTS ON,TRAFFIC SIGNAL,N/A,N/A,9984EB0D-AC3B-4933-A00D-033FC218CA48,PEDESTRIAN,Walking to/from school,NO IMPROPER ACTIONS,ON ROADWAY AT CROSSWALK,No,SUSPECTED MINOR INJURY,NONE,39.06365833,-77.07338667,"(39.06365833, -77.07338667)"
MCP3125002L,210001108,Montgomery County Police,Injury Crash,01/09/2021 03:20:00 PM,County,MARY CASSATT DR,SEVEN LOCKS RD,,N/A,PEDESTRIAN,SINGLE VEHICLE,CLEAR,DRY,DAYLIGHT,NO CONTROLS,NONE DETECTED,NONE DETECTED,66B67C25-C4F1-4E40-B9A9-C166F3D62AB7,PEDESTRIAN,Cross/Enter at Intersection,NO IMPROPER ACTIONS,AT INTERSECTION BUT NO CROSSWALK,No,SUSPECTED MINOR INJURY,NONE,39.04669833,-77.16098167,"(39.04669833, -77.16098167)"
MCP3329000S,220046987,Montgomery County Police,Property Damage Crash,10/26/2022 12:41:00 PM,US (State),GEORGIA AVE,WAYNE AVE,,N/A,PEDESTRIAN,STRAIGHT MOVEMENT ANGLE,CLEAR,N/A,DAYLIGHT,TRAFFIC SIGNAL,UNKNOWN,NONE DETECTED,CDCD7B23-E6D4-4E6E-97F8-8FAED540768F,PEDESTRIAN,Cross/Enter at Intersection,NO IMPROPER ACTIONS,AT INTERSECTION MARKED CROSSWALK,No,NO APPARENT INJURY,N/A,38.99473494,-77.02665961,"(38.99473494, -77.02665961)"
MCP25120028,16049778,Montgomery County Police,Injury Crash,09/27/2016 07:51:00 PM,Maryland (State),CLOPPER RD,FIRSTFIELD RD,,GAITHERSBURG,PEDESTRIAN,STRAIGHT MOVEMENT ANGLE,CLEAR,DRY,DARK LIGHTS ON,NO CONTROLS,NONE DETECTED,NONE DETECTED,642CBF8B-61C1-4814-94F7-E5F5AAB7CFFD,PEDESTRIAN,Cross/Enter not at Intersection,FAILURE TO YIELD RIGHT OF WAY,ON ROADWAY NOT AT CROSSWALK,Yes,SUSPECTED MINOR INJURY,NONE,39.144595,-77.22561167,"(39.144595, -77.22561167)"
MCP3193004R,230051140,Montgomery County Police,Injury Crash,08/24/2023 05:30:00 PM,County,DAYTON ST,UNIVERSITY BLVD W,,N/A,BICYCLIST,STRAIGHT MOVEMENT ANGLE,CLEAR,DRY,DAYLIGHT,STOP SIGN,NONE DETECTED,NONE DETECTED,EFB17E70-8239-4515-9E47-2FFDE98BB608,BICYCLIST,Cross/Enter at Intersection,N/A,ON ROADWAY AT CROSSWALK,No,POSSIBLE INJURY,NONE,39.03890333,-77.04187667,"(39.03890333, -77.04187667)"
MCP2783003N,200038852,Montgomery County Police,Injury Crash,10/02/2020 06:49:00 PM,Maryland (State),GEORGIA AVE,WINDHAM LA,,N/A,PEDESTRIAN,N/A,CLEAR,DRY,DARK NO LIGHTS,TRAFFIC SIGNAL,NONE DETECTED,N/A,9A50D8C6-B840-43A0-895A-742C4C80343C,PEDESTRIAN,Cross/Enter not at Intersection,IN ROADWAY IMPROPERLY,ON ROADWAY NOT AT CROSSWALK,Yes,SUSPECTED MINOR INJURY,N/A,39.03258121,-77.04861901,"(39.03258121, -77.04861901)"
MCP2286002R,190049826,Montgomery County Police,Injury Crash,10/17/2019 03:05:00 PM,Maryland (State),ROCKVILLE PIKE,TWINBROOK PKWY,,ROCKVILLE,BICYCLIST,ANGLE MEETS RIGHT TURN,CLEAR,DRY,DAYLIGHT,TRAFFIC SIGNAL,NONE DETECTED,NONE DETECTED,F0BBEC2A-B3F1-4080-B838-8490FE8DAAD2,BICYCLIST,Cross/Enter at Intersection,NO IMPROPER ACTIONS,ON ROADWAY AT CROSSWALK,No,SUSPECTED MINOR INJURY,NONE,39.05912167,-77.12124667,"(39.05912167, -77.12124667)"
MCP21890005,170524568,Montgomery County Police,Injury Crash,08/13/2017 12:53:00 AM,County,LOST KNIFE RD,CONTOUR RD,,N/A,PEDESTRIAN,OTHER,N/A,WET,DARK LIGHTS ON,NO CONTROLS,NONE DETECTED,UNKNOWN,48022F78-6D13-4D0D-A6E6-4E04FCC2B083,PEDESTRIAN,Other,UNKNOWN,ON ROADWAY AT CROSSWALK,No,SUSPECTED SERIOUS INJURY,N/A,39.1564195,-77.20252264,"(39.1564195, -77.20252264)"
DD5604004M,230059469,Rockville Police Departme,Injury Crash,10/09/2023 02:18:00 PM,Maryland (State),ROCKVILLE PIKE,WOOTTON PKWY,,ROCKVILLE,PEDESTRIAN,OTHER,CLEAR,DRY,DAYLIGHT,NO CONTROLS,NONE DETECTED,NONE DETECTED,9CDBEF3D-523A-477F-A66A-E400656AB7B6,PEDESTRIAN,Walking/Cycling on Sidewalk,NO IMPROPER ACTIONS,DRIVEWAY ACCESS MARKED CROSSWALK,No,POSSIBLE INJURY,NONE,39.07618533,-77.13832067,"(39.07618533, -77.13832067)"
MCP3005006X,220050517,Montgomery County Police,Injury Crash,11/15/2022 05:05:00 PM,Maryland (State),GEORGIA AVE,URBANA DR,,N/A,BICYCLIST,SINGLE VEHICLE,RAINING,WET,DARK NO LIGHTS,TRAFFIC SIGNAL,NONE DETECTED,NONE DETECTED,D97C630E-4535-4A67-B418-2D248E1C1AC5,BICYCLIST,Cross/Enter at Intersection,UNKNOWN,ON ROADWAY AT CROSSWALK,Unknown,POSSIBLE INJURY,NONE,39.06127,-77.05244167,"(39.06127, -77.05244167)"
MCP3153002R,210035766,Montgomery County Police,Property Damage Crash,09/11/2021 01:55:00 PM,County,KEATING ST,INDEPENDENCE ST,,N/A,PEDESTRIAN,HEAD ON,CLEAR,DRY,DAYLIGHT,NO CONTROLS,"ALCOHOL CONTRIBUTED, NONE DETECTED",N/A,EB59C716-3AD4-4344-A72F-9BA9FDF1EBF9,PEDESTRIAN,Standing,NO IMPROPER ACTIONS,OTHER,No,NO APPARENT INJURY,N/A,39.07431833,-77.09076,"(39.07431833, -77.09076)"
MCP2680001F,15029963,Montgomery County Police,Injury Crash,06/19/2015 02:00:00 PM,Maryland (State),COLESVILLE RD,SECOND AVE,,N/A,PEDESTRIAN,STRAIGHT MOVEMENT ANGLE,CLEAR,DRY,DAYLIGHT,TRAFFIC SIGNAL,NONE DETECTED,NONE DETECTED,096A825F-8178-42C2-8266-E1B0485D4317,PEDESTRIAN,Cross/Enter at Intersection,NO IMPROPER ACTIONS,ON ROADWAY AT CROSSWALK,,SUSPECTED MINOR INJURY,NONE,38.99485167,-77.03069833,"(38.99485167, -77.03069833)"
MCP2853006P,190046041,Montgomery County Police,Injury Crash,09/25/2019 06:15:00 PM,Maryland (State),UNIVERSITY BLVD E,COLESVILLE RD,,N/A,BICYCLIST,OTHER,N/A,DRY,DAYLIGHT,TRAFFIC SIGNAL,N/A,N/A,051670A4-779E-4DAB-852B-653FD54BF76A,BICYCLIST,Cross/Enter at Intersection,NO IMPROPER ACTIONS,AT INTERSECTION MARKED CROSSWALK,No,SUSPECTED MINOR INJURY,MC/BIKE HELMET,39.01966077,-77.01314944,"(39.01966077, -77.01314944)"