Report Number,Local Case Number,Agency Name,ACRS Report Type,Crash Date/Time,Route Type,Road Name,Cross-Street Name,Off-Road Description,Municipality,Related Non-Motorist,Collision Type,Weather,Surface Condition,Light,Traffic Control,Driver Substance Abuse,Non-Motorist Substance Abuse,Person ID,Pedestrian Type,Pedestrian Movement,Pedestrian Actions,Pedestrian Location,At Fault,Injury Severity,Safety Equipment,Latitude,Longitude,Location
MCP30210019,170531310,Montgomery County Police,Injury Crash,09/18/2017 02:55:00 PM,,,,PARKING LOT OF GIANT / SEARS     11200 NEW HAMPSHIRE AVE,,OTHER CONVEYANCE,SINGLE VEHICLE,CLEAR,,DAYLIGHT,NO CONTROLS,NONE DETECTED,NONE DETECTED,FB894BCC-2431-4173-9F0A-288583808629,OTHER CONVEYANCE,Unknown,UNKNOWN,N/A,No,SUSPECTED MINOR INJURY,NONE,39.04118167,-76.99018833,"(39.04118167, -76.99018833)"
MCP2008007X,200027535,Montgomery County Police,Injury Crash,07/15/2020 07:04:00 PM,County,FRANKLIN ST,PARKWOOD DR,,N/A,"BICYCLIST, PEDESTRIAN",OTHER,CLEAR,DRY,DAYLIGHT,STOP SIGN,NONE DETECTED,NONE DETECTED,A0593E34-0D78-4108-BCAA-6F1FE0B66FE6,BICYCLIST,Cross/Enter at Intersection,NO IMPROPER ACTIONS,AT INTERSECTION MARKED CROSSWALK,No,SUSPECTED MINOR INJURY,MC/BIKE HELMET,39.01972667,-77.09671,"(39.01972667, -77.09671)"
MCP2782001C,16007915,Montgomery County Police,Injury Crash,02/17/2016 07:33:00 AM,County,ASPEN HILL RD,VEIRS MILL RD,,N/A,PEDESTRIAN,STRAIGHT MOVEMENT ANGLE,CLEAR,DRY,DAYLIGHT,TRAFFIC SIGNAL,NONE DETECTED,NONE DETECTED,FE5565BC-F2F2-4E46-BCEB-2A49AF406097,PEDESTRIAN,Cross/Enter at Intersection,NO IMPROPER ACTIONS,AT INTERSECTION MARKED CROSSWALK,No,SUSPECTED MINOR INJURY,N/A,39.069365,-77.10491833,"(39.069365, -77.10491833)"
MCP20940053,15027227,MONTGOMERY,Injury Crash,06/05/2015 12:15:00 PM,County,FRIENDSHIP BLVD,WILLARD AVE,,N/A,PEDESTRIAN,OTHER,CLOUDY,DRY,DAYLIGHT,TRAFFIC SIGNAL,NONE DETECTED,NONE DETECTED,A155F515-E3D1-40FE-BB01-E97C96E0B90B,PEDESTRIAN,Cross/Enter at Intersection,NO IMPROPER ACTIONS,ON ROADWAY AT CROSSWALK,No,SUSPECTED SERIOUS INJURY,N/A,38.96178167,-77.08873833,"(38.96178167, -77.08873833)"
MCP2805004T,220010269,Montgomery County Police,Injury Crash,03/10/2022 07:50:00 AM,County,MONTGOMERY VILLAGE AVE,WALKERS CHOICE RD,,N/A,PEDESTRIAN,SINGLE VEHICLE,N/A,DRY,DAYLIGHT,NO CONTROLS,NONE DETECTED,NONE DETECTED,7C7DD66A-9F62-4639-BD64-AAA95DBFF194,PEDESTRIAN,Cross/Enter at Intersection,NO IMPROPER ACTIONS,ON ROADWAY AT CROSSWALK,No,SUSPECTED SERIOUS INJURY,NONE,39.16560783,-77.20474133,"(39.16560783, -77.20474133)"
MCP271700KQ,180048158,Montgomery County Police,Property Damage Crash,09/26/2018 07:15:00 PM,County,CAMERON ST,FENTON ST,,N/A,PEDESTRIAN,OTHER,RAINING,WET,DARK LIGHTS ON,TRAFFIC SIGNAL,NONE DETECTED,NONE DETECTED,84D7FB85-3469-45E1-B034-36CBE3B7398D,PEDESTRIAN,Cross/Enter at Intersection,NO IMPROPER ACTIONS,ON ROADWAY AT CROSSWALK,No,NO APPARENT INJURY,NONE,38.9984605,-77.02898667,"(38.9984605, -77.02898667)"
MCP2535000S,16067231,Montgomery County Police,Injury Crash,12/30/2016 09:56:00 PM,County,REEDIE DR,GEORGIA AVE,,N/A,PEDESTRIAN,SINGLE VEHICLE,CLEAR,DRY,DARK LIGHTS ON,TRAFFIC SIGNAL,ALCOHOL PRESENT,NONE DETECTED,E4AABC64-83DD-414D-988E-629A34C960FF,PEDESTRIAN,Cross/Enter at Intersection,NO IMPROPER ACTIONS,AT INTERSECTION MARKED CROSSWALK,No,SUSPECTED MINOR INJURY,NONE,39.03866,-77.05161167,"(39.03866, -77.05161167)"
MCP94420020,200038819,Montgomery County Police,Injury Crash,10/02/2020 12:00:00 PM,,,,PARKING LOT OF 19200 MONTGOMERY VILLAGE AVE,,PEDESTRIAN,OTHER,CLEAR,,DAYLIGHT,N/A,NONE DETECTED,NONE DETECTED,F7C469E8-B43D-4073-BF8D-DB5593E32564,PEDESTRIAN,Other,NO IMPROPER ACTIONS,OTHER,No,SUSPECTED MINOR INJURY,N/A,39.17182833,-77.20483833,"(39.17182833, -77.20483833)"
MCP2636000T,180033019,Montgomery County Police,Injury Crash,07/04/2018 06:09:00 PM,,,,PARKING LOT OF TARGET LOCATED AT 12000 CHERRY HILL ROAD,,PEDESTRIAN,OTHER,N/A,,DAYLIGHT,N/A,NONE DETECTED,NONE DETECTED,D8952A20-5498-4FF0-9E2D-694ECB57E401,PEDESTRIAN,Standing,NO IMPROPER ACTIONS,CURB,No,SUSPECTED SERIOUS INJURY,NONE,39.05196838,-76.95608497,"(39.05196838, -76.95608497)"
MCP2723005F,210013011,Montgomery County Police,Injury Crash,04/07/2021 03:35:00 PM,,N LEISURE WORLD BLVD,NORBECK BLVD,,N/A,BICYCLIST,STRAIGHT MOVEMENT ANGLE,CLEAR,DRY,DAYLIGHT,STOP SIGN,NONE DETECTED,NONE DETECTED,7F1DF040-A7D8-402B-831A-B30AAE9C3890,BICYCLIST,Walking/Riding w/Traffic,NO IMPROPER ACTIONS,ON ROADWAY NOT AT CROSSWALK,No,SUSPECTED SERIOUS INJURY,UNKNOWN,39.10908667,-77.06872333,"(39.10908667, -77.06872333)"
MCP2559001D,16052620,Montgomery County Police,Injury Crash,10/13/2016 10:05:00 AM,Municipality,FIRSTFIELD RD,QUINCE ORCHARD RD,,N/A,BICYCLIST,OTHER,CLOUDY,DRY,DAYLIGHT,TRAFFIC SIGNAL,N/A,N/A,327A5FCA-5E79-4C50-8157-71413B2DBEC3,BICYCLIST,Cross/Enter at Intersection,FAILURE TO OBEY TRAFFIC SIGNS SIGNALS OR OFFICER,ON ROADWAY AT CROSSWALK,Yes,SUSPECTED MINOR INJURY,NONE,39.14509536,-77.21989363,"(39.14509536, -77.21989363)"
MCP3109002Y,190033882,Montgomery County Police,Injury Crash,07/17/2019 10:00:00 AM,County,FOREST GLEN RD,SLIGO CREEK PKWY,,N/A,BICYCLIST,SINGLE VEHICLE,CLEAR,DRY,DAYLIGHT,TRAFFIC SIGNAL,NONE DETECTED,NONE DETECTED,E10795A1-984D-4138-85AE-A6E5CDBCD2E4,BICYCLIST,Walking/Riding w/Traffic,NO IMPROPER ACTIONS,ON ROADWAY NOT AT CROSSWALK,No,SUSPECTED SERIOUS INJURY,MC/BIKE HELMET,39.01631283,-77.0321085,"(39.01631283, -77.0321085)"
MCP2914001Q,15047862,MONTGOMERY,Property Damage Crash,09/21/2015 04:19:00 PM,Maryland (State),UNIVERSITY BLVD E,RAMP 2 FR IS 495 WB TO MD 193 NB,,N/A,BICYCLIST,OTHER,RAINING,WET,DAYLIGHT,TRAFFIC SIGNAL,N/A,N/A,79EC10A5-66F7-4791-832E-AAB756442C39,BICYCLIST,Cross/Enter at Intersection,NO IMPROPER ACTIONS,AT INTERSECTION MARKED CROSSWALK,No,NO APPARENT INJURY,MC/BIKE HELMET,39.015865,-77.005225,"(39.015865, -77.005225)"
MCP2783000M,15031359,MONTGOMERY,Injury Crash,06/27/2015 02:41:00 AM,County,RANDOLPH RD,DENLEY RD,,N/A,PEDESTRIAN,OTHER,CLEAR,DRY,DARK LIGHTS ON,NO CONTROLS,,ALCOHOL PRESENT,6BEED241-AEB0-4634-BA1F-2059B4A1A510,PEDESTRIAN,Unknown,UNKNOWN,ON ROADWAY NOT AT CROSSWALK,No,SUSPECTED MINOR INJURY,NONE,39.05930167,-77.06207833,"(39.05930167, -77.06207833)"
MCP26870036,180038139,Montgomery County Police,Injury Crash,08/01/2018 02:12:00 PM,,,,"FARMERS MARKET PARKING LOT. 
7155 WISCONSIN AVE BETHESDA MD",,PEDESTRIAN,SINGLE VEHICLE,CLEAR,,DAYLIGHT,NO CONTROLS,NONE DETECTED,NONE DETECTED,2258A857-0F34-4DE0-B315-2A9727F899F6,PEDESTRIAN,Other,NO IMPROPER ACTIONS,OTHER,No,SUSPECTED MINOR INJURY,NONE,38.98131333,-77.09236,"(38.98131333, -77.09236)"
MCP2612005J,230067692,Montgomery County Police,Injury Crash,11/21/2023 06:35:00 PM,County,BEL PRE RD,PARKER FARM WAY,,N/A,PEDESTRIAN,SINGLE VEHICLE,RAINING,WET,DARK LIGHTS ON,TRAFFIC SIGNAL,NONE DETECTED,NONE DETECTED,5A202926-3BFC-4C34-8B00-97EECA6C836B,PEDESTRIAN,Cross/Enter at Intersection,UNKNOWN,ON ROADWAY AT CROSSWALK,Unknown,POSSIBLE INJURY,NONE,39.09059417,-77.04761717,"(39.09059417, -77.04761717)"
MCP14910004,15046900,MONTGOMERY,Injury Crash,09/16/2015 01:43:00 PM,,,,"ENTRANCE TO 15301 FREDERICK RD. IN DRIVEWAY 
CHEVROLET DEALERSHIP",,BICYCLIST,STRAIGHT MOVEMENT ANGLE,CLEAR,,DAYLIGHT,NO CONTROLS,NONE DETECTED,N/A,E9C3A207-E5B4-4A6B-8E32-F0649F65A561,BICYCLIST,Walking/Cycling on Sidewalk,OTHER,SIDEWALK,No,SUSPECTED MINOR INJURY,NONE,39.10721,-77.158035,"(39.10721, -77.158035)"
MCP27500058,200049520,Montgomery County Police,Injury Crash,12/16/2020 12:30:00 PM,Maryland (State),GEORGIA AVE,DAMASCUS RD,,N/A,PEDESTRIAN,OTHER,SNOW,SNOW,DAYLIGHT,NO CONTROLS,NONE DETECTED,NONE DETECTED,7EF02BDC-47F8-4881-A75D-CA5AD056AFDA,PEDESTRIAN,Standing,NO IMPROPER ACTIONS,SHOULDER,No,POSSIBLE INJURY,NONE,39.21163667,-77.06197,"(39.21163667, -77.06197)"
MCP2008007X,200027535,Montgomery County Police,Injury Crash,07/15/2020 07:04:00 PM,County,FRANKLIN ST,PARKWOOD DR,,N/A,"BICYCLIST, PEDESTRIAN",OTHER,CLEAR,DRY,DAYLIGHT,STOP SIGN,NONE DETECTED,NONE DETECTED,38334CFC-EA02-4636-B402-28278CFB89A0,PEDESTRIAN,Cross/Enter at Intersection,NO IMPROPER ACTIONS,AT INTERSECTION MARKED CROSSWALK,No,SUSPECTED MINOR INJURY,NONE,39.01972667,-77.09671,"(39.01972667, -77.09671)"
DD5583001K,16035940,Rockville Police Departme,Injury Crash,07/15/2016 07:13:00 PM,Municipality,TEMPLETON PL,CUL DE SAC,,N/A,PEDESTRIAN,SINGLE VEHICLE,CLEAR,DRY,DAYLIGHT,N/A,NONE DETECTED,NONE DETECTED,6486D483-3508-4664-B27D-ABE4457270A8,PEDESTRIAN,Standing,NO IMPROPER ACTIONS,SIDEWALK,No,POSSIBLE INJURY,NONE,39.06651619,-77.12910488,"(39.06651619, -77.12910488)"
MCP21820030,220019289,Montgomery County Police,Property Damage Crash,05/06/2022 07:20:00 AM,,,,FRONT PARKING LOT OF WALT WHITMAN HIGH SCHOOL,,PEDESTRIAN,OTHER,RAINING,,DAYLIGHT,NO CONTROLS,N/A,N/A,A5D26242-86EF-4A39-8996-9371877AEB60,PEDESTRIAN,Walking/Riding w/Traffic,NO IMPROPER ACTIONS,OTHER,No,NO APPARENT INJURY,N/A,38.9814697,-77.12575206,"(38.9814697, -77.12575206)"
DD56190005,16019567,Rockville Police Departme,Injury Crash,04/21/2016 07:51:00 AM,Municipality,MARTINS LA,N WASHINGTON ST,,ROCKVILLE,BICYCLIST,SINGLE VEHICLE,CLEAR,DRY,DAYLIGHT,TRAFFIC SIGNAL,NONE DETECTED,NONE DETECTED,ADAE4B91-826C-49E4-B037-81E3C6BC6F88,BICYCLIST,Cross/Enter at Intersection,NO IMPROPER ACTIONS,AT INTERSECTION MARKED CROSSWALK,No,POSSIBLE INJURY,NONE,39.09064,-77.15372833,"(39.09064, -77.15372833)"
MCP3271002H,220040006,Montgomery County Police,Injury Crash,09/14/2022 04:15:00 PM,Maryland (State),GOLDSBORO RD,MILLWOOD RD,,N/A,BICYCLIST,OPPOSITE DIR BOTH LEFT TURN,CLEAR,DRY,DAYLIGHT,STOP SIGN,NONE DETECTED,NONE DETECTED,91193DA0-41D2-4512-ADAC-7F797B9BFC0E,BICYCLIST,Cross/Enter at Intersection,NO IMPROPER ACTIONS,AT INTERSECTION BUT NO CROSSWALK,No,SUSPECTED MINOR INJURY,MC/BIKE HELMET,38.97408943,-77.1199701,"(38.97408943, -77.1199701)"
MCP2682003G,220010526,Montgomery County Police,Injury Crash,03/11/2022 01:28:00 PM,,,,PARKING LOT OF 19150 MONTGOMERY VILLAGE AVE MONTGOMERY VILLAGE MD 20886,,PEDESTRIAN,N/A,CLEAR,,DAYLIGHT,OTHER,UNKNOWN,NONE DETECTED,6BC17D9A-CFF2-4C17-BE65-502452BD6F58,PEDESTRIAN,Other,NO IMPROPER ACTIONS,OTHER,No,POSSIBLE INJURY,NONE,39.17118644,-77.20506481,"(39.17118644, -77.20506481)"
MCP2195003R,190058596,Montgomery County Police,Injury Crash,12/05/2019 11:32:00 AM,,,,PARKING LOT OF 850 E GUDE DR,,PEDESTRIAN,OTHER,CLEAR,,DAYLIGHT,NO CONTROLS,NONE DETECTED,NONE DETECTED,B9AA6A78-DB2D-4349-9A8B-FF1D8377A7A1,PEDESTRIAN,Getting off/on Vehicle,ENTERING EXITING PARKED STANDING VEHICLE,N/A,No,SUSPECTED MINOR INJURY,NONE,39.100655,-77.13931167,"(39.100655, -77.13931167)"
MCP1170002J,190054027,Montgomery County Police,Injury Crash,11/09/2019 12:59:00 PM,County,GREENCASTLE RD,BROWNSTONE DR,,N/A,PEDESTRIAN,SINGLE VEHICLE,CLEAR,DRY,DAYLIGHT,N/A,NONE DETECTED,N/A,1724C550-4B69-4C7C-9B92-95718739E804,PEDESTRIAN,Other,OTHER,OTHER,Yes,SUSPECTED SERIOUS INJURY,NONE,39.11322833,-76.93093333,"(39.11322833, -76.93093333)"
MCP2689003J,170523840,Montgomery County Police,Injury Crash,08/09/2017 10:24:00 AM,Maryland (State),VEIRS MILL RD,ATLANTIC AVE,,ROCKVILLE,PEDESTRIAN,SINGLE VEHICLE,CLEAR,DRY,DAYLIGHT,TRAFFIC SIGNAL,NONE DETECTED,NONE DETECTED,63C2D5ED-5B17-4DAC-B4ED-2D72DFF813F0,PEDESTRIAN,Cross/Enter at Intersection,NO IMPROPER ACTIONS,ON ROADWAY AT CROSSWALK,No,SUSPECTED MINOR INJURY,NONE,39.07487539,-77.11544976,"(39.07487539, -77.11544976)"
MCP137800NF,180056286,Montgomery County Police,Injury Crash,11/09/2018 12:27:00 PM,Maryland (State),CLOPPER RD,METROPOLITAN GROVE RD,,GAITHERSBURG,PEDESTRIAN,SINGLE VEHICLE,RAINING,WET,DAYLIGHT,TRAFFIC SIGNAL,NONE DETECTED,NONE DETECTED,CF670503-CE2D-45A1-9E07-9F046A46B23B,PEDESTRIAN,Cross/Enter at Intersection,NO IMPROPER ACTIONS,ON ROADWAY AT CROSSWALK,No,SUSPECTED MINOR INJURY,NONE,39.146305,-77.22842667,"(39.146305, -77.22842667)"
MCP271700SK,200036675,Montgomery County Police,Injury Crash,09/18/2020 08:10:00 PM,Ramp,RAMP 2 FR DEMOCRACY BLVD TO IS 270Y NB,DEMOCRACY BLVD,,N/A,PEDESTRIAN,OTHER,CLEAR,DRY,DARK LIGHTS ON,NO CONTROLS,UNKNOWN,NONE DETECTED,39170AD6-A938-4829-9396-8DE6B8C99774,PEDESTRIAN,Cross/Enter at Intersection,NO IMPROPER ACTIONS,ON ROADWAY AT CROSSWALK,No,SUSPECTED MINOR INJURY,NONE,39.02155533,-77.13798733,"(39.02155533, -77.13798733)"
MCP3264002B,220001928,Montgomery County Police,Property Damage Crash,01/16/2022 07:51:00 AM,County,FENTON ST,BONIFANT ST,,N/A,OTHER,SINGLE VEHICLE,CLEAR,DRY,DARK -- UNKNOWN LIGHTING,NO CONTROLS,N/A,NONE DETECTED,AF274216-1AD5-454F-9D97-9431A8904F78,OTHER,Other,N/A,N/A,No,NO APPARENT INJURY,N/A,38.99471551,-77.02362731,"(38.99471551, -77.02362731)"
MCP2351001D,170533176,Montgomery County Police,Injury Crash,09/26/2017 08:56:00 AM,County,TWINBROOK PKWY,HALPINE RD,,N/A,PEDESTRIAN,OTHER,CLEAR,DRY,DAYLIGHT,OTHER,NONE DETECTED,NONE DETECTED,55AD17AA-288B-4A05-BB87-F96CC7BA9F8B,PEDESTRIAN,Cross/Enter at Intersection,NO IMPROPER ACTIONS,AT INTERSECTION MARKED CROSSWALK,No,SUSPECTED MINOR INJURY,NONE,39.06642872,-77.11469203,"(39.06642872, -77.11469203)"
MCP2720001P,15060836,MONTGOMERY,Injury Crash,11/28/2015 07:18:00 PM,County,CONNECTICUT AVE,GRAND PRE RD,,N/A,PEDESTRIAN,SINGLE VEHICLE,CLEAR,DRY,DARK -- UNKNOWN LIGHTING,NO CONTROLS,NONE DETECTED,UNKNOWN,020DC8F9-B4C5-43A3-8152-19B4A1E47C93,PEDESTRIAN,Cross/Enter not at Intersection,IN ROADWAY IMPROPERLY,ON ROADWAY NOT AT CROSSWALK,Yes,POSSIBLE INJURY,NONE,39.08699167,-77.07413333,"(39.08699167, -77.07413333)"
MCP26990016,180057058,Montgomery County Police,Injury Crash,11/14/2018 04:30:00 AM,County,PARKLAWN DR,WILKINS AVE,,N/A,PEDESTRIAN,SINGLE VEHICLE,CLEAR,DRY,DARK LIGHTS ON,FLASHING TRAFFIC SIGNAL,UNKNOWN,NONE DETECTED,2090ECE2-A50E-4BFF-A212-AE9D7EDBA328,PEDESTRIAN,Cross/Enter at Intersection,NO IMPROPER ACTIONS,ON ROADWAY AT CROSSWALK,No,POSSIBLE INJURY,NONE,39.06124833,-77.11213667,"(39.06124833, -77.11213667)"
MCP3212003W,220048827,Montgomery County Police,Injury Crash,11/05/2022 03:51:00 PM,Maryland (State),GEORGIA AVE,FOREST GLEN RD,,N/A,PEDESTRIAN,OTHER,CLEAR,DRY,DAYLIGHT,TRAFFIC SIGNAL,NONE DETECTED,NONE DETECTED,D59FB553-4A34-4F8B-A317-F7D1A51C5B78,PEDESTRIAN,Cross/Enter at Intersection,FAILURE TO YIELD RIGHT OF WAY,AT INTERSECTION MARKED CROSSWALK,Yes,SUSPECTED MINOR INJURY,NONE,39.01520562,-77.04259605,"(39.01520562, -77.04259605)"
MCP2693001B,16004084,Montgomery County Police,Injury Crash,01/24/2016 04:04:00 PM,County,BAUER DR,BURNSIDE DR,,N/A,PEDESTRIAN,SINGLE VEHICLE,CLEAR,SNOW,DAYLIGHT,NO CONTROLS,NONE DETECTED,NONE DETECTED,83697246-4D6A-45E5-879A-83A6A13CFBE4,PEDESTRIAN,Walking/Riding w/Traffic,NO IMPROPER ACTIONS,SHOULDER,No,POSSIBLE INJURY,N/A,39.094385,-77.10942667,"(39.094385, -77.10942667)"
MCP1519003B,210016388,Montgomery County Police,Injury Crash,05/02/2021 01:20:00 PM,Maryland (State),GERMANTOWN RD,BEGIN BRIDGE,,N/A,BICYCLIST,HEAD ON,CLEAR,DRY,DAYLIGHT,NO CONTROLS,ALCOHOL PRESENT,NONE DETECTED,DDE8A20A-A765-4201-9B68-A2D0ED4E4D7B,BICYCLIST,Walking/Riding w/Traffic,NO IMPROPER ACTIONS,SHOULDER,No,SUSPECTED MINOR INJURY,MC/BIKE HELMET,39.126543,-77.296455,"(39.126543, -77.296455)"
MCP9422001P,190015766,Montgomery County Police,Injury Crash,04/04/2019 11:27:00 PM,Maryland (State),NEW HAMPSHIRE AVE,THOMAS DR,,N/A,OTHER CONVEYANCE,SINGLE VEHICLE,CLEAR,DRY,DARK NO LIGHTS,NO CONTROLS,NONE DETECTED,NONE DETECTED,546B6DF9-4924-4D3A-A878-BED81F927D7A,OTHER CONVEYANCE,Walking/Riding w/Traffic,IN ROADWAY IMPROPERLY,ON ROADWAY NOT AT CROSSWALK,Yes,SUSPECTED SERIOUS INJURY,NONE,39.066735,-77.00138667,"(39.066735, -77.00138667)"
MCP3131000D,180044796,Montgomery County Police,Injury Crash,09/07/2018 07:55:00 PM,Government,GARRETT PARK RD,SCHUYLKILL RD,,N/A,PEDESTRIAN,SINGLE VEHICLE,RAINING,WET,DARK NO LIGHTS,NO CONTROLS,NONE DETECTED,N/A,4FA6D670-9508-4379-AAF3-EDDA905234B4,PEDESTRIAN,Cross/Enter not at Intersection,DART DASH,ON ROADWAY NOT AT CROSSWALK,Yes,SUSPECTED MINOR INJURY,NONE,39.04004878,-77.09115348,"(39.04004878, -77.09115348)"
MCP32740019,220018295,Montgomery County Police,Injury Crash,04/29/2022 09:45:00 PM,Maryland (State),RIVER RD,LANDY LA,,N/A,PEDESTRIAN,STRAIGHT MOVEMENT ANGLE,CLEAR,DRY,DARK LIGHTS ON,NO CONTROLS,NONE DETECTED,ALCOHOL CONTRIBUTED,21A4737C-7222-447F-83D2-946A3DB54578,PEDESTRIAN,Other,IN ROADWAY IMPROPERLY,OUTSIDE RIGHT OF WAY,Yes,SUSPECTED SERIOUS INJURY,N/A,38.96501333,-77.10390833,"(38.96501333, -77.10390833)"
MCP24750011,16029229,Montgomery County Police,Injury Crash,06/10/2016 03:50:00 PM,US (State),COLESVILLE RD,TIMBERWOOD AVE,,N/A,BICYCLIST,STRAIGHT MOVEMENT ANGLE,CLEAR,DRY,DAYLIGHT,STOP SIGN,N/A,N/A,AB616E78-5F3C-416C-B0C0-77821EC272EC,BICYCLIST,Cross/Enter at Intersection,FAILURE TO YIELD RIGHT OF WAY,OUTSIDE RIGHT OF WAY,Yes,SUSPECTED MINOR INJURY,MC/BIKE HELMET,39.02163432,-77.01216459,"(39.02163432, -77.01216459)"
MCP2733000T,16052948,Montgomery County Police,Injury Crash,10/14/2016 10:29:00 PM,County,BETHESDA AVE,CLARENDON RD,,N/A,PEDESTRIAN,OTHER,CLEAR,DRY,DARK NO LIGHTS,NO CONTROLS,NONE DETECTED,NONE DETECTED,46C97C92-A879-492D-8F8F-8F5FBE247904,PEDESTRIAN,Cross/Enter not at Intersection,IN ROADWAY IMPROPERLY,ON ROADWAY NOT AT CROSSWALK,Yes,SUSPECTED SERIOUS INJURY,NONE,38.98078333,-77.09970333,"(38.98078333, -77.09970333)"
EJ7809000W,17007620,Gaithersburg Police Depar,Injury Crash,02/12/2017 03:34:00 AM,,,,"117 E. DIAMOND AVE. GAITHERSBURG, MD. 20877 (CANCUN RESTAURANT / REAR PARKING LOT)",,PEDESTRIAN,SINGLE VEHICLE,CLEAR,,DARK LIGHTS ON,NO CONTROLS,ALCOHOL CONTRIBUTED,ALCOHOL PRESENT,5C03597E-91BA-46E1-92EB-24EA8930EF08,PEDESTRIAN,Unknown,UNKNOWN,OTHER,No,SUSPECTED MINOR INJURY,N/A,39.14187307,-77.19475061,"(39.14187307, -77.19475061)"
MCP1366005N,17004075,Montgomery County Police,Injury Crash,01/24/2017 06:47:00 AM,Municipality,PLEASANT DR,CROOKED CREEK DR,,ROCKVILLE,PEDESTRIAN,SINGLE VEHICLE,RAINING,WET,DARK LIGHTS ON,STOP SIGN,NONE DETECTED,NONE DETECTED,25601E8A-8A63-4818-9EF7-773CB2E72A9C,PEDESTRIAN,Cross/Enter at Intersection,FAILURE TO YIELD RIGHT OF WAY,AT INTERSECTION BUT NO CROSSWALK,Yes,SUSPECTED SERIOUS INJURY,NONE,39.11268,-77.16970167,"(39.11268, -77.16970167)"
MCP2676002B,16065067,Montgomery County Police,Property Damage Crash,12/19/2016 01:30:00 PM,Municipality,GAME PRESERVE RD,TRAVIS AVE,,GAITHERSBURG,PEDESTRIAN,OTHER,CLEAR,N/A,DAYLIGHT,NO CONTROLS,N/A,N/A,88192B0E-D524-4F0D-AF02-D1E4B59136FB,PEDESTRIAN,Walking/Riding w/Traffic,UNKNOWN,SHOULDER,Unknown,NO APPARENT INJURY,N/A,39.1625106,-77.22187042,"(39.1625106, -77.22187042)"
EJ78560079,190035303,Gaithersburg Police Depar,Injury Crash,07/25/2019 05:00:00 AM,Municipality,TRAVIS VIEW CT,CROSS TIE CT,,GAITHERSBURG,PEDESTRIAN,OTHER,CLEAR,DRY,DARK LIGHTS ON,N/A,UNKNOWN,N/A,89E4DC75-2300-4861-8340-C81BCC993B17,PEDESTRIAN,Standing,IN ROADWAY IMPROPERLY,OTHER,Yes,POSSIBLE INJURY,N/A,39.16477819,-77.22101077,"(39.16477819, -77.22101077)"
DD5620004P,190049453,Rockville Police Departme,Property Damage Crash,10/15/2019 01:50:00 PM,Municipality,ANDERSON AVE,MANNAKEE ST,,ROCKVILLE,OTHER,STRAIGHT MOVEMENT ANGLE,CLEAR,DRY,DAYLIGHT,STOP SIGN,NONE DETECTED,N/A,0AF2C8E9-A24F-4BC4-B42A-913071C6B817,OTHER,N/A,N/A,INSIDE BUILDING,No,NO APPARENT INJURY,N/A,39.08694417,-77.1672065,"(39.08694417, -77.1672065)"
MCP9301000M,15026639,Montgomery County Police,Injury Crash,06/02/2015 02:16:00 PM,,,,parking lot of 610 N. Frederick Ave,,PEDESTRIAN,SINGLE VEHICLE,RAINING,,DAYLIGHT,NO CONTROLS,NONE DETECTED,NONE DETECTED,93765BF6-9A08-4BC3-9556-6D0795745664,PEDESTRIAN,Other,NO IMPROPER ACTIONS,OTHER,,SUSPECTED SERIOUS INJURY,N/A,39.15043667,-77.21318667,"(39.15043667, -77.21318667)"
MCP29310036,180061594,Montgomery County Police,Injury Crash,12/09/2018 08:24:00 PM,,,,PARKING LOT OF 2210 VEIRS MILL RD,,PEDESTRIAN,N/A,CLEAR,,DARK NO LIGHTS,N/A,UNKNOWN,N/A,D8C135A1-3072-400F-BC4D-3375C2CE11F1,PEDESTRIAN,Other,IN ROADWAY IMPROPERLY,OTHER,Yes,POSSIBLE INJURY,N/A,39.07514162,-77.11436649,"(39.07514162, -77.11436649)"
EJ78330040,170536537,Gaithersburg Police Depar,Injury Crash,10/13/2017 08:58:00 PM,Municipality,HILLSTONE RD,QUINCE ORCHARD RD,,N/A,PEDESTRIAN,OTHER,CLOUDY,DRY,DARK LIGHTS ON,TRAFFIC SIGNAL,NONE DETECTED,NONE DETECTED,68D77B82-F7F4-46C3-9F34-8128D0CFEF70,PEDESTRIAN,Cross/Enter not at Intersection,NOT VISIBLE,ON ROADWAY NOT AT CROSSWALK,Unknown,SUSPECTED MINOR INJURY,NONE,39.11969794,-77.25060225,"(39.11969794, -77.25060225)"
MCP2437005B,230057365,Montgomery County Police,Injury Crash,09/28/2023 06:31:00 PM,Maryland (State),FREDERICK RD,REDLAND RD,,N/A,BICYCLIST,SAME DIRECTION RIGHT TURN,CLOUDY,DRY,DAYLIGHT,TRAFFIC SIGNAL,UNKNOWN,NONE DETECTED,5AB1045E-075E-4925-8630-565EE9C868A2,BICYCLIST,Cross/Enter at Intersection,NO IMPROPER ACTIONS,ON ROADWAY AT CROSSWALK,No,POSSIBLE INJURY,NONE,39.11570264,-77.16608486,"(39.11570264, -77.16608486)"
MCP1210004M,200026547,Montgomery County Police,Injury Crash,07/08/2020 05:23:00 PM,Maryland (State),S FREDERICK RD,E DEER PARK DR,,GAITHERSBURG,BICYCLIST,OTHER,CLEAR,DRY,DAYLIGHT,TRAFFIC SIGNAL,NONE DETECTED,NONE DETECTED,3FA737A2-B04F-46A8-87FE-FF239A7B3B49,BICYCLIST,Cross/Enter at Intersection,NO IMPROPER ACTIONS,AT INTERSECTION MARKED CROSSWALK,No,SUSPECTED MINOR INJURY,NONE,39.132455,-77.18863333,"(39.132455, -77.18863333)"
DD5633001M,190023736,Rockville Police Departme,Injury Crash,05/19/2019 05:49:00 PM,,,,2100 CHAPMAN AVE (FLAGSHIP CARWASH PARKING LOT),,PEDESTRIAN,SAME DIR REAR END,CLEAR,,DAYLIGHT,N/A,NONE DETECTED,NONE DETECTED,20A7C632-83E7-414D-BF5E-BA4C56361706,PEDESTRIAN,Standing,NO IMPROPER ACTIONS,OTHER,No,POSSIBLE INJURY,N/A,39.05721333,-77.11673333,"(39.05721333, -77.11673333)"