Report Number,Local Case Number,Agency Name,ACRS Report Type,Crash Date/Time,Route Type,Road Name,Cross-Street Name,Off-Road Description,Municipality,Related Non-Motorist,Collision Type,Weather,Surface Condition,Light,Traffic Control,Driver Substance Abuse,Non-Motorist Substance Abuse,Person ID,Pedestrian Type,Pedestrian Movement,Pedestrian Actions,Pedestrian Location,At Fault,Injury Severity,Safety Equipment,Latitude,Longitude,Location
MCP28910022,16012593,MONTGOMERY,Injury Crash,03/14/2016 01:24:00 PM,,,,"PARKING LOT OF 1939 SEMINARY RD, SILVER SPRING, MD 20910",,PEDESTRIAN,SINGLE VEHICLE,CLEAR,,DAYLIGHT,N/A,NONE DETECTED,NONE DETECTED,06A91E98-553E-4571-92EF-B15540BC355C,PEDESTRIAN,Getting off/on Vehicle,NO IMPROPER ACTIONS,OTHER,No,POSSIBLE INJURY,N/A,39.00904269,-77.04148382,"(39.00904269, -77.04148382)"
DD5610001J,15066436,Rockville Police Departme,Injury Crash,12/27/2015 05:43:00 PM,County,TWINBROOK PKWY,HALPINE RD,,N/A,PEDESTRIAN,SINGLE VEHICLE,CLEAR,DRY,DARK LIGHTS ON,N/A,N/A,N/A,9E896C50-590E-4936-B3FA-5FE42084B688,PEDESTRIAN,Cross/Enter at Intersection,NO IMPROPER ACTIONS,ON ROADWAY AT CROSSWALK,No,SUSPECTED MINOR INJURY,NONE,39.069593,-77.114073,"(39.069593, -77.114073)"
MCP24110056,200020420,Montgomery County Police,Injury Crash,05/22/2020 11:16:00 AM,Maryland (State),VEIRS MILL RD,ATLANTIC AVE,,ROCKVILLE,BICYCLIST,SINGLE VEHICLE,RAINING,WET,DAYLIGHT,TRAFFIC SIGNAL,NONE DETECTED,NONE DETECTED,5A0DF53F-3CEB-421F-8904-10D1767F36CB,BICYCLIST,Cross/Enter at Intersection,NO IMPROPER ACTIONS,AT INTERSECTION MARKED CROSSWALK,No,SUSPECTED MINOR INJURY,MC/BIKE HELMET,39.07491597,-77.11555038,"(39.07491597, -77.11555038)"
HA22800007,15001176,MCPARK,Injury Crash,10/20/2015 08:46:00 AM,Government,LITTLE FALLS PKWY,ARLINGTON RD,,N/A,BICYCLIST,STRAIGHT MOVEMENT ANGLE,CLEAR,DRY,DAYLIGHT,STOP SIGN,NONE DETECTED,NONE DETECTED,A0BE7736-BAC3-484B-81C2-EF547E091878,BICYCLIST,Cross/Enter at Intersection,FAILURE TO OBEY TRAFFIC SIGNS SIGNALS OR OFFICER,AT INTERSECTION MARKED CROSSWALK,Yes,SUSPECTED MINOR INJURY,MC/BIKE HELMET,38.97343975,-77.10134268,"(38.97343975, -77.10134268)"
MCP2539001S,210033537,Montgomery County Police,Property Damage Crash,08/27/2021 09:15:00 PM,County,BATTERY LA,KEYSTONE AVE,,N/A,PEDESTRIAN,OTHER,CLOUDY,DRY,DARK LIGHTS ON,NO CONTROLS,UNKNOWN,NONE DETECTED,E730705F-83D1-49EA-A592-5961363A2E53,PEDESTRIAN,Cross/Enter not at Intersection,N/A,ON ROADWAY AT CROSSWALK,No,NO APPARENT INJURY,N/A,38.99194433,-77.09801817,"(38.99194433, -77.09801817)"
MCP1433004T,230003616,Montgomery County Police,Injury Crash,01/22/2023 08:20:00 PM,Maryland (State),ROCKVILLE PIKE,HALPINE RD,,ROCKVILLE,PEDESTRIAN,OTHER,RAINING,WET,DARK LIGHTS ON,TRAFFIC SIGNAL,NONE DETECTED,NONE DETECTED,BDEE0E86-C6A6-4DF0-ABD9-7E39F955A647,PEDESTRIAN,Cross/Enter at Intersection,NO IMPROPER ACTIONS,AT INTERSECTION MARKED CROSSWALK,No,SUSPECTED MINOR INJURY,NONE,39.06137667,-77.12393,"(39.06137667, -77.12393)"
MCP2832005W,200033029,Montgomery County Police,Injury Crash,08/24/2020 11:52:00 AM,Maryland (State),ROCKVILLE PIKE,LOCUST HILL RD,,N/A,BICYCLIST,SAME DIRECTION SIDESWIPE,CLEAR,DRY,DAYLIGHT,NO CONTROLS,UNKNOWN,NONE DETECTED,562E6F34-1269-479A-925F-2D6F3F61A41D,BICYCLIST,Walking/Riding w/Traffic,NO IMPROPER ACTIONS,ON ROADWAY NOT AT CROSSWALK,No,SUSPECTED MINOR INJURY,MC/BIKE HELMET,39.009205,-77.09755833,"(39.009205, -77.09755833)"
MCP3353001Z,230069152,Montgomery County Police,Injury Crash,11/30/2023 04:19:00 PM,,,,PARKING LOT OF 4301 RANDOLPH RD,,PEDESTRIAN,OTHER,CLEAR,,DAYLIGHT,N/A,NONE DETECTED,NONE DETECTED,2259BC33-1276-46BF-A263-15A1B7E079E5,PEDESTRIAN,Standing,NO IMPROPER ACTIONS,OTHER,No,POSSIBLE INJURY,N/A,39.05606117,-77.0835027,"(39.05606117, -77.0835027)"
MCP20610005,15061920,Montgomery County Police,Injury Crash,11/12/2015 07:30:00 AM,Municipality,NORRIS RD,FISHER AVE,,N/A,PEDESTRIAN,STRAIGHT MOVEMENT ANGLE,CLEAR,DRY,DAWN,STOP SIGN,N/A,N/A,0B3B1321-2B1E-46E3-84B4-FA167BB1684F,PEDESTRIAN,Cross/Enter at Intersection,NO IMPROPER ACTIONS,ON ROADWAY AT CROSSWALK,Unknown,SUSPECTED MINOR INJURY,NONE,39.14544691,-77.41474271,"(39.14544691, -77.41474271)"
MCP2203007V,230072598,Montgomery County Police,Property Damage Crash,12/19/2023 03:40:00 PM,County,EDWIN ST,CENTERHILL ST,,N/A,OTHER,SAME DIRECTION SIDESWIPE,CLEAR,DRY,DAYLIGHT,NO CONTROLS,NONE DETECTED,N/A,6AFCE8D8-B306-40C8-A773-AABC4D2FE0A4,OTHER,N/A,NO IMPROPER ACTIONS,OTHER,No,NO APPARENT INJURY,N/A,39.053241,-77.07055383,"(39.053241, -77.07055383)"
HA2449001H,22002092,Maryland-National Capital,Injury Crash,12/01/2022 07:37:00 AM,,,,CAPITAL CRESCENT TRAIL AND LITTLE FALLS PARKWAY,,PEDESTRIAN,SINGLE VEHICLE,CLEAR,,DAYLIGHT,N/A,UNKNOWN,N/A,ED0035A9-3897-4954-8C1D-2D2F544A74C8,PEDESTRIAN,Walking/Cycling on Sidewalk,NO IMPROPER ACTIONS,SHARED USE PATH OR TRAILS,No,POSSIBLE INJURY,N/A,38.97323742,-77.10135903,"(38.97323742, -77.10135903)"
DM8388003C,200004793,Takoma Park Police Depart,Injury Crash,01/29/2020 02:12:00 PM,,,,PARKING LOT BEHIND 7600 FLOWER AVE.,,PEDESTRIAN,OTHER,N/A,,DAYLIGHT,NO CONTROLS,NONE DETECTED,NONE DETECTED,CAA14BD0-47DF-474F-BFBE-4AC8E7A44F44,PEDESTRIAN,Walking to/from school,NO IMPROPER ACTIONS,OTHER,No,SUSPECTED MINOR INJURY,NONE,38.985739,-76.9983205,"(38.985739, -76.9983205)"
EJ78370031,180049248,Gaithersburg Police Depar,Injury Crash,10/02/2018 02:39:00 PM,Municipality,FIRSTFIELD RD,FIRSTFIELD RD (AHEAD),,N/A,PEDESTRIAN,SINGLE VEHICLE,CLEAR,N/A,DAYLIGHT,NO CONTROLS,N/A,N/A,6C1B01B9-BB08-4EE8-A421-D3ED6FEA8CC5,PEDESTRIAN,Cross/Enter at Intersection,NO IMPROPER ACTIONS,AT INTERSECTION BUT NO CROSSWALK,No,POSSIBLE INJURY,NONE,39.144765,-77.21921667,"(39.144765, -77.21921667)"
MCP3010008M,230051440,Montgomery County Police,Injury Crash,08/26/2023 09:23:00 AM,County,NICHOLSON LA,WOODGLEN DR,,N/A,PEDESTRIAN,HEAD ON LEFT TURN,CLEAR,DRY,DAYLIGHT,TRAFFIC SIGNAL,N/A,N/A,6085C969-122F-4BDB-AD94-40CC6B8D4B26,PEDESTRIAN,Cross/Enter at Intersection,NO IMPROPER ACTIONS,ON ROADWAY AT CROSSWALK,Unknown,SUSPECTED MINOR INJURY,NONE,39.04479,-77.11328333,"(39.04479, -77.11328333)"
MCP2789005K,190006883,Montgomery County Police,Injury Crash,02/12/2019 04:50:00 PM,US (State),GEORGIA AVE,THAYER AVE,,N/A,PEDESTRIAN,SINGLE VEHICLE,RAINING,WET,DAWN,TRAFFIC SIGNAL,N/A,N/A,5D33E64D-5C08-4CB9-8AB1-7F3E18922101,PEDESTRIAN,Cross/Enter at Intersection,FAILURE TO OBEY TRAFFIC SIGNS SIGNALS OR OFFICER,AT INTERSECTION MARKED CROSSWALK,Yes,POSSIBLE INJURY,N/A,38.99114333,-77.026995,"(38.99114333, -77.026995)"
MCP1151009M,190028384,Montgomery County Police,Injury Crash,06/14/2019 08:10:00 AM,Maryland (State),WOODFIELD RD,BETHESDA CHURCH RD,,N/A,PEDESTRIAN,OTHER,CLEAR,DRY,DAYLIGHT,NO CONTROLS,NONE DETECTED,NONE DETECTED,FF821DCA-77A1-492E-A2FD-83CDC87001C9,PEDESTRIAN,Cross/Enter at Intersection,NO IMPROPER ACTIONS,AT INTERSECTION BUT NO CROSSWALK,No,SUSPECTED MINOR INJURY,N/A,39.284304,-77.2021715,"(39.284304, -77.2021715)"
MCP21910023,180029917,Montgomery County Police,Injury Crash,06/17/2018 01:09:00 PM,Maryland (State),CONNECTICUT AVE,UNIVERSITY BLVD W,,N/A,BICYCLIST,SAME DIR REAR END,N/A,DRY,N/A,N/A,NONE DETECTED,NONE DETECTED,92B4FF49-0829-44F4-890C-23F754EA4AA7,BICYCLIST,Walking/Riding w/Traffic,NO IMPROPER ACTIONS,OTHER,No,POSSIBLE INJURY,MC/BIKE HELMET,39.03075433,-77.07500633,"(39.03075433, -77.07500633)"
MCP26080058,230052260,Montgomery County Police,Property Damage Crash,08/30/2023 03:30:00 PM,County,COLONY RD,NORTHAMPTON DR,,N/A,PEDESTRIAN,STRAIGHT MOVEMENT ANGLE,CLEAR,DRY,DAYLIGHT,NO CONTROLS,N/A,N/A,0713FCF3-3EEF-4179-938E-4D0D372A96BE,PEDESTRIAN,Cross/Enter at Intersection,DART DASH,AT INTERSECTION BUT NO CROSSWALK,Unknown,NO APPARENT INJURY,NONE,39.0075552,-76.98384145,"(39.0075552, -76.98384145)"
MCP2962000J,15048948,MONTGOMERY,Injury Crash,09/26/2015 11:41:00 PM,Maryland (State),CLOPPER RD,GREAT SENECA HWY,,N/A,PEDESTRIAN,OTHER,CLOUDY,DRY,DARK LIGHTS ON,TRAFFIC SIGNAL,NONE DETECTED,NONE DETECTED,A98CC98F-DA33-48BF-8CDA-E04D4AB159E8,PEDESTRIAN,Cross/Enter at Intersection,FAILURE TO OBEY TRAFFIC SIGNS SIGNALS OR OFFICER,AT INTERSECTION MARKED CROSSWALK,Yes,SUSPECTED SERIOUS INJURY,N/A,39.15917,-77.27534333,"(39.15917, -77.27534333)"
MCP93010046,230006362,Montgomery County Police,Injury Crash,02/08/2023 10:05:00 AM,County,WASHINGTONIAN BLVD,RAMP 6 FR SAM EIG HWY TO WASH. BLVD,,N/A,PEDESTRIAN,SINGLE VEHICLE,CLEAR,DRY,DAYLIGHT,NO CONTROLS,N/A,N/A,63F48CD9-23A0-4B75-B1EC-82BA16848EDE,PEDESTRIAN,Other,OTHER,OTHER,Unknown,SUSPECTED MINOR INJURY,REFLECTIVE CLOTHING,39.11813701,-77.20631658,"(39.11813701, -77.20631658)"
MCP30740052,220001763,Montgomery County Police,Injury Crash,01/14/2022 05:50:00 PM,Maryland (State),16TH ST,SECOND AVE,,N/A,PEDESTRIAN,SINGLE VEHICLE,CLEAR,DRY,DARK LIGHTS ON,TRAFFIC SIGNAL,N/A,N/A,57C606A2-6E53-4BCB-83FA-E3B155DA227C,PEDESTRIAN,Cross/Enter at Intersection,NO IMPROPER ACTIONS,ON ROADWAY AT CROSSWALK,No,POSSIBLE INJURY,N/A,38.99664247,-77.03649706,"(38.99664247, -77.03649706)"
MCP3029002G,190006893,Montgomery County Police,Injury Crash,02/12/2019 05:00:00 PM,,,,IHOP PARKING LOT,,PEDESTRIAN,N/A,RAINING,,DAYLIGHT,NO CONTROLS,N/A,NONE DETECTED,60321D68-6F98-479D-B81B-3103086FC32A,PEDESTRIAN,Other,NO IMPROPER ACTIONS,OTHER,No,POSSIBLE INJURY,NONE,39.05631223,-76.96647021,"(39.05631223, -76.96647021)"
MCP3263003P,230052815,Montgomery County Police,Injury Crash,09/02/2023 03:45:00 PM,Maryland (State),WISCONSIN AVE,CHELTENHAM DR,,N/A,PEDESTRIAN,OTHER,CLEAR,DRY,DAYLIGHT,TRAFFIC SIGNAL,NONE DETECTED,NONE DETECTED,6BA8A300-A6D1-47F0-B78B-34DAE6CBE6B6,PEDESTRIAN,Cross/Enter at Intersection,NO IMPROPER ACTIONS,AT INTERSECTION MARKED CROSSWALK,No,POSSIBLE INJURY,NONE,38.98909,-77.095165,"(38.98909, -77.095165)"
MCP2766001H,15029383,Montgomery County Police,Injury Crash,06/16/2015 08:00:00 PM,Maryland (State),VEIRS MILL RD,TURKEY BRANCH PKWY,,N/A,BICYCLIST,STRAIGHT MOVEMENT ANGLE,CLEAR,DRY,DAYLIGHT,WARNING SIGN,NONE DETECTED,NONE DETECTED,C872722A-C876-4AD2-BD2A-DE51325A6F1B,BICYCLIST,Cross/Enter at Intersection,NO IMPROPER ACTIONS,ON ROADWAY AT CROSSWALK,,SUSPECTED MINOR INJURY,MC/BIKE HELMET,39.06028667,-77.08915833,"(39.06028667, -77.08915833)"
MCP242500GL,210005127,Montgomery County Police,Injury Crash,02/09/2021 10:50:00 AM,Maryland (State),GEORGIA AVE,COLESVILLE RD,,N/A,PEDESTRIAN,OTHER,N/A,DRY,DAYLIGHT,TRAFFIC SIGNAL,NONE DETECTED,NONE DETECTED,BC8BD9F9-4378-4788-B8C3-FA23F779CD54,PEDESTRIAN,Cross/Enter at Intersection,NO IMPROPER ACTIONS,ON ROADWAY AT CROSSWALK,No,SUSPECTED MINOR INJURY,NONE,38.99574167,-77.02811167,"(38.99574167, -77.02811167)"
MCP229800Y9,210036286,Montgomery County Police,Injury Crash,09/14/2021 08:04:00 PM,Maryland (State),GERMANTOWN RD,FREDERICK RD,,N/A,PEDESTRIAN,SINGLE VEHICLE,CLOUDY,DRY,DARK LIGHTS ON,TRAFFIC SIGNAL,NONE DETECTED,NONE DETECTED,A1322CCB-7F52-4DF2-BEED-65D1B18AEE58,PEDESTRIAN,Cross/Enter at Intersection,NO IMPROPER ACTIONS,AT INTERSECTION MARKED CROSSWALK,No,SUSPECTED SERIOUS INJURY,N/A,39.19234028,-77.2429752,"(39.19234028, -77.2429752)"
MCP21070011,17000332,Montgomery County Police,Injury Crash,01/03/2017 07:32:00 AM,Maryland (State),CLOPPER RD,CINNAMON DR,,N/A,PEDESTRIAN,SINGLE VEHICLE,RAINING,WET,DARK LIGHTS ON,STOP SIGN,NONE DETECTED,NONE DETECTED,0E54D9D5-0899-4BBB-9C15-2878FB03B8DD,PEDESTRIAN,Cross/Enter not at Intersection,DART DASH,ON ROADWAY NOT AT CROSSWALK,Yes,SUSPECTED SERIOUS INJURY,NONE,39.15610804,-77.26451889,"(39.15610804, -77.26451889)"
MCP2378000P,16041783,Montgomery County Police,Property Damage Crash,08/17/2016 05:23:00 PM,Municipality,DORSET AVE,WARWICK PL,,SOMERSET,BICYCLIST,HEAD ON LEFT TURN,CLEAR,DRY,DAYLIGHT,STOP SIGN,NONE DETECTED,NONE DETECTED,BB349278-7CA9-4DC8-A632-1FE317B6C6FA,BICYCLIST,Walking/Riding w/Traffic,FAILURE TO YIELD RIGHT OF WAY,AT INTERSECTION MARKED CROSSWALK,Yes,NO APPARENT INJURY,NONE,38.96773219,-77.09322497,"(38.96773219, -77.09322497)"
MCP15190041,220036336,Montgomery County Police,Injury Crash,08/23/2022 08:47:00 AM,Maryland (State),GREAT SENECA HWY,MATENY RD,,N/A,BICYCLIST,SINGLE VEHICLE,CLEAR,DRY,DAYLIGHT,TRAFFIC SIGNAL,NONE DETECTED,NONE DETECTED,513257FD-2883-4CC5-B82F-A7393676CAD0,BICYCLIST,Cross/Enter at Intersection,NO IMPROPER ACTIONS,ON ROADWAY AT CROSSWALK,No,SUSPECTED MINOR INJURY,MC/BIKE HELMET,39.14615,-77.27454,"(39.14615, -77.27454)"
MCP2656003C,180044582,Montgomery County Police,Property Damage Crash,09/06/2018 07:13:00 PM,County,BRANTFORD AVE,NEW HAMPSHIRE AVE,,N/A,BICYCLIST,STRAIGHT MOVEMENT ANGLE,N/A,DRY,DARK LIGHTS ON,N/A,N/A,N/A,34F4DA45-1672-470C-AF15-449A7CFC313A,BICYCLIST,Cross/Enter at Intersection,NO IMPROPER ACTIONS,AT INTERSECTION MARKED CROSSWALK,No,NO APPARENT INJURY,MC/BIKE HELMET,39.05920833,-76.99764,"(39.05920833, -76.99764)"
MCP29870025,170527293,Montgomery County Police,Injury Crash,08/28/2017 10:15:00 AM,Maryland (State),PINEY BRANCH RD,UNIVERSITY BLVD E,,N/A,PEDESTRIAN,STRAIGHT MOVEMENT ANGLE,CLEAR,DRY,DAYLIGHT,TRAFFIC SIGNAL,NONE DETECTED,NONE DETECTED,C36BE405-9965-4065-A823-44C1E95C4AB9,PEDESTRIAN,Cross/Enter at Intersection,NO IMPROPER ACTIONS,ON ROADWAY AT CROSSWALK,No,SUSPECTED MINOR INJURY,NONE,39.00000833,-76.99481667,"(39.00000833, -76.99481667)"
DD5643002S,230026189,Rockville Police Departme,Injury Crash,05/31/2023 05:00:00 PM,Municipality,W MONTGOMERY AVE,N VAN BUREN ST,,ROCKVILLE,BICYCLIST,OTHER,CLEAR,DRY,DAYLIGHT,STOP SIGN,UNKNOWN,NONE DETECTED,B11E2CDA-6385-410B-9051-D177CACBFEE7,BICYCLIST,Cross/Enter at Intersection,OTHER,AT INTERSECTION MARKED CROSSWALK,Unknown,SUSPECTED MINOR INJURY,NONE,39.08412648,-77.15685182,"(39.08412648, -77.15685182)"
MCP1417003N,15034903,MONTGOMERY,Injury Crash,07/16/2015 08:16:00 AM,Municipality,FIRSTFIELD RD,CLOPPER RD,,N/A,BICYCLIST,SAME DIRECTION LEFT TURN,CLEAR,DRY,DAYLIGHT,TRAFFIC SIGNAL,NONE DETECTED,NONE DETECTED,73AA8147-5ADD-4063-9B9A-EC1982967930,BICYCLIST,Cross/Enter at Intersection,NO IMPROPER ACTIONS,AT INTERSECTION MARKED CROSSWALK,No,SUSPECTED MINOR INJURY,NONE,39.14369746,-77.22373188,"(39.14369746, -77.22373188)"
MCP2871005Y,190017115,Montgomery County Police,Property Damage Crash,04/11/2019 05:15:00 PM,Maryland (State),ROCKVILLE PIKE,CEDAR LA,,N/A,BICYCLIST,SINGLE VEHICLE,N/A,DRY,DAYLIGHT,NO CONTROLS,NONE DETECTED,NONE DETECTED,C490DBA4-EF10-4011-B5AB-1CF5D351CDBD,BICYCLIST,Walking/Riding w/Traffic,NO IMPROPER ACTIONS,ON ROADWAY NOT AT CROSSWALK,No,NO APPARENT INJURY,MC/BIKE HELMET,39.00567386,-77.09762297,"(39.00567386, -77.09762297)"
MCP28860016,16002214,Montgomery County Police,Injury Crash,01/12/2016 05:36:00 PM,Maryland (State),GEORGIA AVE,ENT TO APTS,,N/A,PEDESTRIAN,SINGLE VEHICLE,CLOUDY,N/A,DARK NO LIGHTS,NO CONTROLS,NONE DETECTED,NONE DETECTED,A9C80955-0B94-42BB-88E2-406EDC20B00F,PEDESTRIAN,Cross/Enter at Intersection,DART DASH,ON ROADWAY NOT AT CROSSWALK,Yes,POSSIBLE INJURY,NONE,39.08771167,-77.07945667,"(39.08771167, -77.07945667)"
DD56280055,210050819,Rockville Police Departme,Injury Crash,12/14/2021 12:56:00 PM,,,,PARKING LOT OF 838 ROCKVILLE PK,,PEDESTRIAN,OTHER,CLEAR,,DAYLIGHT,N/A,,NONE DETECTED,1060C3AB-7E23-4D56-AED8-DB17A6CF4527,PEDESTRIAN,Getting off/on Vehicle,OTHER,OTHER,Yes,SUSPECTED SERIOUS INJURY,N/A,39.07605098,-77.13702113,"(39.07605098, -77.13702113)"
MCP1366002D,15005713,Montgomery County Police,Injury Crash,02/04/2015 04:24:00 PM,County,BEDFORDSHIRE AVE,GLEN RD,,N/A,PEDESTRIAN,OTHER,N/A,DRY,DAYLIGHT,STOP SIGN,NONE DETECTED,NONE DETECTED,46A8DB8E-75FD-4F7F-8A4E-A462706CF286,PEDESTRIAN,Standing,ENTERING EXITING PARKED STANDING VEHICLE,OTHER,,SUSPECTED SERIOUS INJURY,N/A,39.04685833,-77.20383667,"(39.04685833, -77.20383667)"
MCP3018002Y,180052587,Montgomery County Police,Injury Crash,10/20/2018 04:05:00 PM,,,,DRIVEWAY OF 2827 ABBEY MANOR CR,,PEDESTRIAN,SINGLE VEHICLE,CLEAR,,DAYLIGHT,NO CONTROLS,NONE DETECTED,NONE DETECTED,EC4F9345-7DF5-4E97-9E23-903F0BABBB91,PEDESTRIAN,Other,INATTENTIVE,OTHER,No,SUSPECTED MINOR INJURY,NONE,39.16578068,-77.0593187,"(39.16578068, -77.0593187)"
MCP29340017,15062309,MONTGOMERY,Injury Crash,12/06/2015 11:40:00 AM,County,MACARTHUR BLVD,WILSON LA,,N/A,BICYCLIST,OTHER,CLEAR,DRY,DAYLIGHT,NO CONTROLS,NONE DETECTED,NONE DETECTED,BC06799B-20C3-460D-929C-A764C619F901,BICYCLIST,Walking/Riding w/Traffic,NO IMPROPER ACTIONS,SHOULDER,No,POSSIBLE INJURY,MC/BIKE HELMET,38.972745,-77.14698667,"(38.972745, -77.14698667)"
MCP2658001M,17007893,Montgomery County Police,Injury Crash,02/13/2017 04:45:00 PM,County,APRIL LA,CUL DE SAC,,N/A,PEDESTRIAN,STRAIGHT MOVEMENT ANGLE,N/A,N/A,DAYLIGHT,N/A,,N/A,8305E55A-8674-42BD-B609-679E27D320F9,PEDESTRIAN,Playing,IN ROADWAY IMPROPERLY,AT INTERSECTION BUT NO CROSSWALK,Unknown,SUSPECTED SERIOUS INJURY,N/A,39.04603593,-76.97854042,"(39.04603593, -76.97854042)"
MCP003600DB,200035356,Montgomery County Police,Injury Crash,09/09/2020 02:10:00 PM,County,DIXIE RIDGE TERR,ROLLING FORK WAY,,N/A,BICYCLIST,SINGLE VEHICLE,CLOUDY,DRY,DAYLIGHT,NO CONTROLS,NONE DETECTED,NONE DETECTED,9F04B0F6-12B2-473E-A370-E83ABAE3561D,BICYCLIST,Cross/Enter not at Intersection,FAILURE TO YIELD RIGHT OF WAY,SHARED USE PATH OR TRAILS,Yes,SUSPECTED SERIOUS INJURY,NONE,39.24751433,-77.20027017,"(39.24751433, -77.20027017)"
MCP3050001K,170534971,Montgomery County Police,Injury Crash,10/05/2017 03:45:00 PM,,,,"IN PARKING LOT IFO 14231 GEORGIA AVE SILVER SPRING, MD 20906.",,PEDESTRIAN,SINGLE VEHICLE,CLEAR,,DAYLIGHT,N/A,NONE DETECTED,NONE DETECTED,0732F410-0983-4FD5-9E49-83F339701475,PEDESTRIAN,Other,DART DASH,OTHER,Yes,SUSPECTED MINOR INJURY,N/A,39.09211,-77.06884,"(39.09211, -77.06884)"
MCP32530022,220052964,Montgomery County Police,Injury Crash,12/01/2022 06:30:00 AM,County,ARROWHEAD RD,ROTHBURY DR,,N/A,PEDESTRIAN,SINGLE VEHICLE,CLEAR,DRY,DARK LIGHTS ON,STOP SIGN,NONE DETECTED,NONE DETECTED,3B910328-188F-456B-B0C9-228516843CFF,PEDESTRIAN,Cross/Enter at Intersection,NO IMPROPER ACTIONS,ON ROADWAY AT CROSSWALK,No,SUSPECTED MINOR INJURY,NONE,39.18524,-77.19402667,"(39.18524, -77.19402667)"
MCP2043001T,200004897,Montgomery County Police,Injury Crash,01/29/2020 11:05:00 PM,County,INDUSTRIAL DR,GAITHER RD,,N/A,PEDESTRIAN,OTHER,CLEAR,N/A,DARK LIGHTS ON,STOP SIGN,NONE DETECTED,NONE DETECTED,D6421E80-7020-4F69-89A4-C82E71932651,PEDESTRIAN,Cross/Enter at Intersection,NO IMPROPER ACTIONS,AT INTERSECTION MARKED CROSSWALK,No,SUSPECTED MINOR INJURY,NONE,39.11771333,-77.18986167,"(39.11771333, -77.18986167)"
MCP3205000M,190060261,Montgomery County Police,Injury Crash,12/14/2019 09:56:00 AM,Maryland (State),GEORGIA AVE,PLYERS MILL RD,,N/A,PEDESTRIAN,SINGLE VEHICLE,RAINING,WET,DAYLIGHT,TRAFFIC SIGNAL,NONE DETECTED,NONE DETECTED,5DF12AC4-8D4A-4022-8C6F-FC400F122A50,PEDESTRIAN,Cross/Enter at Intersection,NO IMPROPER ACTIONS,ON ROADWAY AT CROSSWALK,No,SUSPECTED SERIOUS INJURY,N/A,39.03006429,-77.04760872,"(39.03006429, -77.04760872)"
EJ7847001T,16028832,Gaithersburg Police Depar,Injury Crash,06/08/2016 05:59:00 PM,Maryland (State),DARNESTOWN RD,TREWORTHY RD,,GAITHERSBURG,BICYCLIST,SAME DIR REAR END,CLEAR,DRY,DAYLIGHT,N/A,NONE DETECTED,NONE DETECTED,DFA08DFA-C8DC-46CA-8994-01397D1F2751,BICYCLIST,Walking/Riding w/Traffic,NO IMPROPER ACTIONS,IN BIKEWAY,No,SUSPECTED MINOR INJURY,MC/BIKE HELMET,39.103445,-77.2243,"(39.103445, -77.2243)"
DD5583003D,170539999,Rockville Police Departme,Injury Crash,10/31/2017 02:45:00 PM,Maryland (State),ROCKVILLE PIKE,RICHARD MONTGOMERY DR,,ROCKVILLE,PEDESTRIAN,SINGLE VEHICLE,CLEAR,DRY,DAYLIGHT,TRAFFIC SIGNAL,UNKNOWN,NONE DETECTED,2B8EF060-2650-4557-A106-05513B07DFE2,PEDESTRIAN,Cross/Enter at Intersection,NO IMPROPER ACTIONS,AT INTERSECTION MARKED CROSSWALK,No,SUSPECTED MINOR INJURY,N/A,39.08033071,-77.14409441,"(39.08033071, -77.14409441)"
MCP2789005B,180058992,Montgomery County Police,Injury Crash,11/25/2018 06:39:00 PM,Maryland (State),COLESVILLE RD,EAST WEST HWY,,N/A,PEDESTRIAN,SINGLE VEHICLE,CLEAR,DRY,DARK LIGHTS ON,TRAFFIC SIGNAL,N/A,N/A,68DFD821-06C2-4A9D-89CD-275920E6A41D,PEDESTRIAN,Cross/Enter at Intersection,INATTENTIVE,AT INTERSECTION MARKED CROSSWALK,Yes,POSSIBLE INJURY,NONE,38.99607833,-77.02777333,"(38.99607833, -77.02777333)"
MCP30730049,190050370,Montgomery County Police,Injury Crash,10/20/2019 05:30:00 PM,Maryland (State),CONNECTICUT AVE,INDEPENDENCE ST,,N/A,PEDESTRIAN,OTHER,N/A,WET,DAYLIGHT,TRAFFIC SIGNAL,NONE DETECTED,NONE DETECTED,9859D317-D018-40FD-A4EE-FC840B748BE0,PEDESTRIAN,Cross/Enter at Intersection,N/A,AT INTERSECTION MARKED CROSSWALK,No,SUSPECTED MINOR INJURY,NONE,39.07645167,-77.08045167,"(39.07645167, -77.08045167)"
MCP2940006J,230026252,Montgomery County Police,Injury Crash,06/01/2023 09:15:00 AM,County,WESTLAKE DR,TUCKERMAN LA,,N/A,PEDESTRIAN,OTHER,CLEAR,DRY,DAYLIGHT,STOP SIGN,NONE DETECTED,NONE DETECTED,1E2899B1-3807-481F-A03F-37293899E7A7,PEDESTRIAN,Cross/Enter at Intersection,IN ROADWAY IMPROPERLY,ON ROADWAY NOT AT CROSSWALK,Yes,SUSPECTED MINOR INJURY,NONE,39.03465162,-77.14700081,"(39.03465162, -77.14700081)"
MCP2291004K,200019601,Montgomery County Police,Injury Crash,05/15/2020 05:12:00 PM,,,,PARKING LOT OF 8816 LANIER DR,,BICYCLIST,SINGLE VEHICLE,CLEAR,,DAYLIGHT,N/A,NONE DETECTED,NONE DETECTED,2AA55AF4-0580-4A9D-8B97-6A6E0747E4C9,BICYCLIST,Other,OTHER,OTHER,Yes,SUSPECTED MINOR INJURY,NONE,39.00012417,-77.049093,"(39.00012417, -77.049093)"
MCP2440001H,230055687,Montgomery County Police,Injury Crash,09/19/2023 08:20:00 AM,County,CLUB HOUSE RD,CENTERWAY RD,,N/A,BICYCLIST,OPPOSITE DIRECTION SIDESWIPE,CLEAR,DRY,DAYLIGHT,TRAFFIC SIGNAL,UNKNOWN,NONE DETECTED,2939FAF3-5379-4380-AC45-A23DCC9FA36B,BICYCLIST,Cross/Enter at Intersection,NO IMPROPER ACTIONS,AT INTERSECTION MARKED CROSSWALK,No,POSSIBLE INJURY,MC/BIKE HELMET,39.17282733,-77.20144167,"(39.17282733, -77.20144167)"