Report Number,Local Case Number,Agency Name,ACRS Report Type,Crash Date/Time,Route Type,Road Name,Cross-Street Name,Off-Road Description,Municipality,Related Non-Motorist,Collision Type,Weather,Surface Condition,Light,Traffic Control,Driver Substance Abuse,Non-Motorist Substance Abuse,Person ID,Pedestrian Type,Pedestrian Movement,Pedestrian Actions,Pedestrian Location,At Fault,Injury Severity,Safety Equipment,Latitude,Longitude,Location
DD5604002N,190006963,Rockville Police Departme,Injury Crash,02/13/2019 08:02:00 AM,Municipality,CRABB AVE,N HORNERS LA,,ROCKVILLE,PEDESTRIAN,OTHER,CLEAR,WET,DAYLIGHT,STOP SIGN,NONE DETECTED,NONE DETECTED,BD842445-17FE-4816-BDCF-D99B4C6B60CE,PEDESTRIAN,Cross/Enter at Intersection,NO IMPROPER ACTIONS,ON ROADWAY AT CROSSWALK,No,SUSPECTED MINOR INJURY,NONE,39.088625,-77.14336333,"(39.088625, -77.14336333)"
MCP2358003P,170521943,Montgomery County Police,Injury Crash,07/30/2017 09:40:00 AM,County,FALLS RD,BRICKYARD RD,,N/A,BICYCLIST,STRAIGHT MOVEMENT ANGLE,CLEAR,DRY,DAYLIGHT,NO CONTROLS,NONE DETECTED,NONE DETECTED,D88B9BF0-1AB4-4C1F-B6AD-42BD16E4322F,BICYCLIST,Walking/Riding w/Traffic,FAILURE TO YIELD RIGHT OF WAY,SHOULDER,Yes,SUSPECTED SERIOUS INJURY,MC/BIKE HELMET,39.002425,-77.226114,"(39.002425, -77.226114)"
MCP3170003M,230067257,Montgomery County Police,Property Damage Crash,11/19/2023 03:47:00 PM,County,FATHER HURLEY BLVD,CRYSTAL ROCK DR,,N/A,BICYCLIST,OTHER,CLEAR,DRY,DAYLIGHT,TRAFFIC SIGNAL,NONE DETECTED,NONE DETECTED,E8F3C4C3-4392-4A95-B9F9-F151F22F3432,BICYCLIST,Cross/Enter at Intersection,FAILURE TO OBEY TRAFFIC SIGNS SIGNALS OR OFFICER,ON ROADWAY AT CROSSWALK,Yes,NO APPARENT INJURY,MC/BIKE HELMET,39.19332667,-77.27050823,"(39.19332667, -77.27050823)"
EJ7852001K,17007003,Gaithersburg Police Depar,Injury Crash,02/08/2017 10:11:00 AM,Maryland (State),CLOPPER RD,FIRSTFIELD RD,,GAITHERSBURG,PEDESTRIAN,OTHER,CLEAR,DRY,DARK LIGHTS ON,TRAFFIC SIGNAL,NONE DETECTED,NONE DETECTED,7CB64214-6003-4779-98E7-16022AF1B980,PEDESTRIAN,Cross/Enter at Intersection,UNKNOWN,ON ROADWAY AT CROSSWALK,No,SUSPECTED MINOR INJURY,NONE,39.14376194,-77.22382441,"(39.14376194, -77.22382441)"
MCP2864001H,15065163,MONTGOMERY,Injury Crash,12/20/2015 07:34:00 PM,Maryland (State),ROCKVILLE PIKE,HALPINE RD,,ROCKVILLE,PEDESTRIAN,OTHER,CLEAR,DRY,DARK LIGHTS ON,TRAFFIC SIGNAL,NONE DETECTED,NONE DETECTED,BF054CA2-1D26-4BCB-9979-5E6267597CA0,PEDESTRIAN,Cross/Enter at Intersection,NO IMPROPER ACTIONS,ON ROADWAY AT CROSSWALK,No,SUSPECTED MINOR INJURY,NONE,39.06229667,-77.1241,"(39.06229667, -77.1241)"
MCP31110076,230055715,Montgomery County Police,Injury Crash,09/19/2023 10:26:00 AM,County,BATTERY LA,WOODMONT AVE,,N/A,BICYCLIST,SINGLE VEHICLE,CLEAR,DRY,DAYLIGHT,TRAFFIC SIGNAL,NONE DETECTED,NONE DETECTED,5B5AB40D-97BE-4859-B4CE-5B8155AF02E6,BICYCLIST,Walking/Cycling on Sidewalk,NO IMPROPER ACTIONS,SIDEWALK,Yes,SUSPECTED MINOR INJURY,NONE,38.992645,-77.0974075,"(38.992645, -77.0974075)"
MCP12050029,16043818,Montgomery County Police,Injury Crash,08/28/2016 01:32:00 PM,County,LELAND ST,GLENDALE RD,,N/A,BICYCLIST,STRAIGHT MOVEMENT ANGLE,CLEAR,DRY,DAYLIGHT,STOP SIGN,NONE DETECTED,NONE DETECTED,32E7554B-A37F-4057-AB7B-20ABADBD0D23,BICYCLIST,Cross/Enter at Intersection,FAILURE TO OBEY TRAFFIC SIGNS SIGNALS OR OFFICER,AT INTERSECTION BUT NO CROSSWALK,Yes,SUSPECTED MINOR INJURY,MC/BIKE HELMET,38.98666421,-77.07461447,"(38.98666421, -77.07461447)"
MCP14530031,16018392,Montgomery County Police,Injury Crash,04/15/2016 07:22:00 AM,,DAMASCUS MANOR LN,VALLEY PARK DR,,N/A,PEDESTRIAN,SINGLE VEHICLE,CLEAR,DRY,DAYLIGHT,NO CONTROLS,NONE DETECTED,NONE DETECTED,D163006A-8441-4A9D-BC3A-E57480721E0B,PEDESTRIAN,Cross/Enter at Intersection,NO IMPROPER ACTIONS,ON ROADWAY AT CROSSWALK,No,POSSIBLE INJURY,NONE,39.27377328,-77.21392035,"(39.27377328, -77.21392035)"
MCP3372000X,230026533,Montgomery County Police,Injury Crash,06/02/2023 05:05:00 PM,,,,13677 CONNECTICUT AVENUE SILVER SPRING MD,,PEDESTRIAN,OTHER,CLEAR,,DAYLIGHT,NO CONTROLS,NONE DETECTED,NONE DETECTED,C43D3792-505E-41EB-9B4E-6183417A2BDB,PEDESTRIAN,Other,NO IMPROPER ACTIONS,OTHER,No,SUSPECTED MINOR INJURY,N/A,39.07865333,-77.07957317,"(39.07865333, -77.07957317)"
MCP3038006Q,230072234,Montgomery County Police,Injury Crash,12/17/2023 04:49:00 PM,US (State),GEORGIA AVE,BLAIR RD,,N/A,BICYCLIST,OTHER,RAINING,WET,DARK LIGHTS ON,TRAFFIC SIGNAL,NONE DETECTED,NONE DETECTED,60A80480-5079-47A3-AF92-5F7DA368FE8B,BICYCLIST,Cross/Enter at Intersection,NO IMPROPER ACTIONS,ON ROADWAY AT CROSSWALK,No,SUSPECTED MINOR INJURY,NONE,38.98484527,-77.02658531,"(38.98484527, -77.02658531)"
MCP3039006D,230051684,Montgomery County Police,Property Damage Crash,09/03/2023 04:42:00 PM,County,SILVER SPRING AVE,MAYOR LA,,N/A,PEDESTRIAN,OTHER,CLEAR,DRY,DAYLIGHT,NO CONTROLS,UNKNOWN,NONE DETECTED,A195D47F-CCDF-4C44-B3AE-BAFC20493785,PEDESTRIAN,Walking/Riding w/Traffic,NO IMPROPER ACTIONS,ON ROADWAY NOT AT CROSSWALK,No,NO APPARENT INJURY,NONE,38.99194245,-77.02522353,"(38.99194245, -77.02522353)"
MCP2016003Z,190011248,Montgomery County Police,Injury Crash,03/11/2019 01:28:00 PM,,,,PARKING LOT OF BED BATH AND BEYOND- 1519 ROCKVILLE PIKE,,PEDESTRIAN,SINGLE VEHICLE,CLEAR,,DAYLIGHT,N/A,N/A,N/A,A06B3A2F-6598-48F0-9DB3-B0B1F4A56D43,PEDESTRIAN,Other,NO IMPROPER ACTIONS,OTHER,No,SUSPECTED SERIOUS INJURY,N/A,38.953,-77.338,"(38.953, -77.338)"
MCP2923000N,15032224,MONTGOMERY,Injury Crash,06/30/2015 04:25:00 PM,County,S WESTLAND DR,FREDERICK RD,,N/A,PEDESTRIAN,OTHER,CLEAR,DRY,DAYLIGHT,NO CONTROLS,UNKNOWN,UNKNOWN,01834BB0-DCCB-466C-8167-EBD6BA7FEDB3,PEDESTRIAN,Cross/Enter not at Intersection,IN ROADWAY IMPROPERLY,ON ROADWAY NOT AT CROSSWALK,No,SUSPECTED MINOR INJURY,N/A,39.12641176,-77.18231857,"(39.12641176, -77.18231857)"
MCP3137000J,180056836,Montgomery County Police,Injury Crash,11/12/2018 07:58:00 PM,Maryland (State),UNIVERSITY BLVD E,E FRANKLIN AVE,,N/A,PEDESTRIAN,SINGLE VEHICLE,RAINING,WET,DARK LIGHTS ON,TRAFFIC SIGNAL,NONE DETECTED,NONE DETECTED,135DE0D8-DCB3-47B7-A37E-749F0999ECFC,PEDESTRIAN,Cross/Enter at Intersection,NO IMPROPER ACTIONS,AT INTERSECTION MARKED CROSSWALK,No,POSSIBLE INJURY,N/A,39.01213633,-77.00261201,"(39.01213633, -77.00261201)"
MCP25590023,170531653,Montgomery County Police,Injury Crash,09/20/2017 06:23:00 AM,Maryland (State),KEY WEST AVE,DARNESTOWN RD,,N/A,BICYCLIST,OTHER,CLOUDY,DRY,DARK NO LIGHTS,NO CONTROLS,N/A,N/A,2EDBD385-5A8A-458E-87BC-C87E6F423116,BICYCLIST,Other,IMPROPER TURN MERGE,ON ROADWAY NOT AT CROSSWALK,Yes,SUSPECTED MINOR INJURY,MC/BIKE HELMET,39.10153135,-77.21069165,"(39.10153135, -77.21069165)"
MCP3258003L,230070703,Montgomery County Police,Injury Crash,12/08/2023 10:16:00 PM,County,MONTERREY DR,VEIRS MILL RD,,N/A,BICYCLIST,OTHER,CLEAR,DRY,DARK LIGHTS ON,NO CONTROLS,N/A,N/A,10969DFF-CB92-4B7F-9CAB-F25B5DBEB16B,BICYCLIST,Cross/Enter at Intersection,NO IMPROPER ACTIONS,ON ROADWAY AT CROSSWALK,No,POSSIBLE INJURY,NONE,39.04280469,-77.06018926,"(39.04280469, -77.06018926)"
MCP2563001N,230027877,Montgomery County Police,Fatal Crash,06/10/2023 12:36:00 AM,Maryland (State),UNIVERSITY BLVD E,BAYFIELD ST,,N/A,PEDESTRIAN,SINGLE VEHICLE,CLEAR,DRY,DARK -- UNKNOWN LIGHTING,UNKNOWN,UNKNOWN,ALCOHOL PRESENT,B56F7743-0DD1-47BE-BB1F-ABE54E2BDFDB,PEDESTRIAN,Unknown,UNKNOWN,UNKNOWN,Unknown,FATAL INJURY,NONE,38.99638236,-76.99331541,"(38.99638236, -76.99331541)"
MCP2563001L,230017107,Montgomery County Police,Injury Crash,04/10/2023 04:21:00 PM,Maryland (State),MUNCASTER MILL RD,STRUC #15015 ROCK CREEK,,N/A,PEDESTRIAN,SINGLE VEHICLE,CLEAR,DRY,DAYLIGHT,WARNING SIGN,NONE DETECTED,NONE DETECTED,2D1655C2-78EB-4552-899C-4C57B12B59E9,PEDESTRIAN,Cross/Enter not at Intersection,FAILURE TO YIELD RIGHT OF WAY,ON ROADWAY AT CROSSWALK,Yes,SUSPECTED SERIOUS INJURY,NONE,39.13764511,-77.12946041,"(39.13764511, -77.12946041)"
MCP235800C3,230066890,Montgomery County Police,Injury Crash,11/17/2023 12:30:00 PM,Maryland (State),OLD GEORGETOWN RD,CHESHIRE DR,,N/A,PEDESTRIAN,OTHER,CLEAR,DRY,DAYLIGHT,NO CONTROLS,NONE DETECTED,NONE DETECTED,79870E0C-58C2-43D0-915E-85F52D58243E,PEDESTRIAN,Cross/Enter not at Intersection,IN ROADWAY IMPROPERLY,ON ROADWAY NOT AT CROSSWALK,Yes,SUSPECTED MINOR INJURY,N/A,39.02330696,-77.12405435,"(39.02330696, -77.12405435)"
DD55200022,230029906,Rockville Police Departme,Injury Crash,06/22/2023 10:05:00 AM,Maryland (State),ROCKVILLE PIKE,ENT TO WOODMONT COUNTRY CLUB,,N/A,PEDESTRIAN,OTHER,RAINING,WET,DAYLIGHT,TRAFFIC SIGNAL,NONE DETECTED,NONE DETECTED,A2789456-1761-430F-841B-ABC4DF4EDD3A,PEDESTRIAN,Cross/Enter at Intersection,DART DASH,ON ROADWAY AT CROSSWALK,Yes,POSSIBLE INJURY,NONE,39.06943262,-77.13072958,"(39.06943262, -77.13072958)"
MCP2422001F,16038233,Montgomery County Police,Injury Crash,07/28/2016 05:42:00 PM,Maryland (State),WOODFIELD RD,AIRPARK RD,,N/A,BICYCLIST,OTHER,RAINING,WET,DAYLIGHT,YIELD SIGN,N/A,NONE DETECTED,C9E7C8D3-5EB2-4F34-9AD8-789DBFF3176D,BICYCLIST,Cross/Enter at Intersection,NO IMPROPER ACTIONS,AT INTERSECTION MARKED CROSSWALK,No,SUSPECTED MINOR INJURY,N/A,39.168425,-77.155045,"(39.168425, -77.155045)"
MCP102200D3,190046149,Montgomery County Police,Injury Crash,09/26/2019 11:33:00 AM,Other Public Roadway,HILLCREST DR,FREDERICK RD,,N/A,PEDESTRIAN,SINGLE VEHICLE,CLOUDY,DRY,DAYLIGHT,NO CONTROLS,NONE DETECTED,NONE DETECTED,6336FB31-6329-4765-8F1D-10DAAEF8ADB8,PEDESTRIAN,Cross/Enter not at Intersection,NO IMPROPER ACTIONS,ON ROADWAY NOT AT CROSSWALK,No,SUSPECTED SERIOUS INJURY,NONE,39.17669667,-77.23792167,"(39.17669667, -77.23792167)"
MCP31930056,230069211,Montgomery County Police,Injury Crash,11/30/2023 10:55:00 PM,Maryland (State),GEORGIA AVE,UNIVERSITY BLVD W,,N/A,PEDESTRIAN,OTHER,CLEAR,DRY,DARK LIGHTS ON,TRAFFIC SIGNAL,NONE DETECTED,NONE DETECTED,FC9D550A-950A-49DA-9E4C-CDE366BA8038,PEDESTRIAN,Cross/Enter not at Intersection,IN ROADWAY IMPROPERLY,ON ROADWAY NOT AT CROSSWALK,Yes,SUSPECTED MINOR INJURY,NONE,39.04125105,-77.05169358,"(39.04125105, -77.05169358)"
EJ78510027,170507003,Gaithersburg Police Depar,Injury Crash,05/10/2017 10:29:00 AM,County,SHADY GROVE RD,FREDERICK RD,,N/A,PEDESTRIAN,OTHER,CLEAR,DRY,DAYLIGHT,TRAFFIC SIGNAL,UNKNOWN,NONE DETECTED,B30D8B19-B4C8-4912-8758-F7B4A9F22514,PEDESTRIAN,Cross/Enter at Intersection,N/A,ON ROADWAY AT CROSSWALK,No,SUSPECTED MINOR INJURY,NONE,39.12408442,-77.17586517,"(39.12408442, -77.17586517)"
MCP29190008,15022769,Montgomery County Police,Injury Crash,05/13/2015 07:21:00 AM,County,WAYNE AVE,GEORGIA AVE,,N/A,PEDESTRIAN,SINGLE VEHICLE,CLEAR,DRY,DAYLIGHT,TRAFFIC SIGNAL,NONE DETECTED,NONE DETECTED,F4F465F5-B7D9-4AC8-AE1B-BE620F892D7C,PEDESTRIAN,Cross/Enter at Intersection,FAILURE TO OBEY TRAFFIC SIGNS SIGNALS OR OFFICER,AT INTERSECTION MARKED CROSSWALK,,SUSPECTED MINOR INJURY,N/A,38.9945977,-77.02675581,"(38.9945977, -77.02675581)"
DD56530013,220007841,Rockville Police Departme,Property Damage Crash,02/22/2022 06:00:00 PM,Municipality,N WASHINGTON ST,W MONTGOMERY AVE,,ROCKVILLE,PEDESTRIAN,SINGLE VEHICLE,CLOUDY,WET,DARK LIGHTS ON,TRAFFIC SIGNAL,N/A,N/A,B5B12EF5-DEBC-4AD2-9360-FB6E763EFC9E,PEDESTRIAN,Cross/Enter at Intersection,UNKNOWN,ON ROADWAY AT CROSSWALK,No,NO APPARENT INJURY,NONE,39.084364,-77.15278617,"(39.084364, -77.15278617)"
MCP3076002G,190038283,Montgomery County Police,Injury Crash,08/11/2019 11:16:00 AM,County,WAYNE AVE,DARTMOUTH AVE,,N/A,BICYCLIST,HEAD ON LEFT TURN,CLEAR,DRY,DAYLIGHT,NO CONTROLS,NONE DETECTED,NONE DETECTED,A2C7CB78-511C-4762-8327-57C9476901D9,BICYCLIST,Cross/Enter at Intersection,NO IMPROPER ACTIONS,ON ROADWAY AT CROSSWALK,No,SUSPECTED MINOR INJURY,MC/BIKE HELMET,38.999279,-77.01825717,"(38.999279, -77.01825717)"
MCP2813000V,15000853,Montgomery County Police,Injury Crash,01/06/2015 08:04:00 AM,County,CENTERHILL ST,BLUHILL RD,,N/A,PEDESTRIAN,SINGLE VEHICLE,SNOW,ICE,DAYLIGHT,STOP SIGN,NONE DETECTED,NONE DETECTED,CE10B1E5-9766-48E1-8B9E-8E1ACDF21810,PEDESTRIAN,Getting off/on Vehicle,NO IMPROPER ACTIONS,OTHER,,SUSPECTED SERIOUS INJURY,N/A,39.05038833,-77.07255167,"(39.05038833, -77.07255167)"
MCP28430025,230053334,Montgomery County Police,Injury Crash,09/05/2023 06:35:00 PM,Maryland (State),WOODFIELD RD,ENT TO ROUTE 124 PLAZA,,N/A,BICYCLIST,STRAIGHT MOVEMENT ANGLE,CLEAR,DRY,DAYLIGHT,N/A,NONE DETECTED,NONE DETECTED,4C05F98F-6505-4B6C-BE12-2D252EA49341,BICYCLIST,Walking/Riding against Traffic,NO IMPROPER ACTIONS,ON ROADWAY AT CROSSWALK,No,POSSIBLE INJURY,N/A,39.16155167,-77.15925167,"(39.16155167, -77.15925167)"
MCP1022002N,15023984,Montgomery County Police,Injury Crash,05/19/2015 01:26:00 PM,,,,"PARKING LOT IN FRONT OF WALMART 20910 FREDERICK RD GERMANTOWN, MD 20874",,PEDESTRIAN,OTHER,CLEAR,,DAYLIGHT,NO CONTROLS,NONE DETECTED,NONE DETECTED,65A30961-69BD-4BBE-B484-E4533E8D6C78,PEDESTRIAN,Other,NO IMPROPER ACTIONS,ON ROADWAY AT CROSSWALK,,SUSPECTED SERIOUS INJURY,N/A,39.19894333,-77.251515,"(39.19894333, -77.251515)"
MCP23530052,180007295,Montgomery County Police,Injury Crash,02/12/2018 06:28:00 AM,Maryland (State),BRADLEY BLVD,ARLINGTON RD,,N/A,PEDESTRIAN,SINGLE VEHICLE,RAINING,WET,DARK LIGHTS ON,PERSON,NONE DETECTED,NONE DETECTED,0ACE1C62-7F1F-4E5D-AC99-D6A1EC72A4FD,PEDESTRIAN,Cross/Enter at Intersection,NO IMPROPER ACTIONS,ON ROADWAY AT CROSSWALK,No,SUSPECTED SERIOUS INJURY,NONE,38.97819333,-77.09876833,"(38.97819333, -77.09876833)"
MCP209400LG,230006172,Montgomery County Police,Injury Crash,02/07/2023 08:35:00 AM,Maryland (State),WISCONSIN AVE,MONTGOMERY LA,,N/A,PEDESTRIAN,OTHER,CLEAR,WET,DAYLIGHT,TRAFFIC SIGNAL,NONE DETECTED,NONE DETECTED,FC675E08-A6D3-4F7E-A7C2-54B1E220EAE6,PEDESTRIAN,Cross/Enter at Intersection,NO IMPROPER ACTIONS,ON ROADWAY AT CROSSWALK,No,SUSPECTED MINOR INJURY,N/A,38.98354667,-77.09405167,"(38.98354667, -77.09405167)"
MCP2694001N,15040391,MONTGOMERY,Injury Crash,08/13/2015 03:54:00 PM,,,,parking lot of 11200 Rockville Pike,,PEDESTRIAN,OTHER,CLEAR,,DAYLIGHT,NO CONTROLS,UNKNOWN,NONE DETECTED,02873400-26BC-44BA-85F5-5585F121A25A,PEDESTRIAN,Standing,NO IMPROPER ACTIONS,OTHER,No,SUSPECTED MINOR INJURY,N/A,39.04044333,-77.11109667,"(39.04044333, -77.11109667)"
HA2393000C,21002051,Maryland-National Capital,Injury Crash,10/24/2021 05:15:00 PM,County,SHOREFIELD RD,PARK ROAD WHEATON REGIONAL PARK,,N/A,PEDESTRIAN,N/A,CLEAR,DRY,DAYLIGHT,NO CONTROLS,UNKNOWN,N/A,E42D7C81-CE58-48B2-9962-B034848C515B,PEDESTRIAN,Cross/Enter at Intersection,NO IMPROPER ACTIONS,ON ROADWAY AT CROSSWALK,Unknown,POSSIBLE INJURY,NONE,39.05310777,-77.04469202,"(39.05310777, -77.04469202)"
MCP229800L8,180053322,Montgomery County Police,Injury Crash,10/24/2018 05:33:00 PM,,,,PARKING LOT OF 22222 DAVIS MILL RD,,"MACHINE OPERATOR/RIDER, OTHER",OTHER,CLEAR,,DAYLIGHT,NO CONTROLS,,N/A,57E3A9C4-7B2F-4C50-B653-90237F691B94,OTHER,Other,OTHER,OTHER,No,POSSIBLE INJURY,N/A,39.221495,-77.2227965,"(39.221495, -77.2227965)"
MCP3093000J,180028856,Montgomery County Police,Injury Crash,06/11/2018 03:29:00 PM,Maryland (State),EAST WEST HWY,CAREY LA,,N/A,PEDESTRIAN,SINGLE VEHICLE,CLOUDY,DRY,DAYLIGHT,N/A,N/A,N/A,2082EF03-AD73-458C-A3FC-FDE7A43A3352,PEDESTRIAN,Cross/Enter not at Intersection,IN ROADWAY IMPROPERLY,ON ROADWAY NOT AT CROSSWALK,Yes,POSSIBLE INJURY,NONE,38.995275,-77.038705,"(38.995275, -77.038705)"
MCP3058003V,200039210,Montgomery County Police,Injury Crash,10/05/2020 05:00:00 PM,County,OUTPOST DR,LAKE WINDS WAY,,N/A,BICYCLIST,HEAD ON LEFT TURN,CLEAR,DRY,DAYLIGHT,NO CONTROLS,NONE DETECTED,NONE DETECTED,64D853F9-881A-47C1-8067-EE9ED8B7A743,BICYCLIST,Walking/Riding against Traffic,IN ROADWAY IMPROPERLY,AT INTERSECTION BUT NO CROSSWALK,Yes,SUSPECTED MINOR INJURY,N/A,39.08815802,-77.22665616,"(39.08815802, -77.22665616)"
MCP2892000S,15022587,Montgomery County Police,Injury Crash,05/12/2015 10:09:00 AM,,,,Darcars parking lot,,PEDESTRIAN,OTHER,CLEAR,,DAYLIGHT,NO CONTROLS,NONE DETECTED,NONE DETECTED,01BEE23C-0983-4D2D-AD47-FB5AACCB6CDF,PEDESTRIAN,Standing,NO IMPROPER ACTIONS,OTHER,,SUSPECTED MINOR INJURY,N/A,39.06004971,-76.95906758,"(39.06004971, -76.95906758)"
MCP30040039,190042919,Montgomery County Police,Injury Crash,09/04/2019 07:00:00 PM,,,,"PARKING LOT OF 2440 ROSS ROAD SILVER SPRING, MD",,BICYCLIST,UNKNOWN,UNKNOWN,,DUSK,N/A,UNKNOWN,N/A,1F0BE837-BB04-41BA-8E02-ABA95E8457DE,BICYCLIST,Playing,OTHER,OTHER,No,SUSPECTED MINOR INJURY,UNKNOWN,38.99712759,-77.05232795,"(38.99712759, -77.05232795)"
MCP29760012,15047401,MONTGOMERY,Injury Crash,09/18/2015 05:49:00 PM,County,FENTON ST,CAMERON ST,,N/A,PEDESTRIAN,OTHER,CLEAR,DRY,DAYLIGHT,TRAFFIC SIGNAL,NONE DETECTED,NONE DETECTED,D3E852AB-7614-4D38-AFAB-AC610F23AF6E,PEDESTRIAN,Cross/Enter at Intersection,NO IMPROPER ACTIONS,ON ROADWAY AT CROSSWALK,No,POSSIBLE INJURY,NONE,38.99829156,-77.02872992,"(38.99829156, -77.02872992)"
MCP2492000B,15028338,Montgomery County Police,Fatal Crash,06/11/2015 09:00:00 AM,County,CRABBS BRANCH WAY,REDLAND RD,,N/A,PEDESTRIAN,OTHER,N/A,DRY,DAYLIGHT,TRAFFIC SIGNAL,UNKNOWN,UNKNOWN,AA3D4111-733A-45D8-B171-B3F610AE583C,PEDESTRIAN,Cross/Enter at Intersection,UNKNOWN,UNKNOWN,,FATAL INJURY,NONE,39.12103805,-77.15852737,"(39.12103805, -77.15852737)"
DD5649002M,220042539,Rockville Police Departme,Injury Crash,09/29/2022 05:49:00 PM,Municipality,MONROE ST,ARGYLE ST,,ROCKVILLE,PEDESTRIAN,OTHER,N/A,DRY,DAYLIGHT,NO CONTROLS,N/A,N/A,0D756C0A-5695-4681-AD9F-AE8ADA05DF19,PEDESTRIAN,Getting off/on Vehicle,INATTENTIVE,OTHER,Yes,SUSPECTED MINOR INJURY,NONE,39.0774844,-77.1515522,"(39.0774844, -77.1515522)"
MCP2492000J,15066635,MONTGOMERY,Fatal Crash,12/28/2015 07:28:00 PM,Maryland (State),VEIRS MILL RD,TURKEY BRANCH PKWY,,N/A,BICYCLIST,OTHER,RAINING,WET,DARK LIGHTS ON,WARNING SIGN,NONE DETECTED,UNKNOWN,3FF25FAE-8BD6-4A28-9777-7A88AE8666C6,BICYCLIST,Cross/Enter at Intersection,UNKNOWN,ON ROADWAY AT CROSSWALK,Unknown,FATAL INJURY,MC/BIKE HELMET,39.06005167,-77.089165,"(39.06005167, -77.089165)"
MCP2191003S,210044956,Montgomery County Police,Injury Crash,11/06/2021 12:38:00 PM,County,WOODGLEN DR,EXECUTIVE BLVD,,N/A,PEDESTRIAN,STRAIGHT MOVEMENT ANGLE,CLEAR,DRY,DAYLIGHT,STOP SIGN,NONE DETECTED,NONE DETECTED,AF199CD7-1E30-4D6B-93E6-BD3397127FBD,PEDESTRIAN,Cross/Enter at Intersection,NO IMPROPER ACTIONS,ON ROADWAY AT CROSSWALK,No,SUSPECTED MINOR INJURY,N/A,39.04352105,-77.11339455,"(39.04352105, -77.11339455)"
MCP3129004V,220032884,Montgomery County Police,Injury Crash,07/31/2022 04:33:00 PM,Maryland (State),OLNEY SANDY SPRING RD,ENT TO SCHOOL,,N/A,OTHER,SINGLE VEHICLE,RAINING,WET,DAYLIGHT,NO CONTROLS,NONE DETECTED,N/A,77060B15-9755-4425-9FEB-44807F45FD4E,OTHER,N/A,N/A,N/A,No,NO APPARENT INJURY,N/A,39.14908333,-77.05565167,"(39.14908333, -77.05565167)"
DD56330008,180042427,Rockville Police Departme,Injury Crash,08/24/2018 06:30:00 PM,Maryland (State),ROCKVILLE PIKE,EDMONSTON DR,,ROCKVILLE,BICYCLIST,SINGLE VEHICLE,CLEAR,DRY,DAYLIGHT,N/A,NONE DETECTED,NONE DETECTED,C3854796-FCC9-4E06-A737-2D9A7F59B62F,BICYCLIST,Walking/Cycling on Sidewalk,NO IMPROPER ACTIONS,SIDEWALK,No,SUSPECTED MINOR INJURY,NONE,39.0739245,-77.134849,"(39.0739245, -77.134849)"
MCP15310006,16024201,Montgomery County Police,Injury Crash,05/15/2016 09:02:00 PM,Maryland (State),WILSON LA,RIVER RD,,N/A,PEDESTRIAN,SINGLE VEHICLE,CLEAR,DRY,DARK LIGHTS ON,TRAFFIC SIGNAL,,NONE DETECTED,D334EEB5-0D56-4A95-9592-47E2492F5A8E,PEDESTRIAN,Standing,OTHER,ON ROADWAY NOT AT CROSSWALK,Yes,SUSPECTED MINOR INJURY,N/A,39.37427667,-77.29101333,"(39.37427667, -77.29101333)"
MCP28910061,180027143,Montgomery County Police,Injury Crash,06/02/2018 12:35:00 PM,Maryland (State),FOREST GLEN RD,CANEY PL,,N/A,BICYCLIST,SINGLE VEHICLE,CLEAR,DRY,DAYLIGHT,N/A,NONE DETECTED,NONE DETECTED,AE9B82C6-1B29-43DA-8616-EDD526EF0BF0,BICYCLIST,Walking/Riding w/Traffic,NO IMPROPER ACTIONS,OTHER,No,SUSPECTED MINOR INJURY,MC/BIKE HELMET,39.01533117,-77.04850317,"(39.01533117, -77.04850317)"
MCP2936003H,200002545,Montgomery County Police,Injury Crash,01/15/2020 06:20:00 PM,Maryland (State),ROCKVILLE PIKE,OLD GEORGETOWN RD,,N/A,PEDESTRIAN,OTHER,CLEAR,DRY,DARK LIGHTS ON,NO CONTROLS,NONE DETECTED,NONE DETECTED,1F68C15C-2125-43AD-A85C-B8C724416762,PEDESTRIAN,Cross/Enter at Intersection,FAILURE TO YIELD RIGHT OF WAY,ON ROADWAY NOT AT CROSSWALK,Yes,SUSPECTED MINOR INJURY,NONE,39.05058333,-77.11898333,"(39.05058333, -77.11898333)"
MCP2818003M,180024177,Montgomery County Police,Injury Crash,05/17/2018 08:52:00 AM,US (State),GEORGIA AVE,BONIFANT ST,,N/A,PEDESTRIAN,OTHER,RAINING,WET,DAYLIGHT,TRAFFIC SIGNAL,NONE DETECTED,NONE DETECTED,F3741C78-8828-420E-A090-6D396490B794,PEDESTRIAN,Other,FAILURE TO YIELD RIGHT OF WAY,ON ROADWAY NOT AT CROSSWALK,Yes,POSSIBLE INJURY,N/A,38.991615,-77.02630167,"(38.991615, -77.02630167)"
MCP29730030,170506596,Montgomery County Police,Injury Crash,05/08/2017 12:00:00 PM,Maryland (State),GEORGIA AVE,CONNECTICUT AVE,,N/A,PEDESTRIAN,OTHER,CLEAR,DRY,DAYLIGHT,NO CONTROLS,NONE DETECTED,NONE DETECTED,E66DFBCD-B20A-480E-9212-CFC0A4D73FF2,PEDESTRIAN,Walking/Cycling on Sidewalk,NO IMPROPER ACTIONS,SIDEWALK,No,POSSIBLE INJURY,N/A,39.08232689,-77.07722157,"(39.08232689, -77.07722157)"
MCP1378005P,15017307,Montgomery County Police,Injury Crash,04/14/2015 01:36:00 PM,County,SHADY GROVE RD,RAMP 1 FR IS 270 NB TO SHADY GROVE RD WB,,N/A,OTHER,SAME DIR REAR END,RAINING,WET,DAYLIGHT,TRAFFIC SIGNAL,NONE DETECTED,NONE DETECTED,CE4EEED2-5E10-4006-B388-9EB95F0327AF,OTHER,Other,DISABLED VEHICLE RELATED,ON ROADWAY NOT AT CROSSWALK,,SUSPECTED SERIOUS INJURY,N/A,39.11166,-77.18718,"(39.11166, -77.18718)"