Report Number,Local Case Number,Agency Name,ACRS Report Type,Crash Date/Time,Route Type,Road Name,Cross-Street Name,Off-Road Description,Municipality,Related Non-Motorist,Collision Type,Weather,Surface Condition,Light,Traffic Control,Driver Substance Abuse,Non-Motorist Substance Abuse,Person ID,Pedestrian Type,Pedestrian Movement,Pedestrian Actions,Pedestrian Location,At Fault,Injury Severity,Safety Equipment,Latitude,Longitude,Location
MCP2565003V,17010234,Montgomery County Police,Injury Crash,02/25/2017 06:07:00 PM,Maryland (State),ROCKVILLE PIKE,TUCKERMAN LA,,N/A,BICYCLIST,SAME DIR REAR END,CLEAR,DRY,DARK LIGHTS ON,NO CONTROLS,NONE DETECTED,NONE DETECTED,DEF8D76B-3DEB-4AAF-9A37-3F05701EBEB5,BICYCLIST,Walking/Riding w/Traffic,N/A,ON ROADWAY NOT AT CROSSWALK,No,POSSIBLE INJURY,NONE,39.02486626,-77.10308746,"(39.02486626, -77.10308746)"
EJ7851006H,210023045,Gaithersburg Police Depar,Injury Crash,06/16/2021 04:40:00 PM,Maryland (State),S FREDERICK RD,SPUR TO MD 117A,,N/A,BICYCLIST,SAME DIRECTION SIDESWIPE,CLEAR,DRY,DAYLIGHT,NO CONTROLS,NONE DETECTED,NONE DETECTED,EBCB32B6-FDAD-41DE-B4E8-B719415E1E72,BICYCLIST,Cross/Enter at Intersection,INATTENTIVE,ON ROADWAY AT CROSSWALK,Yes,POSSIBLE INJURY,NONE,39.14045253,-77.19793358,"(39.14045253, -77.19793358)"
MCP14360002,180037248,Montgomery County Police,Injury Crash,07/27/2018 01:04:00 PM,,,,PARKING LOT AT 1911 ROCKVILLE PIKE,,PEDESTRIAN,SINGLE VEHICLE,CLEAR,,DAYLIGHT,N/A,NONE DETECTED,NONE DETECTED,C5E07693-0C26-482F-81F2-ED7635DDEEEB,PEDESTRIAN,Walking/Cycling on Sidewalk,N/A,SIDEWALK,No,POSSIBLE INJURY,N/A,39.05841581,-77.12148607,"(39.05841581, -77.12148607)"
DD56660005,230060071,Rockville Police Departme,Property Damage Crash,10/12/2023 01:28:00 PM,Other Public Roadway,IVY LEAGUE LA,HUNGERFORD DR,,N/A,BICYCLIST,SINGLE VEHICLE,CLEAR,DRY,DAYLIGHT,STOP SIGN,NONE DETECTED,NONE DETECTED,310258F4-C988-40C8-AECF-2D25114122CA,BICYCLIST,Cross/Enter at Intersection,DART DASH,ON ROADWAY AT CROSSWALK,Yes,NO APPARENT INJURY,NONE,39.09504651,-77.15341682,"(39.09504651, -77.15341682)"
DD5646000J,200044035,Rockville Police Departme,Injury Crash,11/08/2020 08:50:00 AM,Municipality,BLACKWELL RD,FALLSGROVE DR,,ROCKVILLE,PEDESTRIAN,OTHER,CLEAR,DRY,DAYLIGHT,NO CONTROLS,NONE DETECTED,NONE DETECTED,886CD18E-A155-4A81-A6B7-A417E9F42ADC,PEDESTRIAN,Walking/Riding w/Traffic,IN ROADWAY IMPROPERLY,ON ROADWAY NOT AT CROSSWALK,Yes,SUSPECTED MINOR INJURY,NONE,39.09927333,-77.189928,"(39.09927333, -77.189928)"
MCP209400JH,220012302,Montgomery County Police,Injury Crash,03/22/2022 09:20:00 AM,County,FALLS RD,OAKLYN DR,,N/A,"OTHER, PEDESTRIAN",SAME DIR REAR END,CLEAR,DRY,DAYLIGHT,NO CONTROLS,NONE DETECTED,NONE DETECTED,665808A8-5C1B-4800-9AFF-67D80B211A6B,OTHER,Other Working,NO IMPROPER ACTIONS,ON ROADWAY NOT AT CROSSWALK,No,SUSPECTED SERIOUS INJURY,REFLECTIVE CLOTHING,39.010215,-77.219505,"(39.010215, -77.219505)"
MCP3059000K,170529469,Montgomery County Police,Injury Crash,09/07/2017 06:00:00 PM,,,,PARKING LOT OF 1131 UNIVERSITY BLVD W,,PEDESTRIAN,OTHER,CLEAR,,DAYLIGHT,N/A,UNKNOWN,UNKNOWN,A70C279A-46B0-47E1-82CA-11272035BC5B,PEDESTRIAN,Standing,INATTENTIVE,ON ROADWAY NOT AT CROSSWALK,Unknown,SUSPECTED MINOR INJURY,N/A,39.03781133,-77.02776432,"(39.03781133, -77.02776432)"
MCP20010024,230059194,Montgomery County Police,Fatal Crash,10/07/2023 08:58:00 PM,County,SNOUFFERS SCHOOL RD,MALLORY PL,,N/A,PEDESTRIAN,SINGLE VEHICLE,CLEAR,DRY,DARK NO LIGHTS,NO CONTROLS,NONE DETECTED,ALCOHOL PRESENT,7CC0B797-DD2F-4385-BAB7-8612136345B8,PEDESTRIAN,Cross/Enter not at Intersection,DART DASH,ON ROADWAY NOT AT CROSSWALK,Yes,FATAL INJURY,N/A,39.16552667,-77.16926167,"(39.16552667, -77.16926167)"
MCP22860015,16031224,Montgomery County Police,Injury Crash,06/20/2016 07:06:00 PM,,,,"16501 SHADY GROVE RD, ROCKVILLE, MD 20850, US POST OFFICE",,PEDESTRIAN,OTHER,N/A,,DAYLIGHT,OTHER,NONE DETECTED,NONE DETECTED,1A5F2681-DEF2-4023-B3E7-715590856EF0,PEDESTRIAN,Cross/Enter not at Intersection,NO IMPROPER ACTIONS,OTHER,No,POSSIBLE INJURY,N/A,39.12679833,-77.17284833,"(39.12679833, -77.17284833)"
MCP0113000J,15058620,MONTGOMERY,Injury Crash,11/17/2015 09:22:00 AM,County,CEDAR LA,ELMHIRST PKWY,,N/A,PEDESTRIAN,SINGLE VEHICLE,CLOUDY,DRY,DAYLIGHT,TRAFFIC SIGNAL,NONE DETECTED,NONE DETECTED,E3A56A20-5FDA-4828-89F7-8366BF9AC3CD,PEDESTRIAN,Cross/Enter at Intersection,DART DASH,AT INTERSECTION MARKED CROSSWALK,Yes,SUSPECTED MINOR INJURY,NONE,39.00792,-77.09456167,"(39.00792, -77.09456167)"
MCP27890024,16002818,Montgomery County Police,Injury Crash,01/15/2016 04:00:00 PM,County,MANCHESTER RD,E WAYNE AVE,,N/A,PEDESTRIAN,SINGLE VEHICLE,CLEAR,DRY,DAYLIGHT,NO CONTROLS,N/A,N/A,50389101-ED99-4016-AC5C-34A12326FC6E,PEDESTRIAN,Walking/Riding w/Traffic,IN ROADWAY IMPROPERLY,OUTSIDE RIGHT OF WAY,Yes,SUSPECTED MINOR INJURY,N/A,39.00258167,-77.01118333,"(39.00258167, -77.01118333)"
MCP21340019,170548445,Montgomery County Police,Fatal Crash,12/13/2017 11:22:00 PM,Maryland (State),ROCKVILLE PIKE,CHURCH ST,,ROCKVILLE,PEDESTRIAN,OTHER,CLEAR,N/A,DARK LIGHTS ON,TRAFFIC SIGNAL,NONE DETECTED,UNKNOWN,1CB56293-D757-4746-A136-0880D061E4EB,PEDESTRIAN,Cross/Enter at Intersection,FAILURE TO OBEY TRAFFIC SIGNS SIGNALS OR OFFICER,ON ROADWAY AT CROSSWALK,Unknown,FATAL INJURY,N/A,39.08351729,-77.14680813,"(39.08351729, -77.14680813)"
MCP3367001C,230056357,Montgomery County Police,Property Damage Crash,09/22/2023 06:15:00 PM,Maryland (State),CAPITOL VIEW AVE,POST OFFICE RD,,N/A,OTHER PEDALCYCLIST,OTHER,CLEAR,DRY,DAYLIGHT,NO CONTROLS,N/A,N/A,E901146D-F2B8-47EC-871B-554D86C279A0,OTHER PEDALCYCLIST,Other,INATTENTIVE,ON ROADWAY NOT AT CROSSWALK,Yes,NO APPARENT INJURY,MC/BIKE HELMET,39.01557321,-77.0556285,"(39.01557321, -77.0556285)"
MCP11210033,170538396,Montgomery County Police,Injury Crash,10/23/2017 07:04:00 PM,County,SNOUFFERS SCHOOL RD,WOODFIELD RD,,N/A,PEDESTRIAN,SINGLE VEHICLE,CLOUDY,DRY,DARK NO LIGHTS,NO CONTROLS,NONE DETECTED,UNKNOWN,EDAF6FDE-4F16-49CB-AB46-5D344A68E200,PEDESTRIAN,Cross/Enter not at Intersection,IN ROADWAY IMPROPERLY,ON ROADWAY NOT AT CROSSWALK,Yes,POSSIBLE INJURY,NONE,39.16079333,-77.16329,"(39.16079333, -77.16329)"
MCP26120048,210041716,Montgomery County Police,Injury Crash,10/17/2021 08:48:00 PM,County,RIPPLING BROOK DR,BEL PRE RD,,N/A,BICYCLIST,OTHER,CLEAR,DRY,DARK LIGHTS ON,STOP SIGN,NONE DETECTED,NONE DETECTED,A4FADE77-C494-4BD0-AE22-B7CB0F300F55,BICYCLIST,Cross/Enter at Intersection,UNKNOWN,ON ROADWAY AT CROSSWALK,Yes,POSSIBLE INJURY,NONE,39.090145,-77.05401167,"(39.090145, -77.05401167)"
MCP2617001W,16024882,Montgomery County Police,Property Damage Crash,05/19/2016 02:45:00 PM,County,HIGHLAND AVE,ALLEY,,N/A,PEDESTRIAN,SINGLE VEHICLE,CLEAR,DRY,DAYLIGHT,NO CONTROLS,NONE DETECTED,NONE DETECTED,332E4387-B2CE-4CD4-9713-0E029707E415,PEDESTRIAN,Other,NOT VISIBLE,OTHER,No,NO APPARENT INJURY,NONE,38.99093333,-77.09504167,"(38.99093333, -77.09504167)"
MCP3050000N,170502919,Montgomery County Police,Injury Crash,04/19/2017 08:41:00 AM,,,,DUNKIN DONUTS 13810 CONNECTICUT AVE SILVER SPRING 20906,,OTHER,SINGLE VEHICLE,CLEAR,,DAYLIGHT,N/A,NONE DETECTED,NONE DETECTED,17C4F97E-A440-4304-8218-21F7D6276ED3,OTHER,Other,N/A,INSIDE BUILDING,No,SUSPECTED MINOR INJURY,N/A,39.08526833,-77.07725333,"(39.08526833, -77.07725333)"
DD5574000B,15057604,ROCKVILLE,Injury Crash,11/11/2015 05:46:00 PM,Municipality,VEIRS MILL SERV RD,CLAGETT DR,,ROCKVILLE,PEDESTRIAN,SINGLE VEHICLE,CLEAR,DRY,DARK NO LIGHTS,NO CONTROLS,NONE DETECTED,NONE DETECTED,23D48318-35E7-4165-89F2-1A21B2857C07,PEDESTRIAN,Cross/Enter at Intersection,N/A,AT INTERSECTION BUT NO CROSSWALK,No,SUSPECTED SERIOUS INJURY,NONE,39.07829178,-77.12795019,"(39.07829178, -77.12795019)"
MCP3050002H,180035990,Montgomery County Police,Injury Crash,07/20/2018 04:30:00 PM,County,BEL PRE RD,CONNECTICUT AVE,,N/A,PEDESTRIAN,SINGLE VEHICLE,CLEAR,DRY,DAYLIGHT,OTHER,NONE DETECTED,NONE DETECTED,A432D11C-75EA-4357-A558-3B09FA6E4987,PEDESTRIAN,Cross/Enter at Intersection,NO IMPROPER ACTIONS,ON ROADWAY AT CROSSWALK,No,POSSIBLE INJURY,NONE,39.09174167,-77.06588167,"(39.09174167, -77.06588167)"
MCP3030004F,210038117,Montgomery County Police,Injury Crash,09/26/2021 05:32:00 PM,County,FALLS RD,BRICKYARD RD,,N/A,BICYCLIST,STRAIGHT MOVEMENT ANGLE,CLEAR,DRY,DAYLIGHT,STOP SIGN,N/A,N/A,9CBF7C6E-04CB-4898-81E8-6ED084E207D3,BICYCLIST,Walking/Riding w/Traffic,NO IMPROPER ACTIONS,OTHER,No,SUSPECTED SERIOUS INJURY,MC/BIKE HELMET,39.00242883,-77.2261555,"(39.00242883, -77.2261555)"
MCP29780010,16014332,MONTGOMERY,Injury Crash,03/23/2016 11:45:00 AM,Maryland (State),ROCKVILLE PIKE,FIRST ST,,N/A,BICYCLIST,STRAIGHT MOVEMENT ANGLE,CLEAR,DRY,DAYLIGHT,STOP SIGN,UNKNOWN,NONE DETECTED,3AD24FDE-36B0-4BE9-904F-0ECF731E7499,BICYCLIST,Walking/Cycling on Sidewalk,NO IMPROPER ACTIONS,DRIVEWAY ACCESS MARKED CROSSWALK,No,SUSPECTED MINOR INJURY,UNKNOWN,39.07634285,-77.138502,"(39.07634285, -77.138502)"
MCP24960013,200007811,Montgomery County Police,Injury Crash,02/10/2020 11:00:00 AM,,,,"PARKING LOT OF 1400 FORESST GLEN RD, SILVER SPRING, MD, 20910",,PEDESTRIAN,SINGLE VEHICLE,N/A,,DAYLIGHT,NO CONTROLS,UNKNOWN,NONE DETECTED,2630AE04-1E20-4DCD-AD88-5808991854FA,PEDESTRIAN,Other,UNKNOWN,OTHER,Unknown,POSSIBLE INJURY,NONE,39.01525056,-77.03437571,"(39.01525056, -77.03437571)"
MCP3209003Q,220051269,Montgomery County Police,Property Damage Crash,11/19/2022 07:54:00 PM,County,SLIGO AVE,MAYOR LA,,N/A,PEDESTRIAN,SINGLE VEHICLE,CLEAR,DRY,DARK LIGHTS ON,N/A,NONE DETECTED,NONE DETECTED,38333127-72ED-42E7-A0EF-AC9EACBEE568,PEDESTRIAN,Cross/Enter at Intersection,IN ROADWAY IMPROPERLY,AT INTERSECTION BUT NO CROSSWALK,Yes,NO APPARENT INJURY,NONE,38.99025067,-77.0258211,"(38.99025067, -77.0258211)"
MCP3300001F,220004093,Montgomery County Police,Injury Crash,01/31/2022 07:55:00 AM,County,MONTICELLO AVE,KEMP MILL RD,,N/A,PEDESTRIAN,OTHER,CLEAR,DRY,DAYLIGHT,PERSON,NONE DETECTED,NONE DETECTED,2881240F-F754-4790-BE6D-10CCC3E51B58,PEDESTRIAN,Other Working,DART DASH,ON ROADWAY NOT AT CROSSWALK,Yes,SUSPECTED MINOR INJURY,REFLECTIVE CLOTHING,39.047313,-77.0296645,"(39.047313, -77.0296645)"
MCP2622003N,220057271,Montgomery County Police,Injury Crash,12/26/2022 11:28:00 AM,County,CASTLE BLVD,TEAGARDEN CIR,,N/A,PEDESTRIAN,OTHER,CLEAR,DRY,DAYLIGHT,NO CONTROLS,NONE DETECTED,NONE DETECTED,8A7FB905-134C-4DF4-B1CD-8F75B09D55E7,PEDESTRIAN,Cross/Enter not at Intersection,IN ROADWAY IMPROPERLY,ON ROADWAY NOT AT CROSSWALK,Yes,POSSIBLE INJURY,NONE,39.08716744,-76.93998216,"(39.08716744, -76.93998216)"
MCP13010008,15014790,Montgomery County Police,Injury Crash,03/31/2015 03:55:00 PM,Maryland (State),GERMANTOWN RD,WISTERIA DR,,N/A,PEDESTRIAN,SINGLE VEHICLE,CLEAR,DRY,DAYLIGHT,TRAFFIC SIGNAL,NONE DETECTED,UNKNOWN,09C7949C-8800-4518-B85E-2FB63DB656C0,PEDESTRIAN,Unknown,DART DASH,ON ROADWAY NOT AT CROSSWALK,,SUSPECTED SERIOUS INJURY,N/A,39.17727,-77.269535,"(39.17727, -77.269535)"
DD56250014,180050617,Rockville Police Departme,Injury Crash,10/10/2018 06:40:00 AM,,,,PARKING LOT,,PEDESTRIAN,OTHER,CLEAR,,DAWN,N/A,N/A,NONE DETECTED,76387981-D25B-4637-85C8-310AA930DD8B,PEDESTRIAN,Standing,INATTENTIVE,OTHER,Unknown,POSSIBLE INJURY,NONE,39.09424,-77.13044833,"(39.09424, -77.13044833)"
DD5594000W,15011130,Rockville Police Departme,Injury Crash,03/10/2015 07:37:00 PM,Municipality,S WASHINGTON ST,MARYLAND AVE,,ROCKVILLE,PEDESTRIAN,SINGLE VEHICLE,RAINING,WET,DARK LIGHTS ON,TRAFFIC SIGNAL,NONE DETECTED,NONE DETECTED,A8638928-9EDE-4969-B7A1-9AD6339BB3BA,PEDESTRIAN,Cross/Enter at Intersection,NO IMPROPER ACTIONS,ON ROADWAY AT CROSSWALK,,POSSIBLE INJURY,N/A,39.11973,-77.18068667,"(39.11973, -77.18068667)"
MCP20460085,180015862,Montgomery County Police,Injury Crash,04/02/2018 06:12:00 AM,Maryland (State),EAST WEST HWY,BLAIR MILL RD,,N/A,PEDESTRIAN,STRAIGHT MOVEMENT ANGLE,RAINING,WET,DARK LIGHTS ON,N/A,NONE DETECTED,NONE DETECTED,9F2CE912-9E6B-4A55-AFFC-8A0DBED68AAA,PEDESTRIAN,Other,NO IMPROPER ACTIONS,SIDEWALK,No,SUSPECTED MINOR INJURY,NONE,38.99097,-77.02962833,"(38.99097, -77.02962833)"
DD5633004Z,210003552,Rockville Police Departme,Injury Crash,01/28/2021 01:30:00 PM,Municipality,TWINBROOK PKWY,ROSANNE LA,,ROCKVILLE,PEDESTRIAN,SINGLE VEHICLE,CLEAR,DRY,DAYLIGHT,N/A,NONE DETECTED,NONE DETECTED,BD86643D-37DA-4C6A-8552-DB5874AE405D,PEDESTRIAN,Cross/Enter not at Intersection,DART DASH,ON ROADWAY NOT AT CROSSWALK,Yes,POSSIBLE INJURY,N/A,39.07627399,-77.11149187,"(39.07627399, -77.11149187)"
MCP3245001K,210029316,Montgomery County Police,Injury Crash,07/28/2021 07:34:00 PM,Municipality,KENTLANDS BLVD,MAIN ST,,GAITHERSBURG,BICYCLIST,OTHER,CLEAR,DRY,DAYLIGHT,YIELD SIGN,NONE DETECTED,NONE DETECTED,186A8723-9B6B-4993-A673-AE7D86C0AAFE,BICYCLIST,Cross/Enter at Intersection,NO IMPROPER ACTIONS,ON ROADWAY AT CROSSWALK,No,SUSPECTED SERIOUS INJURY,MC/BIKE HELMET,39.12352126,-77.2385685,"(39.12352126, -77.2385685)"
MCP30640045,220004815,Montgomery County Police,Injury Crash,02/04/2022 06:40:00 AM,County,ARCOLA AVE,KENBROOK DR,,N/A,PEDESTRIAN,SINGLE VEHICLE,RAINING,WET,DARK NO LIGHTS,N/A,NONE DETECTED,NONE DETECTED,697DD1AE-47CA-4506-B8ED-84CBCE021915,PEDESTRIAN,Other,NOT VISIBLE,OTHER,Unknown,SUSPECTED MINOR INJURY,NONE,39.03899833,-77.02845167,"(39.03899833, -77.02845167)"
DD56680006,230026656,Rockville Police Departme,Property Damage Crash,06/03/2023 11:50:00 AM,Municipality,E MONTGOMERY AVE,MARYLAND AVE,,ROCKVILLE,PEDESTRIAN,SINGLE VEHICLE,CLEAR,DRY,DAYLIGHT,NO CONTROLS,N/A,N/A,2CFEEFAB-A83D-4764-B259-A3B8BD86402E,PEDESTRIAN,Walking/Riding w/Traffic,N/A,CURB,No,NO APPARENT INJURY,NONE,39.08410737,-77.15014302,"(39.08410737, -77.15014302)"
MCP2848005S,170549495,Montgomery County Police,Injury Crash,12/19/2017 12:39:00 PM,Municipality,FRIENDSHIP BLVD,S PARK AVE,,FRIENDSHIP HEIGHTS,PEDESTRIAN,OTHER,CLEAR,DRY,DAYLIGHT,STOP SIGN,NONE DETECTED,NONE DETECTED,5872F59C-D61E-476A-8862-B97A111979A8,PEDESTRIAN,Cross/Enter at Intersection,NO IMPROPER ACTIONS,AT INTERSECTION MARKED CROSSWALK,No,POSSIBLE INJURY,NONE,38.96318,-77.08932167,"(38.96318, -77.08932167)"
MCP1235004T,230026559,Montgomery County Police,Injury Crash,06/02/2023 06:47:00 PM,Maryland (State),UNIVERSITY BLVD W,CROSSOVER,,N/A,PEDESTRIAN,OTHER,CLEAR,DRY,DAYLIGHT,NO CONTROLS,NONE DETECTED,NONE DETECTED,924B4228-F25F-4A1E-8D07-2CB2B7259160,PEDESTRIAN,Cross/Enter at Intersection,IN ROADWAY IMPROPERLY,ON ROADWAY AT CROSSWALK,Yes,SUSPECTED SERIOUS INJURY,NONE,39.02295639,-77.01686302,"(39.02295639, -77.01686302)"
MCP31690059,220027392,Montgomery County Police,Injury Crash,06/25/2022 12:17:00 PM,County,FLOWER AVE,ARLISS ST,,N/A,PEDESTRIAN,SAME DIRECTION SIDESWIPE,CLEAR,DRY,DAYLIGHT,N/A,"ALCOHOL PRESENT, N/A",N/A,9932A74C-FDBC-4AC4-9E4D-0AB59FCEC50D,PEDESTRIAN,Cross/Enter at Intersection,NO IMPROPER ACTIONS,ON ROADWAY AT CROSSWALK,No,SUSPECTED MINOR INJURY,NONE,38.99832333,-77.00416167,"(38.99832333, -77.00416167)"
DD55020029,16020780,Rockville Police Departme,Injury Crash,04/27/2016 05:44:00 PM,Municipality,PICCARD DR,CURIE CT,,ROCKVILLE,PEDESTRIAN,OTHER,CLOUDY,DRY,DAYLIGHT,NO CONTROLS,NONE DETECTED,NONE DETECTED,9D99EAA8-F5CC-4BB1-9ED6-AF7D7ED95A7D,PEDESTRIAN,Cross/Enter at Intersection,INATTENTIVE,ON ROADWAY NOT AT CROSSWALK,Yes,POSSIBLE INJURY,NONE,39.10587333,-77.17983,"(39.10587333, -77.17983)"
MCP2889000R,15018140,Montgomery County Police,Injury Crash,04/18/2015 09:33:00 AM,Maryland (State),OLNEY LAYTONSVILLE RD,BOWIE MILL RD,,N/A,PEDESTRIAN,OTHER,N/A,DRY,DAYLIGHT,NO CONTROLS,NONE DETECTED,NONE DETECTED,2E8C683A-6E6E-4A2E-B785-60266845350E,PEDESTRIAN,Cross/Enter at Intersection,NO IMPROPER ACTIONS,ON ROADWAY AT CROSSWALK,,POSSIBLE INJURY,N/A,39.09912667,-77.04219833,"(39.09912667, -77.04219833)"
DD5595000V,15001558,Rockville Police Departme,Property Damage Crash,01/10/2015 01:03:00 PM,,,,THE REAR OF THE PARKING LOT AT 820 BALTIMORE RD,,OTHER,SINGLE VEHICLE,CLEAR,,DAYLIGHT,N/A,NONE DETECTED,N/A,04E6C31A-1A67-428A-BC16-A7FC8271E446,OTHER,N/A,N/A,OTHER,,NO APPARENT INJURY,N/A,39.08497103,-77.13515997,"(39.08497103, -77.13515997)"
MCP3091003M,220021345,Montgomery County Police,Injury Crash,05/19/2022 01:44:00 PM,County,CRABBS BRANCH WAY,REDLAND RD,,N/A,OTHER,STRAIGHT MOVEMENT ANGLE,CLEAR,DRY,DAYLIGHT,TRAFFIC SIGNAL,N/A,N/A,EDFA2194-354D-4FFF-9D3D-B13FFD4621B6,OTHER,Cross/Enter at Intersection,FAILURE TO YIELD RIGHT OF WAY,ON ROADWAY AT CROSSWALK,Yes,SUSPECTED MINOR INJURY,UNKNOWN,39.1232285,-77.15694217,"(39.1232285, -77.15694217)"
MCP2931005N,210045627,Montgomery County Police,Injury Crash,11/10/2021 06:00:00 PM,,,,PARKING LOT OF 11720 ROCKVILLE PIKE,,PEDESTRIAN,OTHER,CLEAR,,DARK -- UNKNOWN LIGHTING,STOP SIGN,NONE DETECTED,NONE DETECTED,BA69F8EC-90B3-44FE-B6B1-CBDD32CC47E5,PEDESTRIAN,Walking/Cycling on Sidewalk,NO IMPROPER ACTIONS,SIDEWALK,No,POSSIBLE INJURY,NONE,39.04888786,-77.11413205,"(39.04888786, -77.11413205)"
MCP9311002T,200009112,Montgomery County Police,Injury Crash,02/24/2020 09:02:00 AM,County,BRICKYARD RD,RIVER FALLS DR,,N/A,PEDESTRIAN,STRAIGHT MOVEMENT ANGLE,CLEAR,N/A,DAYLIGHT,STOP SIGN,NONE DETECTED,NONE DETECTED,22B0FF85-3C50-4B1B-932D-B36D14ABD4E9,PEDESTRIAN,Getting off/on Vehicle,NO IMPROPER ACTIONS,OTHER,Yes,SUSPECTED MINOR INJURY,NONE,38.99385667,-77.21483333,"(38.99385667, -77.21483333)"
MCP3075001W,180057739,Montgomery County Police,Injury Crash,11/17/2018 04:07:00 PM,County,SHAKESPEARE BLVD,OBSERVATION DR,,N/A,PEDESTRIAN,OTHER,CLEAR,DRY,DAYLIGHT,NO CONTROLS,NONE DETECTED,NONE DETECTED,2E71615D-B61E-4F19-AE02-E54A05D6234A,PEDESTRIAN,Cross/Enter at Intersection,NO IMPROPER ACTIONS,ON ROADWAY AT CROSSWALK,No,SUSPECTED MINOR INJURY,N/A,39.19745366,-77.25231727,"(39.19745366, -77.25231727)"
MCP32000034,210026823,Montgomery County Police,Injury Crash,07/12/2021 02:33:00 PM,,,,PARKING LOT OF 7-11 LOCATED AT 10524 CONNECTICUT AVE,,PEDESTRIAN,OTHER,CLEAR,,DAYLIGHT,NO CONTROLS,NONE DETECTED,NONE DETECTED,9F6A388F-045B-4281-9F87-FC4E06759DA7,PEDESTRIAN,Other,NO IMPROPER ACTIONS,OTHER,No,POSSIBLE INJURY,NONE,39.02784567,-77.07704383,"(39.02784567, -77.07704383)"
MCP3136000F,180046113,Montgomery County Police,Injury Crash,09/15/2018 11:56:00 AM,County,WAYNE AVE,FENTON ST,,N/A,PEDESTRIAN,OTHER,CLEAR,DRY,DAYLIGHT,NO CONTROLS,NONE DETECTED,NONE DETECTED,23C9F282-3345-41F1-9E73-70F12D6C3AB9,PEDESTRIAN,Getting off/on Vehicle,ENTERING EXITING PARKED STANDING VEHICLE,ON ROADWAY NOT AT CROSSWALK,Unknown,POSSIBLE INJURY,N/A,38.99611155,-77.02474958,"(38.99611155, -77.02474958)"
MCP2608001G,16028022,Montgomery County Police,Injury Crash,06/07/2016 02:21:00 PM,County,EASTWOOD AVE,MOUNTAIN QUAIL RD,,N/A,BICYCLIST,HEAD ON,CLEAR,DRY,DAYLIGHT,NO CONTROLS,N/A,NONE DETECTED,BA2ACCF5-539A-443B-BB0A-7D19F8B1CDA4,BICYCLIST,Playing,UNKNOWN,CURB,No,POSSIBLE INJURY,N/A,39.02641863,-77.01171398,"(39.02641863, -77.01171398)"
MCP27660043,180050320,Montgomery County Police,Injury Crash,10/08/2018 03:51:00 PM,Maryland (State),GEORGIA AVE,HATHAWAY DR,,N/A,PEDESTRIAN,OTHER,CLEAR,DRY,DAYLIGHT,TRAFFIC SIGNAL,NONE DETECTED,NONE DETECTED,012706DC-9C8E-438D-A50E-6FF2ACFCB8E7,PEDESTRIAN,Cross/Enter at Intersection,NO IMPROPER ACTIONS,ON ROADWAY AT CROSSWALK,No,POSSIBLE INJURY,NONE,39.06807833,-77.06098667,"(39.06807833, -77.06098667)"
MCP2531000N,17002799,Montgomery County Police,Injury Crash,01/16/2017 06:11:00 PM,,ELLINGTON BLVD,FIELDS RD,,N/A,PEDESTRIAN,OTHER,CLEAR,WET,DARK LIGHTS ON,N/A,N/A,N/A,D55CDD25-A202-448B-A8E0-D10DC5C2431D,PEDESTRIAN,Cross/Enter at Intersection,NO IMPROPER ACTIONS,AT INTERSECTION MARKED CROSSWALK,No,POSSIBLE INJURY,NONE,39.115315,-77.20485167,"(39.115315, -77.20485167)"
MCP3141001C,190047569,Montgomery County Police,Injury Crash,10/04/2019 08:11:00 AM,,,,"12289 TECH ROAD, SILVER SPRING, MONTGOMERY COUNTY MD.",,PEDESTRIAN,SINGLE VEHICLE,N/A,,DAYLIGHT,NO CONTROLS,UNKNOWN,NONE DETECTED,A5387573-2B50-4DAB-A4D2-5A871CACD313,PEDESTRIAN,Cross/Enter at Intersection,NO IMPROPER ACTIONS,ON ROADWAY AT CROSSWALK,No,POSSIBLE INJURY,NONE,39.05628324,-76.96821265,"(39.05628324, -76.96821265)"
MCP2686000X,15053534,MONTGOMERY,Injury Crash,10/21/2015 11:12:00 PM,Maryland (State),CLOPPER RD,CINNAMON DR,,N/A,OTHER,OTHER,CLEAR,DRY,DARK NO LIGHTS,OTHER,COMBINED SUBSTANCE PRESENT,N/A,99F9F36D-61E9-4D64-9926-D2132AC0F5B9,OTHER,Standing,OTHER,SHOULDER,No,SUSPECTED MINOR INJURY,OTHER,39.15608828,-77.26456046,"(39.15608828, -77.26456046)"
DD5598003F,190053600,Rockville Police Departme,Injury Crash,11/07/2019 07:40:00 AM,Municipality,MARYLAND AVE,S WASHINGTON ST,,ROCKVILLE,PEDESTRIAN,OTHER,CLOUDY,DRY,DAYLIGHT,OTHER,N/A,N/A,AE7B7B88-0DE2-410A-96F7-1C9E36935A78,PEDESTRIAN,Cross/Enter at Intersection,NO IMPROPER ACTIONS,ON ROADWAY AT CROSSWALK,No,POSSIBLE INJURY,N/A,39.08040683,-77.15259717,"(39.08040683, -77.15259717)"
MCP2848003N,16063214,Montgomery County Police,Injury Crash,12/09/2016 01:16:00 PM,County,NORFOLK AVE,DEL RAY AVE,,N/A,PEDESTRIAN,OTHER,CLEAR,DRY,DAYLIGHT,NO CONTROLS,NONE DETECTED,NONE DETECTED,3777A764-0A0B-427C-80F3-7E4C43A409C1,PEDESTRIAN,Cross/Enter not at Intersection,NO IMPROPER ACTIONS,ON ROADWAY AT CROSSWALK,No,POSSIBLE INJURY,NONE,38.98961833,-77.09863833,"(38.98961833, -77.09863833)"
DM84210024,190028528,Takoma Park Police Depart,Injury Crash,06/14/2019 10:15:00 PM,,,,"PARKING LOT OF THE 7/11, LOCATED AT 902 MERIMAC DRIVE",,PEDESTRIAN,SINGLE VEHICLE,CLEAR,,DARK LIGHTS ON,N/A,NONE DETECTED,NONE DETECTED,D9E74779-6954-4130-A07F-49509144A914,PEDESTRIAN,Standing,NO IMPROPER ACTIONS,SIDEWALK,No,POSSIBLE INJURY,N/A,38.99270683,-76.9921405,"(38.99270683, -76.9921405)"
MCP2929001Q,16041572,Montgomery County Police,Injury Crash,08/16/2016 10:30:00 AM,County,PRINCE PHILIP DR,OLNEY SANDY SPRING RD,,N/A,OTHER,OTHER,N/A,DRY,DAYLIGHT,NO CONTROLS,NONE DETECTED,NONE DETECTED,381161B4-3118-4BA5-A6F6-1C4D7613FD84,OTHER,Getting off/on Vehicle,N/A,SHOULDER,No,SUSPECTED MINOR INJURY,N/A,39.15071372,-77.05721498,"(39.15071372, -77.05721498)"