Report Number,Local Case Number,Agency Name,ACRS Report Type,Crash Date/Time,Route Type,Road Name,Cross-Street Name,Off-Road Description,Municipality,Related Non-Motorist,Collision Type,Weather,Surface Condition,Light,Traffic Control,Driver Substance Abuse,Non-Motorist Substance Abuse,Person ID,Pedestrian Type,Pedestrian Movement,Pedestrian Actions,Pedestrian Location,At Fault,Injury Severity,Safety Equipment,Latitude,Longitude,Location
MCP23950029,220053931,Montgomery County Police,Property Damage Crash,12/06/2022 06:40:00 PM,County,RIVER RD,SENECA RD (AHEAD),,N/A,OTHER,SINGLE VEHICLE,RAINING,WET,DARK LIGHTS ON,NO CONTROLS,NONE DETECTED,N/A,3B71B3C9-CA6B-4F5B-804B-B3B120558F40,OTHER,N/A,N/A,N/A,No,NO APPARENT INJURY,N/A,39.078879,-77.32789483,"(39.078879, -77.32789483)"
MCP3264000X,200043209,Montgomery County Police,Injury Crash,11/02/2020 11:21:00 AM,,,,PARKING LOT NEXT TO 9802 GEORGIA AVE,,PEDESTRIAN,N/A,CLEAR,,DAYLIGHT,NO CONTROLS,NONE DETECTED,NONE DETECTED,DFE909E3-73E1-4041-8F20-8209E4C43ACC,PEDESTRIAN,Other,NO IMPROPER ACTIONS,OTHER,Unknown,POSSIBLE INJURY,NONE,39.01636167,-77.04335667,"(39.01636167, -77.04335667)"
MCP1595002F,230065714,Montgomery County Police,Injury Crash,11/11/2023 12:17:00 AM,Maryland (State),UNIVERSITY BLVD W,REEDIE DR,,N/A,PEDESTRIAN,OTHER,CLEAR,DRY,DARK LIGHTS ON,NO CONTROLS,NONE DETECTED,ALCOHOL CONTRIBUTED,C139969F-4293-43C3-9851-47EE5D039B3C,PEDESTRIAN,Cross/Enter not at Intersection,INATTENTIVE,ON ROADWAY NOT AT CROSSWALK,Yes,SUSPECTED SERIOUS INJURY,NONE,39.03973071,-77.04286618,"(39.03973071, -77.04286618)"
MCP21600026,210032938,Montgomery County Police,Injury Crash,08/23/2021 08:08:00 PM,County,WATKINS MILL RD,CLUB HOUSE RD,,N/A,PEDESTRIAN,SINGLE VEHICLE,CLEAR,DRY,DARK NO LIGHTS,TRAFFIC SIGNAL,N/A,N/A,C4FB9AD7-B0ED-49BF-B215-8B4BFCC1B510,PEDESTRIAN,Cross/Enter at Intersection,NO IMPROPER ACTIONS,SIDEWALK,No,SUSPECTED SERIOUS INJURY,N/A,39.17413117,-77.207822,"(39.17413117, -77.207822)"
MCP12050032,170515959,Montgomery County Police,Injury Crash,06/27/2017 08:44:00 AM,,,,PRIVATE DRIVEWAY OF 5610 WISCONSIN AVE.,,PEDESTRIAN,OTHER,CLEAR,,DAYLIGHT,NO CONTROLS,NONE DETECTED,NONE DETECTED,644136D2-9240-4F12-9EDA-656C6CD94569,PEDESTRIAN,Standing,OTHER,OTHER,Yes,SUSPECTED MINOR INJURY,NONE,38.96529012,-77.09059238,"(38.96529012, -77.09059238)"
MCP2756000X,15046374,MONTGOMERY,Injury Crash,09/13/2015 07:19:00 PM,Maryland (State),UNIVERSITY BLVD W,INWOOD AVE,,N/A,PEDESTRIAN,SINGLE VEHICLE,CLEAR,DRY,DUSK,TRAFFIC SIGNAL,NONE DETECTED,NONE DETECTED,D1F0376B-A276-4DB4-AFEF-963601A0A861,PEDESTRIAN,Cross/Enter at Intersection,N/A,ON ROADWAY AT CROSSWALK,No,SUSPECTED SERIOUS INJURY,N/A,39.036108,-77.036404,"(39.036108, -77.036404)"
DD55830051,190011114,Rockville Police Departme,Injury Crash,03/10/2019 03:50:00 PM,County,TWINBROOK PKWY,PIER DR,,ROCKVILLE,PEDESTRIAN,SINGLE VEHICLE,CLEAR,DRY,DAYLIGHT,NO CONTROLS,NONE DETECTED,NONE DETECTED,B5DB103A-C7B9-477B-85DA-E996F1D46608,PEDESTRIAN,Cross/Enter at Intersection,NO IMPROPER ACTIONS,ON ROADWAY AT CROSSWALK,No,SUSPECTED SERIOUS INJURY,N/A,39.0690275,-77.11411817,"(39.0690275, -77.11411817)"
DD5633000T,180055238,Rockville Police Departme,Property Damage Crash,11/03/2018 09:27:00 PM,Municipality,WOOTTON PKWY,W EDMONSTON DR,,ROCKVILLE,BICYCLIST,SINGLE VEHICLE,CLEAR,DRY,DARK LIGHTS ON,TRAFFIC SIGNAL,NONE DETECTED,NONE DETECTED,D19F4527-2A3A-4DED-AB62-98FC68FF23AD,BICYCLIST,Cross/Enter at Intersection,NOT VISIBLE,AT INTERSECTION MARKED CROSSWALK,No,NO APPARENT INJURY,NONE,39.07287556,-77.1381867,"(39.07287556, -77.1381867)"
MCP32560012,210041574,Montgomery County Police,Injury Crash,10/16/2021 07:49:00 PM,,,,"BACK LOADING DOCK AREA OF 11221 NEW HAMPSHIRE AVENUE, SILVER SPRING, MARYLAND 20904.",,PEDESTRIAN,SINGLE VEHICLE,CLEAR,,DARK NO LIGHTS,NO CONTROLS,NONE DETECTED,NONE DETECTED,8AAE149C-0A21-4A9A-8DB3-DAF29123B793,PEDESTRIAN,Other,INATTENTIVE,OTHER,Yes,SUSPECTED SERIOUS INJURY,NONE,39.04042549,-76.98952744,"(39.04042549, -76.98952744)"
MCP26120016,15055028,MONTGOMERY,Injury Crash,10/29/2015 04:51:00 PM,,,,In the parking lot of 3654 Bel Pre Rd.,,PEDESTRIAN,SINGLE VEHICLE,CLEAR,,DAYLIGHT,N/A,NONE DETECTED,NONE DETECTED,E5C2F0FC-6CC2-4E09-9DED-1A3E4BB2EFD5,PEDESTRIAN,Approach/Leaving Schoolbus,IN ROADWAY IMPROPERLY,OTHER,Yes,SUSPECTED SERIOUS INJURY,NONE,39.092355,-77.07349667,"(39.092355, -77.07349667)"
MCP3021006G,230019681,Montgomery County Police,Injury Crash,04/23/2023 08:00:00 PM,County,SPRING ST,FIRST AVE,,N/A,PEDESTRIAN,SINGLE VEHICLE,N/A,DRY,DUSK,NO CONTROLS,N/A,N/A,C6F7D976-06AC-43AC-A195-51DDEA02CA2B,PEDESTRIAN,Cross/Enter not at Intersection,DART DASH,OUTSIDE RIGHT OF WAY,No,SUSPECTED MINOR INJURY,NONE,38.99861071,-77.03323805,"(38.99861071, -77.03323805)"
HA2413000C,16000302,Maryland-National Capital,Property Damage Crash,03/17/2016 07:26:00 AM,,,,PARKING LOT OF CEDAR CREEK LP AT CROSS WALK,,BICYCLIST,OTHER,CLEAR,,DAYLIGHT,NO CONTROLS,N/A,NONE DETECTED,08C62822-BA60-4126-BC4C-D7C036D7CC33,BICYCLIST,Cross/Enter at Intersection,NO IMPROPER ACTIONS,AT INTERSECTION MARKED CROSSWALK,No,NO APPARENT INJURY,N/A,39.15187644,-77.28348613,"(39.15187644, -77.28348613)"
MCP20080083,200035799,Montgomery County Police,Injury Crash,09/12/2020 05:15:00 PM,County,DEMOCRACY BLVD,SEVEN LOCKS RD,,N/A,BICYCLIST,HEAD ON LEFT TURN,CLOUDY,DRY,DAYLIGHT,TRAFFIC SIGNAL,NONE DETECTED,NONE DETECTED,39D2454B-638B-45D9-BE3D-3D2F11F90C5B,BICYCLIST,Cross/Enter at Intersection,FAILURE TO OBEY TRAFFIC SIGNS SIGNALS OR OFFICER,ON ROADWAY NOT AT CROSSWALK,Yes,SUSPECTED MINOR INJURY,MC/BIKE HELMET,39.02323,-77.16216,"(39.02323, -77.16216)"
EJ7875001H,200034838,Gaithersburg Police Depar,Injury Crash,09/05/2020 07:51:00 PM,County,MUDDY BRANCH RD,WEST SIDE DR,,GAITHERSBURG,BICYCLIST,OTHER,CLEAR,DRY,OTHER,TRAFFIC SIGNAL,N/A,N/A,2361FF6C-BF3D-4B9F-B6DD-AAD05B8CF1D4,BICYCLIST,Walking/Cycling on Sidewalk,NO IMPROPER ACTIONS,ON ROADWAY AT CROSSWALK,No,POSSIBLE INJURY,NONE,39.12924667,-77.20770327,"(39.12924667, -77.20770327)"
MCP1151006L,170515099,Montgomery County Police,Injury Crash,06/22/2017 07:41:00 AM,,,,"PARKING LOT OF CHIC FIL A RESTAURANT  19945 CENTURY BLVD GERMANTOWN, MD",,PEDESTRIAN,OTHER,CLEAR,,DAYLIGHT,N/A,NONE DETECTED,NONE DETECTED,BC497ADC-3FF3-498C-9254-602F97B58E77,PEDESTRIAN,Other,NO IMPROPER ACTIONS,OTHER,No,POSSIBLE INJURY,N/A,39.182173,-77.261231,"(39.182173, -77.261231)"
MCP29670009,15022674,Montgomery County Police,Injury Crash,05/12/2015 03:24:00 PM,Maryland (State),WISCONSIN AVE,DORSET AVE,,SOMERSET,PEDESTRIAN,OTHER,CLEAR,DRY,DAYLIGHT,OTHER,NONE DETECTED,NONE DETECTED,302EE51D-0D4F-474C-9089-3B98CA3B76BD,PEDESTRIAN,Walking/Riding against Traffic,NO IMPROPER ACTIONS,ON ROADWAY AT CROSSWALK,,POSSIBLE INJURY,N/A,38.96738392,-77.08868265,"(38.96738392, -77.08868265)"
MCP3082000J,170531762,Montgomery County Police,Injury Crash,09/20/2017 01:06:00 PM,,,,FRONT OF HOSPITAL ROAUNDABOUT,,PEDESTRIAN,SINGLE VEHICLE,CLEAR,,DAYLIGHT,NO CONTROLS,N/A,N/A,DBE1F78E-B2BC-418D-A7CB-AB5043AC358B,PEDESTRIAN,Standing,NO IMPROPER ACTIONS,OTHER,No,SUSPECTED MINOR INJURY,N/A,39.01526584,-77.03566074,"(39.01526584, -77.03566074)"
DD56420002,190047941,Rockville Police Departme,Injury Crash,10/06/2019 11:52:00 AM,,,,PARKING LOT OF 344 MARTINS LN.,,PEDESTRIAN,OTHER,CLEAR,,DAYLIGHT,NO CONTROLS,NONE DETECTED,N/A,506213E0-BF1D-4FF9-89CD-872860B4D3BE,PEDESTRIAN,N/A,NO IMPROPER ACTIONS,OTHER,No,SUSPECTED MINOR INJURY,N/A,39.09104914,-77.16127881,"(39.09104914, -77.16127881)"
MCP2191000P,15056121,MONTGOMERY,Injury Crash,11/04/2015 06:59:00 AM,County,TUCKERMAN LA,SUGARBUSH LA,,N/A,BICYCLIST,STRAIGHT MOVEMENT ANGLE,CLEAR,DRY,DAYLIGHT,TRAFFIC SIGNAL,NONE DETECTED,NONE DETECTED,2CCF370D-9D7D-4E7D-A401-2CA4475CE7DA,BICYCLIST,Cross/Enter at Intersection,NO IMPROPER ACTIONS,AT INTERSECTION MARKED CROSSWALK,No,POSSIBLE INJURY,MC/BIKE HELMET,39.03212667,-77.11793667,"(39.03212667, -77.11793667)"
MCP3125002B,200018199,Montgomery County Police,Injury Crash,05/04/2020 03:30:00 PM,,,,16101 FREDERICK RD - TRANSFER STATION RDS,,PEDESTRIAN,SINGLE VEHICLE,CLEAR,,DAYLIGHT,NO CONTROLS,NONE DETECTED,NONE DETECTED,E44742B3-DF76-454D-911A-F67EAE36266B,PEDESTRIAN,Getting off/on Vehicle,INATTENTIVE,ON ROADWAY NOT AT CROSSWALK,No,SUSPECTED MINOR INJURY,NONE,39.122035,-77.17094667,"(39.122035, -77.17094667)"
EJ7873003C,200049103,Gaithersburg Police Depar,Injury Crash,12/13/2020 10:26:00 AM,Municipality,RAWLINGS RD,HARMONY HALL RD,,GAITHERSBURG,PEDESTRIAN,OTHER,CLEAR,DRY,DAYLIGHT,NO CONTROLS,NONE DETECTED,NONE DETECTED,5267A784-F4D8-439E-878D-C73B0C513EAD,PEDESTRIAN,Getting off/on Vehicle,INATTENTIVE,ON ROADWAY NOT AT CROSSWALK,No,POSSIBLE INJURY,NONE,39.13614704,-77.20229452,"(39.13614704, -77.20229452)"
MCP0036003X,16018262,Montgomery County Police,Injury Crash,04/14/2016 01:44:00 PM,,,,ON OBSERVATION DR AT 20200 OBSERVATION DR ON THE CAMPUS OF MONTGOMERY COLLEGE,,BICYCLIST,STRAIGHT MOVEMENT ANGLE,CLEAR,,DAYLIGHT,YIELD SIGN,NONE DETECTED,NONE DETECTED,33CDB54A-1A1B-4B4C-9B91-C157573536C2,BICYCLIST,Cross/Enter at Intersection,NO IMPROPER ACTIONS,ON ROADWAY AT CROSSWALK,No,SUSPECTED SERIOUS INJURY,NONE,39.18691667,-77.24864667,"(39.18691667, -77.24864667)"
MCP2898001Z,17000640,Montgomery County Police,Injury Crash,01/04/2017 05:26:00 PM,Maryland (State),GERMANTOWN RD,BOWMAN MILL RD,,N/A,PEDESTRIAN,SAME DIRECTION LEFT TURN,CLEAR,DRY,DARK LIGHTS ON,NO CONTROLS,N/A,N/A,1C5325F2-A4A7-4240-990E-9D011078EC2D,PEDESTRIAN,Cross/Enter at Intersection,NO IMPROPER ACTIONS,AT INTERSECTION BUT NO CROSSWALK,Yes,POSSIBLE INJURY,NONE,39.17548167,-77.27230167,"(39.17548167, -77.27230167)"
MCP2048002Z,200026557,Montgomery County Police,Injury Crash,07/08/2020 07:15:00 PM,Maryland (State),PINEY BRANCH RD,BARRON ST,,N/A,PEDESTRIAN,OTHER,CLEAR,DRY,DAYLIGHT,TRAFFIC SIGNAL,NONE DETECTED,NONE DETECTED,E5793417-4498-4515-9F77-4241CC138637,PEDESTRIAN,Cross/Enter at Intersection,NO IMPROPER ACTIONS,AT INTERSECTION MARKED CROSSWALK,No,SUSPECTED MINOR INJURY,N/A,38.999145,-76.99770833,"(38.999145, -76.99770833)"
MCP2231006L,220019432,Montgomery County Police,Injury Crash,05/07/2022 02:08:00 PM,Municipality,QUINCE ORCHARD BLVD,QUINCE ORCHARD RD,,N/A,BICYCLIST,SINGLE VEHICLE,RAINING,WET,DAYLIGHT,TRAFFIC SIGNAL,NONE DETECTED,NONE DETECTED,7E05659A-DDCE-4382-B51B-399C9809081F,BICYCLIST,Cross/Enter at Intersection,FAILURE TO YIELD RIGHT OF WAY,ON ROADWAY AT CROSSWALK,Yes,SUSPECTED MINOR INJURY,MC/BIKE HELMET,39.13455833,-77.223985,"(39.13455833, -77.223985)"
MCP3003001Q,170543959,Montgomery County Police,Injury Crash,11/20/2017 06:45:00 PM,,,,PARKING LOT OF 19923 CENTURY BLVD,,PEDESTRIAN,OTHER,CLEAR,,DARK LIGHTS ON,N/A,NONE DETECTED,NONE DETECTED,85044F3E-F8E2-4E6D-8E31-2A6B1C548C9F,PEDESTRIAN,Other,UNKNOWN,OTHER,No,SUSPECTED MINOR INJURY,N/A,39.18218155,-77.262007,"(39.18218155, -77.262007)"
MCP3282000X,210041460,Montgomery County Police,Injury Crash,10/15/2021 10:47:00 PM,Maryland (State),GREAT SENECA HWY,WISTERIA DR,,N/A,PEDESTRIAN,OTHER,CLEAR,DRY,DARK LIGHTS ON,TRAFFIC SIGNAL,UNKNOWN,NONE DETECTED,DF2997B9-7251-433E-BE6E-A880E6BC306B,PEDESTRIAN,Walking/Riding against Traffic,FAILURE TO OBEY TRAFFIC SIGNS SIGNALS OR OFFICER,AT INTERSECTION BUT NO CROSSWALK,Yes,SUSPECTED MINOR INJURY,NONE,39.1710268,-77.26262616,"(39.1710268, -77.26262616)"
MCP3154001D,190049938,Montgomery County Police,Injury Crash,10/18/2019 07:37:00 AM,Maryland (State),GREAT SENECA HWY,DAIRYMAID DR,,N/A,PEDESTRIAN,SINGLE VEHICLE,N/A,DRY,DAYLIGHT,STOP SIGN,UNKNOWN,NONE DETECTED,D1B5EF6C-BAEB-49F6-BC9B-E790F724EE06,PEDESTRIAN,Cross/Enter at Intersection,IN ROADWAY IMPROPERLY,AT INTERSECTION BUT NO CROSSWALK,Yes,POSSIBLE INJURY,NONE,39.157263,-77.27576536,"(39.157263, -77.27576536)"
DD56100023,16055305,Rockville Police Departme,Injury Crash,10/27/2016 02:02:00 PM,Municipality,GRANDIN AVE,WOODLAND RD,,ROCKVILLE,OTHER,SINGLE VEHICLE,RAINING,WET,DAYLIGHT,NO CONTROLS,N/A,N/A,106F4321-F327-4D4D-B13C-46A78E48C2D3,OTHER,N/A,N/A,N/A,No,NO APPARENT INJURY,N/A,39.08715617,-77.14474717,"(39.08715617, -77.14474717)"
DD5637001X,200039940,Rockville Police Departme,Property Damage Crash,10/10/2020 04:00:00 PM,,,,PARKING LOT OF 1701 ROCKVILLE PIKE,,PEDESTRIAN,OTHER,CLOUDY,,DAYLIGHT,N/A,NONE DETECTED,NONE DETECTED,8A2B547F-1FE4-4144-9E86-14F5826E39A9,PEDESTRIAN,Standing,NO IMPROPER ACTIONS,OTHER,No,NO APPARENT INJURY,NONE,39.061456,-77.12415,"(39.061456, -77.12415)"
MCP3131000N,180054048,Montgomery County Police,Injury Crash,10/28/2018 07:16:00 PM,County,WESTLAKE DR,LAKEVIEW DR,,N/A,PEDESTRIAN,SINGLE VEHICLE,RAINING,WET,DARK LIGHTS ON,OTHER,NONE DETECTED,NONE DETECTED,9F310458-E964-4D68-A567-7182CC26AF92,PEDESTRIAN,Cross/Enter at Intersection,NO IMPROPER ACTIONS,ON ROADWAY AT CROSSWALK,No,SUSPECTED SERIOUS INJURY,NONE,39.026475,-77.14827333,"(39.026475, -77.14827333)"
MCP2864002B,17001674,Montgomery County Police,Injury Crash,01/10/2017 05:29:00 PM,County,CRABBS BRANCH WAY,STANDISH PL,,N/A,PEDESTRIAN,OTHER,CLEAR,DRY,DARK LIGHTS ON,N/A,NONE DETECTED,NONE DETECTED,AE3A45C2-BC75-41BE-9805-87BD2E3B4EE3,PEDESTRIAN,Walking/Riding w/Traffic,NOT VISIBLE,ON ROADWAY NOT AT CROSSWALK,Yes,SUSPECTED MINOR INJURY,NONE,39.10805833,-77.15251667,"(39.10805833, -77.15251667)"
MCP2339007L,220043893,Montgomery County Police,Injury Crash,10/07/2022 05:07:00 PM,County,PARKLAWN DR,TWINBROOK PKWY,,N/A,PEDESTRIAN,OTHER,CLEAR,DRY,DAYLIGHT,TRAFFIC SIGNAL,NONE DETECTED,NONE DETECTED,8F0D370D-24A6-4262-9E64-50C8AAC0B3E5,PEDESTRIAN,Cross/Enter at Intersection,FAILURE TO OBEY TRAFFIC SIGNS SIGNALS OR OFFICER,ON ROADWAY AT CROSSWALK,Yes,SUSPECTED MINOR INJURY,N/A,39.06147401,-77.1162619,"(39.06147401, -77.1162619)"
MCP913000FP,230018823,Montgomery County Police,Injury Crash,04/20/2023 07:47:00 AM,County,GILBERT ST,BARRON ST,,N/A,PEDESTRIAN,SINGLE VEHICLE,CLEAR,DRY,DAYLIGHT,NO CONTROLS,NONE DETECTED,NONE DETECTED,5C0376FE-6650-41A0-B7FD-DBCE8EE46D57,PEDESTRIAN,Cross/Enter not at Intersection,NO IMPROPER ACTIONS,ON ROADWAY NOT AT CROSSWALK,No,SUSPECTED MINOR INJURY,NONE,38.997769,-76.99675733,"(38.997769, -76.99675733)"
MCP23530051,180003044,Montgomery County Police,Injury Crash,01/19/2018 07:32:00 AM,County,WESTLAKE TERR,ROCKLEDGE DR,,N/A,BICYCLIST,STRAIGHT MOVEMENT ANGLE,CLOUDY,DRY,DAYLIGHT,PERSON,NONE DETECTED,NONE DETECTED,183130D5-88F6-4492-9466-7F1E0FFCDFC1,BICYCLIST,Cross/Enter at Intersection,FAILURE TO OBEY TRAFFIC SIGNS SIGNALS OR OFFICER,AT INTERSECTION MARKED CROSSWALK,Yes,SUSPECTED MINOR INJURY,MC/BIKE HELMET,39.02642071,-77.13919133,"(39.02642071, -77.13919133)"
MCP2274000R,16026160,Montgomery County Police,Injury Crash,05/26/2016 08:35:00 AM,Municipality,BANK ST,QUINCE ORCHARD RD,,N/A,BICYCLIST,HEAD ON LEFT TURN,CLEAR,DRY,DAYLIGHT,NO CONTROLS,NONE DETECTED,NONE DETECTED,AC598001-1D24-4EAF-8F5A-D6216B0D8047,BICYCLIST,Cross/Enter at Intersection,FAILURE TO YIELD RIGHT OF WAY,UNKNOWN,Yes,SUSPECTED SERIOUS INJURY,UNKNOWN,39.14035833,-77.22306833,"(39.14035833, -77.22306833)"
MCP10200043,190011413,Montgomery County Police,Injury Crash,03/12/2019 10:55:00 AM,,,,PARKING LOT OF HOME DEPOT AT 21010 FREDERIC RD,,PEDESTRIAN,OTHER,CLEAR,,DAYLIGHT,NO CONTROLS,NONE DETECTED,NONE DETECTED,45CD6444-B5CA-4172-8903-A4E870B9A2D9,PEDESTRIAN,Other,NO IMPROPER ACTIONS,OTHER,No,POSSIBLE INJURY,N/A,39.20134233,-77.2485545,"(39.20134233, -77.2485545)"
MCP2780005S,220024465,Montgomery County Police,Injury Crash,06/07/2022 05:10:00 PM,Maryland (State),FREDERICK RD,WHEATFIELD DR,,N/A,PEDESTRIAN,SAME DIR REAR END,RAINING,WET,DAYLIGHT,NO CONTROLS,N/A,N/A,51936AEE-1F19-4F9C-8746-7FCC80377864,PEDESTRIAN,Cross/Enter not at Intersection,IN ROADWAY IMPROPERLY,AT INTERSECTION BUT NO CROSSWALK,No,POSSIBLE INJURY,N/A,39.16776167,-77.23021833,"(39.16776167, -77.23021833)"
MCP1205003Y,180007498,Montgomery County Police,Injury Crash,02/13/2018 10:35:00 AM,County,BROOKVILLE RD,ENT ARMY MED CTR,,N/A,BICYCLIST,HEAD ON LEFT TURN,CLEAR,DRY,DAYLIGHT,TRAFFIC SIGNAL,NONE DETECTED,NONE DETECTED,4E751561-8EF4-4DBC-8D45-0987CBBB6212,BICYCLIST,Walking/Riding w/Traffic,NO IMPROPER ACTIONS,ON ROADWAY AT CROSSWALK,No,SUSPECTED MINOR INJURY,MC/BIKE HELMET,39.00247,-77.05305333,"(39.00247, -77.05305333)"
DM8499001T,230029580,Takoma Park Police Depart,Injury Crash,06/20/2023 01:18:00 PM,Maryland (State),NEW HAMPSHIRE AVE,HOLTON LA,,TAKOMA PARK,PEDESTRIAN,OTHER,CLEAR,DRY,DAYLIGHT,TRAFFIC SIGNAL,NONE DETECTED,NONE DETECTED,4FE77F69-7B28-4BF5-9A11-94B6AE767239,PEDESTRIAN,Cross/Enter at Intersection,NO IMPROPER ACTIONS,ON ROADWAY AT CROSSWALK,No,POSSIBLE INJURY,NONE,38.98590513,-76.98808884,"(38.98590513, -76.98808884)"
DD56430032,230053719,Rockville Police Departme,Injury Crash,09/07/2023 09:19:00 PM,Maryland (State),ROCKVILLE PIKE,WOOTTON PKWY,,ROCKVILLE,PEDESTRIAN,N/A,N/A,DRY,DARK LIGHTS ON,TRAFFIC SIGNAL,NONE DETECTED,NONE DETECTED,E0BC5C65-CC79-458C-82BC-D9F6E471C043,PEDESTRIAN,Cross/Enter at Intersection,NO IMPROPER ACTIONS,ON ROADWAY AT CROSSWALK,No,SUSPECTED MINOR INJURY,NONE,39.07708866,-77.13961517,"(39.07708866, -77.13961517)"
MCP12130056,200014841,Montgomery County Police,Injury Crash,04/02/2020 08:20:00 PM,Maryland (State),NEW HAMPSHIRE AVE,RANDOLPH RD,,N/A,PEDESTRIAN,STRAIGHT MOVEMENT ANGLE,CLEAR,DRY,DARK LIGHTS ON,TRAFFIC SIGNAL,NONE DETECTED,UNKNOWN,613DD17C-BCBD-41E8-9297-96D115FDE8E0,PEDESTRIAN,Cross/Enter at Intersection,FAILURE TO YIELD RIGHT OF WAY,ON ROADWAY AT CROSSWALK,Yes,POSSIBLE INJURY,NONE,39.07605333,-77.00231833,"(39.07605333, -77.00231833)"
DD5607003Y,220046275,Rockville Police Departme,Injury Crash,10/21/2022 03:15:00 PM,Maryland (State),ROCKVILLE PIKE,HALPINE RD,,ROCKVILLE,PEDESTRIAN,OTHER,CLEAR,N/A,DAYLIGHT,TRAFFIC SIGNAL,N/A,N/A,984A58CD-8658-44AE-BF36-D64622887086,PEDESTRIAN,Cross/Enter at Intersection,NO IMPROPER ACTIONS,AT INTERSECTION MARKED CROSSWALK,No,SUSPECTED MINOR INJURY,N/A,39.06174883,-77.12405417,"(39.06174883, -77.12405417)"
MCP31840009,190013073,Montgomery County Police,Injury Crash,03/21/2019 04:40:00 PM,,,,LEVEL ONE PARKING GARAGE AT 921 WAYNE AVE,,PEDESTRIAN,SINGLE VEHICLE,N/A,,DAYLIGHT,N/A,NONE DETECTED,NONE DETECTED,A2EFE772-24F6-49E7-B9F8-3D0EF595D7E0,PEDESTRIAN,Other,NO IMPROPER ACTIONS,OTHER,No,SUSPECTED MINOR INJURY,NONE,39.02058744,-76.97661733,"(39.02058744, -76.97661733)"
MCP26670021,16000550,Montgomery County Police,Injury Crash,01/04/2016 11:42:00 AM,County,SHADY GROVE RD,CHOKE CHERRY RD,,ROCKVILLE,PEDESTRIAN,SINGLE VEHICLE,CLEAR,DRY,DAYLIGHT,TRAFFIC SIGNAL,NONE DETECTED,NONE DETECTED,89998815-C61A-403C-BDCE-246D47C57CF9,PEDESTRIAN,Cross/Enter at Intersection,NO IMPROPER ACTIONS,ON ROADWAY AT CROSSWALK,No,SUSPECTED MINOR INJURY,NONE,39.1145953,-77.18575716,"(39.1145953, -77.18575716)"
MCP3303001S,230073589,Montgomery County Police,Injury Crash,12/25/2023 09:27:00 PM,County,GUNNERS BRANCH RD,FREDERICK RD,,N/A,PEDESTRIAN,SINGLE VEHICLE,CLEAR,DRY,DARK LIGHTS ON,NO CONTROLS,NONE DETECTED,NONE DETECTED,1085DCB9-65C9-42B1-BE80-BDA904EE51C3,PEDESTRIAN,Cross/Enter at Intersection,NO IMPROPER ACTIONS,AT INTERSECTION BUT NO CROSSWALK,No,POSSIBLE INJURY,NONE,39.17799305,-77.24060511,"(39.17799305, -77.24060511)"
MCP235800BX,230062660,Montgomery County Police,Injury Crash,10/26/2023 10:59:00 AM,County,SEVEN LOCKS RD,MACARTHUR BLVD,,N/A,PEDESTRIAN,OTHER,CLEAR,DRY,DAYLIGHT,STOP SIGN,NONE DETECTED,NONE DETECTED,9704BCBF-5EB8-415F-B318-AE696698D9FC,PEDESTRIAN,Cross/Enter at Intersection,UNKNOWN,ON ROADWAY AT CROSSWALK,Unknown,SUSPECTED SERIOUS INJURY,NONE,38.97446,-77.1616,"(38.97446, -77.1616)"
MCP3084005S,220016909,Montgomery County Police,Injury Crash,04/21/2022 06:51:00 AM,County,CHESHIRE DR,GROSVENOR LA,,N/A,BICYCLIST,OTHER,CLEAR,DRY,DAYLIGHT,STOP SIGN,NONE DETECTED,NONE DETECTED,6CE1F972-BA50-4C56-9C96-387B0FC2863B,BICYCLIST,Cross/Enter at Intersection,UNKNOWN,ON ROADWAY NOT AT CROSSWALK,Unknown,POSSIBLE INJURY,MC/BIKE HELMET,39.02338167,-77.12303,"(39.02338167, -77.12303)"
MCP2305001K,180062132,Montgomery County Police,Injury Crash,12/12/2018 10:23:00 PM,Maryland (State),GERMANTOWN RD,CRYSTAL ROCK DR,,N/A,PEDESTRIAN,STRAIGHT MOVEMENT ANGLE,N/A,DRY,DARK LIGHTS ON,TRAFFIC SIGNAL,N/A,NONE DETECTED,573B6997-8571-4C18-8E0B-539C89AA4516,PEDESTRIAN,Cross/Enter at Intersection,DART DASH,ON ROADWAY NOT AT CROSSWALK,Yes,SUSPECTED MINOR INJURY,NONE,39.18122333,-77.262205,"(39.18122333, -77.262205)"
MCP2559000S,16023994,Montgomery County Police,Injury Crash,05/14/2016 02:16:00 PM,Municipality,W DEER PARK RD,BUTTRY RD,,GAITHERSBURG,PEDESTRIAN,OTHER,CLOUDY,DRY,DAYLIGHT,NO CONTROLS,NONE DETECTED,NONE DETECTED,0B3CF2D7-F72C-4C2E-9A9E-F8C876448D2A,PEDESTRIAN,Walking/Riding w/Traffic,IN ROADWAY IMPROPERLY,CURB,No,POSSIBLE INJURY,NONE,39.13469365,-77.20471635,"(39.13469365, -77.20471635)"
MCP33370018,230012087,Montgomery County Police,Injury Crash,03/12/2023 11:42:00 AM,Maryland (State),UNIVERSITY BLVD W,FERN ST,,N/A,PEDESTRIAN,HEAD ON,CLEAR,DRY,DAYLIGHT,N/A,NONE DETECTED,N/A,976D5CD8-5CD7-4ED6-B0A8-4FFC73420C3C,PEDESTRIAN,Walking/Riding against Traffic,IN ROADWAY IMPROPERLY,ON ROADWAY NOT AT CROSSWALK,Yes,SUSPECTED MINOR INJURY,NONE,39.05821733,-77.04855467,"(39.05821733, -77.04855467)"
MCP23580058,180038830,Montgomery County Police,Injury Crash,08/05/2018 08:30:00 AM,County,MACARTHUR BLVD,WILSON LA,,N/A,BICYCLIST,STRAIGHT MOVEMENT ANGLE,CLEAR,DRY,DAYLIGHT,NO CONTROLS,NONE DETECTED,NONE DETECTED,1C61FEC9-B644-42B6-BF0D-1BD68A69FE14,BICYCLIST,Walking/Riding w/Traffic,NO IMPROPER ACTIONS,OTHER,No,SUSPECTED MINOR INJURY,MC/BIKE HELMET,38.97292667,-77.14644667,"(38.97292667, -77.14644667)"