Report Number,Local Case Number,Agency Name,ACRS Report Type,Crash Date/Time,Route Type,Road Name,Cross-Street Name,Off-Road Description,Municipality,Related Non-Motorist,Collision Type,Weather,Surface Condition,Light,Traffic Control,Driver Substance Abuse,Non-Motorist Substance Abuse,Person ID,Pedestrian Type,Pedestrian Movement,Pedestrian Actions,Pedestrian Location,At Fault,Injury Severity,Safety Equipment,Latitude,Longitude,Location
MCP22860025,180035634,Montgomery County Police,Injury Crash,07/18/2018 09:20:00 AM,Municipality,E JEFFERSON ST,ROLLINS AVE,,ROCKVILLE,PEDESTRIAN,STRAIGHT MOVEMENT ANGLE,CLEAR,DRY,DARK LIGHTS ON,NO CONTROLS,NONE DETECTED,NONE DETECTED,06435A6C-D0BD-4D7A-9A65-61195B335A1F,PEDESTRIAN,Cross/Enter not at Intersection,DART DASH,ON ROADWAY NOT AT CROSSWALK,Yes,SUSPECTED SERIOUS INJURY,NONE,39.05985667,-77.125865,"(39.05985667, -77.125865)"
MCP229800LT,180059934,Montgomery County Police,Injury Crash,11/30/2018 03:48:00 PM,,,,PARKING LOT OF 26004 BRIGADIER PLACE,,OTHER,SINGLE VEHICLE,CLEAR,,N/A,NO CONTROLS,NONE DETECTED,NONE DETECTED,DD154773-661B-4877-A002-E165358086F9,OTHER,N/A,NO IMPROPER ACTIONS,N/A,No,SUSPECTED MINOR INJURY,N/A,39.28291042,-77.20547411,"(39.28291042, -77.20547411)"
DD5567001L,230068704,Rockville Police Departme,Injury Crash,11/28/2023 12:46:00 PM,,,,DRIVEWAY OF 2 STONEPATH CT,,PEDESTRIAN,OTHER,CLEAR,,DAYLIGHT,N/A,,NONE DETECTED,897C451B-B8DA-4B11-8464-6B3F01021E89,PEDESTRIAN,Unknown,INATTENTIVE,OTHER,Yes,SUSPECTED SERIOUS INJURY,NONE,39.06961075,-77.17418125,"(39.06961075, -77.17418125)"
DD55950026,16005179,Rockville Police Departme,Injury Crash,02/01/2016 07:15:00 AM,Municipality,MONROE PL,MONROE ST,,ROCKVILLE,PEDESTRIAN,SINGLE VEHICLE,CLOUDY,WET,DAYLIGHT,STOP SIGN,UNKNOWN,NONE DETECTED,002E2887-17C8-4249-AF48-F857FB9A2C42,PEDESTRIAN,Cross/Enter at Intersection,NO IMPROPER ACTIONS,ON ROADWAY AT CROSSWALK,No,SUSPECTED MINOR INJURY,N/A,39.08350323,-77.14896128,"(39.08350323, -77.14896128)"
MCP3256001H,220037565,Montgomery County Police,Injury Crash,08/30/2022 04:04:00 PM,County,FALLING CREEK RD,OLD COLUMBIA PIKE,,N/A,BICYCLIST,SAME DIR REAR END,RAINING,WET,DAYLIGHT,NO CONTROLS,UNKNOWN,NONE DETECTED,FD415982-639E-4431-9CD1-02287F73CB3E,BICYCLIST,Walking/Riding w/Traffic,NO IMPROPER ACTIONS,AT INTERSECTION BUT NO CROSSWALK,No,SUSPECTED MINOR INJURY,NONE,39.045525,-76.99053333,"(39.045525, -76.99053333)"
MCP30260080,220037494,Montgomery County Police,Property Damage Crash,08/30/2022 09:21:00 AM,Maryland (State),EAST WEST HWY,16TH ST,,N/A,OTHER,SINGLE VEHICLE,CLEAR,DRY,DAYLIGHT,TRAFFIC SIGNAL,NONE DETECTED,NONE DETECTED,B735FD92-39E3-4C60-BD06-0077AF806DF8,OTHER,N/A,N/A,INSIDE BUILDING,No,NO APPARENT INJURY,N/A,38.99676112,-77.03980417,"(38.99676112, -77.03980417)"
HA24750004,20000530,Maryland-National Capital,Property Damage Crash,02/27/2020 07:45:00 AM,County,PINEHURST PKWY,BEACH DR,,N/A,BICYCLIST,OTHER,N/A,DRY,DAYLIGHT,OTHER,UNKNOWN,NONE DETECTED,018BFCB2-A55D-4B4F-ACBE-34B99D6CC18A,BICYCLIST,Cross/Enter at Intersection,UNKNOWN,AT INTERSECTION MARKED CROSSWALK,Unknown,NO APPARENT INJURY,UNKNOWN,38.98509008,-77.05971297,"(38.98509008, -77.05971297)"
MCP94060012,17000446,Montgomery County Police,Injury Crash,01/03/2017 06:29:00 PM,County,HEWITT AVE,RIPPLING BROOK DR,,N/A,PEDESTRIAN,SINGLE VEHICLE,CLOUDY,DRY,DARK LIGHTS ON,N/A,NONE DETECTED,NONE DETECTED,00D5276E-DFEC-4411-974B-6427643DA834,PEDESTRIAN,Standing,NO IMPROPER ACTIONS,UNKNOWN,No,SUSPECTED MINOR INJURY,N/A,39.08112667,-77.056505,"(39.08112667, -77.056505)"
HA23990016,18000178,Maryland-National Capital,Injury Crash,02/19/2018 01:34:00 PM,Government,LITTLE FALLS PKWY,ARLINGTON RD,,N/A,BICYCLIST,STRAIGHT MOVEMENT ANGLE,RAINING,WET,DAYLIGHT,WARNING SIGN,N/A,N/A,284C0FF4-C0A0-4DC3-8CE8-2BFC11F9A6A7,BICYCLIST,Cross/Enter not at Intersection,NO IMPROPER ACTIONS,ON ROADWAY AT CROSSWALK,Unknown,SUSPECTED MINOR INJURY,NONE,38.9733751,-77.10132524,"(38.9733751, -77.10132524)"
MCP2298006X,15058021,MONTGOMERY,Injury Crash,11/13/2015 07:13:00 PM,,,,DRIVE WAY TO 19815 GERMANTOWN ROAD EXXON,,PEDESTRIAN,OTHER,CLEAR,,DARK LIGHTS ON,NO CONTROLS,NONE DETECTED,NONE DETECTED,E7ABAB42-5A70-4151-B788-8F851BA8AF10,PEDESTRIAN,Walking/Cycling on Sidewalk,UNKNOWN,OTHER,Unknown,SUSPECTED MINOR INJURY,NONE,39.181165,-77.26164833,"(39.181165, -77.26164833)"
DD56100022,16053860,Rockville Police Departme,Injury Crash,10/19/2016 06:43:00 PM,Municipality,ASTER BLVD,NELSON ST,,ROCKVILLE,OTHER,SAME DIR REAR END,N/A,DRY,DARK LIGHTS ON,NO CONTROLS,N/A,N/A,8AF156C3-D7ED-4B60-8F19-86055C12599D,OTHER,Other,UNKNOWN,OTHER,No,NO APPARENT INJURY,N/A,39.09565533,-77.170941,"(39.09565533, -77.170941)"
MCP3137000H,180047741,Montgomery County Police,Property Damage Crash,09/24/2018 04:30:00 PM,Maryland (State),BURLINGTON AVE,SPUR FR FENTON ST,,N/A,BICYCLIST,STRAIGHT MOVEMENT ANGLE,RAINING,WET,DAYLIGHT,TRAFFIC SIGNAL,NONE DETECTED,NONE DETECTED,BB442834-C962-487A-98DE-22D5B908A71D,BICYCLIST,Walking/Riding w/Traffic,INATTENTIVE,AT INTERSECTION MARKED CROSSWALK,Yes,NO APPARENT INJURY,MC/BIKE HELMET,38.9879514,-77.0235577,"(38.9879514, -77.0235577)"
MCP2665001Y,17010766,Montgomery County Police,Injury Crash,02/28/2017 06:39:00 PM,County,GROSVENOR LA,BEGIN BRIDGE,,N/A,BICYCLIST,SAME DIR REAR END,RAINING,WET,DARK LIGHTS ON,NO CONTROLS,N/A,N/A,A273D197-92B5-4361-B8D8-D322647CB970,BICYCLIST,Walking/Riding w/Traffic,NOT VISIBLE,OTHER,No,SUSPECTED MINOR INJURY,MC/BIKE HELMET,39.02257,-77.10677167,"(39.02257, -77.10677167)"
MCP3296001L,230004760,Montgomery County Police,Injury Crash,01/29/2023 06:26:00 PM,County,LOCKWOOD DR,NEW HAMPSHIRE AVE,,N/A,BICYCLIST,SINGLE VEHICLE,CLEAR,WET,DARK LIGHTS ON,TRAFFIC SIGNAL,NONE DETECTED,NONE DETECTED,7518586B-1F02-4DBD-96D3-5A63F76F5091,BICYCLIST,Cross/Enter at Intersection,FAILURE TO OBEY TRAFFIC SIGNS SIGNALS OR OFFICER,AT INTERSECTION MARKED CROSSWALK,Yes,SUSPECTED MINOR INJURY,NONE,39.03965516,-76.99090693,"(39.03965516, -76.99090693)"
MCP2798004Z,220017138,Montgomery County Police,Injury Crash,04/22/2022 03:33:00 PM,County,WARING STATION RD,SUMMER OAK DR,,N/A,PEDESTRIAN,SINGLE VEHICLE,CLEAR,DRY,DAYLIGHT,NO CONTROLS,NONE DETECTED,NONE DETECTED,4F308121-92D9-401F-AF15-4DF2430E8683,PEDESTRIAN,Cross/Enter at Intersection,INATTENTIVE,ON ROADWAY AT CROSSWALK,No,SUSPECTED MINOR INJURY,NONE,39.16580695,-77.24741821,"(39.16580695, -77.24741821)"
EJ7891000L,210040756,Gaithersburg Police Depar,Injury Crash,10/12/2021 09:06:00 AM,Municipality,HIGHLAND RIDGE AVE,WINTER WALK DR,,GAITHERSBURG,PEDESTRIAN,SINGLE VEHICLE,CLEAR,DRY,DAYLIGHT,STOP SIGN,NONE DETECTED,NONE DETECTED,E210CD10-58B9-4CF2-B71E-621BB8A74848,PEDESTRIAN,Getting off/on Vehicle,UNKNOWN,AT INTERSECTION BUT NO CROSSWALK,No,SUSPECTED MINOR INJURY,NONE,39.126226,-77.22519288,"(39.126226, -77.22519288)"
MCP2353006T,190013243,Montgomery County Police,Injury Crash,03/22/2019 03:16:00 PM,,,,PARKING LOT OF WILDWOOD SHOPPING CENTER,,PEDESTRIAN,SINGLE VEHICLE,CLOUDY,,DAYLIGHT,NO CONTROLS,NONE DETECTED,NONE DETECTED,3470886E-39CD-4AF0-AE3F-542590420CAE,PEDESTRIAN,Other,NO IMPROPER ACTIONS,OTHER,No,SUSPECTED MINOR INJURY,NONE,39.02425167,-77.12442,"(39.02425167, -77.12442)"
MCP3037002V,190058443,Montgomery County Police,Property Damage Crash,12/04/2019 03:40:00 PM,,,,"PARKING LOT OF 19315 ARCHDALE RD, GERMANTOWN, MARYLAND 20876",,PEDESTRIAN,OTHER,CLEAR,,DAYLIGHT,NO CONTROLS,UNKNOWN,NONE DETECTED,A55DC169-0337-4D37-903E-20E81A29ECAF,PEDESTRIAN,Standing,NO IMPROPER ACTIONS,OTHER,No,NO APPARENT INJURY,N/A,39.17178415,-77.24261396,"(39.17178415, -77.24261396)"
MCP28130057,180038702,Montgomery County Police,Injury Crash,08/04/2018 05:50:00 PM,,,,PARKING LOT OF 4301 RANDOLPH RD,,PEDESTRIAN,OTHER,CLEAR,,DAYLIGHT,N/A,N/A,N/A,11A24798-D25B-49EC-B6F5-0FD018CADEB9,PEDESTRIAN,Other,N/A,OTHER,No,SUSPECTED MINOR INJURY,N/A,39.05566333,-77.08368333,"(39.05566333, -77.08368333)"
MCP3169005X,230050540,Montgomery County Police,Injury Crash,08/21/2023 02:47:00 PM,US (State),GEORGIA AVE,BURLINGTON AVE,,N/A,PEDESTRIAN,OTHER,CLEAR,DRY,DAYLIGHT,TRAFFIC SIGNAL,N/A,N/A,56172F7C-4AD7-4B47-9B9F-A6D58EDA76BD,PEDESTRIAN,Cross/Enter at Intersection,NO IMPROPER ACTIONS,AT INTERSECTION MARKED CROSSWALK,No,SUSPECTED MINOR INJURY,NONE,38.987078,-77.026701,"(38.987078, -77.026701)"
DD559500C4,220047526,Rockville Police Departme,Injury Crash,10/29/2022 12:42:00 PM,,,,EXIT TO THE BUSINESS LOCATED AT 1801 ROCKVILLE PIKE,,PEDESTRIAN,OTHER,N/A,,DAYLIGHT,NO CONTROLS,NONE DETECTED,NONE DETECTED,5DAD5893-2DDD-4EAC-B74B-267A7B592985,PEDESTRIAN,Other,NO IMPROPER ACTIONS,N/A,No,SUSPECTED MINOR INJURY,NONE,39.0599005,-77.12279267,"(39.0599005, -77.12279267)"
MCP25700013,220044322,Montgomery County Police,Injury Crash,10/10/2022 05:43:00 PM,,,,"ON THE 1ST FLOOR SOUTHERN PARKING GARAGE AT 11160 VEIRS MILL RD, WHEATON, MD 20902",,PEDESTRIAN,STRAIGHT MOVEMENT ANGLE,CLEAR,,DAYLIGHT,N/A,UNKNOWN,NONE DETECTED,0D95643F-486D-484B-BF49-20C226FE3380,PEDESTRIAN,Other,NO IMPROPER ACTIONS,OTHER,No,SUSPECTED MINOR INJURY,N/A,39.03534039,-77.05381612,"(39.03534039, -77.05381612)"
MCP287700B9,220051637,Montgomery County Police,Injury Crash,11/22/2022 11:30:00 AM,Municipality,TRENT ST,UPPINGHAM ST,,SOMERSET,OTHER,OTHER,CLEAR,DRY,DAYLIGHT,NO CONTROLS,NONE DETECTED,NONE DETECTED,4FBFD76B-78E3-414B-B508-421873FFC35A,OTHER,Other,OTHER,ON ROADWAY NOT AT CROSSWALK,Unknown,POSSIBLE INJURY,REFLECTIVE CLOTHING,38.9646977,-77.09668001,"(38.9646977, -77.09668001)"
MCP2902004W,21001185,Montgomery County Police,Injury Crash,03/30/2021 02:35:00 PM,County,GUNNERS BRANCH RD,FREDERICK RD,,N/A,PEDESTRIAN,OTHER,CLEAR,DRY,DAYLIGHT,TRAFFIC SIGNAL,N/A,N/A,CA7AC82A-2ECE-47A8-8FF8-1D04AA69CD72,PEDESTRIAN,Cross/Enter at Intersection,UNKNOWN,ON ROADWAY AT CROSSWALK,No,SUSPECTED MINOR INJURY,NONE,39.17904333,-77.237975,"(39.17904333, -77.237975)"
MCP3374000Y,230032202,Montgomery County Police,Injury Crash,07/06/2023 02:15:00 PM,,,,PARKING LOT EXIT BEHIND RESTARAUNTS ON THE HILLS PLAZA AND WILLARD AVE,,PEDESTRIAN,HEAD ON,CLEAR,,DAYLIGHT,NO CONTROLS,NONE DETECTED,NONE DETECTED,67A254D2-BFCB-4506-AC2B-EF8028B97473,PEDESTRIAN,Walking/Cycling on Sidewalk,NO IMPROPER ACTIONS,SIDEWALK,No,SUSPECTED MINOR INJURY,NONE,38.96197167,-77.08794167,"(38.96197167, -77.08794167)"
MCP13780059,15014654,Montgomery County Police,Injury Crash,03/30/2015 06:37:00 PM,County,TOWNE CREST CT,TOWNE CREST DR,,N/A,PEDESTRIAN,SINGLE VEHICLE,CLEAR,DRY,DAYLIGHT,N/A,NONE DETECTED,NONE DETECTED,5805A951-44B4-485D-AE0B-51548CDD7F9F,PEDESTRIAN,Playing,DART DASH,OTHER,,SUSPECTED MINOR INJURY,N/A,39.145455,-77.17360667,"(39.145455, -77.17360667)"
MCP2246000S,15063900,MONTGOMERY,Injury Crash,12/14/2015 05:10:00 PM,County,SPRING ST,SECOND AVE,,N/A,PEDESTRIAN,OTHER,RAINING,WET,DARK LIGHTS ON,TRAFFIC SIGNAL,NONE DETECTED,NONE DETECTED,F8AF28FE-D37C-467E-B4ED-C07429B68266,PEDESTRIAN,Cross/Enter at Intersection,NO IMPROPER ACTIONS,ON ROADWAY AT CROSSWALK,No,SUSPECTED MINOR INJURY,NONE,38.99112833,-77.027345,"(38.99112833, -77.027345)"
MCP26830063,220043111,Montgomery County Police,Injury Crash,10/03/2022 03:45:00 PM,County,LOST KNIFE RD,ODENDHAL AVE,,N/A,PEDESTRIAN,OTHER,RAINING,WET,DAYLIGHT,NO CONTROLS,NONE DETECTED,NONE DETECTED,E2C00137-F8BE-42F8-A761-54FE850BFF2B,PEDESTRIAN,Other,DART DASH,ON ROADWAY NOT AT CROSSWALK,Yes,SUSPECTED MINOR INJURY,NONE,39.15314,-77.19932667,"(39.15314, -77.19932667)"
MCP3112004F,200012211,Montgomery County Police,Injury Crash,03/12/2020 02:45:00 PM,County,PEARL ST,MIDDLETON LA,,N/A,PEDESTRIAN,OTHER,CLEAR,DRY,DAYLIGHT,N/A,NONE DETECTED,NONE DETECTED,7F1C1E8E-D8D0-4FE1-A8D8-A8A03D9C71FF,PEDESTRIAN,Cross/Enter at Intersection,DART DASH,ON ROADWAY NOT AT CROSSWALK,Yes,POSSIBLE INJURY,N/A,38.98663917,-77.09141083,"(38.98663917, -77.09141083)"
MCP2260002M,210042933,Montgomery County Police,Property Damage Crash,10/25/2021 01:00:00 PM,,,,PARKING LOT OF GIANT AT 3860 INTERNATIONAL DRIVE,,PEDESTRIAN,OTHER,N/A,,DAYLIGHT,N/A,N/A,N/A,EEC9ECFF-8B6E-45FE-B672-2D276169E20A,PEDESTRIAN,Other,NO IMPROPER ACTIONS,OTHER,No,NO APPARENT INJURY,N/A,39.10162167,-77.07585333,"(39.10162167, -77.07585333)"
MCP229800JP,180028857,Montgomery County Police,Injury Crash,06/11/2018 03:11:00 PM,County,STRINGTOWN RD,SUTLER SQUARE TERR,,N/A,PEDESTRIAN,SINGLE VEHICLE,CLOUDY,DRY,DAYLIGHT,N/A,,NONE DETECTED,C5838823-5AD5-42E3-AAB9-540769BE0EB6,PEDESTRIAN,Push/Work on Vehicle,N/A,N/A,Yes,POSSIBLE INJURY,N/A,39.23838,-77.27614167,"(39.23838, -77.27614167)"
MCP20080038,17005817,Montgomery County Police,Injury Crash,02/02/2017 04:38:00 PM,County,SEVEN LOCKS RD,CHARRED OAK DR,,N/A,PEDESTRIAN,OTHER,CLEAR,DRY,DAYLIGHT,NO CONTROLS,NONE DETECTED,NONE DETECTED,54A22FE4-1C96-4553-A34A-C9F03930CCE3,PEDESTRIAN,Cross/Enter at Intersection,DART DASH,AT INTERSECTION BUT NO CROSSWALK,Yes,SUSPECTED MINOR INJURY,NONE,39.00313167,-77.15984333,"(39.00313167, -77.15984333)"
MCP3005007F,230017128,Montgomery County Police,Injury Crash,04/12/2023 04:35:00 PM,,,,DRIVEWAY ENTRANCE OF 4001 ASPEN HILL ROAD,,MACHINE OPERATOR/RIDER,SINGLE VEHICLE,CLEAR,,DAYLIGHT,NO CONTROLS,UNKNOWN,NONE DETECTED,9402FC41-03E7-435D-8AB4-DD0684247B25,MACHINE OPERATOR/RIDER,Other,N/A,SIDEWALK,No,SUSPECTED MINOR INJURY,NONE,39.0806183,-77.08060149,"(39.0806183, -77.08060149)"
MCP29640029,170527191,Montgomery County Police,Injury Crash,08/27/2017 04:54:00 PM,County,CLOPPERS MILL DR,GREAT SENECA HWY,,N/A,BICYCLIST,STRAIGHT MOVEMENT ANGLE,CLEAR,DRY,DAYLIGHT,TRAFFIC SIGNAL,NONE DETECTED,NONE DETECTED,DD958298-B4D5-4040-9142-98BE23B89BFD,BICYCLIST,Cross/Enter at Intersection,NO IMPROPER ACTIONS,AT INTERSECTION MARKED CROSSWALK,No,SUSPECTED MINOR INJURY,MC/BIKE HELMET,39.14877563,-77.27638431,"(39.14877563, -77.27638431)"
MCP2682001Z,190057928,Montgomery County Police,Injury Crash,12/02/2019 07:31:00 AM,County,CLUB HOUSE RD,MONTGOMERY VILLAGE AVE,,N/A,PEDESTRIAN,OTHER,CLEAR,DRY,DAYLIGHT,OTHER,UNKNOWN,NONE DETECTED,16362AD6-427C-45DB-AEC7-A92C06D730F2,PEDESTRIAN,Cross/Enter at Intersection,NO IMPROPER ACTIONS,AT INTERSECTION MARKED CROSSWALK,No,POSSIBLE INJURY,NONE,39.17452285,-77.20372112,"(39.17452285, -77.20372112)"
DD56280039,200039334,Rockville Police Departme,Injury Crash,10/06/2020 01:12:00 PM,Municipality,BALTIMORE RD,S STONESTREET AVE,,ROCKVILLE,BICYCLIST,STRAIGHT MOVEMENT ANGLE,CLEAR,DRY,DAYLIGHT,STOP SIGN,NONE DETECTED,NONE DETECTED,38E94A31-9539-402C-B0F8-80CAAB78F645,BICYCLIST,Cross/Enter at Intersection,NO IMPROPER ACTIONS,AT INTERSECTION MARKED CROSSWALK,No,SUSPECTED MINOR INJURY,MC/BIKE HELMET,39.08293725,-77.14348365,"(39.08293725, -77.14348365)"
MCP1301000G,15053502,MONTGOMERY,Fatal Crash,10/21/2015 06:57:00 PM,Maryland (State),RIVER RD,SPRINGFIELD DR,,N/A,PEDESTRIAN,SINGLE VEHICLE,CLEAR,DRY,DARK LIGHTS ON,TRAFFIC SIGNAL,NONE DETECTED,UNKNOWN,3432E867-65D8-4DBE-94A0-E1A0C7E10EB8,PEDESTRIAN,Cross/Enter at Intersection,UNKNOWN,ON ROADWAY AT CROSSWALK,Unknown,FATAL INJURY,N/A,38.96981966,-77.11203933,"(38.96981966, -77.11203933)"
MCP29820018,16054687,Montgomery County Police,Injury Crash,10/24/2016 11:21:00 AM,County,FENTON ST,SLIGO AVE,,N/A,PEDESTRIAN,OTHER,CLOUDY,DRY,DAYLIGHT,TRAFFIC SIGNAL,NONE DETECTED,NONE DETECTED,FCB7C952-0095-45AB-805A-9C9AC9FD9B2B,PEDESTRIAN,Cross/Enter at Intersection,NO IMPROPER ACTIONS,ON ROADWAY AT CROSSWALK,No,SUSPECTED MINOR INJURY,N/A,38.9902334,-77.02399448,"(38.9902334, -77.02399448)"
DD5633000X,180057777,Rockville Police Departme,Injury Crash,11/17/2018 09:20:00 PM,Municipality,E MIDDLE LA,HUNGERFORD DR,,N/A,PEDESTRIAN,SINGLE VEHICLE,CLEAR,DRY,DARK NO LIGHTS,TRAFFIC SIGNAL,NONE DETECTED,NONE DETECTED,58A8B64B-6424-4B1B-83FC-2724B7B19CF3,PEDESTRIAN,Cross/Enter at Intersection,NO IMPROPER ACTIONS,ON ROADWAY AT CROSSWALK,No,POSSIBLE INJURY,NONE,39.0853325,-77.14850933,"(39.0853325, -77.14850933)"
MCP2727001D,170504059,Montgomery County Police,Injury Crash,04/25/2017 08:44:00 AM,Maryland (State),FREDERICK RD,LITTLE SENECA PKWY,,N/A,PEDESTRIAN,OTHER,N/A,DRY,DAYLIGHT,TRAFFIC SIGNAL,NONE DETECTED,NONE DETECTED,3780A9FD-FFF2-4108-8C4A-FEC2B24A59DE,PEDESTRIAN,Cross/Enter at Intersection,FAILURE TO OBEY TRAFFIC SIGNS SIGNALS OR OFFICER,AT INTERSECTION MARKED CROSSWALK,Yes,SUSPECTED MINOR INJURY,NONE,39.22321833,-77.26053333,"(39.22321833, -77.26053333)"
MCP2934003D,180039605,Montgomery County Police,Injury Crash,08/09/2018 05:48:00 PM,,,,PARKING LOT OF MACY'S LOCATED AT 7101 DEMOCRACY BLVD,,PEDESTRIAN,OTHER,N/A,,DAYLIGHT,NO CONTROLS,NONE DETECTED,N/A,FDD2C115-1EAC-40B4-A966-85FFB7AB110D,PEDESTRIAN,Other,INATTENTIVE,OTHER,Yes,POSSIBLE INJURY,N/A,39.0230263,-77.14618921,"(39.0230263, -77.14618921)"
EJ7837002R,180025925,Gaithersburg Police Depar,Injury Crash,05/26/2018 09:18:00 PM,,,,PARKING LOT OF 353 WEST SIDE DRIVE,,PEDESTRIAN,SINGLE VEHICLE,CLEAR,,DARK NO LIGHTS,NO CONTROLS,N/A,ALCOHOL PRESENT,60140A1D-6EB6-44D8-B27B-7110979C64BB,PEDESTRIAN,Walking/Riding w/Traffic,IN ROADWAY IMPROPERLY,ON ROADWAY NOT AT CROSSWALK,Yes,POSSIBLE INJURY,NONE,39.12655533,-77.20543385,"(39.12655533, -77.20543385)"
MCP32150024,210038392,Montgomery County Police,Property Damage Crash,09/24/2021 02:30:00 PM,Maryland (State),EAST WEST HWY (W/B COUPLET),BETHESDA-CHEVY CHASE HIGH SCHOOL,,N/A,OTHER PEDALCYCLIST,OTHER,UNKNOWN,UNKNOWN,DAYLIGHT,NO CONTROLS,UNKNOWN,N/A,51AD2C52-9645-4FB2-ABD3-8A551ECC0125,OTHER PEDALCYCLIST,Standing,NO IMPROPER ACTIONS,CURB,No,NO APPARENT INJURY,UNKNOWN,38.98532448,-77.08947,"(38.98532448, -77.08947)"
MCP2388000L,15061167,MONTGOMERY,Injury Crash,11/30/2015 05:10:00 PM,County,YELLOWSTONE WAY,REDLAND RD,,N/A,PEDESTRIAN,OTHER,RAINING,WET,DARK LIGHTS ON,STOP SIGN,NONE DETECTED,NONE DETECTED,567A7518-339B-480E-B0B6-BBBC3E085D7F,PEDESTRIAN,Cross/Enter at Intersection,NO IMPROPER ACTIONS,AT INTERSECTION BUT NO CROSSWALK,No,POSSIBLE INJURY,NONE,39.11927667,-77.16090667,"(39.11927667, -77.16090667)"
EJ7879003C,230048975,Gaithersburg Police Depar,Injury Crash,08/11/2023 06:00:00 PM,,,,1 N SUMMIT DRIVE,,PEDESTRIAN,SINGLE VEHICLE,CLEAR,,DAYLIGHT,NO CONTROLS,NONE DETECTED,NONE DETECTED,1BEB4A89-BB27-4E48-BDAC-C321435D71E3,PEDESTRIAN,Cross/Enter at Intersection,INATTENTIVE,ON ROADWAY NOT AT CROSSWALK,Unknown,POSSIBLE INJURY,NONE,39.14587303,-77.19194047,"(39.14587303, -77.19194047)"
MCP1148000V,15032830,MONTGOMERY,Injury Crash,07/05/2015 11:55:00 AM,County,WOODMONT AVE,BETHESDA AVE,,N/A,BICYCLIST,SINGLE VEHICLE,CLEAR,DRY,DAYLIGHT,NO CONTROLS,NONE DETECTED,NONE DETECTED,76D1977C-89D5-4A06-BFEE-306702360697,BICYCLIST,Walking/Riding w/Traffic,NO IMPROPER ACTIONS,IN BIKEWAY,No,SUSPECTED MINOR INJURY,MC/BIKE HELMET,38.98154,-77.09578667,"(38.98154, -77.09578667)"
MCP32420010,210010456,Montgomery County Police,Injury Crash,09/09/2021 07:58:00 AM,Maryland (State),EAST WEST HWY,COLESVILLE RD,,N/A,PEDESTRIAN,N/A,CLEAR,WET,DAYLIGHT,TRAFFIC SIGNAL,NONE DETECTED,NONE DETECTED,35B337A1-8927-42C6-9DFF-01A2ADA14C43,PEDESTRIAN,Cross/Enter at Intersection,DART DASH,AT INTERSECTION MARKED CROSSWALK,Unknown,POSSIBLE INJURY,NONE,38.9935064,-77.0330646,"(38.9935064, -77.0330646)"
MCP3051000G,170528034,Montgomery County Police,Injury Crash,08/31/2017 06:17:00 PM,County,FERNWOOD RD,ROCKLEDGE DR,,N/A,BICYCLIST,OTHER,CLEAR,DRY,DAYLIGHT,TRAFFIC SIGNAL,UNKNOWN,UNKNOWN,3AB014C4-9B15-4A74-A4A1-403C68163E72,BICYCLIST,Walking/Riding w/Traffic,UNKNOWN,SHOULDER,Unknown,POSSIBLE INJURY,MC/BIKE HELMET,39.02619359,-77.13882923,"(39.02619359, -77.13882923)"
MCP2563000X,190036571,Montgomery County Police,Fatal Crash,07/31/2019 04:52:00 PM,Maryland (State),OLD GEORGETOWN RD,BEECH AVE,,N/A,BICYCLIST,SINGLE VEHICLE,CLEAR,DRY,DAYLIGHT,N/A,NONE DETECTED,NONE DETECTED,14DD5A10-C924-4E0F-A9CD-4EDA70279A79,BICYCLIST,Walking/Riding w/Traffic,OTHER,SIDEWALK,Yes,FATAL INJURY,MC/BIKE HELMET,39.01068724,-77.11552446,"(39.01068724, -77.11552446)"
MCP3161002R,210013423,Montgomery County Police,Injury Crash,04/10/2021 05:45:00 PM,Maryland (State),PLYERS MILL RD,CONNECTICUT AVE,,N/A,PEDESTRIAN,SINGLE VEHICLE,CLEAR,DRY,DAYLIGHT,NO CONTROLS,NONE DETECTED,NONE DETECTED,A14729E8-A0CB-494E-9B1B-FB475D179A85,PEDESTRIAN,Cross/Enter not at Intersection,IN ROADWAY IMPROPERLY,ON ROADWAY NOT AT CROSSWALK,Yes,POSSIBLE INJURY,NONE,39.02972833,-77.0752,"(39.02972833, -77.0752)"
DM8388003W,220013424,Takoma Park Police Depart,Injury Crash,03/29/2022 04:24:00 PM,Maryland (State),UNIVERSITY BLVD E,PRINCE GEORGES CO/L,,N/A,PEDESTRIAN,OTHER,N/A,DRY,DAYLIGHT,TRAFFIC SIGNAL,NONE DETECTED,NONE DETECTED,EE9185AF-D5B5-406C-ACD6-48DC0C9B6C37,PEDESTRIAN,Cross/Enter at Intersection,NO IMPROPER ACTIONS,ON ROADWAY AT CROSSWALK,No,POSSIBLE INJURY,NONE,38.98797353,-76.9864275,"(38.98797353, -76.9864275)"
MCP2964001H,16021317,Montgomery County Police,Injury Crash,04/30/2016 04:08:00 PM,Maryland (State),FREDERICK RD,MIDDLEBROOK RD,,N/A,BICYCLIST,STRAIGHT MOVEMENT ANGLE,CLOUDY,DRY,DAYLIGHT,YIELD SIGN,NONE DETECTED,NONE DETECTED,C9C78F9A-B57D-4AA9-A18A-ADC1BD43341A,BICYCLIST,Cross/Enter at Intersection,INATTENTIVE,ON ROADWAY AT CROSSWALK,Yes,SUSPECTED MINOR INJURY,NONE,39.18076775,-77.23862886,"(39.18076775, -77.23862886)"
MCP24960033,210044781,Montgomery County Police,Injury Crash,11/05/2021 08:48:00 AM,County,PEACH LEAF DR,QUINCE MILL DR,,N/A,PEDESTRIAN,SINGLE VEHICLE,CLEAR,DRY,DAYLIGHT,NO CONTROLS,NONE DETECTED,NONE DETECTED,3208C231-7A7F-47ED-B7C4-B7E5316F7E40,PEDESTRIAN,Walking/Riding w/Traffic,NO IMPROPER ACTIONS,SIDEWALK,No,POSSIBLE INJURY,NONE,39.109153,-77.250823,"(39.109153, -77.250823)"