Report Number,Local Case Number,Agency Name,ACRS Report Type,Crash Date/Time,Route Type,Road Name,Cross-Street Name,Off-Road Description,Municipality,Related Non-Motorist,Collision Type,Weather,Surface Condition,Light,Traffic Control,Driver Substance Abuse,Non-Motorist Substance Abuse,Person ID,Pedestrian Type,Pedestrian Movement,Pedestrian Actions,Pedestrian Location,At Fault,Injury Severity,Safety Equipment,Latitude,Longitude,Location
MCP3052000D,170529640,Montgomery County Police,Injury Crash,09/09/2017 11:11:00 PM,County,CONTOUR RD,LOST KNIFE RD,,N/A,PEDESTRIAN,SINGLE VEHICLE,N/A,DRY,DARK NO LIGHTS,WARNING SIGN,NONE DETECTED,NONE DETECTED,CA1DCA77-1D4A-4D13-BA0E-DCAA232A1086,PEDESTRIAN,Cross/Enter at Intersection,INATTENTIVE,ON ROADWAY AT CROSSWALK,No,POSSIBLE INJURY,NONE,39.15557976,-77.20001914,"(39.15557976, -77.20001914)"
MCP3290001G,220023403,Montgomery County Police,Property Damage Crash,06/01/2022 10:20:00 AM,,,,"PARKING LOT OF DAYS INN LOCATED AT 8040 13TH ST SILVER SPRING, MD 20910",,OTHER,SINGLE VEHICLE,CLEAR,,DAYLIGHT,N/A,NONE DETECTED,N/A,DC557953-1CC1-4466-B603-FD17FCDE7FD6,OTHER,Other,UNKNOWN,INSIDE BUILDING,No,NO APPARENT INJURY,N/A,38.98745833,-77.028725,"(38.98745833, -77.028725)"
MCP2951001W,16055567,Montgomery County Police,Injury Crash,10/28/2016 05:04:00 PM,,,,PARKING LOT OF GIANT FOODS,,PEDESTRIAN,N/A,CLEAR,,DAYLIGHT,NO CONTROLS,NONE DETECTED,NONE DETECTED,D945F8C0-C5D4-4B3E-A765-FD71A80F03FE,PEDESTRIAN,Cross/Enter at Intersection,N/A,ON ROADWAY AT CROSSWALK,No,POSSIBLE INJURY,N/A,39.10181938,-77.07583889,"(39.10181938, -77.07583889)"
MCP271700BS,170505237,Montgomery County Police,Injury Crash,05/01/2017 01:05:00 PM,County,ALTA VISTA RD,OLD GEORGETOWN RD,,N/A,BICYCLIST,OTHER,CLEAR,DRY,DAYLIGHT,STOP SIGN,NONE DETECTED,NONE DETECTED,FF365E85-24CF-4BEE-AEC2-77F9AFE964DB,BICYCLIST,Cross/Enter at Intersection,FAILURE TO YIELD RIGHT OF WAY,ON ROADWAY AT CROSSWALK,Yes,SUSPECTED MINOR INJURY,MC/BIKE HELMET,39.00650933,-77.11167067,"(39.00650933, -77.11167067)"
MCP1389002J,190049063,Montgomery County Police,Injury Crash,10/12/2019 04:30:00 PM,County,LOST KNIFE RD,ODENDHAL AVE,,N/A,OTHER CONVEYANCE,STRAIGHT MOVEMENT ANGLE,CLEAR,DRY,DAYLIGHT,OTHER,NONE DETECTED,NONE DETECTED,14B5B731-26B4-4E57-800C-50E3D84E4131,OTHER CONVEYANCE,Other,NO IMPROPER ACTIONS,MIDBLOCK MARKED CROSSWALK,No,SUSPECTED SERIOUS INJURY,N/A,39.15281153,-77.1985404,"(39.15281153, -77.1985404)"
MCP24370013,15053081,MONTGOMERY,Property Damage Crash,10/19/2015 05:48:00 PM,County,BEL PRE RD,RIPPLING BROOK DR,,N/A,PEDESTRIAN,SINGLE VEHICLE,CLEAR,DRY,DAYLIGHT,STOP SIGN,NONE DETECTED,NONE DETECTED,626955FB-588D-4A38-AC32-B17A8B621C2F,PEDESTRIAN,Cross/Enter at Intersection,NO IMPROPER ACTIONS,ON ROADWAY AT CROSSWALK,No,NO APPARENT INJURY,NONE,39.0901,-77.05367833,"(39.0901, -77.05367833)"
MCP2772001M,210029640,Montgomery County Police,Injury Crash,07/30/2021 10:09:00 PM,,,,"DRIVEWAY OF 4 HARTMAN CT, POTOMAC MD 20854",,PEDESTRIAN,SINGLE VEHICLE,CLEAR,,DARK NO LIGHTS,NO CONTROLS,,NONE DETECTED,9D98FABC-E961-4893-AFDF-F1CFB3DACABA,PEDESTRIAN,Getting off/on Vehicle,NO IMPROPER ACTIONS,OTHER,Yes,SUSPECTED MINOR INJURY,N/A,39.01940783,-77.175077,"(39.01940783, -77.175077)"
MCP2950001L,180038639,Montgomery County Police,Injury Crash,08/04/2018 05:00:00 AM,County,STRINGTOWN RD,ST CLAIR RD,,N/A,BICYCLIST,SAME DIR REAR END,CLOUDY,WET,DARK LIGHTS ON,NO CONTROLS,UNKNOWN,NONE DETECTED,B9890DD4-4327-4034-8A78-CF39133F4F71,BICYCLIST,Walking/Riding w/Traffic,NO IMPROPER ACTIONS,SHOULDER,No,SUSPECTED SERIOUS INJURY,MC/BIKE HELMET,39.240335,-77.270135,"(39.240335, -77.270135)"
MCP2968000M,15029204,Montgomery County Police,Injury Crash,06/15/2015 07:48:00 PM,Municipality,COLLEGE PKWY,YALE PL,,ROCKVILLE,BICYCLIST,OTHER,CLEAR,DRY,DAYLIGHT,NO CONTROLS,N/A,N/A,697EF1FF-45B4-4515-A180-85F8D404C0E4,BICYCLIST,Cross/Enter at Intersection,IN ROADWAY IMPROPERLY,ON ROADWAY NOT AT CROSSWALK,,SUSPECTED MINOR INJURY,UNKNOWN,39.10149155,-77.16103792,"(39.10149155, -77.16103792)"
MCP2192003N,200039452,Montgomery County Police,Injury Crash,10/07/2020 09:21:00 AM,Maryland (State),NEW HAMPSHIRE AVE,MIDLAND RD,,N/A,PEDESTRIAN,OTHER,CLEAR,DRY,DAYLIGHT,TRAFFIC SIGNAL,NONE DETECTED,NONE DETECTED,1EF952B4-A2AE-4399-9596-D5318B1BA455,PEDESTRIAN,Other Working,NO IMPROPER ACTIONS,ON ROADWAY NOT AT CROSSWALK,No,SUSPECTED MINOR INJURY,REFLECTIVE CLOTHING,39.07765333,-77.001465,"(39.07765333, -77.001465)"
MCP2450002X,190049073,Montgomery County Police,Injury Crash,10/12/2019 05:49:00 PM,US (State),GEORGIA AVE,13TH ST,,N/A,PEDESTRIAN,OTHER,N/A,N/A,DAYLIGHT,OTHER,NONE DETECTED,NONE DETECTED,3C03F820-6078-41AA-9F35-5CA3B2B52AA3,PEDESTRIAN,Getting off/on Vehicle,NO IMPROPER ACTIONS,SIDEWALK,No,POSSIBLE INJURY,N/A,38.98692833,-77.02664,"(38.98692833, -77.02664)"
MCP1563006X,210035869,Montgomery County Police,Injury Crash,09/12/2021 11:40:00 AM,,,,PARKING LOT OF 8542 CONNECTICUT AVE.,,PEDESTRIAN,SINGLE VEHICLE,CLEAR,,DAYLIGHT,N/A,NONE DETECTED,NONE DETECTED,C0932DF5-9C3B-44BD-AE1A-57FC24D748C2,PEDESTRIAN,Standing,NO IMPROPER ACTIONS,OTHER,No,SUSPECTED MINOR INJURY,N/A,38.995515,-77.07769,"(38.995515, -77.07769)"
MCP3054000Y,170545428,Montgomery County Police,Injury Crash,11/28/2017 05:29:00 PM,County,REDLAND RD,SOMERVILLE DR,,N/A,PEDESTRIAN,SINGLE VEHICLE,CLEAR,DRY,DARK LIGHTS ON,TRAFFIC SIGNAL,NONE DETECTED,NONE DETECTED,0787032A-0216-4282-BE86-A0B5C7A6F7FE,PEDESTRIAN,Cross/Enter at Intersection,UNKNOWN,AT INTERSECTION MARKED CROSSWALK,Unknown,POSSIBLE INJURY,NONE,39.11684333,-77.16529667,"(39.11684333, -77.16529667)"
MCP263900B0,200042762,Montgomery County Police,Injury Crash,10/30/2020 06:53:00 AM,Maryland (State),GEORGIA AVE,HEATHFIELD RD,,N/A,PEDESTRIAN,STRAIGHT MOVEMENT ANGLE,RAINING,WET,DARK LIGHTS ON,TRAFFIC SIGNAL,NONE DETECTED,NONE DETECTED,EDCAE54E-EDED-4728-A622-6A20E44E3FC5,PEDESTRIAN,Cross/Enter at Intersection,DART DASH,ON ROADWAY AT CROSSWALK,Yes,POSSIBLE INJURY,NONE,39.08771167,-77.07952667,"(39.08771167, -77.07952667)"
MCP1212000S,16049295,Montgomery County Police,Injury Crash,09/25/2016 09:34:00 AM,Maryland (State),LAYTONSVILLE RD,DAMASCUS RD,,N/A,BICYCLIST,ANGLE MEETS LEFT TURN,N/A,DRY,DAYLIGHT,STOP SIGN,UNKNOWN,N/A,5BF820E6-A322-4176-9B80-A240649A780A,BICYCLIST,Walking/Riding w/Traffic,NO IMPROPER ACTIONS,SHOULDER,No,SUSPECTED MINOR INJURY,MC/BIKE HELMET,39.276787,-77.16084,"(39.276787, -77.16084)"
EJ7876004K,220017728,Gaithersburg Police Depar,Injury Crash,04/26/2022 03:30:00 PM,Municipality,E DIAMOND AVE,ALLEY #3,,GAITHERSBURG,PEDESTRIAN,OTHER,CLOUDY,WET,DAYLIGHT,NO CONTROLS,NONE DETECTED,NONE DETECTED,0E786EB2-2A5C-4E4E-BDCE-7574AD59B36F,PEDESTRIAN,Cross/Enter not at Intersection,DART DASH,ON ROADWAY NOT AT CROSSWALK,Yes,SUSPECTED MINOR INJURY,NONE,39.14206915,-77.19098168,"(39.14206915, -77.19098168)"
MCP29170040,190014236,Montgomery County Police,Injury Crash,03/27/2019 07:25:00 PM,,WHISPERING PINES DRIVE,WHISPERING PINES COURT,,N/A,PEDESTRIAN,OTHER,CLEAR,DRY,DUSK,NO CONTROLS,NONE DETECTED,NONE DETECTED,1DF9FFA7-DB1A-4DDA-A3BE-18870273992F,PEDESTRIAN,Playing,DART DASH,ON ROADWAY NOT AT CROSSWALK,Yes,POSSIBLE INJURY,NONE,39.08778667,-77.06369,"(39.08778667, -77.06369)"
DD5620003V,190016276,Rockville Police Departme,Injury Crash,04/08/2019 10:00:00 AM,Municipality,MARTHA CT,MARTHA TERR,,ROCKVILLE,PEDESTRIAN,OTHER,CLEAR,DRY,DAYLIGHT,NO CONTROLS,NONE DETECTED,NONE DETECTED,C0E47B4D-AF82-41A3-AD29-CF13A87BE7EA,PEDESTRIAN,Getting off/on Vehicle,INATTENTIVE,OTHER,No,POSSIBLE INJURY,NONE,39.058306,-77.13367133,"(39.058306, -77.13367133)"
MCP30370045,220040999,Montgomery County Police,Injury Crash,09/20/2022 06:35:00 PM,County,ANNAPOLIS ROCK RD,DAMASCUS RD,,N/A,BICYCLIST,SAME DIR REAR END,CLEAR,DRY,DAYLIGHT,NO CONTROLS,NONE DETECTED,NONE DETECTED,6FF02A40-9253-49EC-88EC-7B55B8748D2E,BICYCLIST,Walking/Riding w/Traffic,NO IMPROPER ACTIONS,ON ROADWAY NOT AT CROSSWALK,No,SUSPECTED SERIOUS INJURY,MC/BIKE HELMET,39.27764333,-77.14103,"(39.27764333, -77.14103)"
MCP32690018,210051319,Montgomery County Police,Injury Crash,12/17/2021 06:44:00 AM,County,LOCKWOOD DR,NEW HAMPSHIRE AVE,,N/A,PEDESTRIAN,N/A,N/A,DRY,DARK LIGHTS ON,NO CONTROLS,N/A,NONE DETECTED,3404C590-7366-4C36-8AC3-5A84B702E5C2,PEDESTRIAN,Cross/Enter at Intersection,NO IMPROPER ACTIONS,ON ROADWAY AT CROSSWALK,No,SUSPECTED MINOR INJURY,NONE,39.0410885,-76.987243,"(39.0410885, -76.987243)"
DD5645000B,200032499,Rockville Police Departme,Injury Crash,08/20/2020 10:06:00 AM,Municipality,E GUDE DR,TAFT ST,,ROCKVILLE,PEDESTRIAN,SINGLE VEHICLE,CLEAR,DRY,DAYLIGHT,OTHER,NONE DETECTED,NONE DETECTED,8AF7DBF0-301F-494A-A59A-DC778F61EF0C,PEDESTRIAN,Cross/Enter at Intersection,NO IMPROPER ACTIONS,AT INTERSECTION MARKED CROSSWALK,No,SUSPECTED MINOR INJURY,NONE,39.094218,-77.132624,"(39.094218, -77.132624)"
MCP10220085,170539119,Montgomery County Police,Injury Crash,10/27/2017 08:52:00 AM,Other Public Roadway,APPLEDOWRE WAY,FRUITWOOD WAY,,N/A,PEDESTRIAN,SINGLE VEHICLE,CLEAR,DRY,DAYLIGHT,NO CONTROLS,NONE DETECTED,NONE DETECTED,99275B1A-B9C2-41FB-A193-A7572BC5B2AB,PEDESTRIAN,Other,IN ROADWAY IMPROPERLY,ON ROADWAY NOT AT CROSSWALK,Yes,SUSPECTED MINOR INJURY,N/A,39.1851,-77.23542333,"(39.1851, -77.23542333)"
MCP2546002K,180050432,Montgomery County Police,Injury Crash,10/09/2018 06:56:00 AM,Maryland (State),GEORGIA AVE,WENDY LA,,N/A,PEDESTRIAN,ANGLE MEETS RIGHT TURN,CLEAR,DRY,DAWN,NO CONTROLS,NONE DETECTED,NONE DETECTED,EF09384E-517A-4BA0-9ACA-FC1CF80671BF,PEDESTRIAN,Standing,NO IMPROPER ACTIONS,SIDEWALK,No,POSSIBLE INJURY,N/A,39.078979,-77.07256,"(39.078979, -77.07256)"
MCP2671000V,15048904,MONTGOMERY,Injury Crash,09/26/2015 05:40:00 PM,,,,8619-A 16TH STREET 7-11 PARKING LOT,,PEDESTRIAN,SINGLE VEHICLE,CLEAR,,DAYLIGHT,NO CONTROLS,NONE DETECTED,NONE DETECTED,4C051813-6061-4ED2-88FB-D93EE371FAE7,PEDESTRIAN,Other,NO IMPROPER ACTIONS,OTHER,No,SUSPECTED MINOR INJURY,NONE,38.99818942,-77.03803718,"(38.99818942, -77.03803718)"
MCP2177002G,170535701,Montgomery County Police,Injury Crash,10/09/2017 06:33:00 AM,County,TWINBROOK PKWY,ARDENNES AVE,,N/A,PEDESTRIAN,SINGLE VEHICLE,RAINING,WET,DARK LIGHTS ON,TRAFFIC SIGNAL,UNKNOWN,N/A,2D9C2A5B-D7DA-4AF1-AECF-6AA389CE2118,PEDESTRIAN,Cross/Enter at Intersection,NO IMPROPER ACTIONS,AT INTERSECTION MARKED CROSSWALK,No,SUSPECTED MINOR INJURY,NONE,39.06370527,-77.11604856,"(39.06370527, -77.11604856)"
MCP2372000Z,180051937,Montgomery County Police,Injury Crash,10/17/2018 06:38:00 AM,County,SANGAMORE RD,BROOKES LA,,N/A,PEDESTRIAN,STRAIGHT MOVEMENT ANGLE,CLEAR,DRY,DARK LIGHTS ON,STOP SIGN,NONE DETECTED,NONE DETECTED,05DE2142-1360-4ABF-97A6-E9BEC15E6325,PEDESTRIAN,Cross/Enter at Intersection,IN ROADWAY IMPROPERLY,ON ROADWAY NOT AT CROSSWALK,Yes,SUSPECTED MINOR INJURY,NONE,38.94876833,-77.12023167,"(38.94876833, -77.12023167)"
MCP30140046,230057767,Montgomery County Police,Injury Crash,09/30/2023 07:44:00 PM,County,BONIFANT RD,LAYHILL RD,,N/A,PEDESTRIAN,SAME DIR REAR END,CLEAR,DRY,DARK LIGHTS ON,NO CONTROLS,ILLEGAL DRUG CONTRIBUTED,NONE DETECTED,A90E4C0E-F545-482C-B7F4-AAA3BC38E5D1,PEDESTRIAN,Walking/Cycling on Sidewalk,NO IMPROPER ACTIONS,SIDEWALK,No,SUSPECTED SERIOUS INJURY,NONE,39.09064071,-77.04416447,"(39.09064071, -77.04416447)"
MCP3053000P,170541330,Montgomery County Police,Injury Crash,11/06/2017 06:05:00 PM,Maryland (State),LAYHILL RD,GLENALLAN AVE,,N/A,PEDESTRIAN,OTHER,CLOUDY,WET,DARK LIGHTS ON,TRAFFIC SIGNAL,NONE DETECTED,N/A,30754038-FC46-4E7B-93E0-DDBBF938B5F2,PEDESTRIAN,Cross/Enter at Intersection,UNKNOWN,AT INTERSECTION MARKED CROSSWALK,No,SUSPECTED MINOR INJURY,NONE,39.06366,-77.04954833,"(39.06366, -77.04954833)"
DD56420029,210046901,Rockville Police Departme,Injury Crash,11/18/2021 07:13:00 PM,Municipality,MARYLAND AVE,E MIDDLE LA,,ROCKVILLE,PEDESTRIAN,STRAIGHT MOVEMENT ANGLE,RAINING,WET,DARK LIGHTS ON,TRAFFIC SIGNAL,NONE DETECTED,NONE DETECTED,99716B2C-8BF8-4BE5-9DEC-1DA41FA94DEA,PEDESTRIAN,Cross/Enter at Intersection,NOT VISIBLE,ON ROADWAY AT CROSSWALK,No,SUSPECTED MINOR INJURY,N/A,39.08494882,-77.15093401,"(39.08494882, -77.15093401)"
MCP0487000C,15015704,Montgomery County Police,Injury Crash,04/05/2015 01:00:00 PM,Maryland (State),MUNCASTER MILL RD,ENT TO ST. FRANCIS OF ASSISI CHURCH,,N/A,PEDESTRIAN,OTHER,CLEAR,DRY,DAYLIGHT,PERSON,N/A,NONE DETECTED,4A242512-AB4F-4736-9AAC-6F80BFF5D971,PEDESTRIAN,Standing,OTHER,AT INTERSECTION BUT NO CROSSWALK,,SUSPECTED MINOR INJURY,REFLECTIVE CLOTHING,39.14059577,-77.13608265,"(39.14059577, -77.13608265)"
MCP1227000N,170540319,Montgomery County Police,Fatal Crash,11/01/2017 07:49:00 PM,Maryland (State),NEW HAMPSHIRE AVE,LARCH AVE,,TAKOMA PARK,PEDESTRIAN,SINGLE VEHICLE,CLEAR,DRY,DARK LIGHTS ON,TRAFFIC SIGNAL,NONE DETECTED,NONE DETECTED,A3F0BD1E-E961-40C8-AE73-3B05DFE48711,PEDESTRIAN,Unknown,UNKNOWN,UNKNOWN,Unknown,FATAL INJURY,NONE,38.97771959,-76.99186429,"(38.97771959, -76.99186429)"
MCP22860049,220017425,Montgomery County Police,Injury Crash,04/22/2022 04:18:00 PM,Maryland (State),HUNGERFORD DR,FREDERICK AVE #2,,ROCKVILLE,BICYCLIST,STRAIGHT MOVEMENT ANGLE,CLEAR,DRY,DAYLIGHT,TRAFFIC SIGNAL,NONE DETECTED,NONE DETECTED,D098FA50-E4A0-4B41-8801-50E0B4720F29,BICYCLIST,Cross/Enter at Intersection,FAILURE TO YIELD RIGHT OF WAY,ON ROADWAY AT CROSSWALK,Yes,SUSPECTED SERIOUS INJURY,NONE,39.09421333,-77.15311833,"(39.09421333, -77.15311833)"
MCP3218002L,220003487,Montgomery County Police,Injury Crash,01/26/2022 08:00:00 PM,County,RANDOLPH RD,LINDELL ST,,N/A,PEDESTRIAN,OTHER,CLEAR,DRY,DARK LIGHTS ON,TRAFFIC SIGNAL,NONE DETECTED,NONE DETECTED,5E4AAFA5-3F2D-44F9-B91E-D276E6FEEE4E,PEDESTRIAN,Cross/Enter at Intersection,NO IMPROPER ACTIONS,AT INTERSECTION MARKED CROSSWALK,No,SUSPECTED MINOR INJURY,NONE,39.0592945,-77.06216783,"(39.0592945, -77.06216783)"
DD5529001M,16054221,Rockville Police Departme,Injury Crash,10/21/2016 12:58:00 PM,Maryland (State),HUNGERFORD DR,ENT TO FLAGSHIP SHOPPING CTR,,N/A,PEDESTRIAN,OTHER,CLEAR,DRY,DAYLIGHT,TRAFFIC SIGNAL,NONE DETECTED,NONE DETECTED,A7F45C75-F68F-400A-BB2D-CC9FE326C9FA,PEDESTRIAN,Cross/Enter at Intersection,DART DASH,AT INTERSECTION MARKED CROSSWALK,Yes,SUSPECTED MINOR INJURY,N/A,39.1067,-77.16002167,"(39.1067, -77.16002167)"
MCP3355000L,230024724,Montgomery County Police,Injury Crash,05/23/2023 01:24:00 PM,County,MEDICAL PARK DR,GEORGIA AVE,,N/A,PEDESTRIAN,OTHER,CLEAR,DRY,DAYLIGHT,STOP SIGN,NONE DETECTED,NONE DETECTED,2BC75A2D-E919-40BF-8BB8-1EFE3DF9F78D,PEDESTRIAN,N/A,NO IMPROPER ACTIONS,ON ROADWAY AT CROSSWALK,No,SUSPECTED MINOR INJURY,NONE,39.023475,-77.04529333,"(39.023475, -77.04529333)"
MCP2940000R,16038562,Montgomery County Police,Injury Crash,07/30/2016 12:49:00 PM,Maryland (State),CONNECTICUT AVE,PLYERS MILL RD,,N/A,BICYCLIST,OTHER,CLOUDY,DRY,DAYLIGHT,TRAFFIC SIGNAL,NONE DETECTED,NONE DETECTED,E90327B9-193B-44B5-9C0B-D6540A58EE4B,BICYCLIST,Cross/Enter at Intersection,NO IMPROPER ACTIONS,AT INTERSECTION MARKED CROSSWALK,No,SUSPECTED MINOR INJURY,NONE,39.029875,-77.07635833,"(39.029875, -77.07635833)"
MCP2693000N,15007533,Montgomery County Police,Injury Crash,02/15/2015 12:00:00 AM,County,PARKLAND DR,FALCON ST,,N/A,OTHER,SAME DIR REAR END,BLOWING SNOW,SNOW,DARK NO LIGHTS,NO CONTROLS,NONE DETECTED,NONE DETECTED,371BFE5E-714B-4B1D-9F60-BEFB01536CEF,OTHER,Getting off/on Vehicle,ENTERING EXITING PARKED STANDING VEHICLE,ON ROADWAY NOT AT CROSSWALK,,SUSPECTED MINOR INJURY,N/A,39.06751667,-77.08864833,"(39.06751667, -77.08864833)"
MCP2048001F,170528029,Montgomery County Police,Injury Crash,08/31/2017 06:00:00 PM,County,RANDOLPH RD,BREGMAN RD,,N/A,BICYCLIST,OTHER,CLEAR,DRY,DAYLIGHT,NO CONTROLS,NONE DETECTED,NONE DETECTED,7FFBD7BF-7C87-443A-A1FA-2192C573AFAD,BICYCLIST,Cross/Enter at Intersection,FAILURE TO YIELD RIGHT OF WAY,OUTSIDE RIGHT OF WAY,Yes,SUSPECTED MINOR INJURY,N/A,39.07501833,-77.00487667,"(39.07501833, -77.00487667)"
DD5623000Q,170550182,Rockville Police Departme,Injury Crash,12/22/2017 02:40:00 PM,Municipality,BURGUNDY DR,PINEWOOD RD,,ROCKVILLE,BICYCLIST,STRAIGHT MOVEMENT ANGLE,CLEAR,DRY,DAYLIGHT,STOP SIGN,NONE DETECTED,ALCOHOL PRESENT,9F83C7AB-991C-40F7-8A15-D25E8238A930,BICYCLIST,Walking/Riding w/Traffic,NO IMPROPER ACTIONS,ON ROADWAY NOT AT CROSSWALK,No,SUSPECTED MINOR INJURY,NONE,39.09032283,-77.14256267,"(39.09032283, -77.14256267)"
MCP3085003L,220037566,Montgomery County Police,Property Damage Crash,08/30/2022 02:30:00 PM,Maryland (State),EAST WEST HWY (W/B COUPLET),WAVERLY ST,,N/A,BICYCLIST,SAME DIR REAR END,N/A,DRY,DAYLIGHT,N/A,N/A,NONE DETECTED,9705B241-A45F-4105-B159-98F33587D9C4,BICYCLIST,Walking/Riding w/Traffic,NO IMPROPER ACTIONS,OTHER,No,NO APPARENT INJURY,MC/BIKE HELMET,39.03829833,-77.05635667,"(39.03829833, -77.05635667)"
MCP3139002P,210030134,Montgomery County Police,Injury Crash,08/03/2021 03:15:00 PM,,,,10113 NEW HAMPSHIRE AVE PARKING LOT,,PEDESTRIAN,SINGLE VEHICLE,CLEAR,,DAYLIGHT,STOP SIGN,N/A,N/A,82BB03D1-A371-4111-B560-1D28C6C36A16,PEDESTRIAN,Cross/Enter not at Intersection,NO IMPROPER ACTIONS,DRIVEWAY ACCESS MARKED CROSSWALK,No,POSSIBLE INJURY,NONE,39.02086126,-76.97547974,"(39.02086126, -76.97547974)"
MCP28460063,200027826,Montgomery County Police,Injury Crash,07/17/2020 08:15:00 PM,County,ELNORA ST,BLUERIDGE AVE,,N/A,PEDESTRIAN,SINGLE VEHICLE,CLEAR,DRY,DAYLIGHT,STOP SIGN,NONE DETECTED,NONE DETECTED,818D2142-3F2F-44A7-A253-5E52ED6B8D28,PEDESTRIAN,Cross/Enter not at Intersection,IN ROADWAY IMPROPERLY,ON ROADWAY NOT AT CROSSWALK,Yes,SUSPECTED MINOR INJURY,NONE,39.04508833,-77.057435,"(39.04508833, -77.057435)"
MCP1505000C,15006635,Montgomery County Police,Injury Crash,02/09/2015 08:32:00 PM,County,RIDGE RD,OBSERVATION DR,,N/A,PEDESTRIAN,SINGLE VEHICLE,WINTRY MIX,WET,DARK LIGHTS ON,TRAFFIC SIGNAL,N/A,N/A,6BA3E2D6-7FA3-4E24-8157-6E903DB4A9B6,PEDESTRIAN,Cross/Enter at Intersection,DART DASH,ON ROADWAY AT CROSSWALK,,SUSPECTED MINOR INJURY,NONE,39.201185,-77.253145,"(39.201185, -77.253145)"
DD5502002Y,17010773,Rockville Police Departme,Injury Crash,02/28/2017 07:00:00 PM,Municipality,MARTINS LA,N WASHINGTON ST,,ROCKVILLE,PEDESTRIAN,OTHER,RAINING,WET,DARK LIGHTS ON,TRAFFIC SIGNAL,NONE DETECTED,NONE DETECTED,59A22041-284C-44D8-B65A-6CB86CC12FCB,PEDESTRIAN,Cross/Enter at Intersection,NO IMPROPER ACTIONS,ON ROADWAY AT CROSSWALK,No,SUSPECTED MINOR INJURY,N/A,39.09098167,-77.15364333,"(39.09098167, -77.15364333)"
MCP2770001L,17003840,Montgomery County Police,Injury Crash,01/22/2017 06:56:00 PM,,,,PARKING LOT OF 16004 SHADY GROVE ROAD,,PEDESTRIAN,OTHER,CLOUDY,,DARK LIGHTS ON,NO CONTROLS,NONE DETECTED,NONE DETECTED,72109333-16BB-4A09-9D1C-F5A955AE6DDB,PEDESTRIAN,Other,DART DASH,OTHER,Yes,POSSIBLE INJURY,NONE,39.12015,-77.18208,"(39.12015, -77.18208)"
MCP3331000B,220037205,Montgomery County Police,Injury Crash,08/28/2022 01:21:00 PM,Maryland (State),UNIVERSITY BLVD W,AMHERST AVE,,N/A,PEDESTRIAN,SINGLE VEHICLE,CLEAR,DRY,DAYLIGHT,TRAFFIC SIGNAL,NONE DETECTED,NONE DETECTED,A229D874-AE48-4651-A79C-F548FC2BB172,PEDESTRIAN,Walking/Riding against Traffic,NO IMPROPER ACTIONS,SIDEWALK,No,POSSIBLE INJURY,NONE,39.041291,-77.048823,"(39.041291, -77.048823)"
MCP23480067,220018003,Montgomery County Police,Fatal Crash,04/28/2022 10:01:00 AM,County,TUCKERMAN LA,KINGS RIDING WAY,,N/A,PEDESTRIAN,SINGLE VEHICLE,CLEAR,DRY,DAYLIGHT,TRAFFIC SIGNAL,NONE DETECTED,UNKNOWN,D935AA95-550D-4A0D-BAC6-FD4DEA333B80,PEDESTRIAN,Cross/Enter not at Intersection,FAILURE TO OBEY TRAFFIC SIGNS SIGNALS OR OFFICER,ON ROADWAY AT CROSSWALK,Yes,FATAL INJURY,NONE,39.03005928,-77.11307377,"(39.03005928, -77.11307377)"
MCP2466004K,230062792,Montgomery County Police,Injury Crash,10/26/2023 09:14:00 PM,County,FREAS DR,QUELWAY RD,,N/A,PEDESTRIAN,OTHER,CLEAR,DRY,DARK NO LIGHTS,N/A,UNKNOWN,NONE DETECTED,289952D9-6518-4226-BA73-107EC8D83F48,PEDESTRIAN,N/A,NO IMPROPER ACTIONS,CURB,No,POSSIBLE INJURY,N/A,39.09659722,-77.23313566,"(39.09659722, -77.23313566)"
MCP2797001B,16058215,Montgomery County Police,Injury Crash,11/11/2016 04:02:00 PM,Maryland (State),UNIVERSITY BLVD W,GRANDVIEW AVE,,N/A,PEDESTRIAN,OTHER,CLEAR,DRY,DAYLIGHT,TRAFFIC SIGNAL,NONE DETECTED,N/A,A79C5274-23FB-4D04-8F3C-8743199B5100,PEDESTRIAN,Cross/Enter at Intersection,NO IMPROPER ACTIONS,AT INTERSECTION MARKED CROSSWALK,No,POSSIBLE INJURY,N/A,39.04110833,-77.053285,"(39.04110833, -77.053285)"
MCP9419000X,16063681,Montgomery County Police,Injury Crash,12/12/2016 06:25:00 AM,County,REDLAND RD,SOMERVILLE DR,,N/A,PEDESTRIAN,N/A,RAINING,WET,DARK LIGHTS ON,TRAFFIC SIGNAL,NONE DETECTED,NONE DETECTED,F3CCC322-0872-4E56-81E4-55D1B68E4B11,PEDESTRIAN,Cross/Enter at Intersection,UNKNOWN,AT INTERSECTION MARKED CROSSWALK,Unknown,SUSPECTED MINOR INJURY,N/A,39.11713418,-77.164675,"(39.11713418, -77.164675)"
DD55750011,17000889,Rockville Police Departme,Injury Crash,01/05/2017 10:03:00 PM,Municipality,CLAGETT DR,WADE AVE,,ROCKVILLE,PEDESTRIAN,OTHER,CLOUDY,DRY,DARK LIGHTS ON,NO CONTROLS,UNKNOWN,NONE DETECTED,A9602910-919E-40C8-B4CB-12A6DCBCB06B,PEDESTRIAN,Walking/Cycling on Sidewalk,N/A,SIDEWALK,No,SUSPECTED MINOR INJURY,REFLECTIVE CLOTHING,39.07458,-77.13156333,"(39.07458, -77.13156333)"
MCP2286003W,210052044,Montgomery County Police,Injury Crash,12/21/2021 03:25:00 PM,,,,IN FRONT OF 7955 TUCKERMAN LN,,PEDESTRIAN,OTHER,CLEAR,,DAYLIGHT,NO CONTROLS,NONE DETECTED,NONE DETECTED,BD10D456-4C30-46D1-949E-005057C25BC1,PEDESTRIAN,Other,N/A,ON ROADWAY NOT AT CROSSWALK,No,SUSPECTED MINOR INJURY,NONE,39.04101333,-77.15797,"(39.04101333, -77.15797)"
MCP94190034,220003387,Montgomery County Police,Injury Crash,01/26/2022 09:19:00 AM,County,SHADY GROVE RD,ZETTS AVE,,N/A,PEDESTRIAN,SAME DIRECTION SIDESWIPE,CLEAR,DRY,DAYLIGHT,NO CONTROLS,NONE DETECTED,NONE DETECTED,192B4BBE-7BC5-4C8C-AF70-FF9C86556AF8,PEDESTRIAN,Other,IN ROADWAY IMPROPERLY,OTHER,Unknown,POSSIBLE INJURY,N/A,39.12144144,-77.1787081,"(39.12144144, -77.1787081)"