Report Number,Local Case Number,Agency Name,ACRS Report Type,Crash Date/Time,Route Type,Road Name,Cross-Street Name,Off-Road Description,Municipality,Related Non-Motorist,Collision Type,Weather,Surface Condition,Light,Traffic Control,Driver Substance Abuse,Non-Motorist Substance Abuse,Person ID,Pedestrian Type,Pedestrian Movement,Pedestrian Actions,Pedestrian Location,At Fault,Injury Severity,Safety Equipment,Latitude,Longitude,Location
MCP9321000H,15051667,MONTGOMERY,Injury Crash,10/12/2015 06:59:00 AM,Maryland (State),GEORGIA AVE,SHOREFIELD RD,,N/A,PEDESTRIAN,OTHER,CLEAR,DRY,DAWN,TRAFFIC SIGNAL,NONE DETECTED,NONE DETECTED,CBE97C4F-C591-4BBD-86EF-18B53065B0AB,PEDESTRIAN,Cross/Enter at Intersection,INATTENTIVE,ON ROADWAY AT CROSSWALK,Yes,SUSPECTED MINOR INJURY,NONE,39.05,-77.05,"(39.05, -77.05)"
MCP3016002P,200028248,Montgomery County Police,Injury Crash,07/21/2020 09:26:00 AM,,,,"CROSSWALK IN FRONT OF SHOPPING CENTER LOCATED AT 12825 WISTERIA DR., GERMANTOWN, MD.",,BICYCLIST,OTHER,CLEAR,,DAYLIGHT,STOP SIGN,N/A,N/A,70DBE2E1-B62D-498D-8884-C0A62BEE72E2,BICYCLIST,Walking/Cycling on Sidewalk,NO IMPROPER ACTIONS,MIDBLOCK MARKED CROSSWALK,No,POSSIBLE INJURY,NONE,39.17667966,-77.26957737,"(39.17667966, -77.26957737)"
MCP3200008Y,230048950,Montgomery County Police,Injury Crash,08/11/2023 01:10:00 PM,County,SLIGO AVE,CHICAGO AVE,,N/A,OTHER CONVEYANCE,OTHER,CLEAR,DRY,DAYLIGHT,UNKNOWN,UNKNOWN,NONE DETECTED,393AA3D8-F121-42D6-A259-28088DB9028E,OTHER CONVEYANCE,Unknown,UNKNOWN,UNKNOWN,Unknown,SUSPECTED MINOR INJURY,NONE,38.99013729,-77.01976111,"(38.99013729, -77.01976111)"
MCP2948002J,180033373,Montgomery County Police,Injury Crash,07/06/2018 04:30:00 PM,,,,"PARKING LOT OF 2730 UNIVERSITY BOULEVARD, SILVER SPRING MARYLAND",,MACHINE OPERATOR/RIDER,OPPOSITE DIRECTION SIDESWIPE,CLEAR,,DAYLIGHT,NO CONTROLS,UNKNOWN,N/A,1F76CE5A-5066-45D9-9BA9-A735CAD6AAB7,MACHINE OPERATOR/RIDER,Walking/Riding w/Traffic,NO IMPROPER ACTIONS,ON ROADWAY NOT AT CROSSWALK,Unknown,POSSIBLE INJURY,N/A,39.03884333,-77.05577,"(39.03884333, -77.05577)"
MCP31180029,190041955,Montgomery County Police,Injury Crash,09/02/2019 09:55:00 AM,County,BEL PRE RD,PARKER FARM WAY,,N/A,PEDESTRIAN,SINGLE VEHICLE,CLOUDY,DRY,DAYLIGHT,TRAFFIC SIGNAL,NONE DETECTED,NONE DETECTED,F7F38AFF-4E75-4464-9FCC-C0029C50D232,PEDESTRIAN,Cross/Enter at Intersection,NO IMPROPER ACTIONS,AT INTERSECTION MARKED CROSSWALK,No,SUSPECTED MINOR INJURY,N/A,39.09036833,-77.04774667,"(39.09036833, -77.04774667)"
DD56500022,220039513,Rockville Police Departme,Injury Crash,09/11/2022 03:22:00 PM,,,,PARKING LOT OF 14939 SHADY GROVE RD,,PEDESTRIAN,SAME DIRECTION SIDESWIPE,CLOUDY,,DAYLIGHT,NO CONTROLS,NONE DETECTED,NONE DETECTED,9005CBCC-8D25-4729-86D7-A7C23F1DF2D3,PEDESTRIAN,Standing,UNKNOWN,OTHER,No,SUSPECTED MINOR INJURY,NONE,39.09711383,-77.19227583,"(39.09711383, -77.19227583)"
MCP32950021,220038285,Montgomery County Police,Injury Crash,09/03/2022 08:48:00 PM,US (State),COLESVILLE RD,TIMBERWOOD AVE,,N/A,PEDESTRIAN,SINGLE VEHICLE,CLEAR,DRY,DARK -- UNKNOWN LIGHTING,STOP SIGN,UNKNOWN,NONE DETECTED,33D2AFFE-14AB-4CEE-A84F-9B61376B2723,PEDESTRIAN,Cross/Enter at Intersection,NO IMPROPER ACTIONS,OTHER,No,SUSPECTED MINOR INJURY,NONE,39.02151833,-77.011905,"(39.02151833, -77.011905)"
MCP31820008,190013158,Montgomery County Police,Injury Crash,03/22/2019 05:50:00 AM,County,NORTHAMPTON DR,NEW HAMPSHIRE AVE,,N/A,PEDESTRIAN,OTHER,CLOUDY,WET,DAWN,TRAFFIC SIGNAL,NONE DETECTED,NONE DETECTED,FB8B9E7D-029C-43E2-A7F7-49F4033F4E49,PEDESTRIAN,Cross/Enter at Intersection,NO IMPROPER ACTIONS,AT INTERSECTION BUT NO CROSSWALK,No,SUSPECTED SERIOUS INJURY,NONE,39.00692169,-76.98075655,"(39.00692169, -76.98075655)"
MCP2816000Y,15002925,Montgomery County Police,Injury Crash,01/18/2015 06:43:00 PM,Maryland (State),ROCKVILLE PIKE,HALPINE RD,,ROCKVILLE,MACHINE OPERATOR/RIDER,HEAD ON LEFT TURN,N/A,WET,DARK -- UNKNOWN LIGHTING,TRAFFIC SIGNAL,NONE DETECTED,NONE DETECTED,1B8964D7-25C0-4DA6-B34D-1B3F3F3A677C,MACHINE OPERATOR/RIDER,Cross/Enter at Intersection,NO IMPROPER ACTIONS,AT INTERSECTION MARKED CROSSWALK,,POSSIBLE INJURY,NONE,39.06174,-77.12406167,"(39.06174, -77.12406167)"
MCP28450021,16041930,Montgomery County Police,Injury Crash,08/18/2016 01:10:00 PM,,,,SIDEWALK PARALLEL TO 10008 COLESVILLE ROAD,,BICYCLIST,SINGLE VEHICLE,CLEAR,,DAYLIGHT,NO CONTROLS,NONE DETECTED,NONE DETECTED,12E9569A-45E2-424C-8F6D-F3ECC535EDD2,BICYCLIST,Walking/Cycling on Sidewalk,WRONG WAY RIDING OR WALKING,SIDEWALK,No,POSSIBLE INJURY,MC/BIKE HELMET,39.01908783,-77.01417089,"(39.01908783, -77.01417089)"
MCP2608002X,210044397,Montgomery County Police,Injury Crash,11/02/2021 08:15:00 PM,Maryland (State),UNIVERSITY BLVD E,PINEY BRANCH RD,,N/A,PEDESTRIAN,SINGLE VEHICLE,RAINING,WET,DARK LIGHTS ON,TRAFFIC SIGNAL,NONE DETECTED,NONE DETECTED,4114B3ED-B84B-48D2-80BC-5F132B9F6608,PEDESTRIAN,Cross/Enter at Intersection,NO IMPROPER ACTIONS,ON ROADWAY AT CROSSWALK,No,POSSIBLE INJURY,N/A,39.00010833,-76.995005,"(39.00010833, -76.995005)"
MCP2247000X,15041756,Montgomery County Police,Injury Crash,08/20/2015 08:43:00 PM,,OUTLET DRIVE,BRIGGS CHANEY ROAD,,N/A,OTHER CONVEYANCE,STRAIGHT MOVEMENT ANGLE,BLOWING SNOW,WET,DARK LIGHTS ON,STOP SIGN,NONE DETECTED,NONE DETECTED,EABD8CE9-D580-43F0-8F99-AF4EE9238DF5,OTHER CONVEYANCE,Cross/Enter at Intersection,IN ROADWAY IMPROPERLY,AT INTERSECTION BUT NO CROSSWALK,Yes,SUSPECTED MINOR INJURY,N/A,39.08165167,-76.94591,"(39.08165167, -76.94591)"
MCP2871008C,220053926,Montgomery County Police,Injury Crash,12/06/2022 06:14:00 PM,,,,PARKING LOT OF 10233 OLD GEORGETOWN RD,,PEDESTRIAN,OTHER,RAINING,,DARK LIGHTS ON,NO CONTROLS,NONE DETECTED,NONE DETECTED,27958942-F1C4-4BA3-9CAD-62590972CFE5,PEDESTRIAN,Walking/Riding against Traffic,NO IMPROPER ACTIONS,N/A,No,POSSIBLE INJURY,NONE,39.02388833,-77.124185,"(39.02388833, -77.124185)"
DD56630018,240041093,ROCKVILLE,Injury Crash,08/30/2024 01:42:00 PM,,,,Parking Lot Way        FIRST FLOOR OF GARAGE PARKING AREA,,Pedestrian,Single Vehicle,Cloudy,,Daylight,,"Not Suspect of Alcohol Use, Not Suspect of Drug Use","Not Suspect of Alcohol Use, Not Suspect of Drug Use",F40485A1-E7B9-4016-A743-053BD51019BA,Pedestrian,Standing,Unknown,NonTrafficway Area,Yes,Suspected Minor Injury,None,39.08077603,-77.14607822,"(39.08077603, -77.14607822)"
DD56330093,240041253,ROCKVILLE,Property Damage Crash,08/31/2024 01:06:00 PM,Municipality Route,,,,,Cyclist (non-electric),Single Vehicle,Cloudy,Dry,Daylight,No Controls,"Not Suspect of Alcohol Use, Not Suspect of Drug Use","Not Suspect of Alcohol Use, Not Suspect of Drug Use",CB231B9F-1134-493C-9D97-927C39B37169,Cyclist (non-electric),None,None (No Improper Action),Separated Bike Lanes,No,No Apparent Injury,Helmet,39.09041919,-77.15369751,"(39.09041919, -77.15369751)"
MCP30160058,240040037,MONTGOMERY,Injury Crash,08/24/2024 09:54:00 AM,Bicycle Route,,,,,Cyclist (non-electric),Single Vehicle,Clear,Dry,Daylight,No Controls,"Not Suspect of Alcohol Use, Not Suspect of Drug Use","Not Suspect of Alcohol Use, Not Suspect of Drug Use",DCCB63E4-554B-4092-BE06-224566FEB805,Cyclist (non-electric),Cross/Enter Not at Intersection,Failure to Yield Right-Of-Way,Driveway Access,Yes,Suspected Minor Injury,None,39.17652336,-77.26924694,"(39.17652336, -77.26924694)"
MCP32420022,240041652,MONTGOMERY,Injury Crash,09/03/2024 08:08:00 AM,,,,Parking Lot Way        PARENT LOOP AT ROBERTO CLEMENTE MIDDLE SCHOOL,,Pedestrian,Single Vehicle,Clear,,Daylight,,"Not Suspect of Alcohol Use, Not Suspect of Drug Use","Not Suspect of Alcohol Use, Not Suspect of Drug Use",733C003A-0FD4-4D9B-BC5E-0BD0783E529B,Pedestrian,Cross/Enter Not at Intersection,Failure to Yield Right-Of-Way,Other,No,Possible Injury,None,39.16635011,-77.24670117,"(39.16635011, -77.24670117)"
MCP3138006Z,240040952,MONTGOMERY,Injury Crash,08/29/2024 03:51:00 PM,County Route,,BRIARS RD HERITAGE HILLS DR,,,Pedestrian,Single Vehicle,Clear,Dry,Daylight,No Controls,"Not Suspect of Alcohol Use, Not Suspect of Drug Use","Not Suspect of Alcohol Use, Not Suspect of Drug Use",2F3B4857-59D3-4431-A02C-C4FDBA8EBFE2,Pedestrian,Cross/Enter at Intersection,"Dart/Dash, Failure to Obey Traffic Signs, Signals, or Officer, In Roadway Improperly (Standing, Lying, Working, Playing)",Intersection Other,Yes,Possible Injury,None,39.16749165,-77.06793965,"(39.16749165, -77.06793965)"
MCP28810063,240002647,MONTGOMERY,Injury Crash,01/17/2024 01:14:00 PM,,,,Parking Lot Way        21030 FREDERICK RD,,Pedestrian,Single Vehicle,Clear,,Daylight,No Controls,"Not Suspect of Alcohol Use, Not Suspect of Drug Use","Not Suspect of Alcohol Use, Not Suspect of Drug Use",C84278EA-41ED-4EAB-A2D2-ED4C8B3DECDC,Pedestrian,Standing,None (No Improper Action),NonTrafficway Area,No,Suspected Minor Injury,None,39.20158825,-77.24670089,"(39.20158825, -77.24670089)"
MCP3053007Z,240051876,MONTGOMERY,Property Damage Crash,10/29/2024 07:16:00 PM,County Route,GLENPARK DR,,,,Cyclist (non-electric),Single Vehicle,Clear,Dry,Dark - Lighted,No Controls,"Not Suspect of Alcohol Use, Not Suspect of Drug Use","Not Suspect of Alcohol Use, Not Suspect of Drug Use",28A6A152-D3A3-4E6B-B313-5D65AA94C58F,Cyclist (non-electric),Other,None (No Improper Action),Shoulder/Roadside,No,No Apparent Injury,None,39.03644446,-77.03823405,"(39.03644446, -77.03823405)"
MCP3389000K,240052835,MONTGOMERY,Injury Crash,11/03/2024 06:22:00 PM,County Route,FLOWER AVE,ARLISS ST,,,Pedestrian,Single Vehicle,Clear,Dry,Dark - Lighted,Pedestrian Crossing Sign,"Not Suspect of Alcohol Use, Not Suspect of Drug Use","Not Suspect of Alcohol Use, Not Suspect of Drug Use",913095DC-C8DA-4F7E-B901-DB024EA03042,Pedestrian,Cross/Enter at Intersection,None (No Improper Action),Intersection Marked Crosswalk,No,Suspected Minor Injury,None,39.00068333,-77.00432395,"(39.00068333, -77.00432395)"
MCP30850056,240046009,MONTGOMERY,Injury Crash,09/26/2024 05:06:00 PM,,,,Parking Lot Way        PARKING LOT OF 3910 KNOWLES AVE,,Pedestrian,Single Vehicle,Cloudy,,Daylight,,"Not Suspect of Alcohol Use, Not Suspect of Drug Use","Not Suspect of Alcohol Use, Not Suspect of Drug Use",B945DE68-C1DD-41EB-844F-021C63BC7D3F,Pedestrian,Walking/Cycling Along Roadway Against Traffic (In or Adjacent to Travel Lane),None (No Improper Action),Sidewalk,No,Suspected Minor Injury,None,39.02758889,-77.07772814,"(39.02758889, -77.07772814)"
MCP34140014,240052537,MONTGOMERY,Injury Crash,11/01/2024 07:12:00 PM,County Route,FOREST GLEN RD,,,,Pedestrian,Single Vehicle,Clear,Dry,Dark - Lighted,Traffic Control Signal,"Not Suspect of Alcohol Use, Not Suspect of Drug Use","Not Suspect of Alcohol Use, Not Suspect of Drug Use",E87F7FD2-3932-42A3-8F85-037F7E43C171,Pedestrian,Other,None (No Improper Action),Other,No,Possible Injury,None,39.01597342,-77.03667408,"(39.01597342, -77.03667408)"
MCP3348003R,240058066,MONTGOMERY,Injury Crash,12/04/2024 07:18:00 PM,County Route,NADINE DR,BAUER DR,,,Pedestrian,Single Vehicle,Clear,Dry,Dark - Not Lighted,Stop Sign,"Not Suspect of Alcohol Use, Not Suspect of Drug Use","Not Suspect of Alcohol Use, Not Suspect of Drug Use",F44B7212-4F60-458F-8C65-D7AD45F80A3F,Pedestrian,Cross/Enter at Intersection,None (No Improper Action),Intersection Marked Crosswalk,No,Suspected Minor Injury,None,39.09096008,-77.10167646,"(39.09096008, -77.10167646)"
MCP31610072,240048274,MONTGOMERY,Property Damage Crash,10/09/2024 06:41:00 PM,County Route,,,,,Cyclist (non-electric),Single Vehicle,Clear,Dry,Daylight,No Controls,"Not Suspect of Alcohol Use, Not Suspect of Drug Use","Unknown, Unknown",13F95FDF-B2DF-4AA4-83EC-D95E1422F522,Cyclist (non-electric),Walking/Cycling Along Roadway With Traffic (In or Adjacent to Travel Lane),"Failure to Yield Right-Of-Way, Improper Passing",Travel Lane Other Location,No,No Apparent Injury,Helmet,38.99597574,-77.06589655,"(38.99597574, -77.06589655)"
MCP32380035,240058345,MONTGOMERY,Injury Crash,12/06/2024 11:37:00 AM,US (State),GEORGIA AVE (SB/L),,,,Scooter (electric),Single Vehicle,Clear,Dry,Daylight,No Controls,"Not Suspect of Alcohol Use, Not Suspect of Drug Use","Not Suspect of Alcohol Use, Not Suspect of Drug Use",CA875B92-8D34-4D80-B02F-A2E0259C9E42,Scooter (electric),Walking/Cycling on Sidewalk,Unknown,Sidewalk,Yes,Suspected Minor Injury,Helmet,38.99197858,-77.02684686,"(38.99197858, -77.02684686)"
MCP3171002F,240058607,MONTGOMERY,Injury Crash,12/07/2024 09:21:00 PM,,,,Parking Lot Way        PARKING LOT OF 19550 WATERS ROAD GERMANTOWN MD 20874,,Pedestrian,Single Vehicle,Clear,,Dark - Lighted,,"Not Suspect of Alcohol Use, Not Suspect of Drug Use","Not Suspect of Alcohol Use, Not Suspect of Drug Use",6D9BE8BC-EEC5-4AC9-9D60-BD1D7F7CC587,Pedestrian,Other,None (No Improper Action),Other,No,Suspected Minor Injury,None,39.176853,-77.27440927,"(39.176853, -77.27440927)"
DD5631005N,240041161,ROCKVILLE,Injury Crash,08/30/2024 08:00:00 PM,Municipality Route,PARK RD (WB/L),N STONESTREET AVE,,,Pedestrian,Single Vehicle,Clear,Dry,Dark - Not Lighted,Traffic Control Signal,"Not Suspect of Alcohol Use, Not Suspect of Drug Use","Not Suspect of Alcohol Use, Not Suspect of Drug Use",A5E4CF61-E64F-4E61-BEA1-FCB3CC2E752C,Pedestrian,Cross/Enter at Intersection,None (No Improper Action),Intersection Marked Crosswalk,No,Possible Injury,None,39.08552556,-77.14668688,"(39.08552556, -77.14668688)"
MCP28810063,240002647,MONTGOMERY,Injury Crash,01/17/2024 01:14:00 PM,,,,Parking Lot Way        21030 FREDERICK RD,,Pedestrian,Single Vehicle,Clear,,Daylight,No Controls,"Not Suspect of Alcohol Use, Not Suspect of Drug Use","Not Suspect of Alcohol Use, Not Suspect of Drug Use",F81E50B5-A6A7-441B-95F6-6D2112DBAE56,Pedestrian,Standing,None (No Improper Action),NonTrafficway Area,No,Suspected Minor Injury,None,39.20158825,-77.24670089,"(39.20158825, -77.24670089)"
MCP3362002L,240001364,MONTGOMERY,Injury Crash,01/09/2024 02:13:00 PM,Maryland (State) Route,NEW HAMPSHIRE AVE,,,,Pedestrian,Single Vehicle,Rain,Wet,Daylight,Traffic Control Signal,"Not Suspect of Alcohol Use, Not Suspect of Drug Use","Not Suspect of Alcohol Use, Not Suspect of Drug Use",D3DD1239-0E31-4D8E-835B-9C1083E4C640,Pedestrian,Cross/Enter at Intersection,None (No Improper Action),Intersection Marked Crosswalk,No,Suspected Minor Injury,None,39.01556667,-76.97754667,"(39.01556667, -76.97754667)"
MCP3403000H,240001405,MONTGOMERY,Injury Crash,01/09/2024 07:23:00 PM,,,,"Parking Lot Way        PARKING LOT AT 12024 CHERRY HILL RD, SILVER SPRING, MD 20904",,Pedestrian,Single Vehicle,Rain,,Dark - Lighted,,"Not Suspect of Alcohol Use, Not Suspect of Drug Use","Not Suspect of Alcohol Use, Not Suspect of Drug Use",D6DE279C-7C65-48B6-AAA2-C2160050A7E0,Pedestrian,Walking/Cycling Along Roadway Against Traffic (In or Adjacent to Travel Lane),None (No Improper Action),Other,No,Suspected Minor Injury,None,39.0538487,-76.95644071,"(39.0538487, -76.95644071)"
EJ7876006S,240002011,GAITHERSBURG,Injury Crash,01/12/2024 08:40:00 PM,Municipality Route,PHILMONT DR,,,,Pedestrian,Single Vehicle,Rain,Wet,Dark - Lighted,No Controls,"Not Suspect of Alcohol Use, Not Suspect of Drug Use","Not Suspect of Alcohol Use, Not Suspect of Drug Use",764D4077-B476-41F8-A862-58516BBB54DA,Pedestrian,Other,"Inattentive (Talking, Eating, etc.), Other",Driveway Access,No,Possible Injury,None,39.1237536,-77.21372062,"(39.1237536, -77.21372062)"
MCP28810063,240002647,MONTGOMERY,Injury Crash,01/17/2024 01:14:00 PM,,,,Parking Lot Way        21030 FREDERICK RD,,Pedestrian,Single Vehicle,Clear,,Daylight,No Controls,"Not Suspect of Alcohol Use, Not Suspect of Drug Use","Not Suspect of Alcohol Use, Not Suspect of Drug Use",A344EA51-4041-4809-B4F3-1800C376A943,Pedestrian,Standing,None (No Improper Action),NonTrafficway Area,No,Suspected Minor Injury,None,39.20158825,-77.24670089,"(39.20158825, -77.24670089)"
EJ7870006P,240002018,GAITHERSBURG,Injury Crash,01/12/2024 09:50:00 PM,,,,"Parking Lot Way        PARKING LOT OF YARD HOUSE, 211 RIO BLVD",,Pedestrian,Single Vehicle,Rain,,Dark - Lighted,,"Not Suspect of Alcohol Use, Not Suspect of Drug Use","Not Suspect of Alcohol Use, Not Suspect of Drug Use",28FF7463-A7AE-4BF2-BF5E-56A6D47DFBB8,Pedestrian,Other,"Not Visible (Dark Clothing, No Lighting, etc.)",Other,No,Suspected Minor Injury,None,39.11708795,-77.20066521,"(39.11708795, -77.20066521)"
MCP3044006Z,240001036,MONTGOMERY,Injury Crash,01/07/2024 04:46:00 PM,,,,Parking Lot Way        PARKING LOT NEAR 13813 OUTLET DRIVE,,Pedestrian,Unknown,Clear,,Other,,"Not Suspect of Alcohol Use, Not Suspect of Drug Use","Not Suspect of Alcohol Use, Not Suspect of Drug Use",1691E58A-9F00-472C-B1BE-9DABA7B644C2,Pedestrian,Cross/Enter Not at Intersection,Failure to Yield Right-Of-Way,Travel Lane Other Location,No,Suspected Minor Injury,None,39.08215477,-76.94603117,"(39.08215477, -76.94603117)"
MCP235800C5,240002228,MONTGOMERY,Property Damage Crash,01/14/2024 12:01:00 PM,,,,"Parking Stall        WHOLE FOODS BUILDING 5269 RIVER ROAD BETHESDA, MD",,Unknown Type Of Non-Motorist,Single Vehicle,Clear,,Daylight,,"Not Suspect of Alcohol Use, Not Suspect of Drug Use","Not Suspect of Alcohol Use, Not Suspect of Drug Use",FCF70680-A2D0-407F-9338-19EDD12ADCEB,Unknown Type Of Non-Motorist,Other,"None (No Improper Action), Other",Other,No,No Apparent Injury,None,38.9657486,-77.104895,"(38.9657486, -77.104895)"
MCP235800C5,240002228,MONTGOMERY,Property Damage Crash,01/14/2024 12:01:00 PM,,,,"Parking Stall        WHOLE FOODS BUILDING 5269 RIVER ROAD BETHESDA, MD",,Unknown Type Of Non-Motorist,Single Vehicle,Clear,,Daylight,,"Not Suspect of Alcohol Use, Not Suspect of Drug Use","Not Suspect of Alcohol Use, Not Suspect of Drug Use",CA3F48E3-0229-40BF-BC7A-B8593EE58840,Unknown Type Of Non-Motorist,Other,"None (No Improper Action), Other",Other,No,No Apparent Injury,None,38.9657486,-77.104895,"(38.9657486, -77.104895)"
MCP291700CY,240001010,MONTGOMERY,Injury Crash,01/07/2024 01:30:00 PM,County Route,NEWPORT MILL RD,DAWSON AVE,,,"Other Pedestrian (person in a building, skater, personal conveyance, etc.)",Unknown,Clear,Dry,Daylight,Traffic Control Signal,"Not Suspect of Alcohol Use, Not Suspect of Drug Use","Not Suspect of Alcohol Use, Not Suspect of Drug Use",47D609AE-149E-4148-A75D-CE8B8F961450,"Other Pedestrian (person in a building, skater, personal conveyance, etc.)",Cross/Enter Not at Intersection,Failure to Yield Right-Of-Way,Travel Lane Other Location,Yes,Suspected Minor Injury,None,39.0454076,-77.06449126,"(39.0454076, -77.06449126)"
MCP3038006S,240000932,MONTGOMERY,Injury Crash,01/06/2024 06:09:00 PM,Maryland (State) Route,16TH ST (SB/L),EAST WEST HWY (WB/L),,,Pedestrian,Single Vehicle,Rain,Wet,Dark - Lighted,Traffic Control Signal,"Unknown, Unknown","Not Suspect of Alcohol Use, Not Suspect of Drug Use",EEF0E3B8-DE39-422B-B42E-1727CE3F40ED,Pedestrian,Cross/Enter at Intersection,None (No Improper Action),Intersection Marked Crosswalk,No,Suspected Minor Injury,None,38.99460669,-77.03640286,"(38.99460669, -77.03640286)"
MCP3292002G,240041477,MONTGOMERY,Injury Crash,08/29/2024 10:31:00 PM,Municipality Route,W DEER PARK RD (WB/L),MUDDY BRANCH RD (SB/L),,,Pedestrian,Single Vehicle,Clear,Dry,Dark - Lighted,Traffic Control Signal,"Not Suspect of Alcohol Use, Not Suspect of Drug Use","Not Suspect of Alcohol Use, Not Suspect of Drug Use",0D60B89F-22B3-4D8D-AFB1-BDBEB27506AF,Pedestrian,Cross/Enter at Intersection,None (No Improper Action),Intersection Marked Crosswalk,No,Suspected Minor Injury,None,39.13477125,-77.20578609,"(39.13477125, -77.20578609)"
MCP3289002X,240000242,MONTGOMERY,Injury Crash,01/02/2024 03:03:00 PM,US (State),,BLAIR RD EASTERN AVE,,,Scooter (electric),Single Vehicle,Clear,Dry,Daylight,Pedestrian Crossing Sign,"Not Suspect of Alcohol Use, Not Suspect of Drug Use","Not Suspect of Alcohol Use, Not Suspect of Drug Use",979C53D0-C6EC-4F9E-8400-8D500384C326,Scooter (electric),Cross/Enter at Intersection,"Failure to Obey Traffic Signs, Signals, or Officer",Intersection Marked Crosswalk,No,Suspected Serious Injury,None,38.98472511,-77.02662959,"(38.98472511, -77.02662959)"
EJ78520096,240002271,GAITHERSBURG,Injury Crash,01/14/2024 06:46:00 PM,Private Route,,,,,Pedestrian,Single Vehicle,Clear,Dry,Dark - Lighted,Pedestrian Crossing,"Not Suspect of Alcohol Use, Not Suspect of Drug Use","Not Suspect of Alcohol Use, Not Suspect of Drug Use",71CE3F57-24C9-4B3F-BBBD-E499A0917D63,Pedestrian,Cross/Enter at Intersection,"Dart/Dash, Failure to Obey Traffic Signs, Signals, or Officer, Inattentive (Talking, Eating, etc.), Not Visible (Dark Clothing, No Lighting, etc.)",Intersection Marked Crosswalk,Yes,Suspected Minor Injury,None,39.13670597,-77.2057709,"(39.13670597, -77.2057709)"
MCP235800C5,240002228,MONTGOMERY,Property Damage Crash,01/14/2024 12:01:00 PM,,,,"Parking Stall        WHOLE FOODS BUILDING 5269 RIVER ROAD BETHESDA, MD",,Unknown Type Of Non-Motorist,Single Vehicle,Clear,,Daylight,,"Not Suspect of Alcohol Use, Not Suspect of Drug Use","Not Suspect of Alcohol Use, Not Suspect of Drug Use",9C6245C6-602E-450C-B543-F661FFD58365,Unknown Type Of Non-Motorist,Other,"None (No Improper Action), Other",Other,No,No Apparent Injury,None,38.9657486,-77.104895,"(38.9657486, -77.104895)"
MCP1233005H,240001994,MONTGOMERY,Injury Crash,01/12/2024 06:00:00 PM,Maryland (State) Route,CONNECTICUT AVE,,,,Pedestrian,Single Vehicle,Cloudy,Dry,Dark - Not Lighted,Traffic Control Signal,"Not Suspect of Alcohol Use, Not Suspect of Drug Use","Not Suspect of Alcohol Use, Not Suspect of Drug Use",8CB856A9-846F-4C97-9629-12F114D22CAB,Pedestrian,Cross/Enter Not at Intersection,None (No Improper Action),Midblock Marked Crosswalk,Yes,Possible Injury,None,39.02959455,-77.07579703,"(39.02959455, -77.07579703)"