Report Number,Local Case Number,Agency Name,ACRS Report Type,Crash Date/Time,Route Type,Road Name,Cross-Street Name,Off-Road Description,Municipality,Related Non-Motorist,Collision Type,Weather,Surface Condition,Light,Traffic Control,Driver Substance Abuse,Non-Motorist Substance Abuse,Person ID,Pedestrian Type,Pedestrian Movement,Pedestrian Actions,Pedestrian Location,At Fault,Injury Severity,Safety Equipment,Latitude,Longitude,Location
DD559500FM,240003113,ROCKVILLE,Injury Crash,01/20/2024 04:40:00 PM,,,,Private Road        DRIVE LANE FOR THE FLAGSHIP CAR WASH LOCATED AT 2100 CHAPMAN AVE,,Pedestrian,Single Vehicle,Clear,,Daylight,,,"Not Suspect of Alcohol Use, Not Suspect of Drug Use",CFF3E07A-8AED-49B6-A585-91406B11A4BD,Pedestrian,Other,Other,Driveway Access,Yes,Suspected Minor Injury,None,39.05784781,-77.11721447,"(39.05784781, -77.11721447)"
MCP9365002C,240002606,MONTGOMERY,Injury Crash,01/17/2024 09:20:00 AM,County Route,PLUM ORCHARD DR,CHERRY HILL RD CLOVER PATCH DR,,,Pedestrian,Single Vehicle,Clear,Snow,Daylight,Traffic Control Signal,"Unknown, Unknown","Suspect of Alcohol Use, Unknown",52E679A1-60E8-431B-B162-663E71F95B09,Pedestrian,Cross/Enter at Intersection,Unknown,Unknown,No,Possible Injury,None,39.05261194,-76.953173,"(39.05261194, -76.953173)"
DM8500001B,240001357,TAKOMA,Property Damage Crash,01/09/2024 01:53:00 PM,,,,Parking Lot Way        HAMPSHIRE LANGLEY SHOPPING CENTER,,Pedestrian,Unknown,Rain,,Daylight,,"Unknown, Unknown","Not Suspect of Alcohol Use, Not Suspect of Drug Use",9BEFB118-919C-495F-A96F-D718A7CBA7A8,Pedestrian,Cross/Enter Not at Intersection,Other,Intersection Unmarked Crosswalk,No,No Apparent Injury,None,38.98911349,-76.9894316,"(38.98911349, -76.9894316)"
MCP3339004B,240041112,MONTGOMERY,Injury Crash,08/30/2024 03:35:00 PM,,,,"Parking Lot Way        ASPEN HILL SHOPPING CENTER 
13601 CONNECTICUT AVENUE",,Pedestrian,Single Vehicle,Cloudy,,Daylight,,"Not Suspect of Alcohol Use, Not Suspect of Drug Use","Not Suspect of Alcohol Use, Not Suspect of Drug Use",3CFC7110-C6C3-48B0-810E-F8FB643BB74E,Pedestrian,Cross/Enter Not at Intersection,None (No Improper Action),Intersection Marked Crosswalk,No,Possible Injury,None,39.0788641,-77.07960701,"(39.0788641, -77.07960701)"
MCP32280067,240040945,MONTGOMERY,Injury Crash,08/29/2024 03:43:00 PM,County Route,KENNETT ST,13TH ST,,,Scooter (electric),Single Vehicle,Clear,Dry,Daylight,Pedestrian Crossing Sign,"Not Suspect of Alcohol Use, Not Suspect of Drug Use","Not Suspect of Alcohol Use, Not Suspect of Drug Use",091FFBBB-67C9-49BD-A62E-922FAEF65F4C,Scooter (electric),Cross/Enter at Intersection,None (No Improper Action),Intersection Marked Crosswalk,No,Suspected Minor Injury,None,38.98728559,-77.02777053,"(38.98728559, -77.02777053)"
MCP3400001L,240041121,MONTGOMERY,Injury Crash,08/30/2024 04:04:00 PM,US (State),COLESVILLE RD,CRESTMOOR DR,,,Scooter (electric),Single Vehicle,Cloudy,Dry,Daylight,Stop Sign,"Not Suspect of Alcohol Use, Not Suspect of Drug Use","Not Suspect of Alcohol Use, Not Suspect of Drug Use",2D88A823-CEC3-46AF-968B-3FFB6E9E0D11,Scooter (electric),Cross/Enter at Intersection,None (No Improper Action),Intersection Unmarked Crosswalk,No,Suspected Minor Injury,None,39.02793225,-77.00900529,"(39.02793225, -77.00900529)"
MCP3427000C,240041511,MONTGOMERY,Injury Crash,09/02/2024 08:11:00 AM,,,,Parking Stall        9846 BROOKRIDGE CT,,"Other Pedestrian (person in a building, skater, personal conveyance, etc.)",Single Vehicle,Clear,,Daylight,,"Not Suspect of Alcohol Use, Not Suspect of Drug Use","Not Suspect of Alcohol Use, Not Suspect of Drug Use",4973336B-57E0-4506-921C-A82B9E5F443D,"Other Pedestrian (person in a building, skater, personal conveyance, etc.)",Other,None (No Improper Action),Other,No,Suspected Minor Injury,None,39.18837347,-77.20186459,"(39.18837347, -77.20186459)"
MCP3208005X,240040825,MONTGOMERY,Injury Crash,08/28/2024 09:37:00 PM,County Route,THAYER AVE,,,,Pedestrian,Single Vehicle,Clear,Dry,Dark - Lighted,No Controls,"Unknown, Unknown","Suspect of Alcohol Use, Not Suspect of Drug Use",1008F599-E9A3-4A01-9549-D52B19D0116B,Pedestrian,Other,"In Roadway Improperly (Standing, Lying, Working, Playing)",Shoulder/Roadside,No,Suspected Serious Injury,None,38.99307087,-77.02342134,"(38.99307087, -77.02342134)"
MCP33520023,240041163,MONTGOMERY,Property Damage Crash,08/30/2024 08:18:00 PM,,,,Parking Lot Way        PARKING LOT OF MONTGOMERY VILLAGE SHOPPING CENTER,,Pedestrian,Single Vehicle,Clear,,Dark - Lighted,,"Unknown, Unknown","Not Suspect of Alcohol Use, Not Suspect of Drug Use",AD72E5B7-3CC0-4E27-9EFC-86E61A0FD485,Pedestrian,Cross/Enter at Intersection,None (No Improper Action),Intersection Marked Crosswalk,No,No Apparent Injury,None,39.17096881,-77.20523324,"(39.17096881, -77.20523324)"
MCP2966007T,240051181,MONTGOMERY,Injury Crash,10/25/2024 05:51:00 PM,Other Public Roadway,WHEATFIELD TERR,,,,Pedestrian,Single Vehicle,Clear,Dry,Daylight,No Controls,"Not Suspect of Alcohol Use, Not Suspect of Drug Use","Not Suspect of Alcohol Use, Not Suspect of Drug Use",E2B3E07D-BCA5-4B66-9BF8-875AE759C677,Pedestrian,None,Other,Other,Yes,Suspected Minor Injury,None,39.17110735,-77.23009925,"(39.17110735, -77.23009925)"
MCP3228006G,240051385,MONTGOMERY,Injury Crash,10/26/2024 08:57:00 PM,County Route,CAMERON ST,GEORGIA AVE,,,Pedestrian,Single Vehicle,Clear,Dry,Dark - Lighted,Traffic Control Signal,"Not Suspect of Alcohol Use, Not Suspect of Drug Use","Not Suspect of Alcohol Use, Not Suspect of Drug Use",0330E9D1-1B72-483D-A389-0485D0243FA4,Pedestrian,Cross/Enter at Intersection,None (No Improper Action),Intersection Marked Crosswalk,No,Suspected Minor Injury,None,38.99765943,-77.02967678,"(38.99765943, -77.02967678)"
EJ7902001M,240051564,GAITHERSBURG,Injury Crash,10/27/2024 11:49:00 PM,,,,Parking Lot Way        112 PARAMOUNT PARK DR GARAGE,,Pedestrian,Single Vehicle,Clear,,Dark - Lighted,,"Suspect of Alcohol Use, Not Suspect of Drug Use","Suspect of Alcohol Use, Not Suspect of Drug Use",9F318979-EA93-4CD7-B9D2-39371901D047,Pedestrian,Other,None (No Improper Action),Other,No,Suspected Serious Injury,None,39.15592665,-77.21824437,"(39.15592665, -77.21824437)"
MCP3230006J,250005375,MONTGOMERY,Injury Crash,02/05/2025 03:10:00 PM,County Route,BAUER DR,,,,Pedestrian,Single Vehicle,Clear,Dry,Daylight,Pedestrian Crossing,"Unknown, Unknown","Not Suspect of Alcohol Use, Not Suspect of Drug Use",3A5A95D7-E84D-4061-9161-E153A6B7F288,Pedestrian,Cross/Enter at Intersection,None (No Improper Action),Midblock Marked Crosswalk,No,Suspected Minor Injury,None,39.08972404,-77.10537829,"(39.08972404, -77.10537829)"
MCP9428005F,240052242,MONTGOMERY,Injury Crash,10/31/2024 12:18:00 PM,,,,Parking Aisle        STAFF PARKING LOT AT DAMASCUS HIGH SCHOOL,,Pedestrian,Single Vehicle,Clear,,Daylight,,"Not Suspect of Alcohol Use, Not Suspect of Drug Use","Not Suspect of Alcohol Use, Not Suspect of Drug Use",D5AE3957-2768-487C-BF86-A2558EE35A8A,Pedestrian,Getting Off/On Vehicle,None (No Improper Action),Travel Lane Other Location,No,Suspected Minor Injury,None,39.28207833,-77.21086833,"(39.28207833, -77.21086833)"
MCP3348003D,240041593,MONTGOMERY,Injury Crash,09/02/2024 06:22:00 PM,County Route,ASPEN HILL RD,PARKLAND DR,,,Pedestrian,Single Vehicle,Clear,Dry,Daylight,Traffic Control Signal,"Not Suspect of Alcohol Use, Not Suspect of Drug Use","Not Suspect of Alcohol Use, Not Suspect of Drug Use",8DF4A5C5-1E7B-45BC-86BC-8A7719E4A4BB,Pedestrian,Cross/Enter at Intersection,Dart/Dash,Intersection Marked Crosswalk,No,Suspected Serious Injury,None,39.07915718,-77.08712813,"(39.07915718, -77.08712813)"
MCP289100DS,240039168,MONTGOMERY,Injury Crash,08/19/2024 01:48:00 PM,County Route,DALE DR,,,,Scooter (electric),Single Vehicle,Clear,Dry,Daylight,Traffic Control Signal,"Not Suspect of Alcohol Use, Not Suspect of Drug Use","Not Suspect of Alcohol Use, Not Suspect of Drug Use",B3186629-BBAB-4B47-ACA9-CE66937778F5,Scooter (electric),Cross/Enter at Intersection,"Inattentive (Talking, Eating, etc.), None (No Improper Action)",Intersection Marked Crosswalk,No,Suspected Minor Injury,None,39.00521457,-77.02278187,"(39.00521457, -77.02278187)"
MCP3376001Y,240042272,MONTGOMERY,Property Damage Crash,09/06/2024 01:01:00 PM,County Route,KARA LA,E RANDOLPH RD,,,Cyclist (non-electric),Single Vehicle,Cloudy,Dry,Daylight,Stop Sign,"Not Suspect of Alcohol Use, Not Suspect of Drug Use","Not Suspect of Alcohol Use, Not Suspect of Drug Use",FCDE40FF-5CA3-4995-AFDA-D37BABEF8B70,Cyclist (non-electric),Cross/Enter at Intersection,None (No Improper Action),Intersection Unmarked Crosswalk,No,No Apparent Injury,Unknown,39.0755665,-77.00053517,"(39.0755665, -77.00053517)"
MCP24450069,240052240,MONTGOMERY,Injury Crash,10/31/2024 12:22:00 PM,,,,Parking Lot Way        IN FRONT OF 20680 SENECA MEADOWS PARKWAY,,Pedestrian,Single Vehicle,Clear,,Daylight,,"Not Suspect of Alcohol Use, Not Suspect of Drug Use","Not Suspect of Alcohol Use, Not Suspect of Drug Use",37A1E51B-4434-4FEB-BB26-67EBD500A67E,Pedestrian,Cross/Enter Not at Intersection,None (No Improper Action),Other,No,Possible Injury,None,39.19981307,-77.25399665,"(39.19981307, -77.25399665)"
MCP2760005X,240044180,MONTGOMERY,Injury Crash,09/16/2024 06:30:00 PM,County Route,CONTOUR RD,,,,"Occupant of Motor Vehicle Not in Transport, Pedestrian",Front to Rear,Clear,Dry,Daylight,No Controls,"Not Suspect of Alcohol Use, Not Suspect of Drug Use","Not Suspect of Alcohol Use, Not Suspect of Drug Use",D3DADE9B-5838-4ADC-8089-10D2697C6975,Pedestrian,Walking/Cycling on Sidewalk,None (No Improper Action),Sidewalk,No,Possible Injury,None,39.15404,-77.19673333,"(39.15404, -77.19673333)"
HA2372001K,24002019,MCPARK,Injury Crash,09/22/2024 03:54:00 PM,Local Route,LAKE RIDGE DR,,,,Scooter (non-Electric),Single Vehicle,Clear,Dry,Daylight,No Controls,"Not Suspect of Alcohol Use, Not Suspect of Drug Use","Not Suspect of Alcohol Use, Not Suspect of Drug Use",32E1735F-F04E-42D9-89B0-2CE530FDA20B,Scooter (non-Electric),Other,Failure to Yield Right-Of-Way,Travel Lane Other Location,No,Suspected Minor Injury,None,39.1926428,-77.29502308,"(39.1926428, -77.29502308)"
MCP3126005R,240044569,MONTGOMERY,Injury Crash,09/18/2024 07:37:00 PM,County Route,SNOWDEN FARM PKWY,FOREMAN BLVD,,,Pedestrian,Single Vehicle,Rain,Wet,Dark - Not Lighted,No Controls,"Not Suspect of Alcohol Use, Not Suspect of Drug Use","Not Suspect of Alcohol Use, Not Suspect of Drug Use",43586380-9E91-464D-8F4D-AE22CE0D6D09,Pedestrian,Cross/Enter at Intersection,None (No Improper Action),Intersection Marked Crosswalk,No,Suspected Minor Injury,None,39.23162841,-77.25852302,"(39.23162841, -77.25852302)"
MCP3294002K,240052715,MONTGOMERY,Injury Crash,11/02/2024 07:30:00 PM,County Route,LOST KNIFE RD (NB/L),,,,Pedestrian,Single Vehicle,Clear,Dry,Dark - Lighted,Pedestrian Crossing,"Unknown, Unknown","Not Suspect of Alcohol Use, Not Suspect of Drug Use",9ACAAAF1-06A1-4ED2-8565-F32B8FB7C5D0,Pedestrian,Other,None (No Improper Action),Intersection Marked Crosswalk,No,Suspected Minor Injury,None,39.15366994,-77.19947144,"(39.15366994, -77.19947144)"
MCP9419005B,240052473,MONTGOMERY,Injury Crash,11/01/2024 01:20:00 PM,Municipality Route,COLLEGE PKWY (SB/L),HUNGERFORD DR (SB/L),,,Pedestrian,Single Vehicle,Clear,Dry,Daylight,Traffic Control Signal,"Not Suspect of Alcohol Use, Not Suspect of Drug Use","Not Suspect of Alcohol Use, Not Suspect of Drug Use",B095AC79-F9BA-4CB3-BE9A-8D88F468BF77,Pedestrian,Cross/Enter at Intersection,None (No Improper Action),Intersection Marked Crosswalk,No,Suspected Minor Injury,None,39.10336004,-77.1560417,"(39.10336004, -77.1560417)"
MCP3222002V,240052297,MONTGOMERY,Injury Crash,10/31/2024 04:57:00 PM,County Route,FERNWOOD RD,GREYSWOOD RD,,,Pedestrian,Single Vehicle,Clear,Dry,Daylight,Traffic Control Signal,"Not Suspect of Alcohol Use, Not Suspect of Drug Use","Not Suspect of Alcohol Use, Not Suspect of Drug Use",332B449B-8A07-4539-A5CF-4AE632769646,Pedestrian,Cross/Enter at Intersection,None (No Improper Action),Intersection Marked Crosswalk,No,Suspected Minor Injury,None,39.0182433,-77.1333093,"(39.0182433, -77.1333093)"
EJ79060011,240042354,GAITHERSBURG,Injury Crash,09/06/2024 06:55:00 PM,Maryland (State) Route,W DIAMOND AVE (WB/L),PERRY PKWY,,,Cyclist (non-electric),Unknown,Clear,Dry,Daylight,Traffic Control Signal,"Not Suspect of Alcohol Use, Not Suspect of Drug Use","Not Suspect of Alcohol Use, Not Suspect of Drug Use",C420F328-9A19-48F8-9DE7-242B60A20548,Cyclist (non-electric),Cross/Enter at Intersection,None (No Improper Action),Intersection Marked Crosswalk,No,Suspected Minor Injury,None,39.14053567,-77.20945223,"(39.14053567, -77.20945223)"
MCP12270023,240026236,MONTGOMERY,Fatal Crash,06/03/2024 01:17:00 AM,Municipality Route,ANNE AVE,UNIVERSITY BLVD,,,Pedestrian,Single Vehicle,Clear,Dry,Dark - Lighted,No Controls,"Unknown, Unknown","Suspect of Alcohol Use, Unknown",BA381716-889B-48F0-97C9-73347B116913,Pedestrian,Standing,"In Roadway Improperly (Standing, Lying, Working, Playing), Not Visible (Dark Clothing, No Lighting, etc.)",Travel Lane Other Location,Yes,Fatal Injury,None,38.99090245,-76.98979047,"(38.99090245, -76.98979047)"
MCP3391000N,240011067,MONTGOMERY,Injury Crash,03/07/2024 12:28:00 PM,County Route,IDEAL DR,,,,Pedestrian,Angle,Clear,Dry,Daylight,No Controls,"Not Suspect of Alcohol Use, Not Suspect of Drug Use","Not Suspect of Alcohol Use, Not Suspect of Drug Use",0406ED28-50D8-4996-ACA2-F62807D9FC55,Pedestrian,Getting Off/On Vehicle,Unknown,Driveway Access,No,Suspected Minor Injury,None,39.07059356,-77.04769143,"(39.07059356, -77.04769143)"
EJ7879004D,240042885,GAITHERSBURG,Injury Crash,09/09/2024 09:13:00 PM,County Route,FIELDS RD,ELLINGTON BLVD RIO BLVD,,,Pedestrian,Single Vehicle,Clear,Dry,Dark - Lighted,Traffic Control Signal,"Not Suspect of Alcohol Use, Not Suspect of Drug Use","Not Suspect of Alcohol Use, Not Suspect of Drug Use",1ABF9F17-3210-44F7-8082-3E820B05CA93,Pedestrian,Cross/Enter at Intersection,None (No Improper Action),Intersection Marked Crosswalk,No,Suspected Minor Injury,None,39.11583623,-77.20382941,"(39.11583623, -77.20382941)"
MCP2678004X,240042955,MONTGOMERY,Injury Crash,09/10/2024 10:29:00 AM,County Route,RANDOLPH RD,DALEWOOD DR (EB/L),,,Pedestrian,Single Vehicle,Clear,Dry,Daylight,Traffic Control Signal,"Not Suspect of Alcohol Use, Not Suspect of Drug Use","Not Suspect of Alcohol Use, Not Suspect of Drug Use",D029E254-B4FF-479D-A240-D40BB57E2457,Pedestrian,Cross/Enter at Intersection,None (No Improper Action),Intersection Marked Crosswalk,No,Suspected Minor Injury,None,39.05906953,-77.06885197,"(39.05906953, -77.06885197)"
MCP289100DS,240039168,MONTGOMERY,Injury Crash,08/19/2024 01:48:00 PM,County Route,DALE DR,,,,Scooter (electric),Single Vehicle,Clear,Dry,Daylight,Traffic Control Signal,"Not Suspect of Alcohol Use, Not Suspect of Drug Use","Not Suspect of Alcohol Use, Not Suspect of Drug Use",8809A3A2-C5C4-4706-9223-E499DC1E29E8,Scooter (electric),Cross/Enter at Intersection,"Inattentive (Talking, Eating, etc.), None (No Improper Action)",Intersection Marked Crosswalk,Yes,Suspected Minor Injury,None,39.00521457,-77.02278187,"(39.00521457, -77.02278187)"
EJ7873009S,240042127,GAITHERSBURG,Injury Crash,09/02/2024 03:00:00 PM,Municipality Route,TULIP DR,,,,Pedestrian,Single Vehicle,Clear,Dry,Daylight,No Controls,"Unknown, Unknown","Unknown, Unknown",3F047DF4-1C47-41F2-9DDB-F039F3252FFE,Pedestrian,Other,Other,Shoulder/Roadside,No,Possible Injury,None,39.13759112,-77.19061836,"(39.13759112, -77.19061836)"
MCP3377002B,240045812,MONTGOMERY,Injury Crash,09/25/2024 05:32:00 PM,Private Route,,EDSON LA ROCKVILLE PIKE,,,Pedestrian,Single Vehicle,Clear,Wet,Other,Traffic Control Signal,"Not Suspect of Alcohol Use, Not Suspect of Drug Use","Not Suspect of Alcohol Use, Not Suspect of Drug Use",4FB84F54-13CD-42DB-8668-C3BA247141CB,Pedestrian,Cross/Enter at Intersection,None (No Improper Action),Intersection Marked Crosswalk,No,Suspected Minor Injury,None,39.04044106,-77.10953018,"(39.04044106, -77.10953018)"
MCP209400NR,240042790,MONTGOMERY,Injury Crash,09/09/2024 02:44:00 PM,County Route,ROCK SPRING DR,,,,Pedestrian,Single Vehicle,Clear,Dry,Daylight,No Controls,"Not Suspect of Alcohol Use, Not Suspect of Drug Use","Not Suspect of Alcohol Use, Not Suspect of Drug Use",FA5302CF-3030-4217-A507-B8CD5E3B154A,Pedestrian,Cross/Enter at Intersection,Dart/Dash,Intersection Marked Crosswalk,Yes,Suspected Minor Injury,None,39.02675978,-77.12771321,"(39.02675978, -77.12771321)"
DM8352000Y,240051851,TAKOMA,Injury Crash,10/29/2024 06:50:00 PM,Maryland (State) Route,EAST WEST HWY (WB/L),,,,Pedestrian,Single Vehicle,Clear,Dry,Daylight,No Controls,"Not Suspect of Alcohol Use, Not Suspect of Drug Use","Not Suspect of Alcohol Use, Not Suspect of Drug Use",E135009A-1F9F-48A2-B63E-0192942FF4B5,Pedestrian,Cross/Enter Not at Intersection,"Failure to Obey Traffic Signs, Signals, or Officer, Failure to Yield Right-Of-Way",Other,No,Suspected Minor Injury,None,38.97538836,-76.99333842,"(38.97538836, -76.99333842)"
DD5665002H,240045444,ROCKVILLE,Injury Crash,09/23/2024 06:20:00 PM,Municipality Route,MARYLAND AVE,E MONTGOMERY AVE E MONTGOMERY AVE AT COURTHOUSE SQ,,,Pedestrian,Single Vehicle,Rain,Wet,Daylight,Stop Sign,"Unknown, Unknown","Not Suspect of Alcohol Use, Not Suspect of Drug Use",FA6FF283-FA41-48B9-8BB4-EDD21F6E1F95,Pedestrian,Cross/Enter at Intersection,None (No Improper Action),Intersection Marked Crosswalk,No,Possible Injury,None,39.08405605,-77.15091968,"(39.08405605, -77.15091968)"
MCP3129009X,240042227,MONTGOMERY,Injury Crash,09/06/2024 08:41:00 AM,County Route,DALEWOOD DR,RANDOLPH RD (WB/L),,,Cyclist (Electric),Single Vehicle,Clear,Dry,Daylight,Pedestrian Crossing Sign,"Not Suspect of Alcohol Use, Not Suspect of Drug Use","Not Suspect of Alcohol Use, Not Suspect of Drug Use",09C2678B-B110-442E-9FDB-8AC7A2928688,Cyclist (Electric),Cross/Enter at Intersection,None (No Improper Action),Intersection Marked Crosswalk,No,Suspected Minor Injury,Unknown,39.05921025,-77.06917922,"(39.05921025, -77.06917922)"
MCP31680073,240044128,MONTGOMERY,Injury Crash,09/16/2024 02:58:00 PM,,,,Parking Lot Way        IN THE PARKING LOT OF 15501 A FREDERICK ROAD,,Pedestrian,Single Vehicle,Clear,,Daylight,,"Not Suspect of Alcohol Use, Not Suspect of Drug Use","Not Suspect of Alcohol Use, Not Suspect of Drug Use",E0E5AA24-A74C-44C2-8C2E-44245C733976,Pedestrian,Cross/Enter at Intersection,None (No Improper Action),Intersection Marked Crosswalk,No,Suspected Minor Injury,None,39.10955539,-77.15996091,"(39.10955539, -77.15996091)"
MCP3193005Z,240047614,MONTGOMERY,Injury Crash,10/05/2024 07:20:00 PM,County Route,PENDLETON DR,,,,Pedestrian,Single Vehicle,Clear,Dry,Dark - Unknown Lighting,No Controls,"Not Suspect of Alcohol Use, Not Suspect of Drug Use","Not Suspect of Alcohol Use, Not Suspect of Drug Use",5EAFD405-039D-42FA-9947-27A6EC33DB6B,Pedestrian,Cross/Enter at Intersection,None (No Improper Action),Intersection Marked Crosswalk,No,Suspected Minor Injury,None,39.04695767,-77.06717667,"(39.04695767, -77.06717667)"
MCP3068005S,240044548,MONTGOMERY,Injury Crash,09/18/2024 04:51:00 PM,Maryland (State) Route,RIVER RD,,,,Cyclist (non-electric),Single Vehicle,Clear,Wet,Daylight,No Controls,"Not Suspect of Alcohol Use, Not Suspect of Drug Use","Not Suspect of Alcohol Use, Not Suspect of Drug Use",2C62D658-37B7-48DA-A9A0-867D8DA02DB7,Cyclist (non-electric),Walking/Cycling Along Roadway Against Traffic (In or Adjacent to Travel Lane),None (No Improper Action),OnStreet Bike Lanes,No,Suspected Minor Injury,None,38.96430251,-77.10294491,"(38.96430251, -77.10294491)"
DD559500G5,24005590,ROCKVILLE,Injury Crash,09/17/2024 02:00:00 PM,Municipality Route,PARK RD (WB/L),,,,Wheelchair (electric),Single Vehicle,Unknown,,Daylight,Traffic Control Signal,"Unknown, Unknown","Unknown, Unknown",161FC585-0159-45B8-8DC4-7EBA1DA6B789,Wheelchair (electric),Cross/Enter at Intersection,None (No Improper Action),Intersection Marked Crosswalk,No,Suspected Minor Injury,None,39.08559428,-77.14638217,"(39.08559428, -77.14638217)"
MCP2760005X,240044180,MONTGOMERY,Injury Crash,09/16/2024 06:30:00 PM,County Route,CONTOUR RD,,,,"Occupant of Motor Vehicle Not in Transport, Pedestrian",Front to Rear,Clear,Dry,Daylight,No Controls,"Not Suspect of Alcohol Use, Not Suspect of Drug Use","Not Suspect of Alcohol Use, Not Suspect of Drug Use",1F6D79EE-16E2-43FE-B908-B9F5A84AE052,Occupant of Motor Vehicle Not in Transport,Other Working,None (No Improper Action),Other,No,Suspected Minor Injury,None,39.15404,-77.19673333,"(39.15404, -77.19673333)"
MCP3261001G,240041201,MONTGOMERY,Injury Crash,08/31/2024 02:58:00 AM,,,,Parking Lot Way        IN PARKING LOT OF 8367 SNOUFFER SCHOOL RD,,Pedestrian,Front to Rear,Clear,,Dark - Lighted,,"Unknown, Unknown","Suspect of Alcohol Use, Not Suspect of Drug Use",7E2BD8C2-2F70-409E-9ABC-0FBAA1B376CC,Pedestrian,Standing,None (No Improper Action),Other,No,Possible Injury,None,39.16694259,-77.17132507,"(39.16694259, -77.17132507)"
MCP3422000G,240044521,MONTGOMERY,Injury Crash,09/16/2024 03:28:00 PM,Other Public Roadway,CROYDON CT,,,,Pedestrian,Single Vehicle,Unknown,Dry,Unknown,No Controls,"Not Suspect of Alcohol Use, Not Suspect of Drug Use","Not Suspect of Alcohol Use, Not Suspect of Drug Use",3581DED2-F4D7-4C52-843A-D4793B2BCD8B,Pedestrian,Walking/Cycling on Sidewalk,Unknown,Travel Lane Other Location,No,Suspected Minor Injury,None,39.00363152,-77.01238494,"(39.00363152, -77.01238494)"