Report Number,Local Case Number,Agency Name,ACRS Report Type,Crash Date/Time,Route Type,Road Name,Cross-Street Name,Off-Road Description,Municipality,Related Non-Motorist,Collision Type,Weather,Surface Condition,Light,Traffic Control,Driver Substance Abuse,Non-Motorist Substance Abuse,Person ID,Pedestrian Type,Pedestrian Movement,Pedestrian Actions,Pedestrian Location,At Fault,Injury Severity,Safety Equipment,Latitude,Longitude,Location
MCP2047005J,240044859,MONTGOMERY,Injury Crash,09/20/2024 12:02:00 PM,Municipality Route,FISHERS LA,FISHERS LA TWINBROOK PKWY,,,Pedestrian,Single Vehicle,Clear,Dry,Daylight,Pedestrian Crossing Sign,"Not Suspect of Alcohol Use, Not Suspect of Drug Use","Not Suspect of Alcohol Use, Not Suspect of Drug Use",04F2094D-294C-407C-A5AE-F07F81E46EB0,Pedestrian,Cross/Enter at Intersection,Unknown,Intersection Marked Crosswalk,No,Suspected Minor Injury,None,39.06275181,-77.11658525,"(39.06275181, -77.11658525)"
MCP301000B5,240044487,MONTGOMERY,Injury Crash,09/18/2024 01:06:00 PM,Private Route,,EDSON LA ROCKVILLE PIKE,,,Pedestrian,Single Vehicle,Clear,Dry,Daylight,Traffic Control Signal,"Not Suspect of Alcohol Use, Not Suspect of Drug Use","Not Suspect of Alcohol Use, Not Suspect of Drug Use",6403DFB0-CA7A-48C3-BEE4-918E261B8C7A,Pedestrian,Cross/Enter at Intersection,None (No Improper Action),Intersection Marked Crosswalk,No,Suspected Minor Injury,None,39.04038334,-77.10953694,"(39.04038334, -77.10953694)"
MCP29650094,240044614,MONTGOMERY,Injury Crash,09/19/2024 08:30:00 AM,Maryland (State) Route,GEORGIA AVE (SB/L),PRINCE PHILIP DR QUEEN ELIZABETH DR (SB/L),,,Pedestrian,Single Vehicle,Cloudy,Dry,Daylight,Traffic Control Signal,"Not Suspect of Alcohol Use, Not Suspect of Drug Use","Not Suspect of Alcohol Use, Not Suspect of Drug Use",BED94484-DC5E-48FA-AD1B-F7C6925CEAFE,Pedestrian,Cross/Enter at Intersection,None (No Improper Action),Intersection Marked Crosswalk,No,Suspected Minor Injury,None,39.15915007,-77.06450665,"(39.15915007, -77.06450665)"
MCP1378019B,240044560,MONTGOMERY,Injury Crash,09/18/2024 04:50:00 PM,County Route,KILCREGGAN TERR,,,,Pedestrian,Single Vehicle,Cloudy,Wet,Daylight,No Controls,"Not Suspect of Alcohol Use, Not Suspect of Drug Use","Not Suspect of Alcohol Use, Not Suspect of Drug Use",30DA780F-1E03-447D-BB68-2364AE23D436,Pedestrian,Cross/Enter Not at Intersection,Dart/Dash,Travel Lane Other Location,Yes,Suspected Minor Injury,None,39.17836059,-77.15542049,"(39.17836059, -77.15542049)"
MCP24500057,240043458,MONTGOMERY,Injury Crash,09/12/2024 07:44:00 PM,Maryland (State) Route,FREDERICK RD (SB/L),,,,Scooter (electric),Single Vehicle,Clear,Dry,Dark - Lighted,Stop Sign,"Not Suspect of Alcohol Use, Not Suspect of Drug Use","Not Suspect of Alcohol Use, Not Suspect of Drug Use",7AC01ABC-4C45-44AA-8F97-E2EED08590BA,Scooter (electric),Unknown,"Failure to Yield Right-Of-Way, Improper Passing",Intersection Marked Crosswalk,Yes,Suspected Minor Injury,None,39.15474883,-77.21498816,"(39.15474883, -77.21498816)"
MCP2905006H,240042261,MONTGOMERY,Injury Crash,09/05/2024 01:15:00 PM,Maryland (State) Route,VEIRS MILL RD (WB/L),,,,Pedestrian,Single Vehicle,Clear,Dry,Daylight,Traffic Control Signal,"Unknown, Unknown","Unknown, Unknown",5D71DD50-C29F-406B-9DBD-8D31C0B4354C,Pedestrian,Cross/Enter Not at Intersection,Other,Shoulder/Roadside,Yes,Suspected Minor Injury,None,39.03701011,-77.05100781,"(39.03701011, -77.05100781)"
MCP3107002Y,240044713,MONTGOMERY,Injury Crash,09/19/2024 02:31:00 PM,Local Route,DECKER PL,,,,Unknown Type Of Non-Motorist,Single Vehicle,Clear,Dry,Daylight,No Controls,"Not Suspect of Alcohol Use, Not Suspect of Drug Use","Not Suspect of Alcohol Use, Not Suspect of Drug Use",7E25067C-DB41-4629-95A2-86C67C172A0D,Unknown Type Of Non-Motorist,Other Working,"In Roadway Improperly (Standing, Lying, Working, Playing)",Travel Lane Other Location,No,Suspected Minor Injury,None,39.126935,-77.16730333,"(39.126935, -77.16730333)"
EJ7902001H,240035512,GAITHERSBURG,Injury Crash,07/27/2024 11:56:00 PM,,,,Parking Lot Way        PARKING LOT OF 317 E DIAMOND,,Pedestrian,Single Vehicle,Clear,,Dark - Lighted,,"Unknown, Unknown","Not Suspect of Alcohol Use, Not Suspect of Drug Use",9BD925A7-05E2-4AE3-A537-2E38136AD9D9,Pedestrian,Standing,None (No Improper Action),Other,No,Suspected Minor Injury,None,39.14203074,-77.1916528,"(39.14203074, -77.1916528)"
EJ79060013,240045114,GAITHERSBURG,Injury Crash,09/21/2024 07:10:00 PM,Maryland (State) Route,CLOPPER RD,FIRSTFIELD RD (EB/L),,,Pedestrian,Single Vehicle,Cloudy,Dry,Daylight,Traffic Control Signal,"Not Suspect of Alcohol Use, Not Suspect of Drug Use","Not Suspect of Alcohol Use, Not Suspect of Drug Use",E2DB23E2-68FE-4BEC-B31C-0B13DA26576D,Pedestrian,Cross/Enter at Intersection,Unknown,Intersection Marked Crosswalk,No,Suspected Minor Injury,None,39.14380693,-77.223874,"(39.14380693, -77.223874)"
MCP3422000D,240043220,MONTGOMERY,Injury Crash,09/11/2024 03:15:00 PM,County Route,,DAMERON DR,,,Pedestrian,Single Vehicle,Clear,Dry,Daylight,Traffic Control Signal,"Not Suspect of Alcohol Use, Not Suspect of Drug Use","Not Suspect of Alcohol Use, Not Suspect of Drug Use",A5FB7FE6-6EA5-4A5B-8DC6-9637D59D8027,Pedestrian,Cross/Enter at Intersection,None (No Improper Action),Intersection Marked Crosswalk,No,Suspected Minor Injury,None,39.01595783,-77.03662176,"(39.01595783, -77.03662176)"
MCP3312005B,240040465,MONTGOMERY,Property Damage Crash,08/27/2024 06:55:00 AM,County Route,BOURNEFIELD WAY,BROADBIRCH DR,,,Cyclist (Electric),Single Vehicle,Clear,Dry,Daylight,Stop Sign,"Not Suspect of Alcohol Use, Not Suspect of Drug Use","Not Suspect of Alcohol Use, Not Suspect of Drug Use",54292CF5-EF13-41CA-B688-53DE6C4D19BC,Cyclist (Electric),Cross/Enter at Intersection,Unknown,Intersection Marked Crosswalk,No,No Apparent Injury,None,39.05556281,-76.96164673,"(39.05556281, -76.96164673)"
MCP268900BP,240044315,MONTGOMERY,Injury Crash,09/17/2024 03:53:00 PM,County Route,DUFIEF MILL RD,AMBERLEA FARM DR PLEASANT MEADOWS DR,,,Scooter (electric),Single Vehicle,Rain,Wet,Daylight,Stop Sign,"Not Suspect of Alcohol Use, Not Suspect of Drug Use","Not Suspect of Alcohol Use, Not Suspect of Drug Use",B853EFDD-21A2-4774-908C-BDBCCD7FDE9C,Scooter (electric),Cross/Enter at Intersection,"Failure to Obey Traffic Signs, Signals, or Officer, Failure to Yield Right-Of-Way",Intersection Other,No,Suspected Serious Injury,"Helmet, Protective Pads (elbows, knees, shins, etc.)",39.08889233,-77.2361005,"(39.08889233, -77.2361005)"
DM8502001G,240043449,TAKOMA,Injury Crash,09/12/2024 06:51:00 PM,Municipality Route,MAPLE AVE,,,,Cyclist (non-electric),Single Vehicle,Clear,Dry,Daylight,No Controls,"Not Suspect of Alcohol Use, Not Suspect of Drug Use","Not Suspect of Alcohol Use, Not Suspect of Drug Use",F525B48E-0EB0-4878-BDB3-1B25AB46C6B8,Cyclist (non-electric),Walking/Cycling Along Roadway With Traffic (In or Adjacent to Travel Lane),Unknown,Shared Lane Markings),Yes,Suspected Minor Injury,Unknown,38.98329967,-77.00537099,"(38.98329967, -77.00537099)"
MCP2395002J,240043978,MONTGOMERY,Injury Crash,09/15/2024 06:40:00 PM,,,,Parking Lot Way        CROSSWALK FROM 14939 SHADY GROVE RD,,Pedestrian,Single Vehicle,Clear,,Dusk,,"Not Suspect of Alcohol Use, Not Suspect of Drug Use","Not Suspect of Alcohol Use, Not Suspect of Drug Use",DE1F85FE-74A2-404E-8D12-CCE98725A689,Pedestrian,Other,None (No Improper Action),Intersection Marked Crosswalk,No,Suspected Serious Injury,None,39.09766523,-77.19236342,"(39.09766523, -77.19236342)"
MCP3295004G,240042507,MONTGOMERY,Property Damage Crash,09/07/2024 07:47:00 PM,,,,Parking Aisle        INFRONT OF 12028 CHERRY HILL RD,,Pedestrian,Single Vehicle,Clear,,Dark - Lighted,,"Unknown, Unknown","Not Suspect of Alcohol Use, Not Suspect of Drug Use",83B7AA0B-9DB6-4E4D-8A49-E7AD12B3E12F,Pedestrian,Cross/Enter at Intersection,None (No Improper Action),Intersection Marked Crosswalk,No,No Apparent Injury,None,39.05462575,-76.95611885,"(39.05462575, -76.95611885)"
MCP28980057,240043967,MONTGOMERY,Injury Crash,09/15/2024 05:23:00 PM,Other Public Roadway,EMERALD GREEN DR,,,,Cyclist (non-electric),Single Vehicle,Clear,Dry,Daylight,Stop Sign,"Not Suspect of Alcohol Use, Not Suspect of Drug Use","Not Suspect of Alcohol Use, Not Suspect of Drug Use",E31D9E54-5758-4432-8A5E-E7596186AF49,Cyclist (non-electric),Cross/Enter at Intersection,Failure to Yield Right-Of-Way,Intersection Unmarked Crosswalk,Yes,Possible Injury,Helmet,39.22235691,-77.24708679,"(39.22235691, -77.24708679)"
MCP3148006W,240043406,MONTGOMERY,Injury Crash,09/12/2024 03:44:00 PM,Maryland (State) Route,WISCONSIN AVE,WESTERN AVE,,,Pedestrian,Single Vehicle,Clear,Dry,Daylight,Traffic Control Signal,"Not Suspect of Alcohol Use, Not Suspect of Drug Use","Not Suspect of Alcohol Use, Not Suspect of Drug Use",7D9074D3-7FA8-41EB-AE87-366D42169C04,Pedestrian,Cross/Enter at Intersection,"Inattentive (Talking, Eating, etc.)",Intersection Marked Crosswalk,No,Possible Injury,None,38.96086302,-77.08582751,"(38.96086302, -77.08582751)"
MCP3052003Y,240043312,MONTGOMERY,Injury Crash,09/12/2024 04:04:00 AM,County Route,BRASSIE WAY,,,,Pedestrian,Single Vehicle,Clear,Dry,Dark - Lighted,No Controls,"Not Suspect of Alcohol Use, Not Suspect of Drug Use","Not Suspect of Alcohol Use, Not Suspect of Drug Use",C04A6176-AFA4-4B3C-800B-9B7E2EA16DB9,Pedestrian,None,"In Roadway Improperly (Standing, Lying, Working, Playing)",Travel Lane Other Location,No,Suspected Minor Injury,None,39.17540261,-77.20233654,"(39.17540261, -77.20233654)"
MCP3165005M,240051926,MONTGOMERY,Injury Crash,10/30/2024 06:30:00 AM,County Route,GREENCASTLE RD,,,,Pedestrian,Unknown,Clear,Dry,Dark - Not Lighted,No Controls,"Unknown, Unknown","Not Suspect of Alcohol Use, Not Suspect of Drug Use",1C23D96A-CB5A-4C57-9A90-2164EA83AA2F,Pedestrian,None,None (No Improper Action),Intersection Other,No,Suspected Minor Injury,None,39.08832533,-76.93081733,"(39.08832533, -76.93081733)"
MCP30950059,240044510,MONTGOMERY,Injury Crash,09/18/2024 02:46:00 PM,Maryland (State) Route,NEW HAMPSHIRE AVE (SB/L),,,,Cyclist (non-electric),Single Vehicle,Clear,Dry,Daylight,Traffic Control Signal,"Not Suspect of Alcohol Use, Not Suspect of Drug Use","Not Suspect of Alcohol Use, Not Suspect of Drug Use",7BC5F509-8F9B-4E9C-A0FD-54F7E21AFF4C,Cyclist (non-electric),Walking/Cycling Along Roadway With Traffic (In or Adjacent to Travel Lane),Improper Turn/Merge),OnStreet Bike Lanes,Yes,Suspected Minor Injury,Helmet,39.06405568,-76.99955396,"(39.06405568, -76.99955396)"
MCP3079006R,240051595,MONTGOMERY,Injury Crash,10/28/2024 07:30:00 AM,Local Route,THUNDERHEAD WAY,,,,Pedestrian,Rear To Side,Clear,Dry,Daylight,No Controls,"Not Suspect of Alcohol Use, Not Suspect of Drug Use, Not Suspect of Alcohol Use, Not Suspect of Drug Use","Not Suspect of Alcohol Use, Not Suspect of Drug Use",4F042247-B9BA-4542-918B-E27501C5ACAE,Pedestrian,Other Working,None (No Improper Action),Travel Lane Other Location,No,Possible Injury,Other,39.18915951,-77.27041344,"(39.18915951, -77.27041344)"
EJ7907000Z,240058233,GAITHERSBURG,Injury Crash,12/05/2024 05:15:00 PM,Maryland (State) Route,,PHEASANT RUN DR W WATKINS MILL RD,,,Pedestrian,Single Vehicle,Clear,Dry,Dark - Lighted,Traffic Control Signal,"Not Suspect of Alcohol Use, Not Suspect of Drug Use","Not Suspect of Alcohol Use, Not Suspect of Drug Use",92703A2D-F27A-47E1-B5BA-609068BEFBF2,Pedestrian,Cross/Enter at Intersection,None (No Improper Action),Intersection Marked Crosswalk,No,Suspected Minor Injury,None,39.14758319,-77.23292448,"(39.14758319, -77.23292448)"
MCP29300052,240058566,MONTGOMERY,Injury Crash,12/07/2024 04:05:00 PM,,,,Parking Lot Way        PARKING LOT IN FRONT OF 13850 GEORGIA AVENUE,,Pedestrian,Unknown,Clear,,Daylight,,"Unknown, Unknown","Not Suspect of Alcohol Use, Not Suspect of Drug Use",05833314-BA57-4DDE-8C7E-0FB1A886FF15,Pedestrian,Unknown,Unknown,Other,No,Suspected Minor Injury,None,39.08144894,-77.07855102,"(39.08144894, -77.07855102)"
DD5538004W,240058061,ROCKVILLE,Injury Crash,12/04/2024 06:27:00 PM,Maryland (State) Route,W MONTGOMERY AVE (WB/L),HURLEY AVE HURLEY AVE (NB/L),,,Pedestrian,Single Vehicle,Clear,Dry,Dark - Lighted,Traffic Control Signal,"Not Suspect of Alcohol Use, Not Suspect of Drug Use","Unknown, Unknown",72C7E611-C01E-4FED-B7D0-992F104A95D8,Pedestrian,Cross/Enter at Intersection,"Dart/Dash, Failure to Obey Traffic Signs, Signals, or Officer, Not Visible (Dark Clothing, No Lighting, etc.), Other",Intersection Other,Yes,Possible Injury,None,39.08923137,-77.17793074,"(39.08923137, -77.17793074)"
MCP2001002B,240042560,MONTGOMERY,Fatal Crash,09/08/2024 04:40:00 AM,Maryland (State) Route,NEW HAMPSHIRE AVE (SB/L),RODNEY RD,,,Pedestrian,Single Vehicle,Clear,Dry,Dark - Unknown Lighting,Stop Sign,"Suspect of Alcohol Use, Unknown","Not Suspect of Alcohol Use, Not Suspect of Drug Use",E7478DA5-AC66-4571-A76F-25F05C80855A,Pedestrian,Cross/Enter at Intersection,Unknown,Intersection Other,Yes,Fatal Injury,None,39.02867395,-76.98327452,"(39.02867395, -76.98327452)"
MCP12270026,240045651,MONTGOMERY,Fatal Crash,09/24/2024 09:12:00 PM,Maryland (State) Route,HUNGERFORD DR,,,,Pedestrian,Single Vehicle,Rain,Wet,Dark - Lighted,Traffic Control Signal,"Not Suspect of Alcohol Use, Not Suspect of Drug Use","Suspect of Alcohol Use, Suspect of Drug Use",B26A5ADF-5818-4654-960E-6D05B84F6EE8,Pedestrian,Cross/Enter Not at Intersection,Unknown,Travel Lane Other Location,Yes,Fatal Injury,None,39.0876499,-77.15016766,"(39.0876499, -77.15016766)"
MCP32800064,240058187,MONTGOMERY,Injury Crash,11/25/2024 08:45:00 AM,,,,"Driveway        DRIVEWAY OF 401 UNIVERSITY BLVD W, SILVER SPRING, MD 20901",,Pedestrian,Single Vehicle,Unknown,,Daylight,,"Not Suspect of Alcohol Use, Not Suspect of Drug Use","Not Suspect of Alcohol Use, Not Suspect of Drug Use",6929B482-6EFB-46A8-BF2B-F13E236A6FB3,Pedestrian,Cross/Enter Not at Intersection,"Dart/Dash, Inattentive (Talking, Eating, etc.)",Driveway Access,Yes,Suspected Serious Injury,None,39.02521336,-77.01897042,"(39.02521336, -77.01897042)"
MCP3431000J,240058081,MONTGOMERY,Injury Crash,12/04/2024 08:11:00 PM,Maryland (State) Route,CLOPPER RD,,,,Pedestrian,Unknown,Clear,Dry,Dark - Lighted,Traffic Control Signal,"Not Suspect of Alcohol Use, Not Suspect of Drug Use","Not Suspect of Alcohol Use, Not Suspect of Drug Use",9A6BF85C-E92A-4800-A954-D41590BE486E,Pedestrian,Walking/Cycling on Sidewalk,"Not Visible (Dark Clothing, No Lighting, etc.)",Intersection Marked Crosswalk,No,Suspected Minor Injury,None,39.15901192,-77.27554972,"(39.15901192, -77.27554972)"
MCP2455006P,240014854,MONTGOMERY,Injury Crash,03/29/2024 08:17:00 PM,County Route,E JEFFERSON ST,,,,Scooter (electric),Single Vehicle,Clear,Dry,Dark - Lighted,Pedestrian Crossing Sign,"Not Suspect of Alcohol Use, Not Suspect of Drug Use","Not Suspect of Alcohol Use, Not Suspect of Drug Use",67631C81-3F26-4B65-AA32-AC14B2C6FE83,Scooter (electric),Cross/Enter Not at Intersection,Failure to Yield Right-Of-Way,Midblock Marked Crosswalk,No,Possible Injury,None,39.05626817,-77.12622401,"(39.05626817, -77.12622401)"
MCP31900063,240031646,MONTGOMERY,Property Damage Crash,07/05/2024 08:44:00 AM,Maryland (State) Route,GEORGIA AVE (SB/L),EMORY LA,,,Cyclist (non-electric),Single Vehicle,Clear,Dry,Daylight,Pedestrian Crossing Sign,"Not Suspect of Alcohol Use, Not Suspect of Drug Use","Not Suspect of Alcohol Use, Not Suspect of Drug Use",1617AE5A-F1D3-4F10-A50E-AD8B667899B5,Cyclist (non-electric),Cross/Enter at Intersection,Unknown,Intersection Marked Crosswalk,No,No Apparent Injury,Helmet,39.12614608,-77.07261279,"(39.12614608, -77.07261279)"
MCP3030005V,240004178,MONTGOMERY,Injury Crash,01/26/2024 03:05:00 PM,Maryland (State) Route,RIVER RD,GOLDSBORO RD (SB/L),,,Cyclist (non-electric),Single Vehicle,Clear,Dry,Daylight,Traffic Control Signal,"Not Suspect of Alcohol Use, Not Suspect of Drug Use","Not Suspect of Alcohol Use, Not Suspect of Drug Use",1DA2342E-6494-4715-A290-B73C3BF00A88,Cyclist (non-electric),Walking/Cycling Along Roadway With Traffic (In or Adjacent to Travel Lane),None (No Improper Action),Intersection Other,No,Suspected Serious Injury,Helmet,38.97303657,-77.12209734,"(38.97303657, -77.12209734)"
MCP1433005T,240023666,MONTGOMERY,Injury Crash,05/19/2024 06:35:00 PM,Maryland (State) Route,ROCKVILLE PIKE (SB/L),,,,Cyclist (Electric),Single Vehicle,Clear,Dry,Daylight,No Controls,"Not Suspect of Alcohol Use, Not Suspect of Drug Use","Not Suspect of Alcohol Use, Not Suspect of Drug Use",55FB093E-F09F-4061-8501-9390DE40B889,Cyclist (Electric),Cross/Enter at Intersection,None (No Improper Action),Intersection Marked Crosswalk,No,Suspected Minor Injury,Helmet,39.05809084,-77.12092011,"(39.05809084, -77.12092011)"
EJ7888006F,240032939,GAITHERSBURG,Injury Crash,07/12/2024 05:00:00 PM,County Route,MUDDY BRANCH RD (SB/L),DIAMONDBACK DR,,,Unknown Type Of Non-Motorist,Single Vehicle,Clear,Dry,Daylight,Traffic Control Signal,"Not Suspect of Alcohol Use, Not Suspect of Drug Use","Not Suspect of Alcohol Use, Not Suspect of Drug Use",A7D3EA3D-396B-45F0-A6A8-F183817BAF71,Unknown Type Of Non-Motorist,Cross/Enter at Intersection,Failure to Yield Right-Of-Way,Intersection Other,Yes,Suspected Serious Injury,None,39.11514333,-77.21599867,"(39.11514333, -77.21599867)"
MCP27710038,240001460,MONTGOMERY,Injury Crash,01/10/2024 08:53:00 AM,County Route,BUSHEY DR,,,,Pedestrian,Single Vehicle,Cloudy,Wet,Daylight,No Controls,"Not Suspect of Alcohol Use, Not Suspect of Drug Use","Not Suspect of Alcohol Use, Not Suspect of Drug Use",3D26854D-8B50-406E-8B2F-C5C2A90A3319,Pedestrian,Walking/Cycling Along Roadway Against Traffic (In or Adjacent to Travel Lane),"In Roadway Improperly (Standing, Lying, Working, Playing)",Travel Lane Other Location,Yes,Possible Injury,None,39.0592475,-77.07731033,"(39.0592475, -77.07731033)"
EJ7898003F,240034286,GAITHERSBURG,Injury Crash,07/20/2024 02:20:00 PM,,,,Parking Aisle        33 DALAMAR ST (MEGAMART),,Pedestrian,Single Vehicle,Cloudy,,Daylight,,"Not Suspect of Alcohol Use, Not Suspect of Drug Use","Not Suspect of Alcohol Use, Not Suspect of Drug Use",53460626-C1C9-4761-BBC6-3FC1C70B59C7,Pedestrian,Other,None (No Improper Action),Driveway Access,No,Suspected Minor Injury,None,39.14570983,-77.20552117,"(39.14570983, -77.20552117)"
MCP32080053,240002912,MONTGOMERY,Injury Crash,01/18/2024 10:30:00 PM,US (State),COLUMBIA PIKE (SB/L),,,,Occupant of Motor Vehicle Not in Transport,"Sideswipe, Same Direction",Clear,Dry,Dark - Lighted,No Controls,"Not Suspect of Alcohol Use, Not Suspect of Drug Use","Not Suspect of Alcohol Use, Not Suspect of Drug Use",08B706A9-91D3-4EE6-A008-26F077E529EC,Occupant of Motor Vehicle Not in Transport,Push/Work on Vehicle,None (No Improper Action),Shoulder/Roadside,No,Suspected Minor Injury,None,39.12681134,-76.92309001,"(39.12681134, -76.92309001)"
MCP3078005L,240030725,MONTGOMERY,Injury Crash,06/29/2024 11:22:00 AM,,,,Parking Aisle        13701 GEORGIA AVENUE SILVER SPRING MD,,Pedestrian,Single Vehicle,Clear,,Daylight,,"Unknown, Unknown","Not Suspect of Alcohol Use, Not Suspect of Drug Use",1818E51F-CC7E-4717-AF85-AA1794768377,Pedestrian,Cross/Enter Not at Intersection,None (No Improper Action),Travel Lane Other Location,No,Suspected Minor Injury,None,39.08025277,-77.07335497,"(39.08025277, -77.07335497)"
MCP31960043,240030493,MONTGOMERY,Injury Crash,06/30/2024 01:00:00 AM,County Route,MIDDLEBROOK RD (WB/L),,,,Pedestrian,Single Vehicle,Unknown,,Unknown,No Controls,"Unknown, Unknown","Suspect of Alcohol Use, Not Suspect of Drug Use",F81817F9-D0B4-4D22-9E69-35C36274981F,Pedestrian,Walking/Cycling Along Roadway Against Traffic (In or Adjacent to Travel Lane),Unknown,Other,No,Suspected Minor Injury,None,39.17576684,-77.246446,"(39.17576684, -77.246446)"
MCP3080004W,240031575,MONTGOMERY,Injury Crash,07/05/2024 04:31:00 PM,County Route,,TURTLE ROCK TERR,,,Scooter (non-Electric),Single Vehicle,Clear,Dry,Daylight,Stop Sign,"Not Suspect of Alcohol Use, Not Suspect of Drug Use","Not Suspect of Alcohol Use, Not Suspect of Drug Use",37B1CCD9-9440-4B2D-8586-676388744058,Scooter (non-Electric),Cross/Enter at Intersection,Failure to Yield Right-Of-Way,Intersection Unmarked Crosswalk,Yes,Suspected Minor Injury,None,39.23630848,-77.26186039,"(39.23630848, -77.26186039)"
MCP3255005V,240031418,MONTGOMERY,Injury Crash,07/03/2024 04:50:00 AM,County Route,NEW HAMPSHIRE AVE SER RD,,,,Pedestrian,Single Vehicle,Clear,,Dawn,No Controls,"Unknown, Unknown","Not Suspect of Alcohol Use, Not Suspect of Drug Use",6651DC0D-4A59-4419-BFAB-E6899B5A06D7,Pedestrian,Other Working,None (No Improper Action),Intersection Marked Crosswalk,No,Suspected Minor Injury,None,39.01542333,-76.97791332,"(39.01542333, -76.97791332)"
MCP3050005W,240024489,MONTGOMERY,Injury Crash,05/23/2024 05:45:00 PM,County Route,RIPPLING BROOK DR,HEWITT AVE,,,Cyclist (non-electric),Single Vehicle,Clear,Dry,Daylight,No Controls,"Not Suspect of Alcohol Use, Not Suspect of Drug Use","Not Suspect of Alcohol Use, Not Suspect of Drug Use",3D52F354-4B8A-4FE1-AF0C-9B753248CE4A,Cyclist (non-electric),Walking/Cycling on Sidewalk,Other,Other,No,Suspected Minor Injury,Helmet,39.08119582,-77.05585881,"(39.08119582, -77.05585881)"
MCP32300054,240003813,MONTGOMERY,Injury Crash,01/24/2024 08:40:00 PM,County Route,RANDOLPH RD (WB/L),VEIRS MILL RD (WB/L),,,Pedestrian,Single Vehicle,Cloudy,Wet,Dark - Lighted,Traffic Control Signal,"Not Suspect of Alcohol Use, Not Suspect of Drug Use","Not Suspect of Alcohol Use, Not Suspect of Drug Use",758D70AE-B512-4B36-B3E6-CD24D5BAF629,Pedestrian,Cross/Enter at Intersection,None (No Improper Action),Intersection Marked Crosswalk,No,Suspected Minor Injury,None,39.05627232,-77.08254668,"(39.05627232, -77.08254668)"