Report Number,Local Case Number,Agency Name,ACRS Report Type,Crash Date/Time,Route Type,Road Name,Cross-Street Name,Off-Road Description,Municipality,Related Non-Motorist,Collision Type,Weather,Surface Condition,Light,Traffic Control,Driver Substance Abuse,Non-Motorist Substance Abuse,Person ID,Pedestrian Type,Pedestrian Movement,Pedestrian Actions,Pedestrian Location,At Fault,Injury Severity,Safety Equipment,Latitude,Longitude,Location
MCP9365002B,240001656,MONTGOMERY,Injury Crash,01/11/2024 06:40:00 AM,County Route,ASTON MANOR DR,GATESHEAD MANOR WAY,,,Pedestrian,Single Vehicle,Clear,Dry,Dawn,No Controls,"Not Suspect of Alcohol Use, Not Suspect of Drug Use","Not Suspect of Alcohol Use, Not Suspect of Drug Use",DD7030F7-ADC5-440F-89ED-F7DA403576E9,Pedestrian,Cross/Enter at Intersection,None (No Improper Action),Intersection Marked Crosswalk,No,Possible Injury,None,39.07887473,-76.93770202,"(39.07887473, -76.93770202)"
MCP3232004L,240001987,MONTGOMERY,Injury Crash,01/12/2024 05:41:00 PM,,,,Parking Aisle        13490 NEW HAMPSHIRE AVE SILVER SPRING MD 20904,,Pedestrian,Single Vehicle,Clear,,Dark - Lighted,,"Not Suspect of Alcohol Use, Not Suspect of Drug Use","Not Suspect of Alcohol Use, Not Suspect of Drug Use",86F6D8E4-43C1-445D-AC38-2722AE0F18B7,Pedestrian,Other,Unknown,Other,No,Suspected Minor Injury,None,39.07701012,-77.00368684,"(39.07701012, -77.00368684)"
MCP2726008M,240003654,MONTGOMERY,Injury Crash,01/24/2024 06:25:00 AM,County Route,CRABBS BRANCH WAY,,,,Pedestrian,Single Vehicle,Rain,Wet,Dark - Lighted,No Controls,"Not Suspect of Alcohol Use, Not Suspect of Drug Use","Not Suspect of Alcohol Use, Not Suspect of Drug Use",68887B60-20AE-44C2-AFF6-D332C50BEB89,Pedestrian,Cross/Enter at Intersection,None (No Improper Action),Median/Crossing Island,No,Suspected Minor Injury,None,39.11931225,-77.15678466,"(39.11931225, -77.15678466)"
DM83860025,240004368,TAKOMA,Property Damage Crash,01/27/2024 08:30:00 PM,Municipality Route,GRANT AVE,MAPLE AVE,,,Pedestrian,Single Vehicle,Clear,Dry,Dark - Lighted,No Controls,"Not Suspect of Alcohol Use, Not Suspect of Drug Use","Not Suspect of Alcohol Use, Not Suspect of Drug Use",2BA099E2-FCF1-4858-9555-11A290D1B6F5,Pedestrian,Cross/Enter at Intersection,None (No Improper Action),Intersection Marked Crosswalk,No,No Apparent Injury,None,38.98149561,-77.00943623,"(38.98149561, -77.00943623)"
MCP292300BJ,240001297,MONTGOMERY,Injury Crash,01/06/2024 08:38:00 PM,County Route,ENNALLS AVE,GEORGIA AVE,,,Pedestrian,Unknown,Unknown,Dry,Dark - Lighted,No Controls,"Unknown, Unknown","Not Suspect of Alcohol Use, Not Suspect of Drug Use",5A476442-49B4-4F7B-BB4F-ABA499E1BE40,Pedestrian,Walking/Cycling Along Roadway Against Traffic (In or Adjacent to Travel Lane),None (No Improper Action),Driveway Access,No,Suspected Serious Injury,None,39.04102996,-77.05147426,"(39.04102996, -77.05147426)"
MCP9430000B,240024562,MONTGOMERY,Injury Crash,05/24/2024 07:42:00 AM,,,,Driveway        DRIVEWAY TO 10400 OLD GEORGETOWN ROAD (GEORGETOWN SQUARE),,Cyclist (non-electric),Single Vehicle,Clear,,Daylight,,"Not Suspect of Alcohol Use, Not Suspect of Drug Use","Not Suspect of Alcohol Use, Not Suspect of Drug Use",DFBD3025-2978-4640-9D50-67419FE830E1,Cyclist (non-electric),Walking/Cycling on Sidewalk,None (No Improper Action),Driveway Access,No,Suspected Minor Injury,None,39.02668311,-77.12765288,"(39.02668311, -77.12765288)"
MCP3394000B,240003543,MONTGOMERY,Injury Crash,01/23/2024 02:47:00 PM,Maryland (State) Route,WISCONSIN AVE (SB/L),WILLARD AVE,,,Pedestrian,Single Vehicle,Clear,Dry,Daylight,Traffic Control Signal,"Not Suspect of Alcohol Use, Not Suspect of Drug Use","Not Suspect of Alcohol Use, Not Suspect of Drug Use",27F44D8D-A31F-4D74-A1D3-A1582F2EF634,Pedestrian,Cross/Enter at Intersection,Unknown,Intersection Marked Crosswalk,No,Suspected Minor Injury,Unknown,38.96178017,-77.08618317,"(38.96178017, -77.08618317)"
MCP3335002Y,240032765,MONTGOMERY,Injury Crash,07/11/2024 04:24:00 PM,County Route,LINTON ST,PATTON DR,,,Cyclist (non-electric),Single Vehicle,Clear,Dry,Daylight,Stop Sign,"Not Suspect of Alcohol Use, Not Suspect of Drug Use","Not Suspect of Alcohol Use, Not Suspect of Drug Use",8D0D74A0-8E84-4229-8906-862BF568E96E,Cyclist (non-electric),Cross/Enter at Intersection,"Failure to Obey Traffic Signs, Signals, or Officer, Inattentive (Talking, Eating, etc.)",Intersection Other,Yes,Suspected Serious Injury,None,39.00378717,-76.99330517,"(39.00378717, -76.99330517)"
DD5649003N,240005047,ROCKVILLE,Injury Crash,01/31/2024 07:39:00 PM,Municipality Route,N STONESTREET AVE,PARK RD (WB/L),,,Pedestrian,Single Vehicle,Clear,Dry,Dark - Lighted,Flashing Traffic Control Signal,"Not Suspect of Alcohol Use, Not Suspect of Drug Use","Not Suspect of Alcohol Use, Not Suspect of Drug Use",8DD1D459-191D-4EBD-9EDE-18DD214523D4,Pedestrian,Cross/Enter at Intersection,Failure to Yield Right-Of-Way,Intersection Other,No,Suspected Minor Injury,None,39.0855119,-77.1466818,"(39.0855119, -77.1466818)"
MCP2464003C,240032045,MONTGOMERY,Property Damage Crash,07/07/2024 09:40:00 PM,,,,Parking Lot Way        PARKING LOT OF 8555 PINEY BRANCH RD,,Pedestrian,Front to Front,Clear,,Dark - Lighted,,"Not Suspect of Alcohol Use, Not Suspect of Drug Use, Unknown, Unknown","Not Suspect of Alcohol Use, Not Suspect of Drug Use",83A6EAB0-9932-47C6-9750-D49BDFCC3E3B,Pedestrian,Standing,None (No Improper Action),Other,No,No Apparent Injury,None,38.99824041,-77.00109701,"(38.99824041, -77.00109701)"
MCP32280062,240032008,MONTGOMERY,Injury Crash,07/07/2024 05:27:00 PM,Maryland (State) Route,,COLESVILLE RD,,,Cyclist (non-electric),Single Vehicle,Clear,Dry,Daylight,Traffic Control Signal,"Not Suspect of Alcohol Use, Not Suspect of Drug Use","Not Suspect of Alcohol Use, Not Suspect of Drug Use",63646D48-0994-4D27-8E81-F63182C3EEFB,Cyclist (non-electric),Cross/Enter at Intersection,"Failure to Obey Traffic Signs, Signals, or Officer",Intersection Marked Crosswalk,No,Suspected Minor Injury,None,38.9935308,-77.0321831,"(38.9935308, -77.0321831)"
MCP24500053,240031266,MONTGOMERY,Injury Crash,07/02/2024 04:35:00 PM,,,,Parking Lot Way        PARKING LOT OF 527 QUINCE ORCHARD RD.,,Pedestrian,Single Vehicle,Clear,,Daylight,,"Not Suspect of Alcohol Use, Not Suspect of Drug Use","Not Suspect of Alcohol Use, Not Suspect of Drug Use",2495BC81-C3F7-425B-9C30-E493B10671EB,Pedestrian,Other,Other,Other,Yes,Suspected Minor Injury,None,39.14455605,-77.21957523,"(39.14455605, -77.21957523)"
MCP29480074,240033251,MONTGOMERY,Injury Crash,07/14/2024 07:45:00 PM,Maryland (State) Route,GEORGIA AVE,,,,Pedestrian,Single Vehicle,Clear,Dry,Daylight,Traffic Control Signal,"Not Suspect of Alcohol Use, Not Suspect of Drug Use","Not Suspect of Alcohol Use, Not Suspect of Drug Use",CDA85D6E-F9C9-4848-A398-B332EFD28DFB,Pedestrian,Cross/Enter at Intersection,None (No Improper Action),Intersection Marked Crosswalk,No,Suspected Minor Injury,None,39.0530695,-77.05088383,"(39.0530695, -77.05088383)"
MCP33300024,240023253,MONTGOMERY,Property Damage Crash,05/17/2024 08:38:00 AM,County Route,AMHERST AVE,PRICHARD RD,,,Cyclist (non-electric),Single Vehicle,Clear,Dry,Daylight,Stop Sign,"Not Suspect of Alcohol Use, Not Suspect of Drug Use","Not Suspect of Alcohol Use, Not Suspect of Drug Use",4527894B-51BD-4E66-B4B8-9F2FE9908830,Cyclist (non-electric),Walking/Cycling Along Roadway Against Traffic (In or Adjacent to Travel Lane),"Inattentive (Talking, Eating, etc.), Wrong-Way Riding or Walking",Travel Lane Other Location,Yes,No Apparent Injury,Helmet,39.0364911,-77.04837087,"(39.0364911, -77.04837087)"
MCP3148007T,250013618,MONTGOMERY,Injury Crash,03/28/2025 06:28:00 PM,County Route,,SPENCER RD,,,Pedestrian,Single Vehicle,Rain,Wet,Daylight,Pedestrian Crossing,"Not Suspect of Alcohol Use, Not Suspect of Drug Use","Not Suspect of Alcohol Use, Not Suspect of Drug Use",D9745F27-DC54-4FAF-85BE-5BEB4759FF36,Pedestrian,Cross/Enter at Intersection,None (No Improper Action),Intersection Marked Crosswalk,No,Possible Injury,None,38.99445827,-77.05319378,"(38.99445827, -77.05319378)"
DD5663001R,250001813,ROCKVILLE,Injury Crash,01/14/2025 11:45:00 AM,,,,"Parking Lot Way        CROSSWALK OF SHOPPING CENTER PARKING LOT (845 ROCKVILLE PIKE, ROCKVILLE, MD)",,Pedestrian,Single Vehicle,Clear,,Daylight,,"Not Suspect of Alcohol Use, Not Suspect of Drug Use","Not Suspect of Alcohol Use, Not Suspect of Drug Use",14511863-FCF5-485D-9CF7-49D3B46E9B62,Pedestrian,Cross/Enter Not at Intersection,None (No Improper Action),Other,No,Suspected Serious Injury,None,39.07407909,-77.13741119,"(39.07407909, -77.13741119)"
MCP271700Z9,250001637,MONTGOMERY,Injury Crash,01/13/2025 08:45:00 AM,County Route,SUTHERLAND RD,TIMBERWOOD AVE,,,Pedestrian,Single Vehicle,Clear,Dry,Daylight,Stop Sign,"Not Suspect of Alcohol Use, Not Suspect of Drug Use","Not Suspect of Alcohol Use, Not Suspect of Drug Use",0970613A-8F9A-4DCB-BFC7-E8D9F1AA88EF,Pedestrian,Cross/Enter at Intersection,None (No Improper Action),Intersection Marked Crosswalk,No,Suspected Minor Injury,None,39.02191,-77.01285167,"(39.02191, -77.01285167)"
DD5567006Z,250002219,ROCKVILLE,Injury Crash,01/16/2025 06:47:00 PM,Maryland (State) Route,HUNGERFORD DR (SB/L),,,,Pedestrian,Single Vehicle,Snow,Wet,Dark - Lighted,No Controls,"Not Suspect of Alcohol Use, Not Suspect of Drug Use","Unknown, Unknown",B8CD85D9-85E8-438A-A2FC-F8EC6485D468,Pedestrian,Cross/Enter Not at Intersection,Other,Travel Lane Other Location,No,Suspected Serious Injury,None,39.09430848,-77.1533965,"(39.09430848, -77.1533965)"
HA2414001J,25000564,MCPARK,Injury Crash,04/01/2025 08:20:00 AM,Government Route,SLIGO CREEK PKWY,,,,Pedestrian,Single Vehicle,Clear,Dry,Daylight,Stop Sign,"Unknown, Unknown","Not Suspect of Alcohol Use, Not Suspect of Drug Use",6EA6C03D-E209-4D47-B6B3-E78B99606C48,Pedestrian,Cross/Enter at Intersection,None (No Improper Action),Intersection Marked Crosswalk,No,Suspected Minor Injury,None,39.00258307,-77.01311251,"(39.00258307, -77.01311251)"
MCP3068005W,240052696,MONTGOMERY,Injury Crash,11/01/2024 05:15:00 PM,Local Route,CAPITAL CRESCENT TR,CAPITAL CRESCENT TR,,,Cyclist (non-electric),Single Vehicle,Clear,Dry,Daylight,Stop Sign,"Not Suspect of Alcohol Use, Not Suspect of Drug Use","Not Suspect of Alcohol Use, Not Suspect of Drug Use",233471C6-5DBE-4720-85C8-5C2D9398FB98,Cyclist (non-electric),Cross/Enter at Intersection,None (No Improper Action),Intersection Marked Crosswalk,No,Suspected Minor Injury,Helmet,38.96877676,-77.10244938,"(38.96877676, -77.10244938)"
MCP31610071,240047101,MONTGOMERY,Injury Crash,10/02/2024 07:15:00 PM,Maryland (State) Route,CONNECTICUT AVE,,,,Pedestrian,Single Vehicle,Clear,Wet,Dark - Lighted,"Person (including flagger, law enforcement, crossing guard, etc.","Not Suspect of Alcohol Use, Not Suspect of Drug Use","Not Suspect of Alcohol Use, Not Suspect of Drug Use",11E8F4D3-45FD-4B57-A4DB-6BCF318E2BDC,Pedestrian,Standing,None (No Improper Action),Travel Lane Other Location,No,Suspected Minor Injury,"Reflective Wear (backpack, triangles, etc.)",39.02002633,-77.0770985,"(39.02002633, -77.0770985)"
MCP3334002Y,240046369,MONTGOMERY,Injury Crash,09/28/2024 04:40:00 PM,US (State),GEORGIA AVE (SB/L),,,,Pedestrian,Single Vehicle,Clear,Dry,Daylight,Traffic Control Signal,"Not Suspect of Alcohol Use, Not Suspect of Drug Use","Not Suspect of Alcohol Use, Not Suspect of Drug Use",2CF40C5F-8E46-4C91-9A5C-1450840DD162,Pedestrian,Cross/Enter at Intersection,"Failure to Obey Traffic Signs, Signals, or Officer, Inattentive (Talking, Eating, etc.), Other",Travel Lane Other Location,Yes,Suspected Minor Injury,None,38.99593199,-77.02818202,"(38.99593199, -77.02818202)"
MCP27610067,240044229,MONTGOMERY,Injury Crash,09/16/2024 08:30:00 PM,County Route,LEAMAN FARM RD,KINGSVIEW VILLAGE AVE KINGSVIEW VILLAGE AVE (NB/L),,,Pedestrian,Single Vehicle,Clear,Dry,Dark - Lighted,No Controls,"Unknown, Unknown","Not Suspect of Alcohol Use, Not Suspect of Drug Use",CF55275E-D96B-471A-AB84-30A1ECA5DDCB,Pedestrian,Cross/Enter at Intersection,None (No Improper Action),Intersection Unmarked Crosswalk,No,Suspected Minor Injury,None,39.15930392,-77.28042855,"(39.15930392, -77.28042855)"
MCP34020026,240044812,MONTGOMERY,Injury Crash,09/20/2024 07:40:00 AM,Maryland (State) Route,UNIVERSITY BLVD E (WB/L),,,,Pedestrian,Single Vehicle,Clear,Dry,Daylight,Stop Sign,"Unknown, Unknown","Not Suspect of Alcohol Use, Not Suspect of Drug Use",80176A87-F4C0-48F3-BEAE-39023CE0AFCC,Pedestrian,Cross/Enter at Intersection,None (No Improper Action),Intersection Unmarked Crosswalk,No,Suspected Minor Injury,None,38.99833151,-76.99462998,"(38.99833151, -76.99462998)"
MCP1378019T,240053536,MONTGOMERY,Injury Crash,11/07/2024 05:17:00 PM,County Route,WALKERS CHOICE RD,MONTGOMERY VILLAGE AVE (SB/L),,,Cyclist (non-electric),Single Vehicle,Cloudy,Dry,Dark - Lighted,Traffic Control Signal,"Not Suspect of Alcohol Use, Not Suspect of Drug Use","Not Suspect of Alcohol Use, Not Suspect of Drug Use",42D5729C-ACE5-4AC0-8D8B-4EC70FEF7384,Cyclist (non-electric),Cross/Enter at Intersection,Unknown,Intersection Marked Crosswalk,Yes,Suspected Minor Injury,Reflectors,39.16144881,-77.20213473,"(39.16144881, -77.20213473)"
MCP28440083,240051740,MONTGOMERY,Injury Crash,10/29/2024 05:52:00 AM,County Route,DENNIS AVE,,,,Unknown,Unknown,Clear,Dry,Dark - Not Lighted,Pedestrian Crossing Sign,"Unknown, Unknown","Not Suspect of Alcohol Use, Not Suspect of Drug Use",09E837CE-B042-420F-ABB9-99AC2E7542FD,Unknown,Other,None (No Improper Action),Intersection Marked Crosswalk,No,Suspected Minor Injury,Unknown,39.02620942,-77.03540998,"(39.02620942, -77.03540998)"
MCP209400NS,240042953,MONTGOMERY,Injury Crash,09/10/2024 10:03:00 AM,County Route,HAMILTON SPRING RD,,,,Pedestrian,Single Vehicle,Clear,Dry,Daylight,No Controls,"Not Suspect of Alcohol Use, Not Suspect of Drug Use","Not Suspect of Alcohol Use, Not Suspect of Drug Use",DC94A828-0C6B-413E-BF3E-AA474326FB9A,Pedestrian,Other Working,Other,Other,Yes,Possible Injury,Reflectors,38.98861496,-77.16815297,"(38.98861496, -77.16815297)"
MCP2674005Q,250002569,MONTGOMERY,Injury Crash,01/18/2025 06:47:00 PM,Maryland (State) Route,,,,,Pedestrian,Single Vehicle,Clear,Dry,Dark - Not Lighted,No Controls,"Not Suspect of Alcohol Use, Not Suspect of Drug Use","Unknown, Unknown",1FE3C196-BB64-4285-8AA7-A39018B2DC3D,Pedestrian,Unknown,Unknown,Travel Lane Other Location,No,Suspected Serious Injury,None,39.18938693,-77.12064713,"(39.18938693, -77.12064713)"
MCP2764003T,250011113,MONTGOMERY,Property Damage Crash,03/13/2025 05:15:00 PM,Spur,,PARKLAWN DR (SB/L) RANDOLPH RD,,,Cyclist (non-electric),Single Vehicle,Clear,Dry,Daylight,Traffic Control Signal,"Not Suspect of Alcohol Use, Not Suspect of Drug Use","Unknown, Unknown",696A8527-8B3B-4D55-B19D-6231059C2666,Cyclist (non-electric),Unknown,Unknown,Intersection Marked Crosswalk,Yes,No Apparent Injury,None,39.0533756,-77.10580968,"(39.0533756, -77.10580968)"
MCP31090091,240035498,MONTGOMERY,Fatal Crash,07/27/2024 08:59:00 PM,Maryland (State) Route,UNIVERSITY BLVD E,,,,Pedestrian,Single Vehicle,Clear,Dry,Dark - Lighted,Pedestrian Crossing Sign,"Not Suspect of Alcohol Use, Not Suspect of Drug Use","Unknown, Unknown",8F36D0D3-5D7C-4DB0-AE16-600DD4C16B0F,Pedestrian,Cross/Enter Not at Intersection,Unknown,Travel Lane Other Location,No,Fatal Injury,None,39.00201999,-76.99573611,"(39.00201999, -76.99573611)"
DD5677000H,240035360,ROCKVILLE,Injury Crash,07/26/2024 08:10:00 PM,,,,Parking Stall        PARKING LOT LOCATED AT 190 HALPINE RD.,,Pedestrian,Single Vehicle,Clear,,Daylight,,"Not Suspect of Alcohol Use, Not Suspect of Drug Use","Not Suspect of Alcohol Use, Not Suspect of Drug Use",2F93FD07-478F-482D-82C1-72E658A968AB,Pedestrian,Standing,"Inattentive (Talking, Eating, etc.)",Other,No,Suspected Minor Injury,None,39.06081345,-77.12513362,"(39.06081345, -77.12513362)"
MCP28750093,240034186,MONTGOMERY,Injury Crash,07/19/2024 09:15:00 PM,County Route,GUNNERS BRANCH RD,FREDERICK RD (SB/L),,,Cyclist (Electric),Single Vehicle,Cloudy,Dry,Dark - Lighted,No Controls,"Not Suspect of Alcohol Use, Not Suspect of Drug Use","Suspect of Alcohol Use, Not Suspect of Drug Use",30D2639F-401A-47ED-974C-845DCA0212B5,Cyclist (Electric),Cross/Enter at Intersection,"Failure to Obey Traffic Signs, Signals, or Officer, Failure to Yield Right-Of-Way",Travel Lane Other Location,Yes,Possible Injury,None,39.17540204,-77.23822779,"(39.17540204, -77.23822779)"
MCP219800G0,240035464,MONTGOMERY,Injury Crash,07/27/2024 03:30:00 PM,Maryland (State) Route,FREDERICK RD (SB/L),,,,Pedestrian,Single Vehicle,Clear,Dry,Daylight,Traffic Control Signal,"Not Suspect of Alcohol Use, Not Suspect of Drug Use","Not Suspect of Alcohol Use, Not Suspect of Drug Use",58822AF1-B38A-4692-AEF5-299B2A1EF198,Pedestrian,Cross/Enter Not at Intersection,Dart/Dash,Travel Lane Other Location,Yes,Suspected Minor Injury,None,39.16330606,-77.22608385,"(39.16330606, -77.22608385)"
MCP29410059,240034690,MONTGOMERY,Injury Crash,07/23/2024 08:43:00 AM,County Route,,CENTERWAY CT STRAWBERRY KNOLL RD,,,Pedestrian,Single Vehicle,Clear,Dry,Daylight,No Controls,"Not Suspect of Alcohol Use, Not Suspect of Drug Use","Not Suspect of Alcohol Use, Not Suspect of Drug Use",0C82583F-E8B2-43F8-B2CE-D9E57F3BDE16,Pedestrian,Cross/Enter at Intersection,None (No Improper Action),Intersection Unmarked Crosswalk,No,Suspected Minor Injury,None,39.1700757,-77.17902897,"(39.1700757, -77.17902897)"
MCP292300CN,240035120,MONTGOMERY,Injury Crash,07/25/2024 01:05:00 PM,,,,Parking Lot Way        REAR PARKING LOT OF STARBUCKS AT 2800 UNIVERSITY BLVD WEST,,Pedestrian,Single Vehicle,Cloudy,,Daylight,,"Not Suspect of Alcohol Use, Not Suspect of Drug Use","Not Suspect of Alcohol Use, Not Suspect of Drug Use",2A8ABDD4-6D16-40B4-90AF-B2FE7EC6D842,Pedestrian,Other,None (No Improper Action),Other,No,Suspected Minor Injury,None,39.03841117,-77.05670907,"(39.03841117, -77.05670907)"
EJ79040016,240035871,GAITHERSBURG,Injury Crash,07/30/2024 11:11:00 AM,Municipality Route,ODENDHAL AVE (EB/L),RUSSELL AVE (SB/L),,,Pedestrian,Single Vehicle,Clear,Dry,Daylight,Traffic Control Signal,"Not Suspect of Alcohol Use, Not Suspect of Drug Use","Not Suspect of Alcohol Use, Not Suspect of Drug Use",AA5ED32E-07BC-4E07-AACA-C3856E30D7AC,Pedestrian,Cross/Enter at Intersection,None (No Improper Action),Intersection Marked Crosswalk,No,Suspected Minor Injury,None,39.15051068,-77.20399225,"(39.15051068, -77.20399225)"
MCP3337002V,240035968,MONTGOMERY,Injury Crash,07/30/2024 08:40:00 PM,County Route,DALEWOOD DR,RANDOLPH RD,,,Pedestrian,Single Vehicle,Clear,Dry,Dark - Lighted,Traffic Control Signal,"Not Suspect of Alcohol Use, Not Suspect of Drug Use","Not Suspect of Alcohol Use, Not Suspect of Drug Use",9E525CB2-3528-4579-834B-52FB9C2E983E,Pedestrian,Cross/Enter at Intersection,"Not Visible (Dark Clothing, No Lighting, etc.)",Intersection Other,Yes,Suspected Minor Injury,None,39.05910446,-77.06910479,"(39.05910446, -77.06910479)"
MCP1568001Z,240035207,MONTGOMERY,Injury Crash,07/25/2024 06:20:00 PM,Maryland (State) Route,,BEALLSVILLE RD,,,Cyclist (non-electric),Single Vehicle,Cloudy,Dry,Daylight,Traffic Control Signal,"Not Suspect of Alcohol Use, Not Suspect of Drug Use","Unknown, Unknown",9161515F-BC87-415A-A9C0-560BB976E32C,Cyclist (non-electric),Walking/Cycling Along Roadway With Traffic (In or Adjacent to Travel Lane),None (No Improper Action),Intersection Other,No,Suspected Serious Injury,"Helmet, Lighting",39.1792493,-77.41292448,"(39.1792493, -77.41292448)"
MCP33550019,240034043,MONTGOMERY,Injury Crash,07/19/2024 06:28:00 AM,Maryland (State) Route,,COLESVILLE RD (WB/L),,,Cyclist (non-electric),Single Vehicle,Cloudy,Dry,Daylight,Traffic Control Signal,"Not Suspect of Alcohol Use, Not Suspect of Drug Use","Not Suspect of Alcohol Use, Not Suspect of Drug Use",DFFB4EBE-644B-48BB-8D80-F1554C8F7F6C,Cyclist (non-electric),Walking/Cycling Along Roadway With Traffic (In or Adjacent to Travel Lane),None (No Improper Action),Travel Lane Other Location,No,Suspected Minor Injury,None,38.99367978,-77.0323648,"(38.99367978, -77.0323648)"
MCP292300CM,240034253,MONTGOMERY,Injury Crash,07/20/2024 10:40:00 AM,Maryland (State) Route,GEORGIA AVE (SB/L),,,,Cyclist (non-electric),Single Vehicle,Clear,Dry,Daylight,No Controls,"Not Suspect of Alcohol Use, Not Suspect of Drug Use","Not Suspect of Alcohol Use, Not Suspect of Drug Use",2021DAD9-28E9-44F0-8218-0BD10482FECD,Cyclist (non-electric),Walking/Cycling Along Roadway With Traffic (In or Adjacent to Travel Lane),Improper Turn/Merge),Travel Lane Other Location,No,Suspected Serious Injury,Helmet,39.07042517,-77.0630785,"(39.07042517, -77.0630785)"
MCP31110088,240035544,MONTGOMERY,Injury Crash,07/28/2024 10:11:00 AM,County Route,BETHESDA AVE,,,,Cyclist (non-electric),Single Vehicle,Clear,Dry,Daylight,No Controls,"Not Suspect of Alcohol Use, Not Suspect of Drug Use","Not Suspect of Alcohol Use, Not Suspect of Drug Use",59A634C6-CE18-41A9-AE37-0F0D66AF6965,Cyclist (non-electric),Walking/Cycling on Sidewalk,Improper Turn/Merge),OnStreet Bike Lanes,Yes,Possible Injury,None,38.981119,-77.09399717,"(38.981119, -77.09399717)"
MCP30630051,240034935,MONTGOMERY,Property Damage Crash,07/24/2024 01:03:00 PM,Local Route,BLAIR MILL RD,,,,Cyclist (non-electric),Single Vehicle,Clear,Dry,Daylight,Other Warning Sign,"Not Suspect of Alcohol Use, Not Suspect of Drug Use","Not Suspect of Alcohol Use, Not Suspect of Drug Use",1452D29D-37FB-4ABA-A64D-A531894A16AE,Cyclist (non-electric),Walking/Cycling on Sidewalk,Unknown,Sidewalk,No,No Apparent Injury,None,38.98906515,-77.02776729,"(38.98906515, -77.02776729)"