Report Number,Local Case Number,Agency Name,ACRS Report Type,Crash Date/Time,Route Type,Road Name,Cross-Street Name,Off-Road Description,Municipality,Related Non-Motorist,Collision Type,Weather,Surface Condition,Light,Traffic Control,Driver Substance Abuse,Non-Motorist Substance Abuse,Person ID,Pedestrian Type,Pedestrian Movement,Pedestrian Actions,Pedestrian Location,At Fault,Injury Severity,Safety Equipment,Latitude,Longitude,Location
MCP2598004J,240034801,MONTGOMERY,Injury Crash,07/23/2024 05:36:00 PM,Maryland (State) Route,GEORGIA AVE,FENWICK LA,,,Pedestrian,Single Vehicle,Clear,Dry,Daylight,Pedestrian Crossing Sign,"Not Suspect of Alcohol Use, Not Suspect of Drug Use","Not Suspect of Alcohol Use, Not Suspect of Drug Use",707FF1A1-EC77-4514-A68B-879196CBE409,Pedestrian,Cross/Enter at Intersection,None (No Improper Action),Intersection Marked Crosswalk,No,Possible Injury,None,38.99827494,-77.03067058,"(38.99827494, -77.03067058)"
MCP30040048,240053559,MONTGOMERY,Injury Crash,11/07/2024 07:13:00 PM,,,,"Parking Lot Way        IN FRONT OF 10500 ROCKVILLE PIKE ROCKVILLE, MD",,Pedestrian,Single Vehicle,Clear,,Dark - Lighted,,"Not Suspect of Alcohol Use, Not Suspect of Drug Use","Not Suspect of Alcohol Use, Not Suspect of Drug Use",E9C68A8A-7106-4A87-8CCE-7EF4D96A4FC6,Pedestrian,Standing,None (No Improper Action),Other,No,Possible Injury,None,39.02932082,-77.10532683,"(39.02932082, -77.10532683)"
MCP30900087,250014386,MONTGOMERY,Injury Crash,04/02/2025 04:30:00 PM,Maryland (State) Route,MUNCASTER MILL RD (WB/L),,,,Pedestrian,Single Vehicle,Cloudy,Dry,Daylight,No Controls,"Not Suspect of Alcohol Use, Not Suspect of Drug Use","Not Suspect of Alcohol Use, Not Suspect of Drug Use",DBC63A7F-77E5-4369-B609-3D477F64E97A,Pedestrian,Cross/Enter Not at Intersection,Dart/Dash,Travel Lane Other Location,Yes,Suspected Minor Injury,None,39.15861606,-77.15992111,"(39.15861606, -77.15992111)"
MCP33560027,240045990,MONTGOMERY,Injury Crash,09/26/2024 03:53:00 PM,,,,Parking Lot Way        PANERA BREAD PARKING LOT,,Cyclist (Electric),Single Vehicle,Cloudy,,Daylight,,"Not Suspect of Alcohol Use, Not Suspect of Drug Use","Not Suspect of Alcohol Use, Not Suspect of Drug Use",207705B6-9E23-49B2-A4ED-BC2AF537F97F,Cyclist (Electric),Walking/Cycling Along Roadway With Traffic (In or Adjacent to Travel Lane),"Failure to Obey Traffic Signs, Signals, or Officer, Failure to Yield Right-Of-Way, Improper Passing",NonTrafficway Area,Yes,Possible Injury,None,39.18289181,-77.2623601,"(39.18289181, -77.2623601)"
EJ7887004S,240046352,GAITHERSBURG,Injury Crash,09/28/2024 02:30:00 PM,Municipality Route,PARAMOUNT PARK DR (NB/L),,,,Pedestrian,Single Vehicle,Clear,Dry,Daylight,Stop Sign,"Not Suspect of Alcohol Use, Not Suspect of Drug Use","Not Suspect of Alcohol Use, Not Suspect of Drug Use",633628D3-6AA5-4A4C-9635-46367BD595A4,Pedestrian,Cross/Enter at Intersection,None (No Improper Action),Intersection Marked Crosswalk,No,Suspected Minor Injury,None,39.15972691,-77.22149262,"(39.15972691, -77.22149262)"
DD5538004L,240045915,ROCKVILLE,Injury Crash,09/26/2024 11:05:00 AM,Crossover,,ROCKVILLE PIKE (SB/L),,,Scooter (electric),Single Vehicle,Cloudy,Dry,Daylight,No Controls,"Not Suspect of Alcohol Use, Not Suspect of Drug Use","Not Suspect of Alcohol Use, Not Suspect of Drug Use",E1936396-7B55-4446-BB12-1ABA81171489,Scooter (electric),Walking/Cycling on Sidewalk,Wrong-Way Riding or Walking,Driveway Access,No,Suspected Minor Injury,None,39.07618433,-77.13862431,"(39.07618433, -77.13862431)"
EJ78370089,250001564,GAITHERSBURG,Injury Crash,01/12/2025 03:40:00 PM,Municipality Route,CHRISTOPHER AVE (SB/L),,,,Pedestrian,Single Vehicle,Clear,Dry,Daylight,No Controls,"Unknown, Unknown","Not Suspect of Alcohol Use, Not Suspect of Drug Use",4AF06637-96E0-4250-A7AC-657F3C7E1D3F,Pedestrian,Cross/Enter at Intersection,Dart/Dash,Travel Lane Other Location,Yes,Suspected Minor Injury,None,39.15636366,-77.21479688,"(39.15636366, -77.21479688)"
MCP271700Z4,240046156,MONTGOMERY,Injury Crash,09/27/2024 12:30:00 PM,Ramp,RAMP 8 FR IS 270 SB TO WATKINS MILL RD,,,,Cyclist (non-electric),Single Vehicle,Rain,Wet,Daylight,No Controls,"Not Suspect of Alcohol Use, Not Suspect of Drug Use","Not Suspect of Alcohol Use, Not Suspect of Drug Use",10E00786-EAC4-4FF2-9D64-9CE30DE1BBF4,Cyclist (non-electric),Cross/Enter at Intersection,"Dart/Dash, Failure to Obey Traffic Signs, Signals, or Officer, Failure to Yield Right-Of-Way",Intersection Marked Crosswalk,Yes,Suspected Minor Injury,None,39.15582333,-77.227325,"(39.15582333, -77.227325)"
MCP3386001W,240053168,MONTGOMERY,Injury Crash,11/05/2024 06:38:00 PM,County Route,,BRADLEY BLVD (SB/L),,,Pedestrian,Single Vehicle,Clear,Dry,Dark - Not Lighted,Traffic Control Signal,"Not Suspect of Alcohol Use, Not Suspect of Drug Use","Not Suspect of Alcohol Use, Not Suspect of Drug Use",F0193013-7A8C-48D4-9591-CBE49CE623BE,Pedestrian,Cross/Enter at Intersection,Dart/Dash,Intersection Marked Crosswalk,No,Suspected Minor Injury,None,38.97806979,-77.09877071,"(38.97806979, -77.09877071)"
MCP3426000D,240044710,MONTGOMERY,Injury Crash,09/19/2024 02:02:00 PM,County Route,NEBEL ST,NICHOLSON CT NICHOLSON LA,,,Unknown Type Of Non-Motorist,Single Vehicle,Clear,Dry,Daylight,Traffic Control Signal,"Not Suspect of Alcohol Use, Not Suspect of Drug Use","Not Suspect of Alcohol Use, Not Suspect of Drug Use",7129CACA-0AE6-4702-9111-AA7B955E916F,Unknown Type Of Non-Motorist,Walking/Cycling Along Roadway With Traffic (In or Adjacent to Travel Lane),None (No Improper Action),Intersection Marked Crosswalk,No,Suspected Minor Injury,None,39.04521033,-77.10432437,"(39.04521033, -77.10432437)"
EJ7879004G,240046533,GAITHERSBURG,Property Damage Crash,09/29/2024 05:19:00 PM,Municipality Route,GIRARD ST,,,,Pedestrian,Single Vehicle,Clear,Dry,Daylight,No Controls,"Not Suspect of Alcohol Use, Not Suspect of Drug Use","Not Suspect of Alcohol Use, Not Suspect of Drug Use",48335FD5-6641-43C8-9387-A666326109A1,Pedestrian,Cross/Enter Not at Intersection,Dart/Dash,Other,Yes,No Apparent Injury,None,39.1495921,-77.18822317,"(39.1495921, -77.18822317)"
MCP3053007Q,240044737,MONTGOMERY,Injury Crash,09/18/2024 05:35:00 PM,Maryland (State) Route,NEW HAMPSHIRE AVE,HOBBS DR,,,Pedestrian,Single Vehicle,Clear,,Daylight,No Controls,"Unknown, Unknown","Not Suspect of Alcohol Use, Not Suspect of Drug Use",1E24AF9C-9297-41B4-8427-334985AD48F5,Pedestrian,Cross/Enter Not at Intersection,None (No Improper Action),Midblock Marked Crosswalk,No,Suspected Minor Injury,Unknown,39.08503042,-76.999633,"(39.08503042, -76.999633)"
MCP3148007X,250018717,MONTGOMERY,Property Damage Crash,04/29/2025 02:28:00 PM,,,,Parking Stall        PARKING LOT OF 8500 16TH ST,,Pedestrian,Rear To Rear,Clear,,Daylight,,"Unknown, Unknown","Not Suspect of Alcohol Use, Not Suspect of Drug Use",E4BF528A-2843-4B9F-B2B1-0565B825F0B2,Pedestrian,Other,None (No Improper Action),Other,No,No Apparent Injury,None,38.9954905,-77.03744397,"(38.9954905, -77.03744397)"
MCP29620096,240036833,MONTGOMERY,Injury Crash,08/05/2024 08:10:00 AM,Local Route,TRIMFIELD LA,FATHER HURLEY BLVD (NB/L),,,Pedestrian,Single Vehicle,Clear,Dry,Daylight,Pedestrian Crossing Sign,"Not Suspect of Alcohol Use, Not Suspect of Drug Use","Not Suspect of Alcohol Use, Not Suspect of Drug Use",B9BDBA64-ACD9-43E2-9710-C9885D6ED4A2,Pedestrian,Other,None (No Improper Action),Intersection Marked Crosswalk,No,Possible Injury,None,39.18631928,-77.27359669,"(39.18631928, -77.27359669)"
MCP2107005M,240034580,MONTGOMERY,Injury Crash,07/22/2024 01:40:00 PM,County Route,LONG CORNER RD,,,,Pedestrian,Single Vehicle,Rain,Wet,Daylight,No Controls,"Suspect of Alcohol Use, Not Suspect of Drug Use","Suspect of Alcohol Use, Unknown",73A54B0F-7D1F-4D55-A0CF-1F1D36FDC9DD,Pedestrian,Other,Unknown,Shoulder/Roadside,No,Suspected Minor Injury,None,39.28970664,-77.16109331,"(39.28970664, -77.16109331)"
MCP3145004X,240036302,MONTGOMERY,Injury Crash,08/01/2024 03:15:00 PM,Maryland (State) Route,UNIVERSITY BLVD E (WB/L),,,,Cyclist (non-electric),Single Vehicle,Clear,Dry,Daylight,Stop Sign,"Not Suspect of Alcohol Use, Not Suspect of Drug Use","Suspect of Alcohol Use, Not Suspect of Drug Use",DB85B730-A8C0-4C94-B33B-10A0F8E69BBD,Cyclist (non-electric),Walking/Cycling Along Roadway Against Traffic (In or Adjacent to Travel Lane),"In Roadway Improperly (Standing, Lying, Working, Playing)",Travel Lane Other Location,Yes,Suspected Minor Injury,None,39.02245517,-77.01586467,"(39.02245517, -77.01586467)"
DD55670053,240036296,ROCKVILLE,Injury Crash,08/01/2024 04:48:00 PM,Maryland (State) Route,FREDERICK RD,METRO ENT,,,Pedestrian,Single Vehicle,Clear,Dry,Daylight,Pedestrian Crossing Sign,"Not Suspect of Alcohol Use, Not Suspect of Drug Use","Not Suspect of Alcohol Use, Not Suspect of Drug Use",644A2B53-A06A-4FE2-9355-3153A7EDDB6E,Pedestrian,Cross/Enter at Intersection,None (No Improper Action),Intersection Marked Crosswalk,No,Suspected Minor Injury,None,39.11729908,-77.16900744,"(39.11729908, -77.16900744)"
MCP29620096,240036833,MONTGOMERY,Injury Crash,08/05/2024 08:10:00 AM,Local Route,TRIMFIELD LA,FATHER HURLEY BLVD (NB/L),,,Pedestrian,Single Vehicle,Clear,Dry,Daylight,Pedestrian Crossing Sign,"Not Suspect of Alcohol Use, Not Suspect of Drug Use","Not Suspect of Alcohol Use, Not Suspect of Drug Use",5CA3F6FF-5FCC-4C8B-9468-FF1A18A492AA,Pedestrian,Cross/Enter at Intersection,None (No Improper Action),Intersection Marked Crosswalk,No,Suspected Minor Injury,None,39.18631928,-77.27359669,"(39.18631928, -77.27359669)"
EJ7869003W,240036949,GAITHERSBURG,Injury Crash,08/05/2024 05:12:00 PM,,,,"Parking Aisle        880 RUSSELL AVE GAITHERSBURG, MD 20877",,Pedestrian,Single Vehicle,Clear,,Daylight,,"Unknown, Unknown","Not Suspect of Alcohol Use, Not Suspect of Drug Use",F8F4F9BE-08EF-46FE-AC41-4431A7C40757,Pedestrian,Standing,Unknown,Other,No,Possible Injury,None,39.15652094,-77.21366786,"(39.15652094, -77.21366786)"
MCP24550078,240036664,MONTGOMERY,Injury Crash,08/03/2024 07:36:00 PM,,,,Parking Lot Way        PARKING LOT OF 12268 ROCKVILLE PIKE,,Pedestrian,Single Vehicle,Rain,,Daylight,,"Not Suspect of Alcohol Use, Not Suspect of Drug Use","Not Suspect of Alcohol Use, Not Suspect of Drug Use",2ED06CC3-B7CF-4DED-9F0A-CF810DCA77CA,Pedestrian,Other,None (No Improper Action),Other,No,Possible Injury,None,39.05723327,-77.1229836,"(39.05723327, -77.1229836)"
MCP3311002L,240036156,MONTGOMERY,Injury Crash,07/31/2024 07:48:00 PM,US (State),GEORGIA AVE (SB/L),,,,Cyclist (Electric),Single Vehicle,Clear,Dry,Daylight,No Controls,"Not Suspect of Alcohol Use, Not Suspect of Drug Use","Unknown, Unknown",1470B9B6-CD34-4321-A69F-077CD2645C27,Cyclist (Electric),Other,"Failure to Obey Traffic Signs, Signals, or Officer, In Roadway Improperly (Standing, Lying, Working, Playing), Inattentive (Talking, Eating, etc.)",Other,Yes,Suspected Minor Injury,None,38.99490383,-77.02715783,"(38.99490383, -77.02715783)"
MCP3387001J,240036835,MONTGOMERY,Injury Crash,08/05/2024 08:22:00 AM,County Route,MUSGROVE RD,COLUMBIA PIKE (SB/L),,,Pedestrian,Single Vehicle,Clear,Dry,Daylight,Traffic Control Signal,"Not Suspect of Alcohol Use, Not Suspect of Drug Use","Not Suspect of Alcohol Use, Not Suspect of Drug Use",1D951F99-5D23-4106-9180-6C0E8D47A8A8,Pedestrian,Cross/Enter at Intersection,None (No Improper Action),Intersection Marked Crosswalk,No,Suspected Serious Injury,None,39.06778062,-76.95954629,"(39.06778062, -76.95954629)"
MCP3094004R,240036793,MONTGOMERY,Injury Crash,08/04/2024 08:25:00 PM,Private Route,,,,,Pedestrian,Single Vehicle,Clear,Dry,Dark - Lighted,No Controls,"Not Suspect of Alcohol Use, Not Suspect of Drug Use","Not Suspect of Alcohol Use, Not Suspect of Drug Use",69FB4373-90D0-4B04-92BC-8792224667DE,Pedestrian,Cross/Enter Not at Intersection,None (No Improper Action),Travel Lane Other Location,No,Suspected Minor Injury,None,39.15893146,-77.21104845,"(39.15893146, -77.21104845)"
MCP2890001D,240035777,MONTGOMERY,Injury Crash,07/29/2024 06:25:00 PM,,,,Parking Lot Way        PARKING LOT OF 19773 FREDERICK RD,,Pedestrian,Single Vehicle,Clear,,Daylight,,"Not Suspect of Alcohol Use, Not Suspect of Drug Use","Not Suspect of Alcohol Use, Not Suspect of Drug Use",67545733-C31B-4D08-95BF-B70805520015,Pedestrian,Cross/Enter Not at Intersection,"Dart/Dash, Failure to Obey Traffic Signs, Signals, or Officer, Other, Wrong-Way Riding or Walking",Travel Lane Other Location,Yes,Suspected Minor Injury,None,39.18030889,-77.23685557,"(39.18030889, -77.23685557)"
MCP3432000N,240044034,MONTGOMERY,Injury Crash,09/16/2024 07:39:00 AM,County Route,DALEWOOD DR,,,,Pedestrian,Single Vehicle,Clear,Dry,Daylight,No Controls,"Not Suspect of Alcohol Use, Not Suspect of Drug Use","Not Suspect of Alcohol Use, Not Suspect of Drug Use",7BEE2CBA-97EF-473A-BC56-705C999ADE11,Pedestrian,Cross/Enter Not at Intersection,"Dart/Dash, In Roadway Improperly (Standing, Lying, Working, Playing)",Travel Lane Other Location,No,Suspected Minor Injury,None,39.06223785,-77.06695588,"(39.06223785, -77.06695588)"
MCP3238002Y,240007101,MONTGOMERY,Injury Crash,02/13/2024 06:42:00 AM,Local Route,WMATA ENT,COLESVILLE RD,,,Pedestrian,Single Vehicle,Rain,Wet,Daylight,Pedestrian Crossing Sign,"Not Suspect of Alcohol Use, Not Suspect of Drug Use","Not Suspect of Alcohol Use, Not Suspect of Drug Use",601834F4-A4DA-4ECE-8448-44068B1FD1FD,Pedestrian,Cross/Enter at Intersection,None (No Improper Action),Intersection Marked Crosswalk,No,Suspected Serious Injury,None,38.99420124,-77.03096797,"(38.99420124, -77.03096797)"
EJ7858009K,240035888,GAITHERSBURG,Injury Crash,07/30/2024 01:02:00 PM,Local Route,ALLIED PL,GIRARD ST (WB/L),,,Pedestrian,Single Vehicle,Cloudy,Dry,Daylight,No Controls,"Not Suspect of Alcohol Use, Not Suspect of Drug Use","Not Suspect of Alcohol Use, Not Suspect of Drug Use",7AB662BE-4452-4568-B7AC-06880FACE946,Pedestrian,Cross/Enter Not at Intersection,Failure to Yield Right-Of-Way,Travel Lane Other Location,No,Suspected Minor Injury,None,39.15061464,-77.19135549,"(39.15061464, -77.19135549)"
MCP3270002L,240034353,MONTGOMERY,Injury Crash,07/20/2024 10:43:00 PM,Maryland (State) Route,NEW HAMPSHIRE AVE (SB/L),,,,Cyclist (non-electric),Single Vehicle,Clear,Dry,Dark - Not Lighted,No Controls,"Not Suspect of Alcohol Use, Not Suspect of Drug Use","Not Suspect of Alcohol Use, Not Suspect of Drug Use",D604DE96-4D0D-40F0-B528-5CB1FBAE9778,Cyclist (non-electric),Walking/Cycling Along Roadway With Traffic (In or Adjacent to Travel Lane),"Not Visible (Dark Clothing, No Lighting, etc.)",OnStreet Bike Lanes,No,Suspected Minor Injury,None,39.02607271,-76.98112869,"(39.02607271, -76.98112869)"
MCP3390000S,240037314,MONTGOMERY,Property Damage Crash,08/07/2024 08:45:00 PM,County Route,JAEGER RD,,,,Scooter (electric),Unknown,Rain,Wet,Dark - Lighted,No Controls,"Not Suspect of Alcohol Use, Not Suspect of Drug Use","Not Suspect of Alcohol Use, Not Suspect of Drug Use",ABD91FCF-C37D-4370-ADD9-685991810F78,Scooter (electric),Cross/Enter Not at Intersection,Failure to Yield Right-Of-Way,Intersection Unmarked Crosswalk,Yes,No Apparent Injury,Lighting,39.2169725,-77.29690183,"(39.2169725, -77.29690183)"
MCP3176002T,240046564,MONTGOMERY,Injury Crash,09/29/2024 11:06:00 PM,US (State),COLESVILLE RD,,,,Pedestrian,Single Vehicle,Rain,Wet,Dark - Lighted,Traffic Control Signal,"Not Suspect of Alcohol Use, Not Suspect of Drug Use","Suspect of Alcohol Use, Not Suspect of Drug Use",D0C45196-07E6-4D8F-8AFE-3427799A6336,Pedestrian,Other,"In Roadway Improperly (Standing, Lying, Working, Playing)",Travel Lane Other Location,Yes,Suspected Minor Injury,None,38.99925033,-77.02606583,"(38.99925033, -77.02606583)"
DM85220036,240052201,TAKOMA,Property Damage Crash,10/31/2024 09:07:00 AM,Maryland (State) Route,,PINEY BRANCH RD,,,Pedestrian,Single Vehicle,Clear,Dry,Daylight,Pedestrian Crossing,"Not Suspect of Alcohol Use, Not Suspect of Drug Use","Not Suspect of Alcohol Use, Not Suspect of Drug Use",A7CD5EAF-DE8E-4F79-AB54-FE0EF1765DA7,Pedestrian,Cross/Enter at Intersection,None (No Improper Action),Intersection Marked Crosswalk,No,No Apparent Injury,None,38.98313937,-77.01539537,"(38.98313937, -77.01539537)"
MCP2875009L,240053759,MONTGOMERY,Injury Crash,11/08/2024 08:35:00 PM,Maryland (State) Route,,,,,Pedestrian,Single Vehicle,Clear,Dry,Dark - Lighted,No Controls,"Not Suspect of Alcohol Use, Not Suspect of Drug Use","Suspect of Alcohol Use, Unknown",43224B36-15E3-470E-95C2-A5662D948A18,Pedestrian,Walking/Cycling Along Roadway Against Traffic (In or Adjacent to Travel Lane),"Failure to Yield Right-Of-Way, In Roadway Improperly (Standing, Lying, Working, Playing), Other, Wrong-Way Riding or Walking",Travel Lane Other Location,No,Suspected Serious Injury,None,39.21931667,-77.25694167,"(39.21931667, -77.25694167)"
MCP2445006C,240053068,MONTGOMERY,Injury Crash,11/05/2024 10:08:00 AM,,,,Alley        REAR OF 21050 FREDERICK RD,,Pedestrian,Single Vehicle,Clear,,Daylight,,"Not Suspect of Alcohol Use, Not Suspect of Drug Use","Not Suspect of Alcohol Use, Not Suspect of Drug Use",F59DAE76-FC2B-4B3A-AE72-BEEB953FF102,Pedestrian,Cross/Enter at Intersection,None (No Improper Action),Intersection Other,No,Suspected Minor Injury,"Reflective Wear (backpack, triangles, etc.)",39.20223678,-77.25062786,"(39.20223678, -77.25062786)"
MCP3358001V,240037202,MONTGOMERY,Injury Crash,08/07/2024 12:03:00 PM,County Route,W GREENVALE PKWY,,,,Cyclist (non-electric),Single Vehicle,Clear,Dry,Daylight,No Controls,"Not Suspect of Alcohol Use, Not Suspect of Drug Use","Not Suspect of Alcohol Use, Not Suspect of Drug Use",2B6563CB-50B3-4AFC-8E20-09E3DC373C7E,Cyclist (non-electric),Walking/Cycling Along Roadway Against Traffic (In or Adjacent to Travel Lane),None (No Improper Action),Shoulder/Roadside,No,Possible Injury,"Helmet, Protective Pads (elbows, knees, shins, etc.)",38.98281107,-77.06055932,"(38.98281107, -77.06055932)"
MCP2641004F,240036398,MONTGOMERY,Injury Crash,08/02/2024 10:11:00 AM,County Route,MACARTHUR BLVD,GOLDSBORO RD,,,Cyclist (non-electric),Single Vehicle,Clear,Other,Daylight,Yield Sign,"Not Suspect of Alcohol Use, Not Suspect of Drug Use","Not Suspect of Alcohol Use, Not Suspect of Drug Use",39F42DA6-3FA6-4EF5-8C36-8B2D0950D617,Cyclist (non-electric),Walking/Cycling Along Roadway With Traffic (In or Adjacent to Travel Lane),None (No Improper Action),Median/Crossing Island,No,Suspected Minor Injury,"Helmet, Lighting, Reflective Wear (backpack, triangles, etc.), Reflectors",38.96859387,-77.13859468,"(38.96859387, -77.13859468)"
MCP2764003H,240037511,MONTGOMERY,Injury Crash,08/08/2024 08:45:00 PM,County Route,MANOR RD,CONNECTICUT AVE,,,Pedestrian,Single Vehicle,Rain,Wet,Dark - Lighted,Pedestrian Crossing,"Unknown, Unknown","Not Suspect of Alcohol Use, Not Suspect of Drug Use",7EC0CEE9-3937-4EC7-A242-DEE2F210929A,Pedestrian,Cross/Enter at Intersection,None (No Improper Action),Intersection Marked Crosswalk,No,Suspected Minor Injury,None,38.99612451,-77.07707977,"(38.99612451, -77.07707977)"
MCP3386001V,240053154,MONTGOMERY,Injury Crash,11/05/2024 05:02:00 PM,County Route,,BETHESDA AVE,,,Pedestrian,Single Vehicle,Clear,Dry,Dusk,Traffic Control Signal,"Not Suspect of Alcohol Use, Not Suspect of Drug Use","Not Suspect of Alcohol Use, Not Suspect of Drug Use",787050F4-979D-4ECB-9E57-867801368519,Pedestrian,Cross/Enter at Intersection,None (No Improper Action),Intersection Marked Crosswalk,No,No Apparent Injury,None,38.98098467,-77.0983515,"(38.98098467, -77.0983515)"
MCP2846009Y,240053866,MONTGOMERY,Injury Crash,11/09/2024 06:54:00 PM,County Route,,,,,"Unknown, Wheelchair (electric)",Single Vehicle,Clear,Dry,Dark - Lighted,No Controls,"Not Suspect of Alcohol Use, Not Suspect of Drug Use","Not Suspect of Alcohol Use, Not Suspect of Drug Use",C67CEA9C-4DC4-4916-AA3D-9471313A0D37,Unknown,Standing,None (No Improper Action),Other,No,Suspected Minor Injury,None,39.04009769,-77.05269465,"(39.04009769, -77.05269465)"
MCP2846009Y,240053866,MONTGOMERY,Injury Crash,11/09/2024 06:54:00 PM,County Route,,,,,"Unknown, Wheelchair (electric)",Single Vehicle,Clear,Dry,Dark - Lighted,No Controls,"Not Suspect of Alcohol Use, Not Suspect of Drug Use","Not Suspect of Alcohol Use, Not Suspect of Drug Use",6931EE7A-E7EB-43E4-B18B-AC056E30ACE7,Wheelchair (electric),None,None (No Improper Action),Sidewalk,No,Suspected Minor Injury,None,39.04009769,-77.05269465,"(39.04009769, -77.05269465)"
MCP3078005P,240036587,MONTGOMERY,Injury Crash,08/03/2024 12:51:00 PM,Maryland (State) Route,NEW HAMPSHIRE AVE,,,,Pedestrian,Single Vehicle,Clear,Dry,Daylight,No Controls,"Not Suspect of Alcohol Use, Not Suspect of Drug Use","Not Suspect of Alcohol Use, Not Suspect of Drug Use",1711F76E-CDF3-4790-8BF0-D0BDA5743A8F,Pedestrian,Cross/Enter Not at Intersection,Dart/Dash,Travel Lane Other Location,Yes,Suspected Minor Injury,None,39.07454339,-77.00220428,"(39.07454339, -77.00220428)"
MCP2195006T,240036561,MONTGOMERY,Injury Crash,08/03/2024 09:01:00 AM,Maryland (State) Route,MAIN ST,,,,Cyclist (non-electric),Single Vehicle,Clear,Dry,Daylight,No Controls,"Not Suspect of Alcohol Use, Not Suspect of Drug Use","Not Suspect of Alcohol Use, Not Suspect of Drug Use",C00E1EA4-1293-4EAD-A0AD-E29492469395,Cyclist (non-electric),Walking/Cycling Along Roadway With Traffic (In or Adjacent to Travel Lane),None (No Improper Action),Intersection Other,No,Suspected Minor Injury,"Helmet, Reflectors",39.28710118,-77.19972721,"(39.28710118, -77.19972721)"