Report Number,Local Case Number,Agency Name,ACRS Report Type,Crash Date/Time,Route Type,Road Name,Cross-Street Name,Off-Road Description,Municipality,Related Non-Motorist,Collision Type,Weather,Surface Condition,Light,Traffic Control,Driver Substance Abuse,Non-Motorist Substance Abuse,Person ID,Pedestrian Type,Pedestrian Movement,Pedestrian Actions,Pedestrian Location,At Fault,Injury Severity,Safety Equipment,Latitude,Longitude,Location
MCP235800CX,240036577,MONTGOMERY,Property Damage Crash,08/03/2024 12:00:00 PM,County Route,MACARTHUR BLVD,HARVARD AVE,,,Cyclist (non-electric),Single Vehicle,Clear,Dry,Daylight,Stop Sign,"Not Suspect of Alcohol Use, Not Suspect of Drug Use","Not Suspect of Alcohol Use, Not Suspect of Drug Use",6713A74A-4D3D-48FE-8401-66EDDEF9BE3A,Cyclist (non-electric),Walking/Cycling Along Roadway Against Traffic (In or Adjacent to Travel Lane),None (No Improper Action),Intersection Marked Crosswalk,No,No Apparent Injury,Unknown,38.96973175,-77.14141059,"(38.96973175, -77.14141059)"
MCP1233005V,240037251,MONTGOMERY,Injury Crash,08/07/2024 03:20:00 PM,County Route,CEDAR LA,,,,Occupant Of a Non-Motor Vehicle Transportation Device,Single Vehicle,Cloudy,Dry,Daylight,"Other Pavement Marking (excluding edgelines, centerlines, or lane lines)","Not Suspect of Alcohol Use, Not Suspect of Drug Use","Not Suspect of Alcohol Use, Not Suspect of Drug Use",BFF4F38D-EBC9-4B39-8E9D-9072B28124EC,Occupant Of a Non-Motor Vehicle Transportation Device,Cross/Enter Not at Intersection,Failure to Yield Right-Of-Way,Travel Lane Other Location,Yes,Suspected Minor Injury,"Reflective Wear (backpack, triangles, etc.)",39.00905406,-77.09220885,"(39.00905406, -77.09220885)"
MCP3163007D,240039393,MONTGOMERY,Injury Crash,08/20/2024 03:37:00 PM,Municipality Route,S PARK AVE,WISCONSIN AVE (SB/L),,,Pedestrian,Single Vehicle,Clear,Dry,Daylight,Traffic Control Signal,"Not Suspect of Alcohol Use, Not Suspect of Drug Use","Not Suspect of Alcohol Use, Not Suspect of Drug Use",8ADD7406-B3F1-480B-B5D4-00C33529EA24,Pedestrian,Cross/Enter at Intersection,None (No Improper Action),Intersection Marked Crosswalk,No,Possible Injury,None,38.9636814,-77.08714388,"(38.9636814, -77.08714388)"
EJ7884006S,240038809,GAITHERSBURG,Injury Crash,08/16/2024 10:37:00 PM,Municipality Route,S SUMMIT AVE,,,,Pedestrian,Single Vehicle,Clear,Dry,Dark - Lighted,No Controls,"Unknown, Unknown","Suspect of Alcohol Use, Not Suspect of Drug Use",74F04B4D-16DC-42D4-8A44-E4DEAAA36C72,Pedestrian,Cross/Enter at Intersection,Unknown,Intersection Marked Crosswalk,No,Possible Injury,None,39.13918461,-77.19388883,"(39.13918461, -77.19388883)"
MCP320000D0,240038575,MONTGOMERY,Injury Crash,08/15/2024 02:10:00 PM,,,,Driveway        IN DRIVEWAY OF 3 POOKS HILL RD,,Pedestrian,Single Vehicle,Clear,,Daylight,,"Not Suspect of Alcohol Use, Not Suspect of Drug Use","Not Suspect of Alcohol Use, Not Suspect of Drug Use",1E6F1013-49A0-4731-B200-C44F79FD906B,Pedestrian,Standing,None (No Improper Action),Other,No,Possible Injury,None,39.01429389,-77.10458823,"(39.01429389, -77.10458823)"
MCP235800CY,240038880,MONTGOMERY,Property Damage Crash,08/09/2024 10:00:00 AM,Maryland (State) Route,WISCONSIN AVE (SB/L),,,,Pedestrian,Single Vehicle,Clear,Dry,Daylight,No Controls,"Unknown, Unknown","Not Suspect of Alcohol Use, Not Suspect of Drug Use",D23D4A01-F42F-48C1-A59C-5A6F01D1E9C8,Pedestrian,Walking/Cycling on Sidewalk,None (No Improper Action),Sidewalk,No,No Apparent Injury,None,38.97563932,-77.09023673,"(38.97563932, -77.09023673)"
MCP3218005B,240038586,MONTGOMERY,Property Damage Crash,08/15/2024 03:56:00 PM,County Route,,GEORGIA AVE,,,Cyclist (non-electric),Single Vehicle,Clear,Dry,Daylight,Traffic Control Signal,"Suspect of Alcohol Use, Not Suspect of Drug Use","Not Suspect of Alcohol Use, Not Suspect of Drug Use",DAD49279-4DAF-4CB6-B4D7-1891EE0018AA,Cyclist (non-electric),Standing,None (No Improper Action),Sidewalk,No,No Apparent Injury,Helmet,39.02525731,-77.04617356,"(39.02525731, -77.04617356)"
MCP9311004C,240031817,MONTGOMERY,Injury Crash,07/06/2024 10:13:00 AM,County Route,MACARTHUR BLVD,,,,Cyclist (non-electric),Single Vehicle,Clear,Dry,Daylight,No Controls,"Not Suspect of Alcohol Use, Not Suspect of Drug Use","Not Suspect of Alcohol Use, Not Suspect of Drug Use",D18DF974-B16D-4C9C-A1D9-27CC9C16A7BD,Cyclist (non-electric),Walking/Cycling Along Roadway With Traffic (In or Adjacent to Travel Lane),Other,Travel Lane Other Location,Yes,Possible Injury,Helmet,38.98257417,-77.22673683,"(38.98257417, -77.22673683)"
MCP3386001V,240053154,MONTGOMERY,Injury Crash,11/05/2024 05:02:00 PM,County Route,,BETHESDA AVE,,,Pedestrian,Single Vehicle,Clear,Dry,Dusk,Traffic Control Signal,"Not Suspect of Alcohol Use, Not Suspect of Drug Use","Not Suspect of Alcohol Use, Not Suspect of Drug Use",49D5A8E2-10F3-49DF-9830-998644D6407C,Pedestrian,Cross/Enter at Intersection,None (No Improper Action),Intersection Marked Crosswalk,No,Suspected Serious Injury,None,38.98098467,-77.0983515,"(38.98098467, -77.0983515)"
MCP23610035,240054379,MONTGOMERY,Injury Crash,11/12/2024 04:26:00 PM,,,,Parking Lot Way        18314 CONTOUR ROAD,,Pedestrian,Single Vehicle,Clear,,Daylight,,"Not Suspect of Alcohol Use, Not Suspect of Drug Use","Not Suspect of Alcohol Use, Not Suspect of Drug Use",FF6D68F8-84CA-41DA-ADDC-46F4829794E2,Pedestrian,Cross/Enter Not at Intersection,Failure to Yield Right-Of-Way,Travel Lane Other Location,Yes,Possible Injury,None,39.15411,-77.19971333,"(39.15411, -77.19971333)"
MCP3263004T,240053234,MONTGOMERY,Injury Crash,11/06/2024 08:57:00 AM,Maryland (State) Route,WISCONSIN AVE (SB/L),STANFORD ST,,,Pedestrian,Single Vehicle,Clear,Dry,Daylight,Traffic Control Signal,"Not Suspect of Alcohol Use, Not Suspect of Drug Use","Not Suspect of Alcohol Use, Not Suspect of Drug Use",63A9432E-9754-4918-9F18-025871F0B5A9,Pedestrian,Cross/Enter at Intersection,None (No Improper Action),Intersection Marked Crosswalk,No,Suspected Minor Injury,None,38.97848803,-77.09125403,"(38.97848803, -77.09125403)"
MCP32330053,240051710,MONTGOMERY,Injury Crash,10/16/2024 05:56:00 PM,Other Public Roadway,NO NAME,,,,Pedestrian,Single Vehicle,Clear,Dry,Dark - Lighted,No Controls,"Unknown, Unknown","Not Suspect of Alcohol Use, Not Suspect of Drug Use",9B7A8E68-5EE6-4587-9281-68BA0C289C2B,Pedestrian,Cross/Enter Not at Intersection,Unknown,Intersection Unmarked Crosswalk,No,Possible Injury,None,39.00128289,-76.98611441,"(39.00128289, -76.98611441)"
MCP3259005B,240052498,MONTGOMERY,Injury Crash,11/01/2024 03:15:00 PM,County Route,SANGAMORE RD,OVERLEA RD,,,Cyclist (non-electric),Single Vehicle,Clear,Dry,Daylight,Traffic Control Signal,"Not Suspect of Alcohol Use, Not Suspect of Drug Use","Not Suspect of Alcohol Use, Not Suspect of Drug Use",B127772C-F84B-4D67-BDD2-E6B8A1911719,Cyclist (non-electric),Walking/Cycling Along Roadway With Traffic (In or Adjacent to Travel Lane),"Inattentive (Talking, Eating, etc.)",Shoulder/Roadside,No,Suspected Minor Injury,Helmet,38.95212763,-77.12044744,"(38.95212763, -77.12044744)"
MCP33620053,250002637,MONTGOMERY,Injury Crash,01/19/2025 11:16:00 AM,County Route,E RANDOLPH RD (WB/L),SERPENTINE WAY,,,Pedestrian,Single Vehicle,Rain,Wet,Daylight,Traffic Control Signal,"Not Suspect of Alcohol Use, Not Suspect of Drug Use","Not Suspect of Alcohol Use, Not Suspect of Drug Use",6864B622-2D88-4CCD-A603-1DE3516798DB,Pedestrian,Cross/Enter at Intersection,"Failure to Obey Traffic Signs, Signals, or Officer",Intersection Marked Crosswalk,No,Suspected Serious Injury,None,39.06435178,-76.96927712,"(39.06435178, -76.96927712)"
MCP2921005H,250002583,MONTGOMERY,Injury Crash,01/18/2025 06:40:00 PM,Bicycle Route,,,,,Pedestrian,Single Vehicle,Clear,Dry,Dark - Lighted,Stop Sign,"Not Suspect of Alcohol Use, Not Suspect of Drug Use","Not Suspect of Alcohol Use, Not Suspect of Drug Use",86A22F48-8736-4C68-8611-EF9676A6F904,Pedestrian,Walking/Cycling on Sidewalk,None (No Improper Action),Intersection Marked Crosswalk,No,Possible Injury,None,39.2009622,-77.24558661,"(39.2009622, -77.24558661)"
MCP299100BF,250022852,MONTGOMERY,Injury Crash,05/23/2025 11:00:00 AM,County Route,SAHALEA TERR,,,,Unknown,Single Vehicle,Clear,Dry,Daylight,No Controls,"Not Suspect of Alcohol Use, Not Suspect of Drug Use","Not Suspect of Alcohol Use, Not Suspect of Drug Use",EB5A719B-5B91-433B-B834-9EE3E691B95F,Unknown,Other Working,Other,Other,No,Possible Injury,Other,39.12668267,-76.9689055,"(39.12668267, -76.9689055)"
MCP12330069,250002561,MONTGOMERY,Injury Crash,01/18/2025 06:18:00 PM,Maryland (State) Route,CONNECTICUT AVE,,,,Pedestrian,Angle,Cloudy,Wet,Dark - Not Lighted,"Other Pavement Marking (excluding edgelines, centerlines, or lane lines)","Unknown, Unknown, Unknown, Unknown","Unknown, Not Suspect of Drug Use",FDD7C866-0AFD-4245-8FB6-5297CFDB0FBD,Pedestrian,Cross/Enter Not at Intersection,"Failure to Obey Traffic Signs, Signals, or Officer, In Roadway Improperly (Standing, Lying, Working, Playing), Not Visible (Dark Clothing, No Lighting, etc.)",Travel Lane Other Location,Yes,Suspected Serious Injury,None,39.02989244,-77.0757573,"(39.02989244, -77.0757573)"
EJ78880079,240061786,GAITHERSBURG,Property Damage Crash,12/27/2024 05:32:00 PM,Maryland (State) Route,S FREDERICK RD,N WESTLAND DR,,,Pedestrian,Single Vehicle,Clear,Dry,Dark - Not Lighted,No Controls,"Not Suspect of Alcohol Use, Not Suspect of Drug Use","Not Suspect of Alcohol Use, Not Suspect of Drug Use",2F906921-F77C-4806-81CA-4E3F71CCE506,Pedestrian,Other,None (No Improper Action),Other,No,No Apparent Injury,None,39.12806934,-77.18514418,"(39.12806934, -77.18514418)"
MCP33870029,250001836,MONTGOMERY,Injury Crash,01/14/2025 01:51:00 PM,US (State),COLUMBIA PIKE (SB/L),,,,Pedestrian,Front to Rear,Clear,Dry,Daylight,No Controls,"Not Suspect of Alcohol Use, Not Suspect of Drug Use, Not Suspect of Alcohol Use, Not Suspect of Drug Use","Not Suspect of Alcohol Use, Not Suspect of Drug Use",17F640ED-E11E-4D5D-B70F-F54BB705F38E,Pedestrian,Standing,None (No Improper Action),Other,No,Suspected Serious Injury,None,39.09591365,-76.93798931,"(39.09591365, -76.93798931)"
MCP3111008V,240062257,MONTGOMERY,Injury Crash,12/31/2024 09:00:00 AM,,,,Parking Lot Way        PARKING LOT AT 4206 LELAND ST,,Pedestrian,Single Vehicle,Clear,,Daylight,,"Not Suspect of Alcohol Use, Not Suspect of Drug Use","Not Suspect of Alcohol Use, Not Suspect of Drug Use",F2C05462-2097-4E7F-863B-DEFB0E6033B3,Pedestrian,Cross/Enter Not at Intersection,None (No Improper Action),NonTrafficway Area,No,Suspected Minor Injury,None,38.98000196,-77.09102309,"(38.98000196, -77.09102309)"
MCP3319002V,240046984,MONTGOMERY,Injury Crash,10/02/2024 07:50:00 AM,US (State),COLESVILLE RD,,,,Pedestrian,Single Vehicle,Rain,Wet,Daylight,No Controls,"Unknown, Unknown","Not Suspect of Alcohol Use, Not Suspect of Drug Use",1F3BB395-2E33-4947-8C80-555FAD696A9B,Pedestrian,Standing,None (No Improper Action),Shoulder/Roadside,No,Suspected Minor Injury,None,38.99837815,-77.02639373,"(38.99837815, -77.02639373)"
MCP3421000D,240047313,MONTGOMERY,Injury Crash,10/05/2024 07:22:00 AM,Maryland (State) Route,CONNECTICUT AVE (SB/L),,,,Pedestrian,Single Vehicle,Clear,Dry,Dawn,No Controls,"Not Suspect of Alcohol Use, Not Suspect of Drug Use","Not Suspect of Alcohol Use, Not Suspect of Drug Use",242F1139-5CDE-49E5-9246-623CBC4944AE,Pedestrian,Walking/Cycling on Sidewalk,None (No Improper Action),Sidewalk,No,Possible Injury,None,39.08071909,-77.08049839,"(39.08071909, -77.08049839)"
MCP27560060,240047094,MONTGOMERY,Injury Crash,10/02/2024 06:49:00 PM,County Route,VALLEYWOOD DR,,,,Pedestrian,Single Vehicle,Cloudy,Dry,Dark - Lighted,No Controls,"Not Suspect of Alcohol Use, Not Suspect of Drug Use","Not Suspect of Alcohol Use, Not Suspect of Drug Use",D0B3E839-38B6-4AD8-B8E0-71EAC13AD116,Pedestrian,Cross/Enter Not at Intersection,"Dart/Dash, Failure to Yield Right-Of-Way",Travel Lane Other Location,Yes,No Apparent Injury,None,39.05382757,-77.06757007,"(39.05382757, -77.06757007)"
DD5649003W,240047597,ROCKVILLE,Injury Crash,10/05/2024 07:25:00 PM,Maryland (State) Route,ROCKVILLE PIKE (SB/L),,,,Pedestrian,Unknown,Clear,Dry,Dark - Lighted,No Controls,"Not Suspect of Alcohol Use, Not Suspect of Drug Use","Not Suspect of Alcohol Use, Not Suspect of Drug Use",47426DC1-889D-4650-A137-D9B0E6AF1711,Pedestrian,Cross/Enter Not at Intersection,None (No Improper Action),Midblock Marked Crosswalk,No,Suspected Minor Injury,None,39.05972847,-77.12235105,"(39.05972847, -77.12235105)"
MCP32140037,250002703,MONTGOMERY,Property Damage Crash,01/19/2025 09:33:00 PM,Maryland (State) Route,FREDERICK RD,,,,Occupant Of a Non-Motor Vehicle Transportation Device,Single Vehicle,Snow,Slush,Dark - Lighted,No Controls,"Not Suspect of Alcohol Use, Not Suspect of Drug Use","Not Suspect of Alcohol Use, Not Suspect of Drug Use",257C57BB-86D8-42E9-932B-E1E0B5475043,Occupant Of a Non-Motor Vehicle Transportation Device,Other Working,None (No Improper Action),Travel Lane Other Location,No,No Apparent Injury,None,39.19783683,-77.24470167,"(39.19783683, -77.24470167)"
MCP2270003F,240040696,MONTGOMERY,Injury Crash,08/27/2024 12:00:00 PM,Local Route,GROSVENOR PL,,,,Cyclist (non-electric),Single Vehicle,Clear,Dry,Daylight,No Controls,"Not Suspect of Alcohol Use, Not Suspect of Drug Use","Not Suspect of Alcohol Use, Not Suspect of Drug Use",81A87CC7-C4AF-4CDF-8E09-5EA22786831E,Cyclist (non-electric),Walking/Cycling Along Roadway With Traffic (In or Adjacent to Travel Lane),None (No Improper Action),Shoulder/Roadside,No,Suspected Minor Injury,Helmet,39.02763539,-77.1071842,"(39.02763539, -77.1071842)"
EJ7879004C,240035989,GAITHERSBURG,Injury Crash,08/21/2024 05:20:00 PM,Municipality Route,S WESTLAND DR,FREDERICK RD (SB/L),,,Pedestrian,Unknown,Clear,Dry,Daylight,Lane Use Control Signal,"Not Suspect of Alcohol Use, Not Suspect of Drug Use","Not Suspect of Alcohol Use, Not Suspect of Drug Use",6000818A-70CF-4D83-8F6E-D2FC4A4BFD40,Pedestrian,Cross/Enter at Intersection,Unknown,Intersection Marked Crosswalk,No,Possible Injury,None,39.12591519,-77.18288302,"(39.12591519, -77.18288302)"
MCP1227001Z,230052338,Montgomery County Police,Fatal Crash,08/30/2023 09:49:00 PM,Maryland (State),FREDERICK RD,GUNNERS BRANCH RD,,N/A,BICYCLIST,OTHER,CLEAR,DRY,DARK LIGHTS ON,NO CONTROLS,NONE DETECTED,NONE DETECTED,8A3A2657-5153-4BCF-A403-725C42EE1639,BICYCLIST,Cross/Enter at Intersection,NO IMPROPER ACTIONS,ON ROADWAY AT CROSSWALK,No,FATAL INJURY,NONE,39.17841174,-77.23859705,"(39.17841174, -77.23859705)"
MCP3231001D,240040443,MONTGOMERY,Injury Crash,08/26/2024 05:00:00 PM,County Route,CORDELL AVE,WISCONSIN AVE (SB/L),,,Pedestrian,Single Vehicle,Clear,Dry,Daylight,Traffic Control Signal,"Unknown, Unknown","Not Suspect of Alcohol Use, Not Suspect of Drug Use",6FE00530-615F-412B-B8D2-F1E7449EA3B1,Pedestrian,Cross/Enter at Intersection,Dart/Dash,Intersection Marked Crosswalk,No,Suspected Minor Injury,None,38.99083185,-77.09561066,"(38.99083185, -77.09561066)"
MCP31360075,240038860,MONTGOMERY,Property Damage Crash,08/17/2024 11:25:00 AM,,,,Parking Stall        8706 FLOWER AVE. LOT,,Unknown,Other,Cloudy,,Daylight,,"Not Suspect of Alcohol Use, Not Suspect of Drug Use","Not Suspect of Alcohol Use, Not Suspect of Drug Use",C555FFFD-6CF4-4072-BB22-0BFB02DCDC27,Unknown,None,None (No Improper Action),Other,No,No Apparent Injury,Other,38.99857529,-77.00397893,"(38.99857529, -77.00397893)"
MCP271700YZ,240039789,MONTGOMERY,Injury Crash,08/22/2024 06:30:00 PM,,,,"Parking Lot Way        COMMERCIAL PARKING LOT OF 13800 BLK OUTLET DRIVE, SILVER SPRING, MD",,Pedestrian,Single Vehicle,Clear,,Daylight,,"Unknown, Unknown","Not Suspect of Alcohol Use, Not Suspect of Drug Use",545D1202-8DD3-448F-A9AF-4521D6952A2D,Pedestrian,Cross/Enter Not at Intersection,None (No Improper Action),Other,No,Suspected Minor Injury,None,39.0833628,-76.94584732,"(39.0833628, -76.94584732)"
MCP3053007M,240040233,MONTGOMERY,Injury Crash,08/25/2024 05:20:00 PM,County Route,ST MARGARETS WAY,KIMBERLY ST,,,Scooter (electric),Single Vehicle,Clear,Dry,Daylight,Stop Sign,"Not Suspect of Alcohol Use, Not Suspect of Drug Use","Not Suspect of Alcohol Use, Not Suspect of Drug Use",91E70EAB-8C94-4D91-9CEF-4A8DA839CE8F,Scooter (electric),Standing,Failure to Yield Right-Of-Way,NonTrafficway Area,No,Possible Injury,None,39.0316729,-77.05186466,"(39.0316729, -77.05186466)"
MCP32320059,240036475,MONTGOMERY,Injury Crash,08/02/2024 05:30:00 PM,,,,Parking Aisle        18131 SLADE SCHOOL RD,,Wheelchair (electric),Single Vehicle,Clear,,Daylight,,"Not Suspect of Alcohol Use, Not Suspect of Drug Use","Not Suspect of Alcohol Use, Not Suspect of Drug Use",25B3BAF4-EDD2-4C31-BA31-B38BDA040EFC,Wheelchair (electric),Unknown,Unknown,Other,Yes,Possible Injury,None,39.15485431,-77.04042973,"(39.15485431, -77.04042973)"
MCP2723008H,240040763,MONTGOMERY,Injury Crash,08/28/2024 03:00:00 PM,,,,Parking Lot Way        PARKING LOT OF 4301 RANDOLPH ROAD (RODMAN'S),,Pedestrian,Single Vehicle,Clear,,Daylight,,"Unknown, Unknown","Not Suspect of Alcohol Use, Not Suspect of Drug Use",FA79A0D4-20A3-4CE1-86CE-B226AC354428,Pedestrian,Cross/Enter Not at Intersection,None (No Improper Action),NonTrafficway Area,No,Possible Injury,None,39.05612513,-77.08337787,"(39.05612513, -77.08337787)"
MCP3402001V,240036417,MONTGOMERY,Injury Crash,08/02/2024 01:22:00 PM,Maryland (State) Route,,,,,Pedestrian,Single Vehicle,Clear,Dry,Daylight,Traffic Control Signal,"Not Suspect of Alcohol Use, Not Suspect of Drug Use","Not Suspect of Alcohol Use, Not Suspect of Drug Use",8D1718C3-2618-4A59-8FBF-4003DAF2BBDA,Pedestrian,Cross/Enter Not at Intersection,"In Roadway Improperly (Standing, Lying, Working, Playing)",Intersection Unmarked Crosswalk,Yes,Suspected Minor Injury,None,38.9983434,-77.00244513,"(38.9983434, -77.00244513)"
MCP271700YY,240039777,MONTGOMERY,Injury Crash,08/22/2024 06:26:00 PM,County Route,,,,,Pedestrian,Single Vehicle,Clear,Dry,Daylight,Pedestrian Crossing Sign,"Not Suspect of Alcohol Use, Not Suspect of Drug Use","Not Suspect of Alcohol Use, Not Suspect of Drug Use",4C6A0231-38C8-49F8-918F-A91911F80130,Pedestrian,Cross/Enter at Intersection,None (No Improper Action),Intersection Marked Crosswalk,No,Suspected Minor Injury,None,39.04147389,-76.98294091,"(39.04147389, -76.98294091)"
MCP3051007Q,240040599,MONTGOMERY,Injury Crash,08/27/2024 05:35:00 PM,County Route,COLFAX ST,PARKWOOD DR,,,Cyclist (non-electric),Single Vehicle,Clear,Dry,Daylight,No Controls,"Not Suspect of Alcohol Use, Not Suspect of Drug Use","Not Suspect of Alcohol Use, Not Suspect of Drug Use",7B989822-175A-48AD-906E-E53E6C68C345,Cyclist (non-electric),Other,None (No Improper Action),Intersection Other,No,Possible Injury,Helmet,39.02827167,-77.08720667,"(39.02827167, -77.08720667)"
MCP29070034,240039986,MONTGOMERY,Property Damage Crash,08/23/2024 10:05:00 PM,Maryland (State) Route,MONTROSE RD (WB/L),,,,Cyclist (Electric),Single Vehicle,Clear,Dry,Dark - Lighted,Traffic Control Signal,"Not Suspect of Alcohol Use, Not Suspect of Drug Use","Not Suspect of Alcohol Use, Not Suspect of Drug Use",A19F6A58-760E-4610-97B2-DB69FD622861,Cyclist (Electric),Walking/Cycling on Sidewalk,None (No Improper Action),Intersection Marked Crosswalk,No,No Apparent Injury,Unknown,39.05590032,-77.14961333,"(39.05590032, -77.14961333)"
DD56510057,240040060,ROCKVILLE,Injury Crash,08/24/2024 01:43:00 PM,Municipality Route,E MONTGOMERY AVE,,,,Pedestrian,Single Vehicle,Clear,Dry,Daylight,No Controls,"Not Suspect of Alcohol Use, Not Suspect of Drug Use","Not Suspect of Alcohol Use, Not Suspect of Drug Use",00D1475F-37EC-4B5D-B3DD-87BFAE1E57B5,Pedestrian,None,None (No Improper Action),Travel Lane Other Location,No,Suspected Serious Injury,None,39.08411388,-77.14956697,"(39.08411388, -77.14956697)"
MCP12330069,250002561,MONTGOMERY,Injury Crash,01/18/2025 06:18:00 PM,Maryland (State) Route,CONNECTICUT AVE,,,,Pedestrian,Angle,Cloudy,Wet,Dark - Not Lighted,No Controls,"Unknown, Unknown, Unknown, Unknown","Unknown, Not Suspect of Drug Use",FDD7C866-0AFD-4245-8FB6-5297CFDB0FBD,Pedestrian,Cross/Enter Not at Intersection,"Failure to Obey Traffic Signs, Signals, or Officer, In Roadway Improperly (Standing, Lying, Working, Playing), Not Visible (Dark Clothing, No Lighting, etc.)",Travel Lane Other Location,Yes,Suspected Serious Injury,None,39.02989244,-77.0757573,"(39.02989244, -77.0757573)"
EJ78940051,240048153,GAITHERSBURG,Injury Crash,10/09/2024 06:41:00 AM,Municipality Route,FIRSTFIELD RD,QUINCE ORCHARD RD QUINCE ORCHARD RD (SB/L),,,Pedestrian,Single Vehicle,Clear,Dry,Dawn,Traffic Control Signal,"Not Suspect of Alcohol Use, Not Suspect of Drug Use","Not Suspect of Alcohol Use, Not Suspect of Drug Use",C20FB24C-0202-4250-BAA4-A345543F576A,Pedestrian,Cross/Enter at Intersection,None (No Improper Action),Intersection Marked Crosswalk,No,Possible Injury,None,39.14511966,-77.22006594,"(39.14511966, -77.22006594)"
MCP2798006K,240047112,MONTGOMERY,Injury Crash,10/02/2024 08:45:00 PM,County Route,WATERS LANDING DR,,,,Cyclist (non-electric),Single Vehicle,Clear,Dry,Dark - Lighted,Traffic Control Signal,"Not Suspect of Alcohol Use, Not Suspect of Drug Use","Not Suspect of Alcohol Use, Not Suspect of Drug Use",A2ED701B-DCF6-4959-B99F-F652A3A8E4CD,Cyclist (non-electric),Cross/Enter at Intersection,Unknown,Intersection Marked Crosswalk,No,Possible Injury,None,39.1918455,-77.27219383,"(39.1918455, -77.27219383)"