Report Number,Local Case Number,Agency Name,ACRS Report Type,Crash Date/Time,Route Type,Road Name,Cross-Street Name,Off-Road Description,Municipality,Related Non-Motorist,Collision Type,Weather,Surface Condition,Light,Traffic Control,Driver Substance Abuse,Non-Motorist Substance Abuse,Person ID,Pedestrian Type,Pedestrian Movement,Pedestrian Actions,Pedestrian Location,At Fault,Injury Severity,Safety Equipment,Latitude,Longitude,Location
MCP25630020,240047962,MONTGOMERY,Fatal Crash,10/07/2024 09:18:00 PM,Maryland (State) Route,GREAT SENECA HWY (SB/L),KENTLANDS BLVD (NB/L),,,Pedestrian,Single Vehicle,Clear,Dry,Dark - Lighted,Traffic Control Signal,"Not Suspect of Alcohol Use, Not Suspect of Drug Use","Not Suspect of Alcohol Use, Not Suspect of Drug Use",F6B8D988-402D-450B-A07B-103F38CF61F2,Pedestrian,Cross/Enter at Intersection,"Dart/Dash, Failure to Obey Traffic Signs, Signals, or Officer, Not Visible (Dark Clothing, No Lighting, etc.)",Intersection Marked Crosswalk,Yes,Fatal Injury,None,39.12369719,-77.23171876,"(39.12369719, -77.23171876)"
DD5657002M,240048092,ROCKVILLE,Injury Crash,10/08/2024 03:15:00 PM,Municipality Route,NELSON ST,MANNAKEE ST MARTINS LA,,,Pedestrian,Unknown,Clear,Dry,Daylight,Traffic Control Signal,"Not Suspect of Alcohol Use, Not Suspect of Drug Use","Not Suspect of Alcohol Use, Not Suspect of Drug Use",CF8496F3-ED4C-4504-9E54-7C8B7FF99703,Pedestrian,Cross/Enter at Intersection,None (No Improper Action),Intersection Marked Crosswalk,No,Suspected Minor Injury,None,39.09333046,-77.16140076,"(39.09333046, -77.16140076)"
MCP27560060,240047094,MONTGOMERY,Injury Crash,10/02/2024 06:49:00 PM,County Route,VALLEYWOOD DR,,,,Pedestrian,Single Vehicle,Cloudy,Dry,Dark - Lighted,No Controls,"Not Suspect of Alcohol Use, Not Suspect of Drug Use","Not Suspect of Alcohol Use, Not Suspect of Drug Use",DAB2222B-8158-44AB-82A3-9348B15C8BDA,Pedestrian,Cross/Enter Not at Intersection,"Dart/Dash, Failure to Yield Right-Of-Way",Travel Lane Other Location,Yes,Possible Injury,None,39.05382757,-77.06757007,"(39.05382757, -77.06757007)"
MCP2372006S,240046963,MONTGOMERY,Injury Crash,10/02/2024 07:09:00 AM,Ramp,RAMP 1 FR MD 187 NB TO RAMP 8 (TO IS495),OLD GEORGETOWN RD (SB/L) RAMP 7 FR RAMP 2 (FR IS495) TO MD 187 SB,,,Cyclist (non-electric),Single Vehicle,Cloudy,Wet,Dawn,Traffic Control Signal,"Not Suspect of Alcohol Use, Not Suspect of Drug Use","Not Suspect of Alcohol Use, Not Suspect of Drug Use",54B50045-6F45-4BD6-8879-E3D21A4063CE,Cyclist (non-electric),Walking/Cycling Along Roadway With Traffic (In or Adjacent to Travel Lane),None (No Improper Action),OnStreet Bike Lanes,No,Suspected Serious Injury,"Helmet, Lighting, Reflectors",39.01651625,-77.11972724,"(39.01651625, -77.11972724)"
HA2377000Q,24002116,MCPARK,Injury Crash,10/06/2024 09:55:00 AM,,,,"Parking Lot Way        PARKING LOT OF LAYTONIA RECREATIONAL PARK LOCATED AT 7300 AIRPARK RD, GAITHERSBURG, MD 20879.",,Pedestrian,Single Vehicle,Clear,,Daylight,,"Not Suspect of Alcohol Use, Not Suspect of Drug Use","Not Suspect of Alcohol Use, Not Suspect of Drug Use",1272FACE-8FF7-4006-B83A-22A58A0A955F,Pedestrian,Other,None (No Improper Action),Other,No,Suspected Minor Injury,None,39.15197405,-77.14510201,"(39.15197405, -77.14510201)"
MCP2853009Z,240047585,MONTGOMERY,Injury Crash,10/05/2024 05:17:00 PM,County Route,FOREST GLEN RD,,,,Cyclist (non-electric),Single Vehicle,Clear,Dry,Daylight,Pedestrian Crossing,"Not Suspect of Alcohol Use, Not Suspect of Drug Use","Not Suspect of Alcohol Use, Not Suspect of Drug Use",914B7F25-F0FE-46C8-AF8A-0FD902CDAF04,Cyclist (non-electric),Cross/Enter at Intersection,None (No Improper Action),Intersection Marked Crosswalk,No,Suspected Minor Injury,Helmet,39.01612643,-77.03329447,"(39.01612643, -77.03329447)"
MCP26780051,240046835,MONTGOMERY,Injury Crash,10/01/2024 11:45:00 AM,,,,"Parking Lot Way        PARKING LOT OF 10700 GEORGIA AVE, SILVER SPRING MD 20902",,Pedestrian,Single Vehicle,Rain,,Daylight,,"Not Suspect of Alcohol Use, Not Suspect of Drug Use","Not Suspect of Alcohol Use, Not Suspect of Drug Use",B127342B-8C2B-43FD-87B7-1F2582493447,Pedestrian,Other,None (No Improper Action),Other,No,Suspected Minor Injury,None,39.03084881,-77.04860837,"(39.03084881, -77.04860837)"
MCP28160044,240047198,MONTGOMERY,Injury Crash,10/03/2024 01:03:00 PM,Private Route,,DARNESTOWN RD,,,Cyclist (non-electric),Single Vehicle,Clear,Dry,Daylight,No Controls,"Not Suspect of Alcohol Use, Not Suspect of Drug Use","Not Suspect of Alcohol Use, Not Suspect of Drug Use",2C0CEA65-4732-4059-AA6C-88936EEF5937,Cyclist (non-electric),Walking/Cycling Along Roadway With Traffic (In or Adjacent to Travel Lane),None (No Improper Action),OnStreet Bike Lanes,No,Suspected Minor Injury,"Helmet, Reflective Wear (backpack, triangles, etc.), Reflectors",39.10096383,-77.21589666,"(39.10096383, -77.21589666)"
MCP3426000X,250002513,MONTGOMERY,Injury Crash,01/18/2025 12:03:00 AM,County Route,KENNEDY DR,,,,Pedestrian,Single Vehicle,Clear,Dry,Dark - Lighted,No Controls,"Not Suspect of Alcohol Use, Not Suspect of Drug Use","Not Suspect of Alcohol Use, Not Suspect of Drug Use",595857E4-D214-4AFB-A072-9B22285E8588,Pedestrian,Getting Off/On Vehicle,None (No Improper Action),Other,No,Suspected Serious Injury,None,38.97124387,-77.10298577,"(38.97124387, -77.10298577)"
MCP31090093,240046743,MONTGOMERY,Fatal Crash,09/30/2024 07:55:00 PM,County Route,HIGH POINT DR,FREDERICK RD (SB/L),,,Pedestrian,Single Vehicle,Rain,Wet,Dark - Not Lighted,No Controls,"Not Suspect of Alcohol Use, Not Suspect of Drug Use","Not Suspect of Alcohol Use, Not Suspect of Drug Use",C78B4453-F227-47C9-B476-C49675078EF5,Pedestrian,Cross/Enter at Intersection,"Dart/Dash, Not Visible (Dark Clothing, No Lighting, etc.)",Intersection Other,Yes,Fatal Injury,None,39.16886161,-77.23415877,"(39.16886161, -77.23415877)"
EJ7902001V,250013364,GAITHERSBURG,Injury Crash,03/28/2025 09:20:00 PM,Maryland (State) Route,FREDERICK RD,,,,Pedestrian,Single Vehicle,Clear,Dry,Dark - Lighted,Traffic Control Signal,"Not Suspect of Alcohol Use, Not Suspect of Drug Use","Not Suspect of Alcohol Use, Not Suspect of Drug Use",526B7C91-3F55-496A-A595-65E920C12A26,Pedestrian,Cross/Enter at Intersection,None (No Improper Action),Intersection Marked Crosswalk,No,Suspected Minor Injury,None,39.1484906,-77.20697516,"(39.1484906, -77.20697516)"
MCP1550005X,250012025,MONTGOMERY,Injury Crash,03/19/2025 12:55:00 PM,County Route,WOODGLEN DR (NB/L),SECURITY LA,,,Pedestrian,Single Vehicle,Clear,Dry,Daylight,Stop Sign,"Not Suspect of Alcohol Use, Not Suspect of Drug Use","Not Suspect of Alcohol Use, Not Suspect of Drug Use",D1B762A2-CDF6-489D-973F-56E1B38D2B54,Pedestrian,Cross/Enter at Intersection,None (No Improper Action),Intersection Marked Crosswalk,No,Suspected Minor Injury,None,39.04194967,-77.11322117,"(39.04194967, -77.11322117)"
MCP2270003S,240049020,MONTGOMERY,Injury Crash,10/14/2024 07:20:00 AM,Maryland (State) Route,BRADLEY BLVD,RAYBURN RD,,,Cyclist (non-electric),Single Vehicle,Clear,Dry,Daylight,Stop Sign,"Not Suspect of Alcohol Use, Not Suspect of Drug Use","Not Suspect of Alcohol Use, Not Suspect of Drug Use",F3A68473-D28E-472F-917F-B91BDD398DE0,Cyclist (non-electric),Walking/Cycling Along Roadway With Traffic (In or Adjacent to Travel Lane),None (No Improper Action),Intersection Other,No,Suspected Minor Injury,"Helmet, Lighting, Reflectors",38.99303314,-77.12081277,"(38.99303314, -77.12081277)"
MCP291700DW,240048574,MONTGOMERY,Injury Crash,10/11/2024 12:17:00 PM,Maryland (State) Route,GEORGIA AVE (SB/L),,,,Pedestrian,Single Vehicle,Clear,Dry,Daylight,No Controls,"Not Suspect of Alcohol Use, Not Suspect of Drug Use","Suspect of Alcohol Use, Suspect of Drug Use",A9782872-B398-49EB-B7C0-FD8E4EC7536E,Pedestrian,Cross/Enter Not at Intersection,Dart/Dash,Travel Lane Other Location,Yes,Suspected Serious Injury,None,38.99908177,-77.03153301,"(38.99908177, -77.03153301)"
MCP2372006V,240048229,MONTGOMERY,Injury Crash,10/09/2024 02:32:00 PM,County Route,BEECH AVE,OLD GEORGETOWN RD (SB/L),,,Pedestrian,Single Vehicle,Clear,Dry,Daylight,Traffic Control Signal,"Not Suspect of Alcohol Use, Not Suspect of Drug Use","Not Suspect of Alcohol Use, Not Suspect of Drug Use",E80AC611-B13D-4BDE-8D30-8EF6E219088C,Pedestrian,Cross/Enter at Intersection,"Failure to Obey Traffic Signs, Signals, or Officer",Intersection Marked Crosswalk,Yes,Suspected Minor Injury,None,39.01015565,-77.11482416,"(39.01015565, -77.11482416)"
MCP2881006K,240047797,MONTGOMERY,Property Damage Crash,10/07/2024 07:50:00 AM,County Route,ETERNITY RD,AMARILLO DR HOPKINS RD,,,Pedestrian,Single Vehicle,Clear,Dry,Daylight,Stop Sign,"Not Suspect of Alcohol Use, Not Suspect of Drug Use","Not Suspect of Alcohol Use, Not Suspect of Drug Use",2D686C32-3708-4995-BC70-30A51C5F3CFE,Pedestrian,Cross/Enter at Intersection,None (No Improper Action),Intersection Unmarked Crosswalk,No,No Apparent Injury,None,39.16879435,-77.29062071,"(39.16879435, -77.29062071)"
MCP32300061,240049311,MONTGOMERY,Injury Crash,10/15/2024 05:00:00 PM,Maryland (State) Route,GEORGIA AVE (SB/L),JUDSON RD LAYHILL RD LAYHILL RD (SB/L),,,Pedestrian,Single Vehicle,Clear,Dry,Daylight,Traffic Control Signal,"Not Suspect of Alcohol Use, Not Suspect of Drug Use","Not Suspect of Alcohol Use, Not Suspect of Drug Use",5D99704A-801A-4A6A-8BA3-89C739592BA8,Pedestrian,Cross/Enter at Intersection,Dart/Dash,Intersection Marked Crosswalk,No,Suspected Minor Injury,None,39.06015176,-77.05113906,"(39.06015176, -77.05113906)"
MCP2723008W,240048973,MONTGOMERY,Injury Crash,10/13/2024 08:50:00 PM,County Route,GRAND PRE RD,,,,Pedestrian,Single Vehicle,Clear,Dry,Dark - Not Lighted,No Controls,"Not Suspect of Alcohol Use, Not Suspect of Drug Use","Not Suspect of Alcohol Use, Not Suspect of Drug Use",A4669E36-C83F-446D-9384-12E60C5E0B7A,Pedestrian,Cross/Enter at Intersection,Unknown,Sidewalk,No,Possible Injury,None,39.09274296,-77.07647884,"(39.09274296, -77.07647884)"
MCP2898005B,240048961,MONTGOMERY,Injury Crash,10/13/2024 06:28:00 PM,,,,Parking Lot Way        PARKING LOT OF 211117 FREDERICK RD,,Pedestrian,Single Vehicle,Clear,,Dusk,,"Not Suspect of Alcohol Use, Not Suspect of Drug Use","Not Suspect of Alcohol Use, Not Suspect of Drug Use",AB800D0D-F54F-4D9E-8589-52EE18EB52AB,Pedestrian,Other,None (No Improper Action),Other,No,Possible Injury,None,39.20445793,-77.24508927,"(39.20445793, -77.24508927)"
MCP3089004H,240048176,MONTGOMERY,Injury Crash,10/09/2024 09:26:00 AM,,,,Parking Lot Way        PARKING LOT OF GREENCASTLE ELEMENTARY SCHOOL,,Pedestrian,Single Vehicle,Clear,,Daylight,,"Unknown, Unknown","Not Suspect of Alcohol Use, Not Suspect of Drug Use",143A6CF9-4E2D-4D33-9F3B-F5ED996F12DF,Pedestrian,Other Working,None (No Improper Action),Unknown,No,Possible Injury,None,39.08328604,-76.94011453,"(39.08328604, -76.94011453)"
MCP2513004M,240048322,MONTGOMERY,Injury Crash,10/10/2024 07:18:00 AM,County Route,FOREST GLEN RD,FOREST GLEN RD GEORGIA AVE,,,Cyclist (non-electric),Single Vehicle,Clear,Dry,Daylight,Pedestrian Crossing,"Not Suspect of Alcohol Use, Not Suspect of Drug Use","Not Suspect of Alcohol Use, Not Suspect of Drug Use",230DCE75-FA90-498D-9849-FA0C703C5758,Cyclist (non-electric),Cross/Enter at Intersection,"Failure to Obey Traffic Signs, Signals, or Officer",Intersection Marked Crosswalk,Yes,Suspected Minor Injury,Helmet,39.0153875,-77.04281759,"(39.0153875, -77.04281759)"
MCP2727002Y,240048341,MONTGOMERY,Injury Crash,10/10/2024 09:10:00 AM,County Route,WOODGLEN DR (NB/L),,,,Pedestrian,Single Vehicle,Clear,Dry,Daylight,Stop Sign,"Not Suspect of Alcohol Use, Not Suspect of Drug Use","Not Suspect of Alcohol Use, Not Suspect of Drug Use",C0D0F59D-FB30-430C-97C6-CC8094B81440,Pedestrian,Walking/Cycling on Sidewalk,None (No Improper Action),Sidewalk,No,Suspected Serious Injury,None,39.04024793,-77.11307993,"(39.04024793, -77.11307993)"
MCP1378019J,240048403,MONTGOMERY,Injury Crash,10/10/2024 03:02:00 PM,Maryland (State) Route,GEORGIA AVE,,,,Scooter (electric),Single Vehicle,Clear,Dry,Daylight,No Controls,"Not Suspect of Alcohol Use, Not Suspect of Drug Use","Not Suspect of Alcohol Use, Not Suspect of Drug Use",42155806-8CC3-4DE1-858D-2941E84A6F51,Scooter (electric),Walking/Cycling on Sidewalk,Other,Sidewalk,No,Possible Injury,None,39.07918842,-77.07285935,"(39.07918842, -77.07285935)"
MCP3225005J,250013463,MONTGOMERY,Injury Crash,03/27/2025 08:35:00 PM,County Route,ASPEN HILL RD,,,,Pedestrian,Single Vehicle,Clear,Dry,Dark - Lighted,Traffic Control Signal,"Unknown, Unknown","Not Suspect of Alcohol Use, Not Suspect of Drug Use",1918C34F-281D-466A-87FB-18F835BE1C24,Pedestrian,Cross/Enter at Intersection,None (No Improper Action),Intersection Marked Crosswalk,No,Possible Injury,None,39.08053131,-77.0755094,"(39.08053131, -77.0755094)"
DD56120061,240048515,ROCKVILLE,Injury Crash,10/11/2024 08:05:00 AM,,,,Driveway        ENTRANCE/EXIT 1010 ROCKVILLE PIKE,,Cyclist (Electric),Single Vehicle,Clear,,Daylight,,"Not Suspect of Alcohol Use, Not Suspect of Drug Use","Not Suspect of Alcohol Use, Not Suspect of Drug Use",983CC9A5-D4A3-4290-8AA6-1A0462B48708,Cyclist (Electric),Walking/Cycling on Sidewalk,None (No Improper Action),Sidewalk,No,Possible Injury,Unknown,39.07389231,-77.13484794,"(39.07389231, -77.13484794)"
MCP2881006K,240047797,MONTGOMERY,Property Damage Crash,10/07/2024 07:50:00 AM,County Route,ETERNITY RD,AMARILLO DR HOPKINS RD,,,Pedestrian,Single Vehicle,Clear,Dry,Daylight,Stop Sign,"Not Suspect of Alcohol Use, Not Suspect of Drug Use","Not Suspect of Alcohol Use, Not Suspect of Drug Use",BAA214DB-5B43-4C97-B68A-876FED2E7258,Pedestrian,Cross/Enter at Intersection,None (No Improper Action),Intersection Unmarked Crosswalk,No,No Apparent Injury,None,39.16879435,-77.29062071,"(39.16879435, -77.29062071)"
MCP3408000C,240046633,MONTGOMERY,Injury Crash,09/30/2024 12:37:00 PM,Ramp,RAMP 4 FR US 29 NB TO IS 495 EB,,,,Cyclist (non-electric),Single Vehicle,Cloudy,Dry,Daylight,Traffic Control Signal,"Not Suspect of Alcohol Use, Not Suspect of Drug Use","Not Suspect of Alcohol Use, Not Suspect of Drug Use",A079DC00-1BEE-4134-8234-CCF7F9D3111E,Cyclist (non-electric),Cross/Enter at Intersection,None (No Improper Action),Intersection Marked Crosswalk,No,Possible Injury,Helmet,39.01432742,-77.01648216,"(39.01432742, -77.01648216)"
MCP32550062,240048444,MONTGOMERY,Injury Crash,10/10/2024 06:15:00 PM,County Route,TRANSHIRE RD,,,,Pedestrian,Single Vehicle,Clear,Dry,Dusk,No Controls,"Not Suspect of Alcohol Use, Not Suspect of Drug Use","Not Suspect of Alcohol Use, Not Suspect of Drug Use",9A79331C-34A6-413B-8807-EF69351BA24A,Pedestrian,Cross/Enter Not at Intersection,"Failure to Yield Right-Of-Way, In Roadway Improperly (Standing, Lying, Working, Playing), Inattentive (Talking, Eating, etc.)",Other,Yes,Suspected Serious Injury,None,39.17548494,-77.19808562,"(39.17548494, -77.19808562)"
MCP29740058,240049403,MONTGOMERY,Injury Crash,10/16/2024 09:26:00 AM,County Route,FAIRLAND RD (WB/L),OLD COLUMBIA PIKE,,,Cyclist (non-electric),Single Vehicle,Clear,Dry,Daylight,Traffic Control Signal,"Not Suspect of Alcohol Use, Not Suspect of Drug Use","Not Suspect of Alcohol Use, Not Suspect of Drug Use",C87A9888-7B7E-40AE-97A1-A204D9A8529A,Cyclist (non-electric),Cross/Enter at Intersection,"Dart/Dash, Other",Intersection Other,Yes,Suspected Minor Injury,None,39.07612548,-76.95772463,"(39.07612548, -76.95772463)"
MCP2771004Y,250013710,MONTGOMERY,Injury Crash,03/29/2025 02:03:00 PM,Maryland (State) Route,GEORGIA AVE,,,,Pedestrian,Single Vehicle,Cloudy,Dry,Daylight,Other,"Not Suspect of Alcohol Use, Not Suspect of Drug Use","Not Suspect of Alcohol Use, Not Suspect of Drug Use",473C1DF6-E334-4842-BA15-2957239B90E3,Pedestrian,Cross/Enter Not at Intersection,Other,Travel Lane Other Location,No,Suspected Minor Injury,Unknown,39.05289162,-77.05079097,"(39.05289162, -77.05079097)"
MCP233900B9,250014174,MONTGOMERY,Injury Crash,04/01/2025 03:16:00 PM,,,,Service Road        SHOPPING CENTER EXIT ONTO SHADY GROVE RD,,Pedestrian,Single Vehicle,Clear,,Daylight,,"Unknown, Unknown","Not Suspect of Alcohol Use, Not Suspect of Drug Use",0BE6A02F-C3CB-4E4D-ABF2-E1C68E020D3C,Pedestrian,Cross/Enter at Intersection,None (No Improper Action),Intersection Unmarked Crosswalk,No,Suspected Minor Injury,None,39.12079777,-77.17933523,"(39.12079777, -77.17933523)"
MCP3148007T,250013618,MONTGOMERY,Injury Crash,03/28/2025 06:28:00 PM,County Route,,SPENCER RD,,,Pedestrian,Single Vehicle,Rain,Wet,Daylight,Pedestrian Crossing,"Not Suspect of Alcohol Use, Not Suspect of Drug Use","Not Suspect of Alcohol Use, Not Suspect of Drug Use",EDDC7971-DDAD-434F-B301-D70BC7264185,Pedestrian,Cross/Enter at Intersection,None (No Improper Action),Intersection Marked Crosswalk,No,Possible Injury,None,38.99445827,-77.05319378,"(38.99445827, -77.05319378)"
MCP29320083,250013641,MONTGOMERY,Injury Crash,03/28/2025 09:52:00 PM,,,,Parking Lot Way        PARKING LOT NEXT TO 529 SOUTHAMPTON DRIVE,,Pedestrian,Single Vehicle,Clear,,Dark - Lighted,,"Unknown, Unknown","Not Suspect of Alcohol Use, Not Suspect of Drug Use",09B3273F-E43B-46C4-909A-7FAD69ADC6C7,Pedestrian,Other,None (No Improper Action),Other,No,Suspected Minor Injury,None,39.0075184,-76.98555407,"(39.0075184, -76.98555407)"
MCP3408000P,240057731,MONTGOMERY,Injury Crash,12/03/2024 08:09:00 AM,Maryland (State) Route,GEORGIA AVE (SB/L),,,,Pedestrian,Single Vehicle,Clear,Dry,Daylight,No Controls,"Not Suspect of Alcohol Use, Not Suspect of Drug Use","Not Suspect of Alcohol Use, Not Suspect of Drug Use",EB1871AC-978A-401A-9B56-D8E0CDC59438,Pedestrian,Cross/Enter Not at Intersection,"Failure to Obey Traffic Signs, Signals, or Officer",Travel Lane Other Location,Yes,Suspected Serious Injury,None,38.99679445,-77.02913113,"(38.99679445, -77.02913113)"
MCP33760021,240060532,MONTGOMERY,Injury Crash,12/18/2024 07:06:00 PM,County Route,KENDALL ST,LINDELL ST,,,Pedestrian,Single Vehicle,Rain,Wet,Dark - Lighted,Stop Sign,"Not Suspect of Alcohol Use, Not Suspect of Drug Use","Not Suspect of Alcohol Use, Not Suspect of Drug Use",3825B63B-B2C0-42AE-BD4B-B1073CD64CD5,Pedestrian,Cross/Enter at Intersection,None (No Improper Action),Intersection Marked Crosswalk,No,Suspected Minor Injury,None,39.05740066,-77.06072598,"(39.05740066, -77.06072598)"
MCP34520007,240054691,MONTGOMERY,Injury Crash,11/14/2024 02:42:00 PM,County Route,BRIARWOOD TERR,,,,Pedestrian,Single Vehicle,Clear,Dry,Daylight,No Controls,,"Not Suspect of Alcohol Use, Not Suspect of Drug Use",33534E3D-F434-4450-8EA3-3FEACF04B3E0,Pedestrian,Other,Other,Driveway Access,No,Suspected Minor Injury,None,39.09303707,-77.09435627,"(39.09303707, -77.09435627)"
MCP2450005R,250014026,MONTGOMERY,Injury Crash,03/31/2025 04:48:00 PM,,,,Parking Lot Way        BOOTH ST AND MAIN ST. ENTRANCE TO SHOPPING CENTER,,Pedestrian,Single Vehicle,Clear,,Daylight,,"Not Suspect of Alcohol Use, Not Suspect of Drug Use","Not Suspect of Alcohol Use, Not Suspect of Drug Use",6763A0E2-B7B0-4004-B1E5-D53B5D05735F,Pedestrian,Unknown,Unknown,Intersection Marked Crosswalk,No,Suspected Serious Injury,None,39.12482094,-77.23980126,"(39.12482094, -77.23980126)"
MCP3276003G,250012336,MONTGOMERY,Injury Crash,03/20/2025 10:27:00 PM,Local Route,SILVER SPRING AVE,GEORGIA AVE (SB/L),,,Scooter (electric),Single Vehicle,Clear,Wet,Dark - Lighted,Traffic Control Signal,"Not Suspect of Alcohol Use, Not Suspect of Drug Use","Not Suspect of Alcohol Use, Not Suspect of Drug Use",DEF72A03-75A2-45C5-A10A-10398ACFD6A3,Scooter (electric),Cross/Enter at Intersection,"Failure to Obey Traffic Signs, Signals, or Officer",Intersection Unmarked Crosswalk,No,Suspected Minor Injury,None,38.99155184,-77.02674788,"(38.99155184, -77.02674788)"
MCP3211003T,240053629,MONTGOMERY,Property Damage Crash,11/08/2024 09:01:00 AM,County Route,PUBLIC HOUSE RD,,,,Cyclist (non-electric),Single Vehicle,Clear,Dry,Daylight,Stop Sign,"Not Suspect of Alcohol Use, Not Suspect of Drug Use","Not Suspect of Alcohol Use, Not Suspect of Drug Use",1A1C0CB2-A469-48F3-BA3B-F0044F9B7596,Cyclist (non-electric),Walking/Cycling on Sidewalk,Failure to Yield Right-Of-Way,Intersection Other,Yes,No Apparent Injury,None,39.24209941,-77.27860896,"(39.24209941, -77.27860896)"
MCP30940059,240054921,MONTGOMERY,Injury Crash,11/15/2024 07:25:00 PM,Maryland (State) Route,,FLOWER HILL WAY,,,Pedestrian,Single Vehicle,Clear,Dry,Dark - Lighted,Traffic Control Signal,"Unknown, Unknown","Not Suspect of Alcohol Use, Not Suspect of Drug Use",0998A842-D78F-45BB-95B6-2F1DC69F2FEB,Pedestrian,Cross/Enter at Intersection,None (No Improper Action),Intersection Marked Crosswalk,No,Possible Injury,None,39.15629709,-77.16548354,"(39.15629709, -77.16548354)"
MCP3407000K,240053728,MONTGOMERY,Injury Crash,11/08/2024 05:41:00 PM,Private Route,,FOREST BROOK RD,,,Pedestrian,Single Vehicle,Clear,Dry,Dark - Not Lighted,No Controls,"Not Suspect of Alcohol Use, Not Suspect of Drug Use","Not Suspect of Alcohol Use, Not Suspect of Drug Use",72185CF7-8B2B-413D-BF95-E2248555C32F,Pedestrian,Cross/Enter at Intersection,None (No Improper Action),Intersection Unmarked Crosswalk,No,Suspected Minor Injury,None,39.16772933,-77.25144205,"(39.16772933, -77.25144205)"
MCP29670063,240053864,MONTGOMERY,Injury Crash,11/09/2024 06:27:00 PM,Maryland (State) Route,BROOKVILLE RD,,,,Cyclist (non-electric),Single Vehicle,Clear,Dry,Dark - Not Lighted,No Controls,"Unknown, Unknown","Not Suspect of Alcohol Use, Not Suspect of Drug Use",F9AA5025-B2A2-4E8E-9752-7C45FBAA0DF2,Cyclist (non-electric),Walking/Cycling Along Roadway With Traffic (In or Adjacent to Travel Lane),None (No Improper Action),Shoulder/Roadside,No,Possible Injury,Helmet,38.97809668,-77.07103939,"(38.97809668, -77.07103939)"