Report Number,Local Case Number,Agency Name,ACRS Report Type,Crash Date/Time,Route Type,Road Name,Cross-Street Name,Off-Road Description,Municipality,Related Non-Motorist,Collision Type,Weather,Surface Condition,Light,Traffic Control,Driver Substance Abuse,Non-Motorist Substance Abuse,Person ID,Pedestrian Type,Pedestrian Movement,Pedestrian Actions,Pedestrian Location,At Fault,Injury Severity,Safety Equipment,Latitude,Longitude,Location
MCP2674005K,240055040,MONTGOMERY,Injury Crash,11/16/2024 05:00:00 PM,County Route,SUNDOWN RD,,,,Cyclist (non-electric),Single Vehicle,Clear,Dry,Dusk,No Controls,"Unknown, Unknown","Not Suspect of Alcohol Use, Not Suspect of Drug Use",0902ED19-78C1-4DE3-8107-DDCD5A7E9FA4,Cyclist (non-electric),Walking/Cycling Along Roadway With Traffic (In or Adjacent to Travel Lane),None (No Improper Action),Travel Lane Other Location,No,Suspected Minor Injury,"Helmet, Lighting, Reflectors",39.2127986,-77.13708446,"(39.2127986, -77.13708446)"
HA24920018,24002426,MCPARK,Injury Crash,11/17/2024 12:33:00 PM,Government Route,BEACH DR,,,,Pedestrian,Single Vehicle,Clear,Dry,Daylight,No Controls,"Not Suspect of Alcohol Use, Not Suspect of Drug Use","Not Suspect of Alcohol Use, Not Suspect of Drug Use",703F6B00-C062-437D-A1F9-D51BF2DDFF79,Pedestrian,Other,"None (No Improper Action), Unknown",Driveway Access,No,Suspected Minor Injury,None,38.98646597,-77.06239228,"(38.98646597, -77.06239228)"
MCP33470028,240054851,MONTGOMERY,Injury Crash,11/15/2024 01:37:00 PM,Municipality Route,MAPLE AVE,BRADLEY LA,,,Cyclist (Electric),Single Vehicle,Cloudy,Dry,Daylight,Stop Sign,"Not Suspect of Alcohol Use, Not Suspect of Drug Use","Unknown, Unknown",E9C4A932-C365-4350-B408-309AA569CDA7,Cyclist (Electric),Cross/Enter at Intersection,None (No Improper Action),Intersection Marked Crosswalk,No,Possible Injury,Helmet,38.97709933,-77.08454446,"(38.97709933, -77.08454446)"
MCP3386001Y,240054725,MONTGOMERY,Injury Crash,11/09/2024 04:00:00 PM,Maryland (State) Route,EAST WEST HWY,BEACH DR JONES MILL RD,,,Pedestrian,Single Vehicle,Clear,Dry,Daylight,Traffic Control Signal,"Unknown, Unknown","Not Suspect of Alcohol Use, Not Suspect of Drug Use",A020CB62-FB1D-404D-A051-6A9599D1E783,Pedestrian,Cross/Enter at Intersection,None (No Improper Action),Intersection Marked Crosswalk,No,Suspected Serious Injury,None,38.99333208,-77.06352067,"(38.99333208, -77.06352067)"
MCP31610076,240053563,MONTGOMERY,Injury Crash,11/07/2024 07:16:00 PM,County Route,,ELM ST,,,Scooter (electric),Single Vehicle,Clear,Dry,Dark - Lighted,Traffic Control Signal,"Unknown, Unknown","Not Suspect of Alcohol Use, Not Suspect of Drug Use",F9158D18-703C-418A-B794-EB43D1413B83,Scooter (electric),Cross/Enter at Intersection,None (No Improper Action),Intersection Marked Crosswalk,No,Suspected Minor Injury,None,38.98207129,-77.09845948,"(38.98207129, -77.09845948)"
DD56510063,250013447,ROCKVILLE,Injury Crash,03/27/2025 06:37:00 PM,Municipality Route,HALPINE RD (EB/L),,,,Pedestrian,Single Vehicle,Clear,Dry,Daylight,Traffic Control Signal,"Unknown, Unknown","Not Suspect of Alcohol Use, Not Suspect of Drug Use",C53F612D-80F7-48AD-8EE4-07320170363E,Pedestrian,Cross/Enter at Intersection,None (No Improper Action),Intersection Marked Crosswalk,No,Suspected Minor Injury,None,39.06129209,-77.12499069,"(39.06129209, -77.12499069)"
MCP3348003P,240055516,MONTGOMERY,Injury Crash,11/19/2024 04:11:00 PM,County Route,,,,,Pedestrian,Single Vehicle,Clear,Dry,Dusk,No Controls,"Not Suspect of Alcohol Use, Not Suspect of Drug Use","Not Suspect of Alcohol Use, Not Suspect of Drug Use",557AE800-D14F-4157-8565-EB4CA08C827B,Pedestrian,Cross/Enter Not at Intersection,"Dart/Dash, Failure to Yield Right-Of-Way",Travel Lane Other Location,Yes,Suspected Serious Injury,None,39.09051984,-77.04818854,"(39.09051984, -77.04818854)"
HA24920018,24002426,MCPARK,Injury Crash,11/17/2024 12:33:00 PM,Government Route,BEACH DR,,,,Pedestrian,Single Vehicle,Clear,Dry,Daylight,No Controls,"Not Suspect of Alcohol Use, Not Suspect of Drug Use","Not Suspect of Alcohol Use, Not Suspect of Drug Use",8CFDACCB-3E66-4431-8696-EBE76B23229B,Pedestrian,Other,"None (No Improper Action), Unknown",Driveway Access,No,Suspected Minor Injury,None,38.98646597,-77.06239228,"(38.98646597, -77.06239228)"
MCP3301002V,240049947,MONTGOMERY,Injury Crash,10/19/2024 03:06:00 AM,County Route,TECH RD,COLUMBIA PIKE,,,Pedestrian,Single Vehicle,Clear,Dry,Dark - Lighted,Traffic Control Signal,"Not Suspect of Alcohol Use, Not Suspect of Drug Use","Not Suspect of Alcohol Use, Not Suspect of Drug Use",0B707C34-8304-4ABE-8B21-31C2BE2B90EA,Pedestrian,Cross/Enter at Intersection,None (No Improper Action),Intersection Marked Crosswalk,No,Suspected Minor Injury,None,39.05795366,-76.96832733,"(39.05795366, -76.96832733)"
DD5643004V,240060111,ROCKVILLE,Injury Crash,12/16/2024 05:19:00 PM,Municipality Route,MANNAKEE ST,CARR AVE #2,,,Pedestrian,Single Vehicle,Rain,Wet,Dark - Lighted,Pedestrian Crossing,"Not Suspect of Alcohol Use, Not Suspect of Drug Use","Not Suspect of Alcohol Use, Not Suspect of Drug Use",1CAAED06-F26A-46CE-976D-5AFD5B70D79E,Pedestrian,Unknown,"Not Visible (Dark Clothing, No Lighting, etc.)",Intersection Marked Crosswalk,No,Suspected Minor Injury,None,39.0890798,-77.1666223,"(39.0890798, -77.1666223)"
MCP22700047,240059219,MONTGOMERY,Injury Crash,12/11/2024 12:40:00 PM,Maryland (State) Route,OLD GEORGETOWN RD,AUBURN AVE,,,Pedestrian,Single Vehicle,Rain,Wet,Daylight,Traffic Control Signal,"Not Suspect of Alcohol Use, Not Suspect of Drug Use","Not Suspect of Alcohol Use, Not Suspect of Drug Use",B3F49B55-0669-4852-86A5-BD30851A0046,Pedestrian,Cross/Enter at Intersection,None (No Improper Action),Intersection Marked Crosswalk,No,Suspected Minor Injury,None,38.98884118,-77.10101639,"(38.98884118, -77.10101639)"
MCP2837006N,240059371,MONTGOMERY,Injury Crash,12/12/2024 08:39:00 AM,Maryland (State) Route,DARNESTOWN RD (WB/L),,,,Cyclist (non-electric),Single Vehicle,Clear,Dry,Daylight,No Controls,"Not Suspect of Alcohol Use, Not Suspect of Drug Use","Not Suspect of Alcohol Use, Not Suspect of Drug Use",4F288C59-BB40-4B6C-A520-77C6B9599AB2,Cyclist (non-electric),Walking/Cycling Along Roadway With Traffic (In or Adjacent to Travel Lane),None (No Improper Action),Travel Lane Other Location,No,Possible Injury,"Helmet, Lighting, Reflectors",39.11810833,-77.25991333,"(39.11810833, -77.25991333)"
MCP3031006B,240058911,MONTGOMERY,Injury Crash,12/09/2024 06:00:00 PM,County Route,BONIFANT RD,CATOCTIN DR,,,Pedestrian,Single Vehicle,Clear,Wet,Dark - Lighted,No Controls,"Not Suspect of Alcohol Use, Not Suspect of Drug Use","Not Suspect of Alcohol Use, Not Suspect of Drug Use",48160F33-015C-4804-9E84-171BC9AA748E,Pedestrian,Cross/Enter Not at Intersection,"In Roadway Improperly (Standing, Lying, Working, Playing)",Travel Lane Other Location,Yes,Possible Injury,None,39.09092059,-77.0437445,"(39.09092059, -77.0437445)"
MCP3037006R,240058721,MONTGOMERY,Injury Crash,12/08/2024 06:10:00 PM,County Route,RIDGE RD,OBSERVATION DR (SB/L),,,Pedestrian,Single Vehicle,Clear,Dry,Dark - Lighted,Pedestrian Crossing,"Not Suspect of Alcohol Use, Not Suspect of Drug Use","Not Suspect of Alcohol Use, Not Suspect of Drug Use",0CD1A699-B414-4EED-BDF5-D219A10E61FA,Pedestrian,Cross/Enter at Intersection,None (No Improper Action),Midblock Marked Crosswalk,No,Possible Injury,None,39.2019597,-77.25342628,"(39.2019597, -77.25342628)"
MCP3271005C,240058691,MONTGOMERY,Injury Crash,12/08/2024 02:00:00 PM,,,,Parking Lot Way        MONTGOMERY MALL 7101 DEMOCRACY BLVD,,Pedestrian,Single Vehicle,Clear,,Daylight,,"Not Suspect of Alcohol Use, Not Suspect of Drug Use","Not Suspect of Alcohol Use, Not Suspect of Drug Use",34DB74EA-514B-4230-AC16-79921908A4F0,Pedestrian,Cross/Enter Not at Intersection,None (No Improper Action),NonTrafficway Area,No,Suspected Minor Injury,None,39.02533519,-77.14555619,"(39.02533519, -77.14555619)"
EJ7781005G,240060393,GAITHERSBURG,Injury Crash,12/18/2024 07:18:00 AM,Municipality Route,DIAMOND DR,QUINCE ORCHARD BLVD QUINCE ORCHARD BLVD (EB/L) SEBASTIANI BLVD SEBASTIANI BLVD (SB/L),,,Pedestrian,Single Vehicle,Clear,Dry,Dawn,No Controls,"Not Suspect of Alcohol Use, Not Suspect of Drug Use","Not Suspect of Alcohol Use, Not Suspect of Drug Use",C494DD4D-429C-43C2-B23C-2DAE7BF8F805,Pedestrian,Cross/Enter at Intersection,None (No Improper Action),Intersection Marked Crosswalk,No,Suspected Minor Injury,None,39.13496558,-77.22976059,"(39.13496558, -77.22976059)"
MCP2085000M,240050084,MONTGOMERY,Injury Crash,10/19/2024 10:30:00 PM,Municipality Route,OAK LA,,,,Pedestrian,Single Vehicle,Clear,Dry,Dark - Lighted,No Controls,"Not Suspect of Alcohol Use, Not Suspect of Drug Use","Not Suspect of Alcohol Use, Not Suspect of Drug Use",1A238B07-3999-4BB7-B4D1-E8CE9DC74BFD,Pedestrian,Cross/Enter Not at Intersection,Dart/Dash,Travel Lane Other Location,Yes,Suspected Serious Injury,None,38.98389299,-77.08210183,"(38.98389299, -77.08210183)"
MCP12010001,240050201,MONTGOMERY,Injury Crash,10/20/2024 04:10:00 PM,,,,Parking Lot Way        PARKING LOT OF COSTCO,,Pedestrian,Single Vehicle,Clear,,Daylight,,"Not Suspect of Alcohol Use, Not Suspect of Drug Use","Not Suspect of Alcohol Use, Not Suspect of Drug Use",6D7A2626-D9F6-4675-8808-38E01F011B4B,Pedestrian,Cross/Enter at Intersection,None (No Improper Action),NonTrafficway Area,No,Suspected Minor Injury,None,39.15644239,-77.21348223,"(39.15644239, -77.21348223)"
MCP2455007K,240048636,MONTGOMERY,Injury Crash,10/11/2024 04:56:00 PM,Maryland (State) Route,ROCKVILLE PIKE (SB/L),,,,"Other Pedestrian (person in a building, skater, personal conveyance, etc.)",Single Vehicle,Clear,Dry,Daylight,Traffic Control Signal,"Not Suspect of Alcohol Use, Not Suspect of Drug Use","Not Suspect of Alcohol Use, Not Suspect of Drug Use",00DD932B-2C4B-457B-821D-2DAC35586B3B,"Other Pedestrian (person in a building, skater, personal conveyance, etc.)",Cross/Enter at Intersection,Failure to Yield Right-Of-Way,Intersection Other,No,Suspected Minor Injury,None,39.05508381,-77.1182656,"(39.05508381, -77.1182656)"
MCP3037006L,240049487,MONTGOMERY,Injury Crash,10/16/2024 03:46:00 PM,County Route,OBSERVATION DR (SB/L),MILESTONE CENTER DR (NB/L),,,Pedestrian,Unknown,Clear,Dry,Daylight,"Person (including flagger, law enforcement, crossing guard, etc.","Not Suspect of Alcohol Use, Not Suspect of Drug Use","Not Suspect of Alcohol Use, Not Suspect of Drug Use",15507302-FC64-40CB-861E-0719787847FA,Pedestrian,Walking/Cycling Along Roadway With Traffic (In or Adjacent to Travel Lane),None (No Improper Action),Intersection Marked Crosswalk,No,Suspected Minor Injury,None,39.20383788,-77.25977099,"(39.20383788, -77.25977099)"
MCP3387001Q,240049600,MONTGOMERY,Injury Crash,10/17/2024 07:53:00 AM,County Route,MILESTONE DR,,,,Pedestrian,Single Vehicle,Clear,Dry,Daylight,No Controls,"Not Suspect of Alcohol Use, Not Suspect of Drug Use, Not Suspect of Alcohol Use, Not Suspect of Drug Use","Not Suspect of Alcohol Use, Not Suspect of Drug Use",17FE68CD-D8CF-4F3E-81F1-66B424777716,Pedestrian,Other Working,None (No Improper Action),Other,No,Suspected Minor Injury,None,39.04861224,-76.98456399,"(39.04861224, -76.98456399)"
MCP32330057,240059802,MONTGOMERY,Injury Crash,12/14/2024 03:32:00 PM,County Route,FLOWER AVE,,,,Scooter (electric),Single Vehicle,Clear,Dry,Daylight,Pedestrian Crossing,"Unknown, Unknown","Not Suspect of Alcohol Use, Not Suspect of Drug Use",8AE4773A-D201-41CE-B9CB-55F08FDA94A2,Scooter (electric),Cross/Enter at Intersection,None (No Improper Action),Intersection Other,No,Suspected Minor Injury,Other,38.99914495,-77.00383815,"(38.99914495, -77.00383815)"
MCP31480074,240058089,MONTGOMERY,Injury Crash,12/04/2024 08:51:00 PM,Maryland (State) Route,EAST WEST HWY (WB/L),SUNDALE DR WASHINGTON AVE WASHINGTON AVE (NB/L),,,Pedestrian,Single Vehicle,Clear,Dry,Dark - Lighted,Traffic Control Signal,"Not Suspect of Alcohol Use, Not Suspect of Drug Use","Not Suspect of Alcohol Use, Not Suspect of Drug Use",35DE1954-A83E-4B51-BDB6-F4FF9203318C,Pedestrian,Cross/Enter at Intersection,"Failure to Obey Traffic Signs, Signals, or Officer",Intersection Marked Crosswalk,No,Possible Injury,None,38.99492997,-77.04537518,"(38.99492997, -77.04537518)"
DM8514001K,240048276,TAKOMA,Injury Crash,10/09/2024 07:15:00 PM,Maryland (State) Route,UNIVERSITY BLVD,,,,Pedestrian,Single Vehicle,Clear,Dry,Dark - Lighted,No Controls,"Not Suspect of Alcohol Use, Not Suspect of Drug Use","Suspect of Alcohol Use, Not Suspect of Drug Use",BBF2B3EB-36DD-4207-92E3-003A71CE4887,Pedestrian,Cross/Enter Not at Intersection,"Dart/Dash, Inattentive (Talking, Eating, etc.)",Median/Crossing Island,No,Possible Injury,None,38.98949796,-76.98858815,"(38.98949796, -76.98858815)"
DD5673000P,240050509,ROCKVILLE,Injury Crash,10/22/2024 10:08:00 AM,Maryland (State) Route,VEIRS MILL RD,TWINBROOK PKWY,,,Pedestrian,Single Vehicle,Clear,Dry,Daylight,Traffic Control Signal,"Unknown, Unknown","Not Suspect of Alcohol Use, Not Suspect of Drug Use",BFE160E8-EAFE-4505-8545-F2CF7C2C5A83,Pedestrian,Cross/Enter at Intersection,None (No Improper Action),Intersection Marked Crosswalk,No,Suspected Minor Injury,None,39.07337706,-77.11196112,"(39.07337706, -77.11196112)"
MCP2966007R,240048472,MONTGOMERY,Injury Crash,10/10/2024 09:09:00 PM,Bicycle Route,,,,,Cyclist (non-electric),Single Vehicle,Clear,Dry,Dark - Not Lighted,No Controls,"Not Suspect of Alcohol Use, Not Suspect of Drug Use","Not Suspect of Alcohol Use, Not Suspect of Drug Use",78A1015D-43B3-4E08-A87D-29AA0AFDEED5,Cyclist (non-electric),Other,"Not Visible (Dark Clothing, No Lighting, etc.)",Other,No,Suspected Minor Injury,Helmet,39.17949954,-77.23864436,"(39.17949954, -77.23864436)"
MCP28810064,240003452,MONTGOMERY,Injury Crash,01/23/2024 07:00:00 AM,County Route,BRANDERMILL DR,,,,Pedestrian,Single Vehicle,Clear,Dry,Dawn,No Controls,"Not Suspect of Alcohol Use, Not Suspect of Drug Use","Not Suspect of Alcohol Use, Not Suspect of Drug Use",3618F4EF-75AB-49D3-AD8E-4C7217333F4B,Pedestrian,Getting Off/On Vehicle,None (No Improper Action),Shoulder/Roadside,No,Possible Injury,None,39.18448333,-77.23691167,"(39.18448333, -77.23691167)"
MCP31610070,240033576,MONTGOMERY,Property Damage Crash,07/16/2024 12:30:00 PM,Local Route,CHEVY CHASE LAKE TER,,,,Pedestrian,Single Vehicle,Clear,Dry,Daylight,No Controls,"Not Suspect of Alcohol Use, Not Suspect of Drug Use","Not Suspect of Alcohol Use, Not Suspect of Drug Use",5A2A5C88-903C-40AB-A490-FA72DC63F5FA,Pedestrian,Getting Off/On Vehicle,None (No Improper Action),Travel Lane Other Location,No,No Apparent Injury,None,38.99545804,-77.07582841,"(38.99545804, -77.07582841)"
DM8503001Q,240034144,TAKOMA,Injury Crash,07/19/2024 04:59:00 PM,Municipality Route,SYCAMORE AVE,,,,Pedestrian,Single Vehicle,Clear,Dry,Daylight,No Controls,"Not Suspect of Alcohol Use, Not Suspect of Drug Use","Not Suspect of Alcohol Use, Not Suspect of Drug Use",E96216AF-A668-4867-BE44-B9D8C06780D8,Pedestrian,Getting Off/On Vehicle,"Entering/Exiting Parked/Standing Vehicle, Other",Driveway Access,No,Suspected Minor Injury,None,38.97641824,-77.00453773,"(38.97641824, -77.00453773)"
MCP31900067,240049055,MONTGOMERY,Property Damage Crash,10/14/2024 11:10:00 AM,Maryland (State) Route,GEORGIA AVE (SB/L),,,,Cyclist (non-electric),Single Vehicle,Clear,Dry,Daylight,No Controls,"Not Suspect of Alcohol Use, Not Suspect of Drug Use","Not Suspect of Alcohol Use, Not Suspect of Drug Use",84039C30-B4C6-4092-8F3D-5CC4CCCD8171,Cyclist (non-electric),Walking/Cycling on Sidewalk,Unknown,Sidewalk,No,No Apparent Injury,None,39.15496263,-77.06705986,"(39.15496263, -77.06705986)"
MCP3051007X,240046528,MONTGOMERY,Injury Crash,09/29/2024 04:55:00 PM,,,,Parking Lot Way        PARKING LOT OF ST. LUKES EPISCOPAL CHURCH,,Occupant of Motor Vehicle Not in Transport,Single Vehicle,Clear,,Daylight,,,"Not Suspect of Alcohol Use, Not Suspect of Drug Use",D4574E83-253E-41E8-BDC0-4D1BB48B2473,Occupant of Motor Vehicle Not in Transport,Getting Off/On Vehicle,Entering/Exiting Parked/Standing Vehicle,Other,No,Possible Injury,None,39.02184659,-77.12226689,"(39.02184659, -77.12226689)"
MCP3180004B,240050446,MONTGOMERY,Injury Crash,10/21/2024 07:24:00 PM,County Route,NORTH HIGH ST,GEORGIA AVE (SB/L),,,Pedestrian,Single Vehicle,Clear,Dry,Dark - Lighted,No Controls,"Not Suspect of Alcohol Use, Not Suspect of Drug Use","Not Suspect of Alcohol Use, Not Suspect of Drug Use",B7ABCCE2-2394-410C-893C-696E635E69DD,Pedestrian,Cross/Enter Not at Intersection,"Dart/Dash, Failure to Obey Traffic Signs, Signals, or Officer, Inattentive (Talking, Eating, etc.)",Travel Lane Other Location,No,Suspected Serious Injury,None,39.15118065,-77.06682513,"(39.15118065, -77.06682513)"
MCP2251002M,240045510,MONTGOMERY,Injury Crash,09/24/2024 09:21:00 AM,County Route,MARSEILLE DR,,,,Pedestrian,Unknown,Cloudy,Wet,Daylight,No Controls,"Not Suspect of Alcohol Use, Not Suspect of Drug Use","Not Suspect of Alcohol Use, Not Suspect of Drug Use",AB4312F3-57D4-4E34-B512-3ED62A11A489,Pedestrian,Getting Off/On Vehicle,None (No Improper Action),Travel Lane Other Location,No,Possible Injury,None,39.04086333,-77.18378,"(39.04086333, -77.18378)"
MCP2159002H,240045306,MONTGOMERY,Injury Crash,09/23/2024 07:43:00 AM,County Route,YELLOWWOOD DR,,,,Occupant of Motor Vehicle Not in Transport,Single Vehicle,Cloudy,Dry,Daylight,No Controls,"Not Suspect of Alcohol Use, Not Suspect of Drug Use","Not Suspect of Alcohol Use, Not Suspect of Drug Use",D238A28E-C1DC-4A07-B3F2-26503E30C710,Occupant of Motor Vehicle Not in Transport,Getting Off/On Vehicle,Entering/Exiting Parked/Standing Vehicle,Shoulder/Roadside,Yes,Suspected Minor Injury,"Reflective Wear (backpack, triangles, etc.)",39.23429696,-77.23952041,"(39.23429696, -77.23952041)"
MCP3383001P,240049380,MONTGOMERY,Property Damage Crash,10/16/2024 06:50:00 AM,County Route,SHOREFIELD RD,GEORGIA AVE,,,Pedestrian,Single Vehicle,Clear,Dry,Dawn,Traffic Control Signal,"Not Suspect of Alcohol Use, Not Suspect of Drug Use","Not Suspect of Alcohol Use, Not Suspect of Drug Use",FE43C396-BC4A-4C26-A15F-5E97ED379505,Pedestrian,Cross/Enter at Intersection,None (No Improper Action),Intersection Marked Crosswalk,No,No Apparent Injury,None,39.05304251,-77.05085257,"(39.05304251, -77.05085257)"
MCP3410000H,240049388,MONTGOMERY,Property Damage Crash,10/16/2024 07:53:00 AM,,,,Private Road        SCHOOL BUS DROP OFF LANE.,,Pedestrian,Single Vehicle,Clear,,Daylight,,"Not Suspect of Alcohol Use, Not Suspect of Drug Use","Not Suspect of Alcohol Use, Not Suspect of Drug Use",2EF075D3-23A8-4856-B12C-47EE1C8DC7B3,Pedestrian,Cross/Enter Not at Intersection,None (No Improper Action),Other,No,No Apparent Injury,None,39.06486013,-77.03897102,"(39.06486013, -77.03897102)"
MCP2270003V,240050009,MONTGOMERY,Injury Crash,10/19/2024 12:10:00 PM,County Route,MACARTHUR BLVD,OBERLIN AVE,,,Cyclist (non-electric),Single Vehicle,Clear,Dry,Daylight,Traffic Control Signal,"Not Suspect of Alcohol Use, Not Suspect of Drug Use","Not Suspect of Alcohol Use, Not Suspect of Drug Use",4C0672A4-E75A-4282-A5F7-094B4221DF8D,Cyclist (non-electric),Walking/Cycling on Sidewalk,None (No Improper Action),Intersection Marked Crosswalk,No,Suspected Minor Injury,"Helmet, Reflectors",38.96447409,-77.13610862,"(38.96447409, -77.13610862)"
MCP32710055,240049741,MONTGOMERY,Injury Crash,10/17/2024 07:45:00 PM,County Route,RAYBURN RD,BRADLEY BLVD,,,Cyclist (Electric),Single Vehicle,Clear,Dry,Dark - Not Lighted,No Controls,"Not Suspect of Alcohol Use, Not Suspect of Drug Use","Not Suspect of Alcohol Use, Not Suspect of Drug Use",9573258C-EBDD-4172-9AA8-7F5FAE5AB5BF,Cyclist (Electric),Cross/Enter at Intersection,"Dart/Dash, Failure to Yield Right-Of-Way, Not Visible (Dark Clothing, No Lighting, etc.)",Intersection Other,Yes,Suspected Serious Injury,None,38.99317686,-77.1205867,"(38.99317686, -77.1205867)"
MCP2788003M,240041626,MONTGOMERY,Injury Crash,09/02/2024 09:21:00 PM,Maryland (State) Route,GEORGIA AVE (SB/L),,,,Pedestrian,Single Vehicle,Clear,Dry,Dark - Lighted,Traffic Control Signal,"Not Suspect of Alcohol Use, Not Suspect of Drug Use","Suspect of Alcohol Use, Not Suspect of Drug Use",63CCC9F2-64C0-4972-AAB0-F82B486C8ABB,Pedestrian,Getting Off/On Vehicle,Entering/Exiting Parked/Standing Vehicle,Other,Yes,Possible Injury,None,39.03211558,-77.04851317,"(39.03211558, -77.04851317)"
MCP235800CZ,240049406,MONTGOMERY,Injury Crash,10/16/2024 10:00:00 AM,County Route,MACARTHUR BLVD,PERSIMMON TREE RD,,,Cyclist (non-electric),Single Vehicle,Clear,Dry,Daylight,Stop Sign,"Not Suspect of Alcohol Use, Not Suspect of Drug Use","Not Suspect of Alcohol Use, Not Suspect of Drug Use",37ED2AEF-409A-4EFB-8598-9F867498F543,Cyclist (non-electric),Walking/Cycling Along Roadway Against Traffic (In or Adjacent to Travel Lane),None (No Improper Action),Shoulder/Roadside,No,Suspected Serious Injury,Helmet,38.97429686,-77.1682134,"(38.97429686, -77.1682134)"
MCP25070025,240009383,MONTGOMERY,Injury Crash,02/26/2024 04:01:00 PM,Maryland (State) Route,,,,,Pedestrian,Single Vehicle,Clear,Dry,Daylight,No Controls,"Not Suspect of Alcohol Use, Not Suspect of Drug Use","Not Suspect of Alcohol Use, Not Suspect of Drug Use",7F335C27-8DEF-4A44-A278-818565201B56,Pedestrian,Getting Off/On Vehicle,None (No Improper Action),Shoulder/Roadside,No,Suspected Minor Injury,None,39.10394969,-77.28633395,"(39.10394969, -77.28633395)"
MCP3352002H,240059477,MONTGOMERY,Injury Crash,12/12/2024 04:50:00 PM,County Route,LOST KNIFE RD (NB/L),,,,Cyclist (non-electric),Single Vehicle,Clear,Dry,Dark - Lighted,Stop Sign,"Not Suspect of Alcohol Use, Not Suspect of Drug Use","Not Suspect of Alcohol Use, Not Suspect of Drug Use",7ADC7649-72EE-4A91-8E11-3B9EE223316C,Cyclist (non-electric),Cross/Enter at Intersection,None (No Improper Action),Intersection Marked Crosswalk,No,Suspected Minor Injury,None,39.1572178,-77.20324396,"(39.1572178, -77.20324396)"