Report Number,Local Case Number,Agency Name,ACRS Report Type,Crash Date/Time,Route Type,Road Name,Cross-Street Name,Off-Road Description,Municipality,Related Non-Motorist,Collision Type,Weather,Surface Condition,Light,Traffic Control,Driver Substance Abuse,Non-Motorist Substance Abuse,Person ID,Pedestrian Type,Pedestrian Movement,Pedestrian Actions,Pedestrian Location,At Fault,Injury Severity,Safety Equipment,Latitude,Longitude,Location
MCP12270027,240048346,MONTGOMERY,Injury Crash,10/10/2024 09:16:00 AM,County Route,CHERRY VALLEY DR,,,,"Other Pedestrian (person in a building, skater, personal conveyance, etc.)",Single Vehicle,Clear,Dry,Daylight,"Person (including flagger, law enforcement, crossing guard, etc.","Not Suspect of Alcohol Use, Not Suspect of Drug Use","Not Suspect of Alcohol Use, Not Suspect of Drug Use",D09B7C9F-8862-49C9-9CA9-4A570B945D79,"Other Pedestrian (person in a building, skater, personal conveyance, etc.)",Other,Other,Travel Lane Other Location,No,Suspected Serious Injury,Helmet,39.13927077,-77.06978133,"(39.13927077, -77.06978133)"
MCP3422000V,240049888,MONTGOMERY,Injury Crash,10/18/2024 05:00:00 PM,County Route,WOODSIDE PKWY,,,,Pedestrian,Single Vehicle,Clear,Dry,Daylight,No Controls,"Not Suspect of Alcohol Use, Not Suspect of Drug Use","Not Suspect of Alcohol Use, Not Suspect of Drug Use",CC3A5788-4EEB-4845-8C1F-659CB42886F0,Pedestrian,Walking/Cycling Along Roadway Against Traffic (In or Adjacent to Travel Lane),None (No Improper Action),Other,No,Suspected Minor Injury,None,39.00488738,-77.03148883,"(39.00488738, -77.03148883)"
MCP2445005L,240009464,MONTGOMERY,Injury Crash,02/27/2024 08:04:00 AM,,,,Parking Aisle        PARKING LOT OF 21010 FREDERICK RD,,Pedestrian,Single Vehicle,Clear,,Daylight,,"Not Suspect of Alcohol Use, Not Suspect of Drug Use","Not Suspect of Alcohol Use, Not Suspect of Drug Use",2E85EC81-C940-4C1C-8F5A-482F34D02038,Pedestrian,Getting Off/On Vehicle,Unknown,Other,No,Suspected Minor Injury,None,39.20058292,-77.2482529,"(39.20058292, -77.2482529)"
MCP23990095,240041558,MONTGOMERY,Injury Crash,09/02/2024 02:54:00 PM,County Route,WIGHTMAN RD,ASPENWOOD LA,,,Cyclist (Electric),Single Vehicle,Clear,Dry,Daylight,Stop Sign,"Not Suspect of Alcohol Use, Not Suspect of Drug Use","Not Suspect of Alcohol Use, Not Suspect of Drug Use",B852944F-F3EB-4F17-9F7F-FB8FEC03F721,Cyclist (Electric),Walking/Cycling Along Roadway With Traffic (In or Adjacent to Travel Lane),None (No Improper Action),Shoulder/Roadside,No,Possible Injury,Unknown,39.19406525,-77.19494219,"(39.19406525, -77.19494219)"
MCP32920024,240019616,MONTGOMERY,Injury Crash,04/26/2024 11:31:00 PM,Local Route,COBBLER PL,BARKLEY PL,,,Pedestrian,Single Vehicle,Clear,Dry,Dark - Lighted,Pedestrian Crossing,"Not Suspect of Alcohol Use, Not Suspect of Drug Use","Not Suspect of Alcohol Use, Not Suspect of Drug Use",81958B3F-40BE-4B24-BAD4-054AAAE9209D,Pedestrian,Cross/Enter at Intersection,None (No Improper Action),Intersection Marked Crosswalk,No,Suspected Minor Injury,Unknown,39.13149749,-77.19052225,"(39.13149749, -77.19052225)"
MCP28450091,240050297,MONTGOMERY,Injury Crash,10/21/2024 09:00:00 AM,US (State),COLUMBIA PIKE,PRELUDE DR,,,Pedestrian,Single Vehicle,Clear,Dry,Daylight,Traffic Control Signal,"Not Suspect of Alcohol Use, Not Suspect of Drug Use","Not Suspect of Alcohol Use, Not Suspect of Drug Use",C962DE79-6D4D-4054-9745-A0BDE6F41F0E,Pedestrian,Cross/Enter at Intersection,None (No Improper Action),Intersection Marked Crosswalk,No,Possible Injury,None,39.03934178,-76.99769471,"(39.03934178, -76.99769471)"
DD5538004Q,240050034,ROCKVILLE,Injury Crash,10/19/2024 02:49:00 PM,,,,"Service Road        IN FRONT OF 1450 ROCKVILLE PIKE, BMW OF ROCKVILLE SERVICE RD",,Pedestrian,Single Vehicle,Clear,,Daylight,,"Not Suspect of Alcohol Use, Not Suspect of Drug Use","Not Suspect of Alcohol Use, Not Suspect of Drug Use",4694498A-BA83-4D06-86B5-EF47FADD92A4,Pedestrian,Cross/Enter Not at Intersection,Other,NonTrafficway Area,Yes,Suspected Serious Injury,None,39.06644355,-77.12744955,"(39.06644355, -77.12744955)"
MCP34320017,240055605,MONTGOMERY,Injury Crash,11/20/2024 08:56:00 AM,County Route,LONGMEAD CROSSING DR,LAYHILL RD (SB/L),,,Pedestrian,Unknown,Clear,Dry,Daylight,Traffic Control Signal,"Not Suspect of Alcohol Use, Not Suspect of Drug Use","Not Suspect of Alcohol Use, Not Suspect of Drug Use",8F34EC1D-2772-4BAF-943E-07771D604314,Pedestrian,Cross/Enter at Intersection,None (No Improper Action),Intersection Marked Crosswalk,No,Suspected Minor Injury,None,39.0955947,-77.04461156,"(39.0955947, -77.04461156)"
MCP3424000S,240055799,MONTGOMERY,Injury Crash,11/20/2024 11:10:00 PM,Municipality Route,WASHINGTONIAN BLVD (SB/L),,,,Pedestrian,Single Vehicle,Rain,Wet,Dark - Lighted,No Controls,"Not Suspect of Alcohol Use, Not Suspect of Drug Use","Not Suspect of Alcohol Use, Not Suspect of Drug Use",19C2E3AF-C39D-4140-882D-41FAE555B563,Pedestrian,Unknown,None (No Improper Action),Travel Lane Other Location,No,Suspected Minor Injury,None,39.11757268,-77.2035146,"(39.11757268, -77.2035146)"
MCP2931007H,240056141,MONTGOMERY,Injury Crash,11/22/2024 05:00:00 PM,Maryland (State) Route,FREDERICK RD (SB/L),REDLAND BLVD (EB/L),,,Pedestrian,Unknown,Rain,Wet,Dark - Lighted,Traffic Control Signal,"Unknown, Unknown","Not Suspect of Alcohol Use, Not Suspect of Drug Use",BDBBF23A-4118-494D-9280-F9D16C403EC1,Pedestrian,Cross/Enter at Intersection,None (No Improper Action),Intersection Marked Crosswalk,No,Possible Injury,None,39.11539234,-77.1663189,"(39.11539234, -77.1663189)"
MCP3424000V,240056695,MONTGOMERY,Injury Crash,11/25/2024 11:24:00 PM,Maryland (State) Route,S FREDERICK RD,,,,Pedestrian,Single Vehicle,Clear,Dry,Dark - Lighted,No Controls,"Not Suspect of Alcohol Use, Not Suspect of Drug Use","Not Suspect of Alcohol Use, Not Suspect of Drug Use",6041043D-00E9-4396-91FF-29CD996AAE9E,Pedestrian,Standing,None (No Improper Action),Unknown,No,Possible Injury,None,39.13850018,-77.19492969,"(39.13850018, -77.19492969)"
MCP3424000V,240056695,MONTGOMERY,Injury Crash,11/25/2024 11:24:00 PM,Maryland (State) Route,S FREDERICK RD,,,,Pedestrian,Single Vehicle,Clear,Dry,Dark - Lighted,No Controls,"Not Suspect of Alcohol Use, Not Suspect of Drug Use","Not Suspect of Alcohol Use, Not Suspect of Drug Use",7F56C2BE-E96D-449A-874E-227EA289C005,Pedestrian,None,None (No Improper Action),Unknown,No,Possible Injury,None,39.13850018,-77.19492969,"(39.13850018, -77.19492969)"
MCP3387001V,240050874,MONTGOMERY,Injury Crash,10/24/2024 09:09:00 AM,County Route,,,,,Pedestrian,Single Vehicle,Clear,Dry,Daylight,No Controls,"Unknown, Unknown","Not Suspect of Alcohol Use, Not Suspect of Drug Use",C35D2A85-8A97-4B38-84F5-5020E6BA813C,Pedestrian,Other Working,None (No Improper Action),OffStreet Trails or Sidepaths,No,Suspected Serious Injury,"Reflective Wear (backpack, triangles, etc.)",39.07087638,-76.93753548,"(39.07087638, -76.93753548)"
EJ7833008J,240057696,GAITHERSBURG,Injury Crash,12/02/2024 03:30:00 PM,Maryland (State) Route,FREDERICK RD (SB/L),S WESTLAND DR,,,Cyclist (non-electric),Single Vehicle,Clear,Dry,Daylight,Traffic Control Signal,"Unknown, Unknown","Not Suspect of Alcohol Use, Not Suspect of Drug Use",B4E8CE29-44CC-4FFA-B51B-7A09D2CA421A,Cyclist (non-electric),Cross/Enter at Intersection,None (No Improper Action),Intersection Marked Crosswalk,No,Suspected Minor Injury,Unknown,39.12597168,-77.18289898,"(39.12597168, -77.18289898)"
MCP33720036,240057814,MONTGOMERY,Injury Crash,12/03/2024 03:33:00 PM,County Route,VANDALIA DR,INDEPENDENCE ST,,,Pedestrian,Single Vehicle,Clear,Dry,Daylight,No Controls,"Not Suspect of Alcohol Use, Not Suspect of Drug Use","Not Suspect of Alcohol Use, Not Suspect of Drug Use",5D5C8FF7-F6B9-47A6-AD4E-B2DDA0E3E243,Pedestrian,Cross/Enter at Intersection,None (No Improper Action),Intersection Marked Crosswalk,No,Suspected Minor Injury,None,39.07487871,-77.08342258,"(39.07487871, -77.08342258)"
MCP2601001P,240057340,MONTGOMERY,Injury Crash,11/30/2024 02:36:00 PM,US (State),,,,,Cyclist (Electric),Single Vehicle,Clear,Dry,Daylight,No Controls,"Not Suspect of Alcohol Use, Not Suspect of Drug Use","Not Suspect of Alcohol Use, Not Suspect of Drug Use",0D0B630B-604A-417B-8A61-7169EBF45B4F,Cyclist (Electric),Walking/Cycling on Sidewalk,None (No Improper Action),Driveway Access,No,Suspected Minor Injury,None,38.99625798,-77.02781278,"(38.99625798, -77.02781278)"
MCP3111008R,240057181,MONTGOMERY,Injury Crash,11/29/2024 11:20:00 AM,County Route,ELM ST,WISCONSIN AVE (SB/L),,,Pedestrian,Single Vehicle,Cloudy,Dry,Daylight,Traffic Control Signal,"Unknown, Unknown","Not Suspect of Alcohol Use, Not Suspect of Drug Use",E3B8A427-CB98-4A69-8EC4-AB96F31397E4,Pedestrian,Cross/Enter at Intersection,None (No Improper Action),Intersection Marked Crosswalk,No,Suspected Minor Injury,None,38.98222489,-77.0932758,"(38.98222489, -77.0932758)"
MCP32270060,240059984,MONTGOMERY,Injury Crash,12/15/2024 09:15:00 PM,Maryland (State) Route,PINEY BRANCH RD,GREENWOOD AVE,,,Pedestrian,Single Vehicle,Rain,Wet,Dark - Lighted,Traffic Control Signal,"Not Suspect of Alcohol Use, Not Suspect of Drug Use","Not Suspect of Alcohol Use, Not Suspect of Drug Use",2E68ED28-667F-44AD-A219-E0E8E6B4B219,Pedestrian,Cross/Enter at Intersection,"Failure to Obey Traffic Signs, Signals, or Officer",Intersection Marked Crosswalk,No,Suspected Minor Injury,None,38.99835348,-77.00232227,"(38.99835348, -77.00232227)"
MCP3085005L,240060109,MONTGOMERY,Injury Crash,12/16/2024 05:04:00 PM,County Route,FINDLEY RD,DRUMM AVE,,,Pedestrian,Single Vehicle,Clear,Wet,Dark - Lighted,No Controls,"Not Suspect of Alcohol Use, Not Suspect of Drug Use","Not Suspect of Alcohol Use, Not Suspect of Drug Use",01A25FD4-47E9-4812-B3ED-173BC70CC9CA,Pedestrian,None,None (No Improper Action),Intersection Other,No,Suspected Minor Injury,None,39.03608348,-77.06106521,"(39.03608348, -77.06106521)"
MCP3392001R,240060012,MONTGOMERY,Injury Crash,12/16/2024 06:40:00 AM,County Route,DAYTON ST,WINDHAM LA,,,Pedestrian,Single Vehicle,Clear,,Dark - Unknown Lighting,Stop Sign,"Not Suspect of Alcohol Use, Not Suspect of Drug Use","Not Suspect of Alcohol Use, Not Suspect of Drug Use",9CEA5D5D-3506-4CFF-A66C-E7D8FF75F23E,Pedestrian,Other,None (No Improper Action),Shoulder/Roadside,No,Suspected Minor Injury,None,39.03192394,-77.04424162,"(39.03192394, -77.04424162)"
MCP31480076,240058388,MONTGOMERY,Injury Crash,12/06/2024 03:23:00 PM,Maryland (State) Route,EAST WEST HWY,MEADOWBROOK LA,,,Cyclist (non-electric),Single Vehicle,Clear,Dry,Daylight,Traffic Control Signal,"Not Suspect of Alcohol Use, Not Suspect of Drug Use","Not Suspect of Alcohol Use, Not Suspect of Drug Use",62D59C31-DF86-4A37-9322-F838D2BA0D97,Cyclist (non-electric),Cross/Enter at Intersection,None (No Improper Action),Intersection Marked Crosswalk,No,Suspected Minor Injury,"Helmet, Lighting, Protective Pads (elbows, knees, shins, etc.), Reflectors",38.99260154,-77.06031327,"(38.99260154, -77.06031327)"
MCP3163007T,240055786,MONTGOMERY,Injury Crash,11/20/2024 08:48:00 PM,,,,Parking Lot Way        PARKING LOT OF 3715 UNIVERSITY BLVD W,,Pedestrian,Single Vehicle,Rain,,Dark - Lighted,,"Unknown, Unknown","Not Suspect of Alcohol Use, Not Suspect of Drug Use",7B37388E-385F-4958-AA72-A217458A7B51,Pedestrian,None,None (No Improper Action),Other,No,Suspected Minor Injury,None,39.03363537,-77.07352018,"(39.03363537, -77.07352018)"
MCP312900BH,240056491,MONTGOMERY,Injury Crash,11/25/2024 06:39:00 AM,Maryland (State) Route,CONNECTICUT AVE,INDEPENDENCE ST,,,Pedestrian,Single Vehicle,Clear,Dry,Dawn,Traffic Control Signal,"Not Suspect of Alcohol Use, Not Suspect of Drug Use","Not Suspect of Alcohol Use, Not Suspect of Drug Use",33CC8A3A-D886-4D78-8AE3-B072E4777A18,Pedestrian,Cross/Enter at Intersection,None (No Improper Action),Intersection Marked Crosswalk,No,Suspected Minor Injury,None,39.07637666,-77.08052504,"(39.07637666, -77.08052504)"
EJ7905001W,240055656,GAITHERSBURG,Injury Crash,11/20/2024 12:05:00 PM,,,,Parking Lot Way        ENTRANCE WAY,,Pedestrian,Single Vehicle,Clear,,Daylight,,"Not Suspect of Alcohol Use, Not Suspect of Drug Use","Not Suspect of Alcohol Use, Not Suspect of Drug Use",11056447-6E1F-4A65-9B22-77AC483ABFAC,Pedestrian,Other,None (No Improper Action),Driveway Access,No,Possible Injury,None,39.11414213,-77.18632317,"(39.11414213, -77.18632317)"
MCP2635008V,240046064,MONTGOMERY,Fatal Crash,09/26/2024 07:18:00 PM,County Route,FRANKLIN AVE,,,,Pedestrian,Single Vehicle,Clear,Dry,Dusk,Pedestrian Crossing Sign,"Not Suspect of Alcohol Use, Not Suspect of Drug Use","Suspect of Alcohol Use, Suspect of Drug Use",EC1BBDC8-85B3-44F0-BAB4-52AD4F8EB141,Pedestrian,Cross/Enter at Intersection,None (No Improper Action),Intersection Marked Crosswalk,No,Fatal Injury,None,39.01087675,-77.00549836,"(39.01087675, -77.00549836)"
MCP2686007D,240055562,MONTGOMERY,Injury Crash,11/19/2024 08:37:00 PM,,,,Parking Lot Way        BETWEEN SIDEWALK AND PARKING LOT DRIVEWAY OF 802 MUDDY BRANCH RD,,Pedestrian,Single Vehicle,Rain,,Dark - Lighted,,"Not Suspect of Alcohol Use, Not Suspect of Drug Use","Not Suspect of Alcohol Use, Not Suspect of Drug Use",96D0B890-21C7-46E0-9904-CD4DC48BCE38,Pedestrian,Cross/Enter at Intersection,"Not Visible (Dark Clothing, No Lighting, etc.)",Intersection Marked Crosswalk,No,Possible Injury,None,39.11377975,-77.21618473,"(39.11377975, -77.21618473)"
MCP30910057,240056492,MONTGOMERY,Injury Crash,11/25/2024 06:47:00 AM,County Route,REDLAND RD,,,,Pedestrian,Single Vehicle,Clear,Dry,Daylight,Traffic Control Signal,"Not Suspect of Alcohol Use, Not Suspect of Drug Use","Not Suspect of Alcohol Use, Not Suspect of Drug Use",AE96D2C0-34CF-4B0D-8F55-1FD3C2208D76,Pedestrian,None,Unknown,Intersection Marked Crosswalk,No,Possible Injury,None,39.1199395,-77.15983407,"(39.1199395, -77.15983407)"
MCP3424000V,240056695,MONTGOMERY,Injury Crash,11/25/2024 11:24:00 PM,Maryland (State) Route,S FREDERICK RD,,,,Pedestrian,Single Vehicle,Clear,Dry,Dark - Lighted,No Controls,"Not Suspect of Alcohol Use, Not Suspect of Drug Use","Not Suspect of Alcohol Use, Not Suspect of Drug Use",14B0FD4E-1D7B-45C3-A499-BA48B04B7BA7,Pedestrian,None,None (No Improper Action),Unknown,No,Possible Injury,None,39.13850018,-77.19492969,"(39.13850018, -77.19492969)"
MCP2016008C,240056510,MONTGOMERY,Injury Crash,11/25/2024 08:12:00 AM,County Route,SOUTHLAWN LA,,,,Pedestrian,Single Vehicle,Clear,Dry,Daylight,No Controls,"Not Suspect of Alcohol Use, Not Suspect of Drug Use","Not Suspect of Alcohol Use, Not Suspect of Drug Use",FCAF37DA-A076-43E5-933A-2160915CEDD9,Pedestrian,None,None (No Improper Action),Other,No,Suspected Minor Injury,None,39.0997508,-77.13604335,"(39.0997508, -77.13604335)"
MCP9318003K,240056420,MONTGOMERY,Injury Crash,11/24/2024 04:50:00 PM,County Route,DENNIS AVE,,,,Scooter (electric),Single Vehicle,Clear,Dry,Dusk,Pedestrian Crossing Sign,"Not Suspect of Alcohol Use, Not Suspect of Drug Use","Not Suspect of Alcohol Use, Not Suspect of Drug Use",5840A584-DB29-4AFC-BA73-76DEDBBBC6EA,Scooter (electric),Other,Unknown,Midblock Marked Crosswalk,No,Suspected Minor Injury,Unknown,39.02391683,-77.02945887,"(39.02391683, -77.02945887)"
MCP32550067,240051698,MONTGOMERY,Injury Crash,10/28/2024 05:15:00 PM,County Route,,CHERRY LAUREL LA MOONEY DR,,,Pedestrian,Single Vehicle,Clear,Dry,Daylight,Traffic Control Signal,"Not Suspect of Alcohol Use, Not Suspect of Drug Use","Not Suspect of Alcohol Use, Not Suspect of Drug Use",9FDC7D89-A3FB-4D55-99E1-5B56D78C31BC,Pedestrian,Cross/Enter at Intersection,None (No Improper Action),Intersection Marked Crosswalk,No,Suspected Serious Injury,None,39.16241975,-77.16574825,"(39.16241975, -77.16574825)"
MCP3134005B,240051502,MONTGOMERY,Injury Crash,10/27/2024 04:05:00 PM,County Route,BRIGGS CHANEY RD,,,,Pedestrian,Single Vehicle,Clear,Dry,Daylight,No Controls,"Not Suspect of Alcohol Use, Not Suspect of Drug Use","Not Suspect of Alcohol Use, Not Suspect of Drug Use",3857AD35-A08D-4A7C-94CF-B856E044C35B,Pedestrian,Cross/Enter Not at Intersection,"In Roadway Improperly (Standing, Lying, Working, Playing)",Travel Lane Other Location,Yes,Suspected Minor Injury,None,39.06955067,-76.93741483,"(39.06955067, -76.93741483)"
MCP3290003N,240050175,MONTGOMERY,Injury Crash,10/20/2024 01:57:00 PM,Local Route,SILVER SPRING AVE,,,,Scooter (electric),Single Vehicle,Clear,Dry,Daylight,Traffic Control Signal,"Not Suspect of Alcohol Use, Not Suspect of Drug Use","Not Suspect of Alcohol Use, Not Suspect of Drug Use",421C4682-F1AA-42D3-A0E2-442A36ABE3EB,Scooter (electric),Walking/Cycling on Sidewalk,"Failure to Obey Traffic Signs, Signals, or Officer, Failure to Yield Right-Of-Way, Inattentive (Talking, Eating, etc.)",Intersection Unmarked Crosswalk,Yes,Possible Injury,None,38.99156083,-77.02682555,"(38.99156083, -77.02682555)"
MCP3222002T,240047080,MONTGOMERY,Property Damage Crash,10/02/2024 05:32:00 PM,,,,Parking Lot Way        PARKING LOT OF MONTGOMERY MALL,,Cyclist (non-electric),Single Vehicle,Clear,,Daylight,,"Not Suspect of Alcohol Use, Not Suspect of Drug Use","Not Suspect of Alcohol Use, Not Suspect of Drug Use",461B4A08-7E6E-41C0-9B68-C82E03C9C16B,Cyclist (non-electric),Cross/Enter at Intersection,"Dart/Dash, Failure to Obey Traffic Signs, Signals, or Officer, Inattentive (Talking, Eating, etc.)",Intersection Marked Crosswalk,No,No Apparent Injury,Helmet,39.02247096,-77.14741805,"(39.02247096, -77.14741805)"
MCP2756006J,250013602,MONTGOMERY,Injury Crash,03/28/2025 05:17:00 PM,Local Route,WHEATON PLZ RING RD CUT,WESTFIELD S ENT/WMATA ENT,,,Wheelchair (electric),Single Vehicle,Cloudy,Dry,Daylight,Stop Sign,"Unknown, Unknown","Not Suspect of Alcohol Use, Not Suspect of Drug Use",65410B20-A584-447E-BCE4-819EF4950A45,Wheelchair (electric),Cross/Enter at Intersection,None (No Improper Action),Intersection Marked Crosswalk,No,Suspected Minor Injury,None,39.03663297,-77.05179798,"(39.03663297, -77.05179798)"
MCP2635008R,240018409,MONTGOMERY,Fatal Crash,04/20/2024 01:09:00 AM,County Route,SECOND AVE (NB/L),,,,Pedestrian,Single Vehicle,Clear,Dry,Dark - Lighted,Other,"Not Suspect of Alcohol Use, Not Suspect of Drug Use","Suspect of Alcohol Use, Unknown",A91AE5B5-70E5-4D78-8EB4-E3AD7EDE32A0,Pedestrian,Getting Off/On Vehicle,"Entering/Exiting Parked/Standing Vehicle, In Roadway Improperly (Standing, Lying, Working, Playing), Not Visible (Dark Clothing, No Lighting, etc.), Other",Other,No,Fatal Injury,None,38.99498073,-77.03051657,"(38.99498073, -77.03051657)"
MCP31480071,240051509,MONTGOMERY,Injury Crash,10/27/2024 04:37:00 PM,Municipality Route,ROSEMARY ST,ROSE MARY CIR,,,Pedestrian,Single Vehicle,Clear,Dry,Daylight,Pedestrian Crossing,"Not Suspect of Alcohol Use, Not Suspect of Drug Use","Not Suspect of Alcohol Use, Not Suspect of Drug Use",19BD0C1D-9E95-4D50-8011-1FF4A84DE970,Pedestrian,Cross/Enter at Intersection,None (No Improper Action),Intersection Marked Crosswalk,No,Possible Injury,"None, Other",38.97794319,-77.08102483,"(38.97794319, -77.08102483)"
MCP3374001X,240050868,MONTGOMERY,Injury Crash,10/24/2024 08:23:00 AM,Maryland (State) Route,BRADLEY BLVD,,,,Pedestrian,Single Vehicle,Clear,Dry,Daylight,Traffic Control Signal,"Not Suspect of Alcohol Use, Not Suspect of Drug Use","Not Suspect of Alcohol Use, Not Suspect of Drug Use",11277FC9-5A4B-4EC7-9437-CAAC8014DBA7,Pedestrian,Cross/Enter at Intersection,None (No Improper Action),Intersection Marked Crosswalk,No,Suspected Serious Injury,None,38.97757583,-77.10052583,"(38.97757583, -77.10052583)"
MCP3384000Z,240051147,MONTGOMERY,Injury Crash,10/25/2024 03:00:00 PM,Local Route,RETAIL PL,,,,Cyclist (Electric),Single Vehicle,Clear,Dry,Daylight,No Controls,"Not Suspect of Alcohol Use, Not Suspect of Drug Use","Not Suspect of Alcohol Use, Not Suspect of Drug Use",E52C73AB-2391-4F45-85AF-86D409951D7E,Cyclist (Electric),Cross/Enter Not at Intersection,Failure to Yield Right-Of-Way,Other,Yes,Possible Injury,None,39.170015,-77.20548333,"(39.170015, -77.20548333)"
MCP2752006P,240050590,MONTGOMERY,Injury Crash,10/22/2024 04:19:00 PM,Maryland (State) Route,BRADLEY BLVD,,,,Pedestrian,Single Vehicle,Clear,Dry,Daylight,No Controls,"Not Suspect of Alcohol Use, Not Suspect of Drug Use","Not Suspect of Alcohol Use, Not Suspect of Drug Use",DD22C13A-D103-48CD-B34C-48630155B08F,Pedestrian,Cross/Enter Not at Intersection,Dart/Dash,Other,No,Suspected Serious Injury,None,39.00781342,-77.17278746,"(39.00781342, -77.17278746)"
EJ7907000P,240050619,GAITHERSBURG,Injury Crash,10/22/2024 07:28:00 PM,Municipality Route,,WATKINS MILL RD,,,Pedestrian,Single Vehicle,Clear,Dry,Dark - Lighted,Stop Sign,"Not Suspect of Alcohol Use, Not Suspect of Drug Use","Not Suspect of Alcohol Use, Not Suspect of Drug Use",84D1C8CD-6B8E-44B7-B86B-0918F58E37EC,Pedestrian,Cross/Enter at Intersection,None (No Improper Action),Intersection Marked Crosswalk,No,Suspected Minor Injury,None,39.16204846,-77.21428276,"(39.16204846, -77.21428276)"
DM8421003H,240050901,TAKOMA,Injury Crash,10/24/2024 11:15:00 AM,Maryland (State) Route,PHILADELPHIA AVE,CHICAGO AVE,,,Pedestrian,Single Vehicle,Clear,Dry,Daylight,No Controls,"Not Suspect of Alcohol Use, Not Suspect of Drug Use","Not Suspect of Alcohol Use, Not Suspect of Drug Use",CAC6297F-44E9-4E4C-8E7C-7996ACCBD07D,Pedestrian,Cross/Enter at Intersection,Unknown,Intersection Marked Crosswalk,No,Suspected Minor Injury,None,38.9864859,-77.02131754,"(38.9864859, -77.02131754)"