Report Number,Local Case Number,Agency Name,ACRS Report Type,Crash Date/Time,Route Type,Road Name,Cross-Street Name,Off-Road Description,Municipality,Related Non-Motorist,Collision Type,Weather,Surface Condition,Light,Traffic Control,Driver Substance Abuse,Non-Motorist Substance Abuse,Person ID,Pedestrian Type,Pedestrian Movement,Pedestrian Actions,Pedestrian Location,At Fault,Injury Severity,Safety Equipment,Latitude,Longitude,Location
MCP32590056,240050575,MONTGOMERY,Injury Crash,10/22/2024 03:28:00 PM,County Route,RAYBURN RD,BRADLEY BLVD,,,Pedestrian,Single Vehicle,Clear,Dry,Daylight,Pedestrian Crossing Sign,"Not Suspect of Alcohol Use, Not Suspect of Drug Use","Not Suspect of Alcohol Use, Not Suspect of Drug Use",0518279D-EC69-415D-A4E2-1A0FEEBDCE38,Pedestrian,Cross/Enter at Intersection,None (No Improper Action),Intersection Marked Crosswalk,No,Suspected Minor Injury,None,38.99319429,-77.12058297,"(38.99319429, -77.12058297)"
MCP3422000X,240051712,MONTGOMERY,Injury Crash,10/28/2024 06:55:00 PM,US (State),GEORGIA AVE (SB/L),GEORGIA AVE,,,Pedestrian,Single Vehicle,Clear,Dry,Daylight,Traffic Control Signal,"Not Suspect of Alcohol Use, Not Suspect of Drug Use","Not Suspect of Alcohol Use, Not Suspect of Drug Use",888016E1-CCE5-4A74-8978-51B48901EF18,Pedestrian,Cross/Enter Not at Intersection,None (No Improper Action),Travel Lane Other Location,No,Suspected Serious Injury,None,38.99608387,-77.02816178,"(38.99608387, -77.02816178)"
MCP33790017,240050584,MONTGOMERY,Injury Crash,10/22/2024 04:17:00 PM,County Route,SCHAEFFER RD,CLOPPER RD,,,Pedestrian,Single Vehicle,Clear,Dry,Daylight,Pedestrian Crossing,"Not Suspect of Alcohol Use, Not Suspect of Drug Use","Not Suspect of Alcohol Use, Not Suspect of Drug Use",A89193D6-EA14-43E7-9D95-D63AB3736FFA,Pedestrian,Cross/Enter at Intersection,None (No Improper Action),Intersection Marked Crosswalk,No,Suspected Minor Injury,None,39.16347247,-77.28464201,"(39.16347247, -77.28464201)"
DD562000BW,240051499,ROCKVILLE,Injury Crash,10/27/2024 04:00:00 PM,,,,Parking Lot Way        15108 FREDERICK RD,,Pedestrian,Single Vehicle,Clear,,Daylight,,"Not Suspect of Alcohol Use, Not Suspect of Drug Use","Not Suspect of Alcohol Use, Not Suspect of Drug Use",D07A4B00-0B6E-493F-876B-D9DC91146249,Pedestrian,Other,None (No Improper Action),Other,No,Suspected Minor Injury,None,39.09734302,-77.15831097,"(39.09734302, -77.15831097)"
MCP31480071,240051509,MONTGOMERY,Injury Crash,10/27/2024 04:37:00 PM,Municipality Route,ROSEMARY ST,ROSE MARY CIR,,,Pedestrian,Single Vehicle,Clear,Dry,Daylight,Pedestrian Crossing,"Not Suspect of Alcohol Use, Not Suspect of Drug Use","Not Suspect of Alcohol Use, Not Suspect of Drug Use",6FE8F479-BDED-412D-AC7B-30F374EBB7CA,Pedestrian,Cross/Enter at Intersection,None (No Improper Action),Intersection Marked Crosswalk,No,No Apparent Injury,"None, Other",38.97794319,-77.08102483,"(38.97794319, -77.08102483)"
MCP2962009H,240050659,MONTGOMERY,Injury Crash,10/23/2024 07:06:00 AM,Other Public Roadway,TATANI DR,,,,Pedestrian,Single Vehicle,Clear,Dry,Dawn,No Controls,"Not Suspect of Alcohol Use, Not Suspect of Drug Use","Not Suspect of Alcohol Use, Not Suspect of Drug Use",E9B7E9C0-1F08-48B1-9F7D-BC51514F79D7,Pedestrian,Standing,None (No Improper Action),Other,No,Suspected Minor Injury,None,39.15646798,-77.29604122,"(39.15646798, -77.29604122)"
DM8492001K,240049107,TAKOMA,Injury Crash,10/14/2024 02:23:00 PM,,,,Parking Lot Way        PARKING LOT OF 7401 NEW HAMPSHIRE AVE,,Pedestrian,Single Vehicle,Clear,,Daylight,,"Not Suspect of Alcohol Use, Not Suspect of Drug Use","Not Suspect of Alcohol Use, Not Suspect of Drug Use",9D4A3521-B20E-4C14-AFE3-DCE17C2DE6CB,Pedestrian,Other Working,None (No Improper Action),NonTrafficway Area,No,Suspected Minor Injury,None,38.98318731,-76.98643948,"(38.98318731, -76.98643948)"
MCP3392001H,240050475,MONTGOMERY,Injury Crash,10/22/2024 06:19:00 AM,Maryland (State) Route,UNIVERSITY BLVD W (WB/L),INWOOD AVE,,,Pedestrian,Single Vehicle,Clear,Dry,Dark - Lighted,Traffic Control Signal,"Not Suspect of Alcohol Use, Not Suspect of Drug Use","Not Suspect of Alcohol Use, Not Suspect of Drug Use",82534DE1-955A-4C74-B873-D807BBA5F1DF,Pedestrian,Cross/Enter at Intersection,None (No Improper Action),Intersection Marked Crosswalk,No,Possible Injury,None,39.03621274,-77.03644982,"(39.03621274, -77.03644982)"
MCP3038007F,240050799,MONTGOMERY,Injury Crash,10/23/2024 05:56:00 PM,,,,"Parking Lot Way        8101 FENTON STREET SILVER SPRING, MD  PARKING LOT",,Pedestrian,Single Vehicle,Clear,,Daylight,,"Not Suspect of Alcohol Use, Not Suspect of Drug Use","Not Suspect of Alcohol Use, Not Suspect of Drug Use",3C13609F-E583-4A33-8C95-075F68D3E79A,Pedestrian,Other,Unknown,Other,No,Possible Injury,None,38.99069021,-77.023625,"(38.99069021, -77.023625)"
MCP23990098,240049491,MONTGOMERY,Injury Crash,10/16/2024 04:49:00 PM,County Route,,APPLE RIDGE RD,,,Pedestrian,Single Vehicle,Clear,Dry,Daylight,Traffic Control Signal,"Not Suspect of Alcohol Use, Not Suspect of Drug Use","Not Suspect of Alcohol Use, Not Suspect of Drug Use",52FA99AC-7757-44A5-85FB-38AD5C6C957A,Pedestrian,Cross/Enter at Intersection,Unknown,Unknown,Yes,Possible Injury,None,39.18421462,-77.21094197,"(39.18421462, -77.21094197)"
HA2449001J,24002271,MCPARK,Injury Crash,10/26/2024 08:45:00 AM,,,,"Parking Lot Way        BROOKSIDE GARDENS VISTOR CENTER PARKING LOT (1800 GLENALLALLAN AVE, SILVER SPRING, MD 20902)",,Pedestrian,Single Vehicle,Clear,,Daylight,,"Not Suspect of Alcohol Use, Not Suspect of Drug Use","Not Suspect of Alcohol Use, Not Suspect of Drug Use",DDCB5EF8-4860-4D5E-A9B4-35D8856E573D,Pedestrian,Other,"Inattentive (Talking, Eating, etc.)",Driveway Access,No,Suspected Serious Injury,None,39.05794856,-77.0378417,"(39.05794856, -77.0378417)"
MCP3268004J,240051587,MONTGOMERY,Injury Crash,10/28/2024 05:15:00 AM,Maryland (State) Route,NEW HAMPSHIRE AVE (SB/L),JACKSON RD,,,Pedestrian,Single Vehicle,Clear,Dry,Dark - Unknown Lighting,Pedestrian Crossing Sign,"Unknown, Unknown","Not Suspect of Alcohol Use, Not Suspect of Drug Use",06D20189-ADCE-46D2-BBFF-C724BADF4BE9,Pedestrian,Walking/Cycling on Sidewalk,None (No Improper Action),Intersection Marked Crosswalk,No,Suspected Minor Injury,None,39.05521092,-76.9955291,"(39.05521092, -76.9955291)"
MCP120500CJ,240055249,MONTGOMERY,Injury Crash,11/18/2024 09:07:00 AM,County Route,WOODMONT AVE,CORDELL AVE,,,Pedestrian,Single Vehicle,Cloudy,Dry,Daylight,Traffic Control Signal,"Not Suspect of Alcohol Use, Not Suspect of Drug Use","Not Suspect of Alcohol Use, Not Suspect of Drug Use",2CCE0131-BE0D-4C89-84D0-38B88AA19326,Pedestrian,Cross/Enter at Intersection,None (No Improper Action),Intersection Marked Crosswalk,No,Suspected Minor Injury,None,38.99082053,-77.09663736,"(38.99082053, -77.09663736)"
MCP31480072,240055763,MONTGOMERY,Injury Crash,11/20/2024 07:00:00 PM,County Route,PORTER RD,LANIER DR PENNSYLVANIA AVE,,,Pedestrian,Single Vehicle,Clear,Dry,Dark - Not Lighted,Stop Sign,"Not Suspect of Alcohol Use, Not Suspect of Drug Use","Not Suspect of Alcohol Use, Not Suspect of Drug Use",FD0D09AC-760F-4C0B-BB62-76132CC11DA6,Pedestrian,Cross/Enter at Intersection,None (No Improper Action),Intersection Marked Crosswalk,No,Suspected Minor Injury,None,39.00140362,-77.04674703,"(39.00140362, -77.04674703)"
MCP3307002J,240057299,MONTGOMERY,Injury Crash,11/30/2024 07:55:00 AM,Maryland (State) Route,NO NAME,NORBECK RD WINTERGATE DR,,,Cyclist (non-electric),Single Vehicle,Clear,Dry,Daylight,Traffic Control Signal,"Not Suspect of Alcohol Use, Not Suspect of Drug Use","Not Suspect of Alcohol Use, Not Suspect of Drug Use",34B6E259-CB50-4C9A-BEFD-1B4C84E2D49E,Cyclist (non-electric),Cross/Enter at Intersection,Unknown,Intersection Marked Crosswalk,No,Possible Injury,None,39.11242985,-77.05902146,"(39.11242985, -77.05902146)"
DD5612006C,240056270,ROCKVILLE,Injury Crash,11/23/2024 03:45:00 PM,Municipality Route,THOMPSON AVE,CHAPMAN AVE,,,Cyclist (non-electric),Single Vehicle,Clear,Dry,Daylight,Stop Sign,"Unknown, Unknown","Not Suspect of Alcohol Use, Not Suspect of Drug Use",94CA0388-7522-4785-A280-EE0088536533,Cyclist (non-electric),Walking/Cycling Along Roadway With Traffic (In or Adjacent to Travel Lane),Unknown,Travel Lane Other Location,No,Possible Injury,None,39.06010941,-77.12020638,"(39.06010941, -77.12020638)"
MCP29870090,240057017,MONTGOMERY,Injury Crash,11/27/2024 07:20:00 PM,County Route,FAIRLAND RD,,,,Pedestrian,Single Vehicle,Clear,Dry,Dark - Lighted,No Controls,"Unknown, Unknown","Not Suspect of Alcohol Use, Not Suspect of Drug Use",5189F91E-F5E0-49AC-A797-19B8838779D8,Pedestrian,Cross/Enter Not at Intersection,"Failure to Obey Traffic Signs, Signals, or Officer, Not Visible (Dark Clothing, No Lighting, etc.)",Travel Lane Other Location,No,Suspected Minor Injury,None,39.07692278,-76.9585157,"(39.07692278, -76.9585157)"
MCP913000K4,240057187,MONTGOMERY,Property Damage Crash,11/29/2024 12:12:00 PM,,,,"Parking Lot Way        GAS LANE AT SHELL STATION 8533 PINEY BRANCH RD SILVER SPRING, MD 20901",,Occupant of Motor Vehicle Not in Transport,Front to Rear,Cloudy,,Daylight,,"Not Suspect of Alcohol Use, Not Suspect of Drug Use","Not Suspect of Alcohol Use, Not Suspect of Drug Use",269D0FC0-4F66-493F-B503-45D333491220,Occupant of Motor Vehicle Not in Transport,Standing,None (No Improper Action),Other,No,No Apparent Injury,None,38.99812645,-77.00202504,"(38.99812645, -77.00202504)"
MCP3038007J,240055059,MONTGOMERY,Injury Crash,11/16/2024 03:00:00 PM,County Route,DENNIS AVE,,,,Pedestrian,Single Vehicle,Clear,Dry,Daylight,No Controls,"Unknown, Unknown","Not Suspect of Alcohol Use, Not Suspect of Drug Use",F15ACD57-0C03-4F6E-9321-2DD40EBBC805,Pedestrian,Cross/Enter Not at Intersection,Unknown,Unknown,No,Suspected Minor Injury,None,39.0242829,-77.05330736,"(39.0242829, -77.05330736)"
MCP2948007H,240057235,MONTGOMERY,Injury Crash,11/29/2024 06:17:00 PM,Maryland (State) Route,GEORGIA AVE (SB/L),,,,Pedestrian,Single Vehicle,Clear,Dry,Dark - Unknown Lighting,No Controls,"Not Suspect of Alcohol Use, Not Suspect of Drug Use","Unknown, Unknown",3C903843-D54B-40C1-AC55-9E15C9CC3A3A,Pedestrian,Cross/Enter Not at Intersection,Dart/Dash,Intersection Unmarked Crosswalk,Yes,Suspected Minor Injury,None,39.04568308,-77.0521781,"(39.04568308, -77.0521781)"
MCP34140018,240056413,MONTGOMERY,Injury Crash,11/24/2024 03:36:00 PM,,,,Parking Stall        PARKING LOT,,Pedestrian,Single Vehicle,Clear,,Daylight,,"Not Suspect of Alcohol Use, Not Suspect of Drug Use","Not Suspect of Alcohol Use, Not Suspect of Drug Use",AE9B0163-7310-4EFF-BADB-AC7B38E1BBBD,Pedestrian,Standing,None (No Improper Action),NonTrafficway Area,No,Suspected Minor Injury,None,38.99180779,-77.02708051,"(38.99180779, -77.02708051)"
MCP33350038,240059266,MONTGOMERY,Injury Crash,12/11/2024 03:52:00 PM,County Route,DOMER AVE,GARLAND AVE,,,Pedestrian,Single Vehicle,Rain,Wet,Daylight,Stop Sign,"Not Suspect of Alcohol Use, Not Suspect of Drug Use","Not Suspect of Alcohol Use, Not Suspect of Drug Use",DA6DC79B-F43B-4164-AF08-1C0AADF58724,Pedestrian,Cross/Enter at Intersection,None (No Improper Action),Intersection Marked Crosswalk,No,Suspected Minor Injury,None,38.99688195,-76.99868277,"(38.99688195, -76.99868277)"
MCP33580034,250026786,MONTGOMERY,Injury Crash,06/16/2025 09:01:00 AM,Municipality Route,THE HILLS PLAZA,S PARK AVE,,,Pedestrian,Single Vehicle,Cloudy,Wet,Daylight,Stop Sign,"Not Suspect of Alcohol Use, Not Suspect of Drug Use","Not Suspect of Alcohol Use, Not Suspect of Drug Use",481BA9E6-DA5B-413F-9467-A1DC0E0ADA30,Pedestrian,Cross/Enter at Intersection,None (No Improper Action),Intersection Marked Crosswalk,No,Suspected Minor Injury,None,38.96332483,-77.08817482,"(38.96332483, -77.08817482)"
MCP22700049,240059409,MONTGOMERY,Property Damage Crash,12/11/2024 06:15:00 PM,County Route,RYLAND DR,OLD GEORGETOWN RD PARKING LOT CUT THRU CUT,,,Cyclist (non-electric),Single Vehicle,Clear,Dry,Dark - Unknown Lighting,Traffic Control Signal,"Not Suspect of Alcohol Use, Not Suspect of Drug Use","Not Suspect of Alcohol Use, Not Suspect of Drug Use",EE015B72-3B53-4C61-8875-4FD76B4D4E34,Cyclist (non-electric),Cross/Enter at Intersection,Unknown,Intersection Marked Crosswalk,No,No Apparent Injury,Helmet,39.01313635,-77.11712976,"(39.01313635, -77.11712976)"
MCP30300077,240059703,MONTGOMERY,Injury Crash,12/13/2024 06:00:00 PM,Maryland (State) Route,MASSACHUSETTS AVE,CROMWELL DR,,,Pedestrian,Single Vehicle,Clear,Dry,Dark - Lighted,Pedestrian Crossing,"Not Suspect of Alcohol Use, Not Suspect of Drug Use","Not Suspect of Alcohol Use, Not Suspect of Drug Use",97AA88BD-9DD8-4C94-B4A5-477265B0DDDF,Pedestrian,Cross/Enter at Intersection,None (No Improper Action),Intersection Marked Crosswalk,No,Possible Injury,None,38.96100188,-77.11618646,"(38.96100188, -77.11618646)"
MCP2395002W,240059767,MONTGOMERY,Injury Crash,12/14/2024 10:20:00 AM,Maryland (State) Route,COLESVILLE RD,GEORGIA AVE (SB/L),,,Pedestrian,Single Vehicle,Clear,Dry,Daylight,Traffic Control Signal,"Not Suspect of Alcohol Use, Not Suspect of Drug Use","Not Suspect of Alcohol Use, Not Suspect of Drug Use",E556D2F9-CF36-4604-A09B-0297635E015C,Pedestrian,Cross/Enter at Intersection,None (No Improper Action),Intersection Marked Crosswalk,No,Possible Injury,None,38.99596183,-77.02825132,"(38.99596183, -77.02825132)"
MCP3094005Z,250013736,MONTGOMERY,Injury Crash,03/29/2025 04:35:00 PM,County Route,ROSEMARK CT,DREXEL HILL CIR,,,Cyclist (non-electric),Single Vehicle,Clear,Dry,Daylight,No Controls,"Not Suspect of Alcohol Use, Not Suspect of Drug Use","Not Suspect of Alcohol Use, Not Suspect of Drug Use",9DDB2709-6B38-4402-B345-243A9740FEBA,Cyclist (non-electric),Cross/Enter at Intersection,Failure to Yield Right-Of-Way,Intersection Other,Yes,Suspected Minor Injury,None,39.18405253,-77.18204946,"(39.18405253, -77.18204946)"
MCP30510081,240060327,MONTGOMERY,Injury Crash,12/17/2024 06:30:00 PM,County Route,,,,,Pedestrian,Single Vehicle,Clear,Dry,Dark - Lighted,Pedestrian Crossing Sign,"Not Suspect of Alcohol Use, Not Suspect of Drug Use","Not Suspect of Alcohol Use, Not Suspect of Drug Use",AF014FD2-1176-4F66-946D-E99B5C38CAB8,Pedestrian,Cross/Enter at Intersection,None (No Improper Action),Intersection Marked Crosswalk,No,Suspected Minor Injury,None,39.02913754,-77.10800326,"(39.02913754, -77.10800326)"
MCP31480079,240059313,MONTGOMERY,Injury Crash,12/11/2024 06:42:00 PM,,,,Parking Stall        11830 GRAND PARK AVE PARKING GARAGE,,Pedestrian,Single Vehicle,Clear,,Dark - Lighted,,"Unknown, Unknown","Not Suspect of Alcohol Use, Not Suspect of Drug Use",9445747E-FBD3-46D1-B930-15ECB1E71F62,Pedestrian,Other,Other,Driveway Access,No,Possible Injury,None,39.04986326,-77.11787598,"(39.04986326, -77.11787598)"
MCP2187002D,240060423,MONTGOMERY,Injury Crash,12/18/2024 10:30:00 AM,Municipality Route,GIRARD ST,N SUMMIT AVE,,,Pedestrian,Single Vehicle,Clear,Dry,Daylight,Traffic Control Signal,"Not Suspect of Alcohol Use, Not Suspect of Drug Use","Suspect of Alcohol Use, Not Suspect of Drug Use",751EF15C-EE26-4B72-A5B4-8092275E54C3,Pedestrian,Cross/Enter at Intersection,None (No Improper Action),Intersection Marked Crosswalk,No,Suspected Minor Injury,None,39.15078833,-77.19261333,"(39.15078833, -77.19261333)"
MCP3009008F,240057328,MONTGOMERY,Injury Crash,11/30/2024 12:28:00 PM,,,,"Parking Aisle        IN FRONT OF 19204 MONTGOMERY VILLAGE AVE MONTGOMERY VILLAGE, MD 20886",,Pedestrian,Single Vehicle,Clear,,Daylight,,"Not Suspect of Alcohol Use, Not Suspect of Drug Use","Not Suspect of Alcohol Use, Not Suspect of Drug Use",39D54407-91B8-496B-B586-7050B62E1E1D,Pedestrian,Standing,"In Roadway Improperly (Standing, Lying, Working, Playing)",Travel Lane Other Location,Yes,Possible Injury,None,39.17177164,-77.20502716,"(39.17177164, -77.20502716)"
MCP3230006G,250003075,MONTGOMERY,Injury Crash,01/22/2025 02:57:00 PM,Maryland (State) Route,CONNECTICUT AVE,,,,Pedestrian,Single Vehicle,Clear,Dry,Daylight,No Controls,"Not Suspect of Alcohol Use, Not Suspect of Drug Use","Not Suspect of Alcohol Use, Not Suspect of Drug Use",FE23F887-93D0-4586-8CB7-6E3F9D2DB262,Pedestrian,Cross/Enter Not at Intersection,"In Roadway Improperly (Standing, Lying, Working, Playing)",Travel Lane Other Location,No,Suspected Minor Injury,None,39.08053011,-77.08035865,"(39.08053011, -77.08035865)"
MCP2583004K,250003570,MONTGOMERY,Injury Crash,01/25/2025 02:32:00 PM,County Route,FINEGAN FARM DR,,,,Scooter (electric),Single Vehicle,Clear,Ice/Frost,Daylight,No Controls,"Not Suspect of Alcohol Use, Not Suspect of Drug Use","Not Suspect of Alcohol Use, Not Suspect of Drug Use",9A76F68F-8853-4512-BB26-2ABBF5F7BC47,Scooter (electric),Walking/Cycling Along Roadway Against Traffic (In or Adjacent to Travel Lane),Unknown,Travel Lane Other Location,No,Suspected Minor Injury,Unknown,39.10148117,-77.32793333,"(39.10148117, -77.32793333)"
MCP3322002Z,240051917,MONTGOMERY,Fatal Crash,10/30/2024 05:24:00 AM,Maryland (State) Route,VEIRS MILL RD (WB/L),,,,Pedestrian,Single Vehicle,Clear,Dry,Dark - Lighted,No Controls,"Not Suspect of Alcohol Use, Not Suspect of Drug Use","Not Suspect of Alcohol Use, Not Suspect of Drug Use",4A59CC70-0586-4926-BEC1-D7EFDAA181F8,Pedestrian,Cross/Enter Not at Intersection,Dart/Dash,Travel Lane Other Location,Yes,Fatal Injury,None,39.06423972,-77.09653569,"(39.06423972, -77.09653569)"
EJ7894005J,250003034,GAITHERSBURG,Injury Crash,01/22/2025 10:50:00 AM,County Route,SHADY GROVE RD (SB/L),CHOKE CHERRY RD CHOKE CHERRY RD (WB/L),,,Pedestrian,Single Vehicle,Clear,Dry,Daylight,No Controls,"Not Suspect of Alcohol Use, Not Suspect of Drug Use","Not Suspect of Alcohol Use, Not Suspect of Drug Use",8138B86E-BA2A-4C16-A6F9-C8D5D8725ED5,Pedestrian,Other,Unknown,Unknown,No,Possible Injury,None,39.11474287,-77.18596296,"(39.11474287, -77.18596296)"
DM84450027,250003780,TAKOMA,Injury Crash,01/27/2025 09:17:00 AM,Municipality Route,GRANT AVE,MAPLE AVE,,,Cyclist (non-electric),Single Vehicle,Clear,Dry,Daylight,Stop Sign,"Not Suspect of Alcohol Use, Not Suspect of Drug Use","Not Suspect of Alcohol Use, Not Suspect of Drug Use",1AF4C35D-88CB-457F-8869-20C00E33D092,Cyclist (non-electric),Cross/Enter at Intersection,Failure to Yield Right-Of-Way,Intersection Other,No,Possible Injury,Helmet,38.98154383,-77.00947151,"(38.98154383, -77.00947151)"
MCP3238003B,250003039,MONTGOMERY,Injury Crash,01/22/2025 12:04:00 PM,Maryland (State) Route,GEORGIA AVE,,,,Pedestrian,Single Vehicle,Clear,Dry,Daylight,Other,"Not Suspect of Alcohol Use, Not Suspect of Drug Use","Not Suspect of Alcohol Use, Not Suspect of Drug Use",D949CE0B-1BAB-4990-8059-B80CABAB78E4,Pedestrian,Cross/Enter at Intersection,None (No Improper Action),Intersection Marked Crosswalk,No,Possible Injury,None,38.99811483,-77.02993294,"(38.99811483, -77.02993294)"
MCP2931007J,240060907,MONTGOMERY,Injury Crash,12/20/2024 05:00:00 PM,Maryland (State) Route,ROCKVILLE PIKE (SB/L),,,,Scooter (electric),Single Vehicle,Clear,Dry,Dark - Lighted,Traffic Control Signal,"Not Suspect of Alcohol Use, Not Suspect of Drug Use","Not Suspect of Alcohol Use, Not Suspect of Drug Use",8815C635-C303-4860-9B7C-AE802532301B,Scooter (electric),Cross/Enter at Intersection,"Not Visible (Dark Clothing, No Lighting, etc.)",Intersection Marked Crosswalk,No,Possible Injury,None,39.057442,-77.12031713,"(39.057442, -77.12031713)"
DD56530044,240060701,ROCKVILLE,Injury Crash,12/19/2024 05:53:00 PM,Municipality Route,N HORNERS LA,,,,Pedestrian,Single Vehicle,Clear,Dry,Dark - Lighted,No Controls,"Not Suspect of Alcohol Use, Not Suspect of Drug Use","Not Suspect of Alcohol Use, Not Suspect of Drug Use",0CA24FA1-A6BD-4665-A829-B0BCF0952543,Pedestrian,Cross/Enter Not at Intersection,Dart/Dash,Shoulder/Roadside,No,Suspected Minor Injury,None,39.0930761,-77.14371127,"(39.0930761, -77.14371127)"
MCP3403001K,240061215,MONTGOMERY,Property Damage Crash,12/22/2024 08:30:00 PM,,,,"Parking Lot Way        PARKING LOT OF 4009 SANDY SPRING RD, BURTONSVILLE, MD 20866",,Pedestrian,Unknown,Clear,,Dark - Lighted,,"Not Suspect of Alcohol Use, Not Suspect of Drug Use","Not Suspect of Alcohol Use, Not Suspect of Drug Use",0BBD8D9B-3764-4730-9D3C-722BB6C496B2,Pedestrian,Other,None (No Improper Action),NonTrafficway Area,No,No Apparent Injury,None,39.11119007,-76.92773835,"(39.11119007, -76.92773835)"
EJ78860047,240060735,GAITHERSBURG,Injury Crash,12/19/2024 08:32:00 PM,Interstate (State),EISENHOWER MEMORIAL HWY,,,,Pedestrian,Single Vehicle,Clear,Dry,Dark - Lighted,Pedestrian Crossing Sign,"Unknown, Unknown","Not Suspect of Alcohol Use, Not Suspect of Drug Use",E279AD0A-5829-4295-90CE-6C7383256932,Pedestrian,Cross/Enter Not at Intersection,Unknown,Other,No,Suspected Minor Injury,None,39.14051552,-77.21259119,"(39.14051552, -77.21259119)"
MCP2898005J,240060706,MONTGOMERY,Injury Crash,12/19/2024 06:08:00 PM,Maryland (State) Route,FREDERICK RD,SCENERY DR,,,Pedestrian,Single Vehicle,Clear,Dry,Dark - Lighted,Stop Sign,,"Not Suspect of Alcohol Use, Not Suspect of Drug Use",CF5070F4-0A00-4EBC-87FC-5AE2CB71607C,Pedestrian,Cross/Enter at Intersection,None (No Improper Action),Intersection Marked Crosswalk,No,Suspected Minor Injury,None,39.17549401,-77.23799998,"(39.17549401, -77.23799998)"
MCP3355001L,240059888,MONTGOMERY,Injury Crash,12/16/2024 07:06:00 AM,County Route,FENTON ST,,,,Pedestrian,Single Vehicle,Rain,Wet,Daylight,Traffic Control Signal,"Unknown, Unknown","Not Suspect of Alcohol Use, Not Suspect of Drug Use",587CB8EA-968B-4593-A3CE-46D696A7AAFF,Pedestrian,None,None (No Improper Action),Other,No,Suspected Minor Injury,None,38.99277502,-77.02409101,"(38.99277502, -77.02409101)"