Report Number,Local Case Number,Agency Name,ACRS Report Type,Crash Date/Time,Route Type,Road Name,Cross-Street Name,Off-Road Description,Municipality,Related Non-Motorist,Collision Type,Weather,Surface Condition,Light,Traffic Control,Driver Substance Abuse,Non-Motorist Substance Abuse,Person ID,Pedestrian Type,Pedestrian Movement,Pedestrian Actions,Pedestrian Location,At Fault,Injury Severity,Safety Equipment,Latitude,Longitude,Location
MCP2339009Q,240060530,MONTGOMERY,Injury Crash,12/18/2024 06:57:00 PM,County Route,INDIANOLA DR,,,,Pedestrian,Single Vehicle,Rain,Wet,Dark - Lighted,Traffic Control Signal,"Not Suspect of Alcohol Use, Not Suspect of Drug Use","Not Suspect of Alcohol Use, Not Suspect of Drug Use",10A7CE10-B0A1-4B0D-852E-25FCAC8BB39D,Pedestrian,Unknown,Unknown,Shoulder/Roadside,No,Suspected Minor Injury,None,39.11466397,-77.1559358,"(39.11466397, -77.1559358)"
EJ79070017,240061050,GAITHERSBURG,Injury Crash,12/21/2024 05:24:00 PM,Municipality Route,FULKS CORNER AVE,S FREDERICK RD,,,Cyclist (Electric),Single Vehicle,Clear,Dry,Dusk,No Controls,"Not Suspect of Alcohol Use, Not Suspect of Drug Use","Not Suspect of Alcohol Use, Not Suspect of Drug Use",24138BEB-2279-4D9E-A042-6068BDCBCE53,Cyclist (Electric),Walking/Cycling Along Roadway With Traffic (In or Adjacent to Travel Lane),Failure to Yield Right-Of-Way,Intersection Other,No,Suspected Serious Injury,Helmet,39.13974211,-77.19643174,"(39.13974211, -77.19643174)"
DD5663001S,250003282,ROCKVILLE,Injury Crash,01/23/2025 05:45:00 PM,Maryland (State) Route,ROCKVILLE PIKE,THOMPSON AVE,,,Pedestrian,Single Vehicle,Clear,Dry,Dark - Lighted,Stop Sign,"Not Suspect of Alcohol Use, Not Suspect of Drug Use","Not Suspect of Alcohol Use, Not Suspect of Drug Use",4F57714A-C84E-4D85-BA3B-C0F5193E1712,Pedestrian,Cross/Enter at Intersection,None (No Improper Action),Intersection Marked Crosswalk,No,Suspected Minor Injury,None,39.05935745,-77.12167285,"(39.05935745, -77.12167285)"
MCP33860025,250000221,MONTGOMERY,Injury Crash,01/16/2025 06:10:00 PM,County Route,CHELTENHAM DR,,,,Cyclist (non-electric),Single Vehicle,Snow,Wet,Dark - Not Lighted,No Controls,"Not Suspect of Alcohol Use, Not Suspect of Drug Use","Not Suspect of Alcohol Use, Not Suspect of Drug Use",28C3831D-7513-46F6-ABF0-BAC73169CB28,Cyclist (non-electric),Walking/Cycling Along Roadway Against Traffic (In or Adjacent to Travel Lane),None (No Improper Action),Travel Lane Other Location,No,Suspected Minor Injury,Helmet,38.98819517,-77.09462217,"(38.98819517, -77.09462217)"
MCP3176002W,250001479,MONTGOMERY,Injury Crash,01/11/2025 11:19:00 PM,US (State),COLESVILLE RD,,,,Cyclist (Electric),Single Vehicle,Clear,Wet,Dark - Lighted,Traffic Control Signal,"Unknown, Unknown","Unknown, Unknown",F066AC1A-DC6B-4F2D-A3B6-42AA96DD1A16,Cyclist (Electric),Walking/Cycling on Sidewalk,None (No Improper Action),Intersection Marked Crosswalk,No,Suspected Minor Injury,None,39.00771995,-77.02000751,"(39.00771995, -77.02000751)"
MCP27990082,240041930,MONTGOMERY,Property Damage Crash,09/04/2024 03:20:00 PM,US (State),,,,,Pedestrian,Single Vehicle,Clear,Dry,Daylight,Traffic Control Signal,"Not Suspect of Alcohol Use, Not Suspect of Drug Use","Not Suspect of Alcohol Use, Not Suspect of Drug Use",3D111883-3E6E-4E13-88C7-7EDFF983A9F0,Pedestrian,Cross/Enter at Intersection,"Failure to Obey Traffic Signs, Signals, or Officer",Intersection Marked Crosswalk,Yes,No Apparent Injury,None,39.00538358,-77.02277701,"(39.00538358, -77.02277701)"
DD5671000R,240061247,ROCKVILLE,Injury Crash,12/23/2024 08:07:00 AM,Municipality Route,ENGLAND TERR,N STONESTREET AVE,,,Pedestrian,Single Vehicle,Clear,Dry,Daylight,No Controls,"Not Suspect of Alcohol Use, Not Suspect of Drug Use","Not Suspect of Alcohol Use, Not Suspect of Drug Use",5350862F-1358-47DC-9AE4-E56AD9F17191,Pedestrian,Walking/Cycling on Sidewalk,Unknown,Intersection Unmarked Crosswalk,No,Suspected Serious Injury,None,39.08661159,-77.1474393,"(39.08661159, -77.1474393)"
MCP30000051,240060914,MONTGOMERY,Injury Crash,12/20/2024 06:03:00 PM,,,,Parking Lot Way        PARKING LOT OF HARRIS TEETER LOCATED AT 22700 SWEET SHRUB DR.,,Pedestrian,Single Vehicle,Snow,,Dark - Lighted,,"Not Suspect of Alcohol Use, Not Suspect of Drug Use","Not Suspect of Alcohol Use, Not Suspect of Drug Use",9EA4690D-ACD0-4034-BACF-4CA68778EB62,Pedestrian,Cross/Enter at Intersection,Other,Intersection Unmarked Crosswalk,Yes,Possible Injury,None,39.22991607,-77.25051702,"(39.22991607, -77.25051702)"
MCP2440002D,240060396,MONTGOMERY,Injury Crash,12/18/2024 07:46:00 AM,County Route,APPLE RIDGE RD,,,,Pedestrian,Single Vehicle,Clear,Dry,Daylight,No Controls,"Not Suspect of Alcohol Use, Not Suspect of Drug Use","Not Suspect of Alcohol Use, Not Suspect of Drug Use",2D057C88-3C4A-48A9-AFCA-4387BBE767E5,Pedestrian,Cross/Enter Not at Intersection,Dart/Dash,Travel Lane Other Location,Yes,Suspected Minor Injury,None,39.18508767,-77.209145,"(39.18508767, -77.209145)"
DD5665002X,240061190,ROCKVILLE,Injury Crash,12/22/2024 05:15:00 PM,Municipality Route,CONGRESSIONAL LA,,,,Pedestrian,Single Vehicle,Clear,Dry,Dark - Lighted,Traffic Control Signal,"Not Suspect of Alcohol Use, Not Suspect of Drug Use","Not Suspect of Alcohol Use, Not Suspect of Drug Use",2E09FDCB-5DAF-46DD-B11E-4FC1E3334CE1,Pedestrian,Cross/Enter at Intersection,None (No Improper Action),Intersection Marked Crosswalk,No,Possible Injury,None,39.06430406,-77.12615551,"(39.06430406, -77.12615551)"
DD56580038,250003552,ROCKVILLE,Injury Crash,01/25/2025 12:08:00 PM,Municipality Route,SHERBROOKE WAY,HURLEY AVE,,,Pedestrian,Single Vehicle,Clear,Dry,Daylight,No Controls,"Unknown, Unknown","Not Suspect of Alcohol Use, Not Suspect of Drug Use",B271683B-03A4-4BE8-B25C-4EF727C974F3,Pedestrian,Walking/Cycling on Sidewalk,Unknown,Sidewalk,No,Possible Injury,None,39.08219505,-77.18338282,"(39.08219505, -77.18338282)"
DD56580038,250003552,ROCKVILLE,Injury Crash,01/25/2025 12:08:00 PM,Municipality Route,SHERBROOKE WAY,HURLEY AVE,,,Pedestrian,Single Vehicle,Clear,Dry,Daylight,No Controls,"Unknown, Unknown","Not Suspect of Alcohol Use, Not Suspect of Drug Use",C007B468-7C76-4438-858C-C25CB128332B,Pedestrian,Walking/Cycling on Sidewalk,Unknown,Sidewalk,No,Possible Injury,None,39.08219505,-77.18338282,"(39.08219505, -77.18338282)"
EJ787300B6,250003116,GAITHERSBURG,Injury Crash,01/22/2025 06:16:00 PM,Maryland (State) Route,S FREDERICK RD,E DEER PARK DR,,,Pedestrian,Single Vehicle,Clear,Dry,Dark - Lighted,Traffic Control Signal,"Unknown, Unknown","Not Suspect of Alcohol Use, Not Suspect of Drug Use",0115956C-98CA-4A87-8B51-35CF9F2B3027,Pedestrian,Cross/Enter at Intersection,None (No Improper Action),Intersection Marked Crosswalk,No,Suspected Minor Injury,None,39.13224476,-77.18876463,"(39.13224476, -77.18876463)"
MCP3289003V,250005972,MONTGOMERY,Injury Crash,02/10/2025 08:43:00 AM,County Route,LANARK WAY,COLESVILLE RD (SB/L),,,Pedestrian,Single Vehicle,Clear,Dry,Daylight,Traffic Control Signal,"Unknown, Unknown","Not Suspect of Alcohol Use, Not Suspect of Drug Use",2100C4EE-E375-4CF8-943F-F48C150B467C,Pedestrian,Cross/Enter at Intersection,None (No Improper Action),Intersection Marked Crosswalk,No,Suspected Minor Injury,None,39.01862033,-77.01444041,"(39.01862033, -77.01444041)"
MCP3039007G,250005339,MONTGOMERY,Injury Crash,02/05/2025 03:30:00 PM,County Route,GROVE ST,SLIGO AVE,,,Pedestrian,Single Vehicle,Clear,Dry,Daylight,Pedestrian Crossing,"Not Suspect of Alcohol Use, Not Suspect of Drug Use","Not Suspect of Alcohol Use, Not Suspect of Drug Use",EBB07B05-A989-4E33-AA08-E910810E24B4,Pedestrian,None,None (No Improper Action),Intersection Marked Crosswalk,No,Possible Injury,None,38.9901908,-77.02193564,"(38.9901908, -77.02193564)"
MCP31930062,240060754,MONTGOMERY,Injury Crash,12/19/2024 10:20:00 PM,Spur,,,,,Pedestrian,Unknown,Clear,Dry,Dark - Unknown Lighting,No Controls,"Not Suspect of Alcohol Use, Unknown","Unknown, Unknown",D7C92798-FD7D-4398-87AD-7A3BFB7558EE,Pedestrian,Cross/Enter at Intersection,None (No Improper Action),Intersection Other,No,Suspected Minor Injury,None,39.05452757,-77.05032035,"(39.05452757, -77.05032035)"
EJ78950075,250014278,GAITHERSBURG,Injury Crash,04/02/2025 06:55:00 AM,Local Route,ROCKWELL AVE,,,,Pedestrian,Single Vehicle,Clear,Dry,Daylight,No Controls,"Not Suspect of Alcohol Use, Not Suspect of Drug Use","Not Suspect of Alcohol Use, Not Suspect of Drug Use",0C53C11D-02A2-40D5-8500-2E08274B50E7,Pedestrian,Cross/Enter Not at Intersection,None (No Improper Action),Shoulder/Roadside,No,Possible Injury,None,39.11074417,-77.19636783,"(39.11074417, -77.19636783)"
DD56530046,240062061,ROCKVILLE,Property Damage Crash,12/29/2024 06:33:00 PM,Maryland (State) Route,ROCKVILLE PIKE (SB/L),MONROE PL,,,Pedestrian,Single Vehicle,Rain,Wet,Dark - Lighted,Traffic Control Signal,"Not Suspect of Alcohol Use, Not Suspect of Drug Use","Not Suspect of Alcohol Use, Not Suspect of Drug Use",E69BC5B5-56C0-4BD6-9A0A-5B95AE3CD6C8,Pedestrian,Cross/Enter at Intersection,Unknown,Shoulder/Roadside,No,No Apparent Injury,None,39.08346707,-77.14700401,"(39.08346707, -77.14700401)"
DD5538004X,240061768,ROCKVILLE,Injury Crash,12/27/2024 03:22:00 PM,,,,"Parking Aisle        1501 ROCKVILLE PIKE, ROCKVILLE MD 20852",,Pedestrian,Single Vehicle,Clear,,Daylight,,"Not Suspect of Alcohol Use, Not Suspect of Drug Use","Not Suspect of Alcohol Use, Not Suspect of Drug Use",B538C3E4-9E43-4F43-A428-C27DB676CAE3,Pedestrian,Other,"Inattentive (Talking, Eating, etc.)",Other,No,Possible Injury,None,39.06467443,-77.12793369,"(39.06467443, -77.12793369)"
MCP2399009B,240059940,MONTGOMERY,Injury Crash,12/15/2024 04:11:00 PM,Local Route,CENTERWAY RD,RHYTHM WAY,,,Pedestrian,Single Vehicle,Rain,Wet,Daylight,Pedestrian Crossing,"Not Suspect of Alcohol Use, Not Suspect of Drug Use","Not Suspect of Alcohol Use, Not Suspect of Drug Use",258CD2CD-87B6-46FC-B57A-3EA40F25221E,Pedestrian,Cross/Enter at Intersection,None (No Improper Action),Intersection Marked Crosswalk,No,Possible Injury,None,39.17265245,-77.2059214,"(39.17265245, -77.2059214)"
DD5666001Y,240061729,ROCKVILLE,Injury Crash,12/27/2024 11:14:00 AM,Municipality Route,E GUDE DR (WB/L),TAFT CT,,,Pedestrian,Single Vehicle,Clear,Dry,Daylight,Traffic Control Signal,"Not Suspect of Alcohol Use, Not Suspect of Drug Use","Not Suspect of Alcohol Use, Not Suspect of Drug Use",3852D327-CB04-4BD3-BFB8-5F2BEEE87DB2,Pedestrian,Cross/Enter at Intersection,"Dart/Dash, Failure to Obey Traffic Signs, Signals, or Officer",Intersection Marked Crosswalk,Yes,Suspected Minor Injury,None,39.09422997,-77.13237145,"(39.09422997, -77.13237145)"
MCP3133005Q,240060826,MONTGOMERY,Injury Crash,12/20/2024 11:03:00 AM,Private Route,,,,,Pedestrian,Single Vehicle,Snow,Wet,Daylight,Pedestrian Crossing,"Not Suspect of Alcohol Use, Not Suspect of Drug Use","Not Suspect of Alcohol Use, Not Suspect of Drug Use",605B6639-3F58-4FC7-A88B-2C522B625126,Pedestrian,Cross/Enter at Intersection,None (No Improper Action),Intersection Marked Crosswalk,No,Possible Injury,None,39.15209077,-77.06417627,"(39.15209077, -77.06417627)"
MCP3010009T,240033057,MONTGOMERY,Injury Crash,07/13/2024 11:21:00 AM,,,,Parking Lot Way        DRIVEWAY/ SIDEWALK IFO 11130 ROCKVILLE PIKE,,Pedestrian,Single Vehicle,Clear,,Daylight,,"Not Suspect of Alcohol Use, Not Suspect of Drug Use","Not Suspect of Alcohol Use, Not Suspect of Drug Use",4D78AB16-EC86-4B9E-96C6-BDE8C1F7E677,Pedestrian,Walking/Cycling on Sidewalk,None (No Improper Action),Sidewalk,No,Suspected Minor Injury,None,39.03981656,-77.10981687,"(39.03981656, -77.10981687)"
MCP3423000Z,240060922,MONTGOMERY,Injury Crash,12/20/2024 06:30:00 PM,Maryland (State) Route,PINEY BRANCH RD,,,,Pedestrian,Single Vehicle,Clear,Wet,Dark - Lighted,Lane Use Control Signal,"Not Suspect of Alcohol Use, Not Suspect of Drug Use","Unknown, Unknown",E7743945-F190-41D7-9727-974FDB479829,Pedestrian,Unknown,Unknown,Shared Lane Markings),Yes,Suspected Serious Injury,Unknown,38.99964238,-76.9945149,"(38.99964238, -76.9945149)"
MCP30510083,240061648,MONTGOMERY,Injury Crash,12/26/2024 05:28:00 PM,,,,Parking Lot Way        PARKING LOT OF 7125 DEMOCRACY BLVD ( MACYS AT MONTGOMERY MALL),,Pedestrian,Single Vehicle,Clear,,Dark - Lighted,,"Not Suspect of Alcohol Use, Not Suspect of Drug Use","Not Suspect of Alcohol Use, Not Suspect of Drug Use",332017FF-35F9-493E-95A1-675446A0E3D4,Pedestrian,Cross/Enter at Intersection,None (No Improper Action),Intersection Unmarked Crosswalk,No,Possible Injury,None,39.02383832,-77.14829107,"(39.02383832, -77.14829107)"
MCP3395002X,240062031,MONTGOMERY,Injury Crash,12/29/2024 02:18:00 PM,County Route,CUSTER RD,HARWOOD RD,,,Scooter (electric),Single Vehicle,Cloudy,Dry,Daylight,No Controls,"Not Suspect of Alcohol Use, Not Suspect of Drug Use","Not Suspect of Alcohol Use, Not Suspect of Drug Use",0B44BD90-3E81-4228-BF18-D9CBC4EEA476,Scooter (electric),Walking/Cycling Along Roadway With Traffic (In or Adjacent to Travel Lane),None (No Improper Action),Shoulder/Roadside,No,Suspected Minor Injury,Helmet,38.99031617,-77.10772517,"(38.99031617, -77.10772517)"
MCP2861006K,250003865,MONTGOMERY,Injury Crash,01/27/2025 03:15:00 PM,County Route,MONTROSE RD,,,,Pedestrian,Single Vehicle,Clear,Dry,Daylight,Pedestrian Crossing,"Not Suspect of Alcohol Use, Not Suspect of Drug Use","Not Suspect of Alcohol Use, Not Suspect of Drug Use",A4E39E50-B3F7-441D-9944-21035DCCA90C,Pedestrian,Cross/Enter Not at Intersection,None (No Improper Action),Midblock Marked Crosswalk,No,Suspected Minor Injury,None,39.05302338,-77.13100971,"(39.05302338, -77.13100971)"
MCP3395002T,240060990,MONTGOMERY,Injury Crash,12/21/2024 10:34:00 AM,Other Public Roadway,ROSEMARY HILLS RD,EAST WEST HWY,,,Pedestrian,Single Vehicle,Clear,Dry,Daylight,Traffic Control Signal,"Not Suspect of Alcohol Use, Not Suspect of Drug Use","Not Suspect of Alcohol Use, Not Suspect of Drug Use",A509E647-876E-4898-8BA8-827E280E35F4,Pedestrian,Cross/Enter at Intersection,"Dart/Dash, Failure to Obey Traffic Signs, Signals, or Officer",Intersection Marked Crosswalk,Yes,Possible Injury,None,38.99559297,-77.04226835,"(38.99559297, -77.04226835)"
MCP2335002F,240059857,MONTGOMERY,Injury Crash,12/14/2024 10:41:00 PM,Maryland (State) Route,GERMANTOWN RD (SB/L),,,,Pedestrian,Single Vehicle,Clear,Dry,Dark - Lighted,No Controls,"Not Suspect of Alcohol Use, Not Suspect of Drug Use","Suspect of Alcohol Use, Unknown",32879BFC-3FBB-42DC-828A-5C4EE40AB4D5,Pedestrian,Other,Failure to Yield Right-Of-Way,Other,No,Suspected Minor Injury,None,39.18033303,-77.26419282,"(39.18033303, -77.26419282)"
MCP3452000D,240061770,MONTGOMERY,Injury Crash,12/23/2024 05:30:00 AM,County Route,ASPEN HILL RD,GEORGIA AVE,,,Pedestrian,Single Vehicle,Clear,Dry,Dark - Lighted,Pedestrian Crossing,"Unknown, Unknown","Unknown, Unknown",61D202F2-D1F8-4757-BA69-BDD6518AFD82,Pedestrian,Cross/Enter at Intersection,None (No Improper Action),Intersection Marked Crosswalk,No,Suspected Minor Injury,None,39.08076112,-77.07507253,"(39.08076112, -77.07507253)"
MCP3258004F,240061761,MONTGOMERY,Injury Crash,12/27/2024 02:27:00 PM,County Route,TENBROOK DR,,,,Pedestrian,Single Vehicle,Clear,Dry,Daylight,No Controls,"Not Suspect of Alcohol Use, Not Suspect of Drug Use","Not Suspect of Alcohol Use, Not Suspect of Drug Use",AD052DF3-160A-4705-A212-E7932E6B5ABF,Pedestrian,Cross/Enter Not at Intersection,Dart/Dash,Other,Yes,Suspected Minor Injury,None,39.02843817,-77.027701,"(39.02843817, -77.027701)"
MCP295200FM,240058520,MONTGOMERY,Injury Crash,12/07/2024 10:55:00 AM,Maryland (State) Route,PINEY BRANCH RD,SLIGO CREEK PKWY,,,Pedestrian,Single Vehicle,Clear,Dry,Daylight,Traffic Control Signal,"Not Suspect of Alcohol Use, Not Suspect of Drug Use","Not Suspect of Alcohol Use, Not Suspect of Drug Use",92139AE0-FCCC-4F1C-9D0A-6C2E9B47C3A0,Pedestrian,Cross/Enter at Intersection,None (No Improper Action),Intersection Marked Crosswalk,No,Possible Injury,None,38.99591526,-77.00605353,"(38.99591526, -77.00605353)"
DD5666001Z,250005154,ROCKVILLE,Injury Crash,02/04/2025 04:00:00 PM,Bicycle Route,,W EDMONSTON DR,,,Cyclist (non-electric),Single Vehicle,Clear,Dry,Daylight,Traffic Control Signal,"Unknown, Unknown","Not Suspect of Alcohol Use, Not Suspect of Drug Use",C08EE886-6A7A-4110-B43A-F1D42C2F7076,Cyclist (non-electric),Cross/Enter at Intersection,None (No Improper Action),Intersection Marked Crosswalk,No,Possible Injury,None,39.0714081,-77.13946324,"(39.0714081, -77.13946324)"
MCP3262005H,250002944,MONTGOMERY,Injury Crash,01/21/2025 05:00:00 PM,County Route,TECH RD,OLD COLUMBIA PIKE,,,Pedestrian,Unknown,Clear,Ice/Frost,Dusk,Traffic Control Signal,"Unknown, Unknown","Not Suspect of Alcohol Use, Not Suspect of Drug Use",73C213D7-DCA1-4435-9423-EBB247B4501C,Pedestrian,Cross/Enter at Intersection,None (No Improper Action),Intersection Marked Crosswalk,No,Suspected Minor Injury,None,39.0574562,-76.9680966,"(39.0574562, -76.9680966)"
MCP33840018,250012047,MONTGOMERY,Injury Crash,03/19/2025 02:20:00 PM,Maryland (State) Route,COLESVILLE RD,WMATA ENT,,,Pedestrian,Single Vehicle,Clear,Dry,Daylight,Flashing Traffic Control Signal,"Unknown, Unknown","Unknown, Unknown",3CD8804D-66BF-4311-87FF-772AED0EEF39,Pedestrian,Cross/Enter at Intersection,Unknown,Unknown,No,Suspected Minor Injury,None,38.99420706,-77.03103005,"(38.99420706, -77.03103005)"
DD56780009,250004588,ROCKVILLE,Injury Crash,01/31/2025 07:07:00 PM,Municipality Route,PLEASANT DR,,,,Pedestrian,Single Vehicle,Rain,Wet,Dark - Lighted,Stop Sign,"Not Suspect of Alcohol Use, Not Suspect of Drug Use","Not Suspect of Alcohol Use, Not Suspect of Drug Use",3821AB8B-BAD8-411C-B1AE-D666886E766C,Pedestrian,Cross/Enter at Intersection,None (No Improper Action),Intersection Marked Crosswalk,Yes,Suspected Minor Injury,None,39.11402305,-77.17160423,"(39.11402305, -77.17160423)"
MCP2592004J,250005059,MONTGOMERY,Injury Crash,02/04/2025 09:23:00 AM,Local Route,CARRIAGE WALK CIR,,,,Pedestrian,Single Vehicle,Clear,Dry,Daylight,No Controls,"Not Suspect of Alcohol Use, Not Suspect of Drug Use","Not Suspect of Alcohol Use, Not Suspect of Drug Use",C72590A2-B3D1-4789-9BA9-A507A187BD74,Pedestrian,Other Working,"Inattentive (Talking, Eating, etc.)",Other,Yes,Possible Injury,None,39.16379588,-77.167984,"(39.16379588, -77.167984)"
MCP3085005T,250004054,MONTGOMERY,Injury Crash,01/28/2025 04:25:00 PM,Maryland (State) Route,UNIVERSITY BLVD W (WB/L),,,,Pedestrian,Single Vehicle,Clear,Dry,Daylight,Traffic Control Signal,"Not Suspect of Alcohol Use, Not Suspect of Drug Use","Not Suspect of Alcohol Use, Not Suspect of Drug Use",4F68E1F2-B4BF-4A3E-9AA1-A4B3E3B7CF43,Pedestrian,Cross/Enter at Intersection,None (No Improper Action),Intersection Marked Crosswalk,No,Suspected Minor Injury,None,39.03403362,-77.07236626,"(39.03403362, -77.07236626)"
MCP30300079,240062372,MONTGOMERY,Injury Crash,12/31/2024 09:24:00 PM,County Route,WILLARD AVE,,,,Pedestrian,Single Vehicle,Clear,Wet,Dark - Lighted,No Controls,"Not Suspect of Alcohol Use, Not Suspect of Drug Use","Suspect of Alcohol Use, Not Suspect of Drug Use",F69E0926-CC79-470F-BA12-B3D70FADA6B1,Pedestrian,Cross/Enter Not at Intersection,"Failure to Yield Right-Of-Way, Inattentive (Talking, Eating, etc.), Other",Travel Lane Other Location,Yes,Suspected Serious Injury,None,38.96230079,-77.08983301,"(38.96230079, -77.08983301)"
MCP2965009G,250000158,MONTGOMERY,Injury Crash,01/02/2025 10:42:00 AM,,,,Parking Lot Way        2201 RANDOLPH ROAD PARKING LOT,,Pedestrian,Single Vehicle,Cloudy,,Daylight,,"Not Suspect of Alcohol Use, Not Suspect of Drug Use","Not Suspect of Alcohol Use, Not Suspect of Drug Use",F3BBF6D1-981A-4ACD-BE6E-6CEB2E17C367,Pedestrian,Other,None (No Improper Action),Other,No,Possible Injury,None,39.06013417,-77.0479225,"(39.06013417, -77.0479225)"
EJ7781005J,250000147,GAITHERSBURG,Injury Crash,01/02/2025 09:23:00 AM,Municipality Route,SUFFIELD DR,,,,Pedestrian,Single Vehicle,Clear,Dry,Daylight,Pedestrian Crossing,"Not Suspect of Alcohol Use, Not Suspect of Drug Use","Not Suspect of Alcohol Use, Not Suspect of Drug Use",72742723-B235-41A8-9B01-FDC558419B0A,Pedestrian,Cross/Enter at Intersection,None (No Improper Action),Intersection Marked Crosswalk,No,Suspected Minor Injury,None,39.112492,-77.216267,"(39.112492, -77.216267)"
MCP9318003L,250000746,MONTGOMERY,Injury Crash,01/06/2025 04:56:00 PM,Maryland (State) Route,NEW HAMPSHIRE AVE,,,,Pedestrian,Single Vehicle,Blowing Snow,Ice/Frost,Dusk,Traffic Control Signal,"Suspect of Alcohol Use, Unknown","Not Suspect of Alcohol Use, Not Suspect of Drug Use",FA90791E-4AEC-4045-82D5-DD349E500310,Pedestrian,Walking/Cycling on Sidewalk,None (No Improper Action),Sidewalk,No,Suspected Serious Injury,None,39.01547538,-76.97754218,"(39.01547538, -76.97754218)"
MCP2635008X,240061584,MONTGOMERY,Fatal Crash,12/26/2024 11:13:00 AM,,,,Parking Stall        PARKING LOT OF 15618 OLD COLUMBIA PIKE.,,Pedestrian,Other,Cloudy,,Daylight,,"Not Suspect of Alcohol Use, Not Suspect of Drug Use","Unknown, Unknown",014B98E9-31BC-4BE8-B963-068F2AC52DCC,Pedestrian,Standing,Unknown,NonTrafficway Area,No,Fatal Injury,Unknown,39.11294203,-76.93497632,"(39.11294203, -76.93497632)"
EJ78870054,240060611,GAITHERSBURG,Injury Crash,12/19/2024 10:00:00 AM,Spur,,,,,Pedestrian,Single Vehicle,Clear,Dry,Daylight,Traffic Control Signal,"Unknown, Unknown","Not Suspect of Alcohol Use, Not Suspect of Drug Use",7BE8B32F-A450-4020-8862-1558793CFFCF,Pedestrian,Cross/Enter at Intersection,None (No Improper Action),Intersection Marked Crosswalk,No,Suspected Minor Injury,None,39.14985734,-77.20905439,"(39.14985734, -77.20905439)"