Report Number,Local Case Number,Agency Name,ACRS Report Type,Crash Date/Time,Route Type,Road Name,Cross-Street Name,Off-Road Description,Municipality,Related Non-Motorist,Collision Type,Weather,Surface Condition,Light,Traffic Control,Driver Substance Abuse,Non-Motorist Substance Abuse,Person ID,Pedestrian Type,Pedestrian Movement,Pedestrian Actions,Pedestrian Location,At Fault,Injury Severity,Safety Equipment,Latitude,Longitude,Location
MCP9318003L,250000746,MONTGOMERY,Injury Crash,01/06/2025 04:56:00 PM,Maryland (State) Route,NEW HAMPSHIRE AVE,,,,Pedestrian,Single Vehicle,Blowing Snow,Ice/Frost,Dusk,Traffic Control Signal,"Suspect of Alcohol Use, Unknown","Not Suspect of Alcohol Use, Not Suspect of Drug Use",53D26F2E-4E1F-408F-ACA4-48061768E521,Pedestrian,Walking/Cycling on Sidewalk,None (No Improper Action),Sidewalk,No,Suspected Serious Injury,None,39.01547538,-76.97754218,"(39.01547538, -76.97754218)"
MCP93650030,240061856,MONTGOMERY,Injury Crash,12/28/2024 08:36:00 AM,Maryland (State) Route,NEW HAMPSHIRE AVE,,,,Pedestrian,Single Vehicle,Rain,Wet,Daylight,No Controls,"Not Suspect of Alcohol Use, Not Suspect of Drug Use","Not Suspect of Alcohol Use, Not Suspect of Drug Use",EABC1B0D-DCA2-4167-8A58-0221E4A81BEF,Pedestrian,Cross/Enter Not at Intersection,"In Roadway Improperly (Standing, Lying, Working, Playing)",Other,Yes,Suspected Minor Injury,None,39.03913726,-76.99025917,"(39.03913726, -76.99025917)"
MCP9318003L,250000746,MONTGOMERY,Injury Crash,01/06/2025 04:56:00 PM,Maryland (State) Route,NEW HAMPSHIRE AVE,,,,Pedestrian,Single Vehicle,Blowing Snow,Ice/Frost,Dusk,Traffic Control Signal,"Suspect of Alcohol Use, Unknown","Not Suspect of Alcohol Use, Not Suspect of Drug Use",17991FC0-C7EE-4FE5-993C-EABCAF82721B,Pedestrian,Walking/Cycling on Sidewalk,None (No Improper Action),Sidewalk,No,Suspected Serious Injury,None,39.01547538,-76.97754218,"(39.01547538, -76.97754218)"
MCP3218005P,250004719,MONTGOMERY,Property Damage Crash,02/01/2025 07:05:00 PM,County Route,ALLEY,,,,Cyclist (non-electric),Single Vehicle,Clear,Dry,Dark - Lighted,No Controls,"Unknown, Unknown","Not Suspect of Alcohol Use, Not Suspect of Drug Use",57704887-3EBB-492A-8C7A-C30C3AC587F0,Cyclist (non-electric),Walking/Cycling on Sidewalk,None (No Improper Action),Driveway Access,No,No Apparent Injury,None,39.04049142,-77.05302011,"(39.04049142, -77.05302011)"
MCP30510084,250003901,MONTGOMERY,Injury Crash,01/27/2025 06:00:00 PM,County Route,OLD GEORGETOWN RD,,,,Pedestrian,Single Vehicle,Clear,Dry,Dark - Lighted,No Controls,"Not Suspect of Alcohol Use, Not Suspect of Drug Use","Not Suspect of Alcohol Use, Not Suspect of Drug Use",593A8FAA-8776-465C-9674-AF1C49BCB044,Pedestrian,Walking/Cycling on Sidewalk,None (No Improper Action),Sidewalk,No,Suspected Minor Injury,None,39.04928745,-77.11504979,"(39.04928745, -77.11504979)"
MCP3391001L,250000269,MONTGOMERY,Injury Crash,01/02/2025 10:00:00 PM,County Route,AMHERST AVE,UNIVERSITY BLVD W,,,Pedestrian,Single Vehicle,Clear,Dry,Dark - Lighted,Traffic Control Signal,"Not Suspect of Alcohol Use, Not Suspect of Drug Use","Suspect of Alcohol Use, Not Suspect of Drug Use",77C6F0D3-5730-4E97-80A6-0319E938C073,Pedestrian,Cross/Enter at Intersection,None (No Improper Action),Intersection Marked Crosswalk,No,Possible Injury,None,39.04137042,-77.04820645,"(39.04137042, -77.04820645)"
DD562000BZ,240062297,ROCKVILLE,Injury Crash,12/31/2024 12:00:00 PM,,,,Parking Lot Way        1407 RESEARCH BLVD,,Pedestrian,Single Vehicle,Clear,,Daylight,,"Not Suspect of Alcohol Use, Not Suspect of Drug Use","Not Suspect of Alcohol Use, Not Suspect of Drug Use",DBED149A-05F0-4448-AB11-7E296B2063D3,Pedestrian,Cross/Enter at Intersection,None (No Improper Action),Intersection Marked Crosswalk,No,Suspected Minor Injury,None,39.09163557,-77.17699993,"(39.09163557, -77.17699993)"
MCP3414001D,250000846,MONTGOMERY,Injury Crash,01/07/2025 04:12:00 PM,US (State),GEORGIA AVE (SB/L),SILVER SPRING AVE,,,Pedestrian,Single Vehicle,Cloudy,Snow,Daylight,Traffic Control Signal,"Not Suspect of Alcohol Use, Not Suspect of Drug Use","Not Suspect of Alcohol Use, Not Suspect of Drug Use",3CB103E9-050F-4687-9078-36CCB40A336A,Pedestrian,Cross/Enter at Intersection,None (No Improper Action),Intersection Marked Crosswalk,No,Possible Injury,None,38.99154861,-77.02688084,"(38.99154861, -77.02688084)"
MCP3039007D,240058602,MONTGOMERY,Injury Crash,12/07/2024 09:48:00 PM,County Route,THAYER AVE,GEORGIA AVE,,,Pedestrian,Unknown,Clear,Dry,Dark - Lighted,No Controls,"Unknown, Unknown","Suspect of Alcohol Use, Not Suspect of Drug Use",3A7136E9-B542-434F-A397-FB5F08DB6325,Pedestrian,Unknown,Unknown,Intersection Other,No,Possible Injury,None,38.99299097,-77.02644996,"(38.99299097, -77.02644996)"
MCP31630085,250000880,MONTGOMERY,Injury Crash,01/07/2025 07:00:00 PM,County Route,ARLINGTON RD,,,,Pedestrian,Single Vehicle,Clear,Wet,Dark - Lighted,Traffic Control Signal,"Unknown, Unknown","Not Suspect of Alcohol Use, Not Suspect of Drug Use",F72E5564-0C6F-486A-BF2E-8DFC39678E69,Pedestrian,Cross/Enter at Intersection,None (No Improper Action),Intersection Marked Crosswalk,No,Suspected Minor Injury,None,38.97802135,-77.09870974,"(38.97802135, -77.09870974)"
MCP320000F4,250004493,MONTGOMERY,Injury Crash,01/31/2025 11:26:00 AM,Ramp,RAMP 3 FR WESTLAKE TERR TO IS 270Y NB,WESTLAKE TERR (WB/L),,,Pedestrian,Single Vehicle,Rain,Wet,Daylight,Traffic Control Signal,"Not Suspect of Alcohol Use, Not Suspect of Drug Use, Not Suspect of Alcohol Use, Not Suspect of Drug Use","Not Suspect of Alcohol Use, Not Suspect of Drug Use",1805A99C-4805-4745-BEF5-68C13AE32573,Pedestrian,Cross/Enter at Intersection,None (No Improper Action),Intersection Marked Crosswalk,No,Possible Injury,None,39.02652393,-77.14164021,"(39.02652393, -77.14164021)"
MCP28980060,250014774,MONTGOMERY,Injury Crash,04/03/2025 05:00:00 PM,County Route,SHADY GROVE RD (SB/L),COMPRINT CT,,,Pedestrian,Single Vehicle,Unknown,,Daylight,Traffic Control Signal,"Unknown, Unknown","Unknown, Unknown",336D92AF-3803-48F1-8C7B-AFB4FB0FC6E2,Pedestrian,Cross/Enter at Intersection,Unknown,Intersection Marked Crosswalk,No,Possible Injury,None,39.11913916,-77.18279159,"(39.11913916, -77.18279159)"
MCP32330059,250001193,MONTGOMERY,Injury Crash,01/09/2025 08:45:00 PM,Maryland (State) Route,UNIVERSITY BLVD E,,,,Pedestrian,Single Vehicle,Clear,Dry,Dark - Lighted,Traffic Control Signal,"Unknown, Unknown","Not Suspect of Alcohol Use, Not Suspect of Drug Use",40C87DC2-F2EB-4300-9954-994ECFFB03C5,Pedestrian,Cross/Enter at Intersection,None (No Improper Action),Intersection Marked Crosswalk,No,Suspected Minor Injury,None,39.00039511,-76.99567685,"(39.00039511, -76.99567685)"
MCP2181005D,240039366,MONTGOMERY,Fatal Crash,08/20/2024 01:13:00 PM,Maryland (State) Route,GREAT SENECA HWY,HIGH GABLES DR,,,"Other Pedestrian (person in a building, skater, personal conveyance, etc.)",Single Vehicle,Clear,Dry,Daylight,No Controls,"Not Suspect of Alcohol Use, Not Suspect of Drug Use","Unknown, Unknown",9AA754CE-3BFB-4069-A68A-EB39D180FBEC,"Other Pedestrian (person in a building, skater, personal conveyance, etc.)",Other Working,None (No Improper Action),Travel Lane Other Location,No,Fatal Injury,None,39.11585044,-77.22315079,"(39.11585044, -77.22315079)"
MCP2761006K,250000353,MONTGOMERY,Injury Crash,01/03/2025 02:01:00 PM,Maryland (State) Route,CLOPPER RD,,,,Pedestrian,Single Vehicle,Cloudy,Wet,Daylight,No Controls,"Not Suspect of Alcohol Use, Not Suspect of Drug Use","Not Suspect of Alcohol Use, Not Suspect of Drug Use",BC5CFA9E-9C94-4D89-8CD2-A465386632C6,Pedestrian,Other Working,None (No Improper Action),Other,No,Possible Injury,None,39.15552403,-77.26152346,"(39.15552403, -77.26152346)"
MCP2940007Y,250015450,MONTGOMERY,Property Damage Crash,04/09/2025 02:00:00 PM,,,,Parking Stall        PL OF 4601 LELAND ST,,Pedestrian,Angle,Clear,,Daylight,,"Unknown, Unknown","Not Suspect of Alcohol Use, Not Suspect of Drug Use",865F16BC-6899-4060-8BAF-179D43E8961A,Pedestrian,Standing,None (No Improper Action),NonTrafficway Area,No,No Apparent Injury,None,38.9814049,-77.09147628,"(38.9814049, -77.09147628)"
MCP233900BC,250014573,MONTGOMERY,Injury Crash,04/03/2025 06:20:00 PM,County Route,BALTIMORE RD,,,,Pedestrian,Single Vehicle,Clear,Dry,Daylight,Pedestrian Crossing Sign,"Not Suspect of Alcohol Use, Not Suspect of Drug Use","Not Suspect of Alcohol Use, Not Suspect of Drug Use",64CE10ED-1449-4ACE-94E9-C207BE26AF44,Pedestrian,Other,None (No Improper Action),Intersection Marked Crosswalk,No,Suspected Minor Injury,None,39.09070356,-77.11494712,"(39.09070356, -77.11494712)"
MCP32690041,250014622,MONTGOMERY,Injury Crash,04/04/2025 01:44:00 AM,Maryland (State) Route,NEW HAMPSHIRE AVE,,,,Pedestrian,Single Vehicle,Rain,Wet,Dark - Lighted,No Controls,"Unknown, Unknown","Suspect of Alcohol Use, Not Suspect of Drug Use",98DB4C95-7480-4116-8F38-416DD020B765,Pedestrian,Unknown,"Inattentive (Talking, Eating, etc.)",Shared Lane Markings),No,Suspected Serious Injury,None,39.04852236,-76.9929361,"(39.04852236, -76.9929361)"
MCP3410000W,240061814,MONTGOMERY,Injury Crash,12/27/2024 08:45:00 PM,Maryland (State) Route,NEW HAMPSHIRE AVE,,,,Occupant of Motor Vehicle Not in Transport,Front to Rear,Clear,Dry,Dark - Not Lighted,No Controls,"Not Suspect of Alcohol Use, Not Suspect of Drug Use","Not Suspect of Alcohol Use, Not Suspect of Drug Use",946D7901-5279-4140-BB77-5E848631930B,Occupant of Motor Vehicle Not in Transport,Standing,"Disabled Vehicle-Related (Working on, Pushing, Leaving/Approaching)",Shoulder/Roadside,No,Suspected Serious Injury,None,39.168932,-77.016897,"(39.168932, -77.016897)"
MCP3258004G,250000871,MONTGOMERY,Injury Crash,01/07/2025 06:17:00 PM,Local Route,WHEATON PLZ RING RD CUT,,,,Pedestrian,Single Vehicle,Snow,Slush,Dark - Lighted,Pedestrian Crossing,"Not Suspect of Alcohol Use, Not Suspect of Drug Use","Not Suspect of Alcohol Use, Not Suspect of Drug Use",845F2373-990F-4D68-93BE-DAE911B23C7F,Pedestrian,Cross/Enter Not at Intersection,None (No Improper Action),Travel Lane Other Location,No,Suspected Minor Injury,None,39.0374745,-77.05735933,"(39.0374745, -77.05735933)"
MCP233900BC,250014573,MONTGOMERY,Injury Crash,04/03/2025 06:20:00 PM,County Route,BALTIMORE RD,,,,Pedestrian,Single Vehicle,Clear,Dry,Daylight,Pedestrian Crossing Sign,"Not Suspect of Alcohol Use, Not Suspect of Drug Use","Not Suspect of Alcohol Use, Not Suspect of Drug Use",9FE35BB6-B888-4D17-9369-7468214ED4A3,Pedestrian,Other,None (No Improper Action),Intersection Marked Crosswalk,No,Suspected Serious Injury,None,39.09070356,-77.11494712,"(39.09070356, -77.11494712)"
MCP3080005G,250014048,MONTGOMERY,Injury Crash,04/01/2025 06:35:00 PM,County Route,WATERS LANDING DR,,,,Pedestrian,Single Vehicle,Clear,Wet,Daylight,No Controls,"Not Suspect of Alcohol Use, Not Suspect of Drug Use","Not Suspect of Alcohol Use, Not Suspect of Drug Use",701276EA-E67F-4D65-8991-622F25B4DA35,Pedestrian,None,Unknown,Intersection Unmarked Crosswalk,Yes,Suspected Minor Injury,None,39.19163817,-77.2790653,"(39.19163817, -77.2790653)"
MCP9379005D,250013332,MONTGOMERY,Injury Crash,03/27/2025 06:30:00 AM,County Route,CRABBS BRANCH WAY,SHADY GROVE RD,,,Pedestrian,Single Vehicle,Clear,Dry,Dark - Lighted,Traffic Control Signal,"Unknown, Unknown","Unknown, Not Suspect of Drug Use",7A2DCB3D-0184-4A54-A2E1-A94BF38235AC,Pedestrian,Cross/Enter at Intersection,None (No Improper Action),Intersection Marked Crosswalk,No,Suspected Minor Injury,None,39.12869752,-77.16755539,"(39.12869752, -77.16755539)"
MCP2671004B,250014072,MONTGOMERY,Property Damage Crash,03/31/2025 08:50:00 PM,,,,Parking Lot Way        GROCERY STORE PARKING LOT,,Pedestrian,Single Vehicle,Cloudy,,Dark - Lighted,,"Unknown, Unknown","Not Suspect of Alcohol Use, Not Suspect of Drug Use",77662BAE-FCA6-4DF9-BB2D-FE461353D3D4,Pedestrian,Other,None (No Improper Action),Intersection Marked Crosswalk,No,No Apparent Injury,None,38.99175865,-77.03202445,"(38.99175865, -77.03202445)"
EJ7895006W,250004343,GAITHERSBURG,Injury Crash,01/30/2025 12:30:00 PM,,,,Parking Lot Way        PARKING LOT OF HARRIS TEETER (323 COPLEY PLACE),,Pedestrian,Single Vehicle,Clear,,Daylight,,"Not Suspect of Alcohol Use, Not Suspect of Drug Use","Not Suspect of Alcohol Use, Not Suspect of Drug Use",A25CE104-3939-4C9D-B4C4-D7FEF107F527,Pedestrian,Cross/Enter at Intersection,Unknown,Intersection Unmarked Crosswalk,No,Suspected Serious Injury,None,39.11540154,-77.20763595,"(39.11540154, -77.20763595)"
MCP25630021,240060930,MONTGOMERY,Injury Crash,12/20/2024 07:58:00 PM,Municipality Route,ATLANTIC AVE,VEIRS MILL RD,,,Pedestrian,Single Vehicle,Clear,Dry,Dark - Lighted,Traffic Control Signal,"Not Suspect of Alcohol Use, Not Suspect of Drug Use","Unknown, Unknown",CEDBFFE4-DF65-41B7-A4DC-A52AECA17967,Pedestrian,Cross/Enter at Intersection,"Failure to Obey Traffic Signs, Signals, or Officer, Failure to Yield Right-Of-Way, Inattentive (Talking, Eating, etc.), Not Visible (Dark Clothing, No Lighting, etc.)",Intersection Marked Crosswalk,Yes,Suspected Serious Injury,None,39.07492047,-77.11554609,"(39.07492047, -77.11554609)"
DM8472002Z,250005819,TAKOMA,Injury Crash,02/08/2025 05:48:00 PM,Maryland (State) Route,,ETHAN ALLEN AVE,,,Pedestrian,Single Vehicle,Freezing Rain Or Freezing Drizzle,Wet,Dark - Lighted,Traffic Control Signal,"Not Suspect of Alcohol Use, Not Suspect of Drug Use","Not Suspect of Alcohol Use, Not Suspect of Drug Use",8D1E1623-7081-42ED-981D-53A69DA7F82E,Pedestrian,Cross/Enter at Intersection,Failure to Yield Right-Of-Way,Intersection Marked Crosswalk,No,Suspected Minor Injury,None,38.97805646,-77.00619017,"(38.97805646, -77.00619017)"
MCP3213002B,250005398,MONTGOMERY,Injury Crash,02/05/2025 11:55:00 PM,,,,Parking Lot Way        ALDI PARKING LOT,,Pedestrian,Single Vehicle,Rain,,Dark - Lighted,,"Unknown, Unknown","Suspect of Alcohol Use, Unknown",7F12B1F5-F84A-470A-8A7D-E50A8B9EBF9C,Pedestrian,Unknown,Unknown,Unknown,No,Possible Injury,None,39.00987671,-77.04148949,"(39.00987671, -77.04148949)"
MCP9318003V,250013760,MONTGOMERY,Injury Crash,03/29/2025 08:23:00 PM,County Route,ADELPHI RD (WB/L),NEW HAMPSHIRE AVE,,,Pedestrian,Single Vehicle,Clear,Dry,Dark - Lighted,Traffic Control Signal,"Not Suspect of Alcohol Use, Not Suspect of Drug Use, Not Suspect of Alcohol Use, Not Suspect of Drug Use, Unknown, Unknown","Not Suspect of Alcohol Use, Not Suspect of Drug Use",0C318107-E6BF-4F91-A24E-835C683887D7,Pedestrian,Cross/Enter at Intersection,Unknown,Intersection Marked Crosswalk,No,Suspected Minor Injury,Unknown,39.01146049,-76.97885649,"(39.01146049, -76.97885649)"
MCP3450000X,250014393,MONTGOMERY,Injury Crash,04/02/2025 05:25:00 PM,County Route,ASTON MANOR DR,BRIGGS CHANEY RD (WB/L),,,Pedestrian,Single Vehicle,Clear,Dry,Daylight,Stop Sign,"Not Suspect of Alcohol Use, Not Suspect of Drug Use","Not Suspect of Alcohol Use, Not Suspect of Drug Use",71C76D9D-BE3C-41A6-B7C8-5DCB5931E31B,Pedestrian,Walking/Cycling on Sidewalk,None (No Improper Action),Intersection Marked Crosswalk,No,Suspected Minor Injury,None,39.07603717,-76.9408805,"(39.07603717, -76.9408805)"
EJ7903003F,250013588,GAITHERSBURG,Injury Crash,03/30/2025 02:25:00 PM,,,,Parking Aisle        SERV ROAD BETWEEN STARBUCKS AND LIBERTY GAS,,Pedestrian,Single Vehicle,Clear,,Daylight,,"Unknown, Unknown","Not Suspect of Alcohol Use, Not Suspect of Drug Use",DAB51B99-3927-407F-A3A5-572DB2BB116B,Pedestrian,Walking/Cycling on Sidewalk,None (No Improper Action),Shoulder/Roadside,No,Suspected Minor Injury,Unknown,39.11781889,-77.25183302,"(39.11781889, -77.25183302)"
MCP304800DF,250006895,MONTGOMERY,Injury Crash,02/16/2025 02:00:00 PM,County Route,,,,,Cyclist (non-electric),Single Vehicle,Cloudy,Wet,Daylight,No Controls,"Not Suspect of Alcohol Use, Not Suspect of Drug Use","Not Suspect of Alcohol Use, Not Suspect of Drug Use",7E984B5B-443B-4D2F-BE0B-54ADCAE60060,Cyclist (non-electric),Other,Other,Shared Lane Markings),Yes,Suspected Minor Injury,"Helmet, Protective Pads (elbows, knees, shins, etc.)",39.00333733,-77.06361033,"(39.00333733, -77.06361033)"
MCP2047005T,250006786,MONTGOMERY,Injury Crash,02/15/2025 12:46:00 PM,Maryland (State) Route,ROCKVILLE PIKE,RAMP 2 FR MONTROSE PKWY TO MD 355 NB,,,Pedestrian,Single Vehicle,Rain,Wet,Daylight,No Controls,"Not Suspect of Alcohol Use, Not Suspect of Drug Use","Not Suspect of Alcohol Use, Not Suspect of Drug Use",77048FF1-9C82-469A-8A9E-0C02408683AD,Pedestrian,Cross/Enter Not at Intersection,Unknown,Travel Lane Other Location,No,Suspected Minor Injury,None,39.05407,-77.11741333,"(39.05407, -77.11741333)"
MCP137801C2,250006547,MONTGOMERY,Injury Crash,02/13/2025 04:35:00 PM,County Route,ODENDHAL AVE,CONTOUR RD,,,Pedestrian,Single Vehicle,Clear,Dry,Daylight,Traffic Control Signal,"Not Suspect of Alcohol Use, Not Suspect of Drug Use","Not Suspect of Alcohol Use, Not Suspect of Drug Use",45613D3D-3E07-4446-9424-BAEC716E057D,Pedestrian,Cross/Enter at Intersection,None (No Improper Action),Intersection Marked Crosswalk,No,Suspected Minor Injury,None,39.15240563,-77.19610712,"(39.15240563, -77.19610712)"
MCP287100C2,250006719,MONTGOMERY,Injury Crash,02/14/2025 06:49:00 PM,Maryland (State) Route,KNOWLES AVE,,,,Pedestrian,Single Vehicle,Clear,Dry,Dark - Lighted,No Controls,"Not Suspect of Alcohol Use, Not Suspect of Drug Use","Not Suspect of Alcohol Use, Not Suspect of Drug Use",5FEEA31F-5ECC-4573-8D95-987DEAAE47BE,Pedestrian,Cross/Enter Not at Intersection,"Failure to Obey Traffic Signs, Signals, or Officer, In Roadway Improperly (Standing, Lying, Working, Playing)",Travel Lane Other Location,Yes,Suspected Minor Injury,None,39.0276535,-77.07755733,"(39.0276535, -77.07755733)"
MCP2845009D,250006760,MONTGOMERY,Injury Crash,02/15/2025 07:26:00 AM,County Route,ADELPHI RD (WB/L),NEW HAMPSHIRE AVE,,,Cyclist (non-electric),Single Vehicle,Clear,Dry,Daylight,Traffic Control Signal,"Not Suspect of Alcohol Use, Not Suspect of Drug Use","Not Suspect of Alcohol Use, Not Suspect of Drug Use",B67F543C-CF81-4446-9467-DBE16A1E1320,Cyclist (non-electric),Other,"Failure to Obey Traffic Signs, Signals, or Officer, Failure to Yield Right-Of-Way",Intersection Marked Crosswalk,Yes,Suspected Minor Injury,None,39.01137787,-76.97884159,"(39.01137787, -76.97884159)"
MCP3396001N,250006833,MONTGOMERY,Injury Crash,02/15/2025 08:10:00 PM,Maryland (State) Route,CONNECTICUT AVE,WELLER RD,,,Pedestrian,Single Vehicle,Rain,Wet,Dark - Lighted,Traffic Control Signal,"Not Suspect of Alcohol Use, Not Suspect of Drug Use","Not Suspect of Alcohol Use, Not Suspect of Drug Use",2509405C-77D8-442D-870F-16EF27C12E4C,Pedestrian,Cross/Enter at Intersection,Unknown,Intersection Marked Crosswalk,No,Possible Injury,None,39.06309851,-77.07340257,"(39.06309851, -77.07340257)"
HA2476000K,25000242,MCPARK,Injury Crash,02/14/2025 10:44:00 PM,Bicycle Route,,CAPITAL CRESCENT TR LITTLE FALLS PKWY (NB/L),,,Cyclist (Electric),Single Vehicle,Clear,Dry,Dark - Lighted,Stop Sign,"Not Suspect of Alcohol Use, Not Suspect of Drug Use","Not Suspect of Alcohol Use, Not Suspect of Drug Use",92557377-FBC1-4E73-BBE5-A4D66A894C48,Cyclist (Electric),Cross/Enter at Intersection,"Failure to Obey Traffic Signs, Signals, or Officer",Intersection Marked Crosswalk,Yes,Possible Injury,"Helmet, Reflectors",38.97347046,-77.1011595,"(38.97347046, -77.1011595)"
MCP3225005C,250006938,MONTGOMERY,Injury Crash,02/16/2025 07:45:00 PM,,,,"Parking Stall        PARKING LOT OF 12029 GEORGIA AVE, SILVER SPRING, MD 20902",,Pedestrian,Single Vehicle,Clear,,Dark - Lighted,,"Unknown, Unknown","Not Suspect of Alcohol Use, Not Suspect of Drug Use",0A0DD8CC-A337-4EC4-AA9A-4FCCB2E287CF,Pedestrian,Other,None (No Improper Action),Other,No,Possible Injury,None,39.05273111,-77.04942055,"(39.05273111, -77.04942055)"
DD56430058,250014417,ROCKVILLE,Injury Crash,04/02/2025 07:55:00 PM,Municipality Route,THOMPSON AVE,,,,Pedestrian,Single Vehicle,Clear,Dry,Dark - Lighted,Stop Sign,,"Not Suspect of Alcohol Use, Not Suspect of Drug Use",F0C0795C-DBAE-4DDC-872A-740C4DE65FAC,Pedestrian,Walking/Cycling on Sidewalk,None (No Improper Action),Intersection Marked Crosswalk,No,Suspected Minor Injury,None,39.05938668,-77.12141418,"(39.05938668, -77.12141418)"
MCP2939007K,250018565,MONTGOMERY,Injury Crash,04/28/2025 05:37:00 PM,,,,Parking Aisle        PARKING LOT OF GIANT LOCATED AT 20944 FREDERICK RD GERMANTOWN MD,,Occupant of Motor Vehicle Not in Transport,Single Vehicle,Clear,,Daylight,,"Not Suspect of Alcohol Use, Not Suspect of Drug Use, Unknown, Unknown","Not Suspect of Alcohol Use, Not Suspect of Drug Use",4B208CF7-E68A-41B7-B920-891ABD292BA4,Occupant of Motor Vehicle Not in Transport,Getting Off/On Vehicle,None (No Improper Action),Other,No,Suspected Minor Injury,None,39.20254922,-77.24779627,"(39.20254922, -77.24779627)"
DD5653004H,250006688,ROCKVILLE,Injury Crash,02/14/2025 04:02:00 PM,Crossover,,HALPINE RD (EB/L),,,Pedestrian,Single Vehicle,Clear,Dry,Daylight,Traffic Control Signal,"Not Suspect of Alcohol Use, Not Suspect of Drug Use","Not Suspect of Alcohol Use, Not Suspect of Drug Use",5276F80E-19D6-462D-B111-8BF5855DA703,Pedestrian,Cross/Enter at Intersection,None (No Improper Action),Median/Crossing Island,No,Suspected Minor Injury,None,39.06084098,-77.12584936,"(39.06084098, -77.12584936)"
EJ7888007P,250007242,GAITHERSBURG,Injury Crash,02/18/2025 05:30:00 PM,,,,Parking Lot Way        PARKING LOT OF 9621 LOST KNIFE RD,,Pedestrian,Single Vehicle,Clear,,Dusk,,"Not Suspect of Alcohol Use, Not Suspect of Drug Use","Not Suspect of Alcohol Use, Not Suspect of Drug Use",59B369B1-0196-4028-B112-D70783B87E40,Pedestrian,Walking/Cycling Along Roadway Against Traffic (In or Adjacent to Travel Lane),Failure to Yield Right-Of-Way,Other,Yes,Possible Injury,None,39.15260259,-77.19692731,"(39.15260259, -77.19692731)"