Report Number,Local Case Number,Agency Name,ACRS Report Type,Crash Date/Time,Route Type,Road Name,Cross-Street Name,Off-Road Description,Municipality,Related Non-Motorist,Collision Type,Weather,Surface Condition,Light,Traffic Control,Driver Substance Abuse,Non-Motorist Substance Abuse,Person ID,Pedestrian Type,Pedestrian Movement,Pedestrian Actions,Pedestrian Location,At Fault,Injury Severity,Safety Equipment,Latitude,Longitude,Location
MCP26710046,250006558,MONTGOMERY,Property Damage Crash,02/13/2025 05:10:00 PM,,,,Parking Lot Way        8202 GEORGIA  AVENUE PARKING LOT,,Wheelchair (electric),Single Vehicle,Clear,,Daylight,,"Not Suspect of Alcohol Use, Not Suspect of Drug Use","Not Suspect of Alcohol Use, Not Suspect of Drug Use",D3BF1FEE-599C-4B75-8E1F-06E5DAAE212E,Wheelchair (electric),Other,"Not Visible (Dark Clothing, No Lighting, etc.)",Other,No,No Apparent Injury,None,38.99196092,-77.02731784,"(38.99196092, -77.02731784)"
MCP33480043,250007765,MONTGOMERY,Injury Crash,02/21/2025 07:03:00 PM,Maryland (State) Route,VEIRS MILL RD (WB/L),,,,Pedestrian,Single Vehicle,Clear,Dry,Dark - Lighted,No Controls,"Not Suspect of Alcohol Use, Not Suspect of Drug Use","Not Suspect of Alcohol Use, Not Suspect of Drug Use",FFF96761-F3B7-4063-AA14-5A3251085583,Pedestrian,Cross/Enter Not at Intersection,Unknown,Other,No,Suspected Minor Injury,None,39.05758155,-77.084915,"(39.05758155, -77.084915)"
MCP287100C4,250007606,MONTGOMERY,Injury Crash,02/20/2025 07:08:00 PM,Maryland (State) Route,OLD GEORGETOWN RD (SB/L),TUCKERMAN LA,,,Cyclist (non-electric),Single Vehicle,Clear,Dry,Dark - Lighted,Traffic Control Signal,"Not Suspect of Alcohol Use, Not Suspect of Drug Use","Not Suspect of Alcohol Use, Not Suspect of Drug Use",44C1FD58-BAAF-4B91-BBEC-15B991573D2C,Cyclist (non-electric),Cross/Enter at Intersection,"Failure to Obey Traffic Signs, Signals, or Officer, Failure to Yield Right-Of-Way, Not Visible (Dark Clothing, No Lighting, etc.)",Midblock Marked Crosswalk,No,Suspected Minor Injury,Helmet,39.034674,-77.12504217,"(39.034674, -77.12504217)"
EJ7781005M,250016099,GAITHERSBURG,Injury Crash,04/13/2025 12:00:00 PM,,,,Parking Lot Way        P/L OF 883 RUSSELL AVE,,Pedestrian,Single Vehicle,Clear,,Daylight,,"Unknown, Unknown","Not Suspect of Alcohol Use, Not Suspect of Drug Use",F153D5AD-6EAB-42C3-9340-4AF62D254DE4,Pedestrian,Other,None (No Improper Action),Other,No,Possible Injury,None,39.15740168,-77.21225412,"(39.15740168, -77.21225412)"
MCP3427000P,250005725,MONTGOMERY,Property Damage Crash,02/07/2025 11:24:00 PM,County Route,MONTGOMERY VILLAGE AVE (SB/L),,,,Pedestrian,Single Vehicle,Clear,Dry,Dark - Lighted,Pedestrian Crossing Sign,"Not Suspect of Alcohol Use, Not Suspect of Drug Use","Not Suspect of Alcohol Use, Not Suspect of Drug Use",1224BD9F-6B32-475A-B348-B2F0ED275723,Pedestrian,Cross/Enter at Intersection,Unknown,Intersection Marked Crosswalk,No,No Apparent Injury,None,39.17087948,-77.20405238,"(39.17087948, -77.20405238)"
MCP156300B6,250007868,MONTGOMERY,Injury Crash,02/22/2025 11:00:00 AM,,,,Driveway        DRIVE WAY/SIDEWALK IN FRONT OF 12025 PARKLAWN DR,,Pedestrian,Single Vehicle,Clear,,Daylight,,"Not Suspect of Alcohol Use, Not Suspect of Drug Use","Not Suspect of Alcohol Use, Not Suspect of Drug Use",9EF709CB-F88C-411E-B44A-6DEAEDDCD966,Pedestrian,Walking/Cycling on Sidewalk,None (No Improper Action),Sidewalk,No,Suspected Minor Injury,None,39.05474634,-77.10687152,"(39.05474634, -77.10687152)"
MCP27570023,250006729,MONTGOMERY,Property Damage Crash,02/14/2025 08:04:00 PM,Local Route,CSX TRACK 2 RAIL,,,,Occupant of Motor Vehicle Not in Transport,Single Vehicle,Clear,Dry,Dark - Not Lighted,Flashing Railroad Crossing Signal (may include gates),,"Not Suspect of Alcohol Use, Not Suspect of Drug Use",299F7BA8-FB36-4326-BE36-8281AF317C41,Occupant of Motor Vehicle Not in Transport,Other,None (No Improper Action),Other,No,No Apparent Injury,Unknown,39.13436665,-77.17591666,"(39.13436665, -77.17591666)"
MCP2927004R,250007914,MONTGOMERY,Injury Crash,02/22/2025 08:20:00 PM,US (State),COLESVILLE RD,MANSION DR,,,Pedestrian,Front to Rear,Clear,Dry,Dark - Lighted,No Controls,"Not Suspect of Alcohol Use, Not Suspect of Drug Use, Not Suspect of Alcohol Use, Not Suspect of Drug Use","Not Suspect of Alcohol Use, Not Suspect of Drug Use",2CBF9BEC-6FAF-4957-BAEF-0ADA4E28200A,Pedestrian,Unknown,"Disabled Vehicle-Related (Working on, Pushing, Leaving/Approaching)",Other,No,Suspected Serious Injury,None,39.00210861,-77.02474023,"(39.00210861, -77.02474023)"
MCP2635008Y,240035977,MONTGOMERY,Property Damage Crash,07/30/2024 10:15:00 PM,Maryland (State) Route,GEORGIA AVE (SB/L),,,,Pedestrian,Single Vehicle,Clear,Dry,Dark - Not Lighted,No Controls,"Not Suspect of Alcohol Use, Not Suspect of Drug Use","Not Suspect of Alcohol Use, Not Suspect of Drug Use",79E20F24-D304-4E48-BBF4-B19F55BB98A8,Pedestrian,Other,"In Roadway Improperly (Standing, Lying, Working, Playing), Not Visible (Dark Clothing, No Lighting, etc.)",Travel Lane Other Location,No,No Apparent Injury,None,39.10563754,-77.07652208,"(39.10563754, -77.07652208)"
MCP291400FZ,250005726,MONTGOMERY,Injury Crash,02/07/2025 11:36:00 PM,US (State),GEORGIA AVE (SB/L),,,,Pedestrian,Single Vehicle,Clear,Dry,Dark - Lighted,No Controls,"Unknown, Unknown","Suspect of Alcohol Use, Not Suspect of Drug Use",3E2A8261-2C06-41F7-AD74-E4579CD58384,Pedestrian,Cross/Enter Not at Intersection,"In Roadway Improperly (Standing, Lying, Working, Playing)",Median/Crossing Island,Yes,Possible Injury,None,38.99256369,-77.02672456,"(38.99256369, -77.02672456)"
MCP3258004X,250007078,MONTGOMERY,Injury Crash,02/17/2025 07:54:00 PM,County Route,CADDINGTON AVE,UNIVERSITY BLVD W (WB/L),,,Pedestrian,Single Vehicle,Clear,Dry,Dark - Lighted,Traffic Control Signal,"Not Suspect of Alcohol Use, Not Suspect of Drug Use","Not Suspect of Alcohol Use, Not Suspect of Drug Use",E4D6710A-984E-4890-80FC-12AE6F6EDFAE,Pedestrian,Cross/Enter at Intersection,"Failure to Obey Traffic Signs, Signals, or Officer, Inattentive (Talking, Eating, etc.)",Intersection Marked Crosswalk,Yes,Suspected Minor Injury,None,39.03318726,-77.02467951,"(39.03318726, -77.02467951)"
DD5582002L,250007460,ROCKVILLE,Property Damage Crash,02/19/2025 07:30:00 PM,Local Route,RITCHIE PKWY,,,,Pedestrian,Single Vehicle,Clear,Dry,Dark - Lighted,No Controls,"Unknown, Unknown","Not Suspect of Alcohol Use, Not Suspect of Drug Use",C34644F6-0D08-4AFB-96A0-C36C541CB911,Pedestrian,Cross/Enter Not at Intersection,None (No Improper Action),Travel Lane Other Location,No,No Apparent Injury,None,39.076716,-77.14029412,"(39.076716, -77.14029412)"
MCP3233005H,250007248,MONTGOMERY,Injury Crash,02/18/2025 06:28:00 PM,County Route,NORTHWEST DR,,,,Pedestrian,Single Vehicle,Clear,Dry,Daylight,No Controls,"Not Suspect of Alcohol Use, Not Suspect of Drug Use","Not Suspect of Alcohol Use, Not Suspect of Drug Use",70355759-BEB0-408D-AE63-3C7BF53024C9,Pedestrian,Cross/Enter at Intersection,None (No Improper Action),Intersection Marked Crosswalk,No,Suspected Minor Injury,None,39.03660588,-76.99617776,"(39.03660588, -76.99617776)"
MCP1235005Z,250015523,MONTGOMERY,Injury Crash,04/09/2025 08:25:00 PM,County Route,OVERLOOK DR,NEW HAMPSHIRE AVE,,,Unknown,Single Vehicle,Clear,Dry,Dark - Not Lighted,Stop Sign,"Not Suspect of Alcohol Use, Not Suspect of Drug Use","Not Suspect of Alcohol Use, Not Suspect of Drug Use",45621917-E7DC-47C7-9F07-C5FB00AB6813,Unknown,Cross/Enter at Intersection,None (No Improper Action),Intersection Unmarked Crosswalk,No,Possible Injury,None,39.02447004,-76.97947728,"(39.02447004, -76.97947728)"
MCP2863003P,250016307,MONTGOMERY,Injury Crash,04/14/2025 05:40:00 PM,County Route,TURKEY BRANCH PKWY,,,,Cyclist (non-electric),Single Vehicle,Clear,,Daylight,No Controls,"Not Suspect of Alcohol Use, Not Suspect of Drug Use","Unknown, Unknown",17513E41-D728-46FE-B1D2-BF66AEC5F502,Cyclist (non-electric),Walking/Cycling Along Roadway With Traffic (In or Adjacent to Travel Lane),Unknown,Travel Lane Other Location,No,Suspected Minor Injury,None,39.07575782,-77.08179226,"(39.07575782, -77.08179226)"
MCP34080016,250016181,MONTGOMERY,Injury Crash,04/13/2025 08:30:00 PM,County Route,SILVER SPRING AVE,,,,Pedestrian,Single Vehicle,Clear,Dry,Dark - Lighted,Traffic Control Signal,"Unknown, Unknown","Unknown, Unknown",5E5B97BC-D81B-4B2E-B01C-08F737AFF1CF,Pedestrian,Cross/Enter at Intersection,Unknown,Intersection Marked Crosswalk,No,Possible Injury,None,38.99161383,-77.02641286,"(38.99161383, -77.02641286)"
DD56510065,250016407,ROCKVILLE,Injury Crash,04/14/2025 01:50:00 PM,Municipality Route,,PARK RD (WB/L),,,Pedestrian,Single Vehicle,Clear,Dry,Daylight,Traffic Control Signal,"Unknown, Unknown","Not Suspect of Alcohol Use, Not Suspect of Drug Use",75186C34-0B14-4A9C-8BE6-F6F5A83EBCE0,Pedestrian,Cross/Enter at Intersection,None (No Improper Action),Intersection Marked Crosswalk,No,Suspected Minor Injury,None,39.0852506,-77.14823538,"(39.0852506, -77.14823538)"
MCP3111008X,250007826,MONTGOMERY,Injury Crash,02/22/2025 07:56:00 AM,County Route,NICHOLSON LA,WHITE FLINT MALL ENT,,,Pedestrian,Single Vehicle,Clear,Dry,Daylight,Traffic Control Signal,"Not Suspect of Alcohol Use, Not Suspect of Drug Use","Not Suspect of Alcohol Use, Not Suspect of Drug Use",37B99746-1C8A-47EF-9066-609618D951DC,Pedestrian,Cross/Enter at Intersection,None (No Improper Action),Intersection Marked Crosswalk,No,Possible Injury,None,39.04492867,-77.10726383,"(39.04492867, -77.10726383)"
MCP1550005W,250009192,MONTGOMERY,Injury Crash,03/02/2025 01:31:00 PM,,,,Parking Stall        PARKING LOT AT 11560 ROCKVILLE PIKE,,Pedestrian,Single Vehicle,Clear,,Daylight,,"Not Suspect of Alcohol Use, Not Suspect of Drug Use","Not Suspect of Alcohol Use, Not Suspect of Drug Use",08636FD5-4642-40A4-A55E-0B181A85A7F2,Pedestrian,Walking/Cycling on Sidewalk,None (No Improper Action),NonTrafficway Area,No,Suspected Serious Injury,None,39.04555631,-77.11349117,"(39.04555631, -77.11349117)"
MCP2420005X,250001527,MONTGOMERY,Property Damage Crash,01/13/2025 01:02:00 PM,,,,Parking Stall        12345 GEORGIA AVE,,Pedestrian,Single Vehicle,Clear,,Daylight,,"Not Suspect of Alcohol Use, Not Suspect of Drug Use","Not Suspect of Alcohol Use, Not Suspect of Drug Use",1444DC8F-5829-4FB0-8F6E-FC26A9C5BCB5,Pedestrian,Getting Off/On Vehicle,None (No Improper Action),Other,No,No Apparent Injury,None,39.06057468,-77.04997793,"(39.06057468, -77.04997793)"
MCP32900041,250005619,MONTGOMERY,Injury Crash,02/07/2025 12:49:00 PM,County Route,DENNIS AVE,GEORGIA AVE,,,Pedestrian,Single Vehicle,Clear,Dry,Daylight,Traffic Control Signal,"Not Suspect of Alcohol Use, Not Suspect of Drug Use","Not Suspect of Alcohol Use, Not Suspect of Drug Use",75FAF586-C85A-4396-A518-2EA6B06B922A,Pedestrian,Cross/Enter at Intersection,None (No Improper Action),Intersection Marked Crosswalk,No,Suspected Minor Injury,None,39.02531197,-77.0459823,"(39.02531197, -77.0459823)"
MCP2314004C,250008389,MONTGOMERY,Injury Crash,02/25/2025 05:33:00 PM,County Route,,,,,Cyclist (non-electric),Single Vehicle,Clear,Dry,Daylight,No Controls,"Not Suspect of Alcohol Use, Not Suspect of Drug Use","Not Suspect of Alcohol Use, Not Suspect of Drug Use",75311C15-42F2-4F56-BDA0-F31EEF056B1F,Cyclist (non-electric),Walking/Cycling Along Roadway With Traffic (In or Adjacent to Travel Lane),Improper Passing,Travel Lane Other Location,No,Suspected Minor Injury,"Helmet, Lighting",39.04733369,-77.16171824,"(39.04733369, -77.16171824)"
MCP2420005Z,250008490,MONTGOMERY,Injury Crash,02/26/2025 12:45:00 PM,County Route,RANDOLPH RD,,,,Pedestrian,Single Vehicle,Clear,Dry,Daylight,Lane Use Control Signal,"Not Suspect of Alcohol Use, Not Suspect of Drug Use","Not Suspect of Alcohol Use, Not Suspect of Drug Use",66B96D3C-E19D-4544-8787-33A6DC3719CC,Pedestrian,Cross/Enter at Intersection,Unknown,Intersection Marked Crosswalk,No,Suspected Serious Injury,None,39.06592609,-77.03436935,"(39.06592609, -77.03436935)"
MCP3427000Q,250007792,MONTGOMERY,Injury Crash,02/21/2025 11:20:00 PM,County Route,WIGHTMAN RD,GOSHEN RD SNOUFFERS SCHOOL RD,,,Pedestrian,Single Vehicle,Clear,Dry,Dark - Lighted,Traffic Control Signal,"Not Suspect of Alcohol Use, Not Suspect of Drug Use","Not Suspect of Alcohol Use, Not Suspect of Drug Use",43B72AF2-6590-4CB9-A78E-F95988704DA3,Pedestrian,Unknown,Unknown,Intersection Marked Crosswalk,No,Suspected Minor Injury,None,39.1877521,-77.1868527,"(39.1877521, -77.1868527)"
MCP2732001D,250007657,MONTGOMERY,Injury Crash,02/21/2025 09:31:00 AM,County Route,MILLS AVE,,,,Pedestrian,Single Vehicle,Clear,Dry,Daylight,No Controls,"Not Suspect of Alcohol Use, Not Suspect of Drug Use","Not Suspect of Alcohol Use, Not Suspect of Drug Use",3E1C5FEC-9D67-4CA8-AF83-68142E21019D,Pedestrian,Other,Unknown,Other,No,Possible Injury,None,39.08109727,-77.01465716,"(39.08109727, -77.01465716)"
MCP3038007T,250010370,MONTGOMERY,Injury Crash,03/09/2025 07:00:00 PM,US (State),GEORGIA AVE,WAYNE AVE (WB/L),,,Cyclist (Electric),Single Vehicle,Clear,Dry,Daylight,Traffic Control Signal,"Not Suspect of Alcohol Use, Not Suspect of Drug Use","Not Suspect of Alcohol Use, Not Suspect of Drug Use",3224F152-39AA-4632-A25C-7D30A3C19CDD,Cyclist (Electric),Cross/Enter at Intersection,"Dart/Dash, Failure to Obey Traffic Signs, Signals, or Officer, Failure to Yield Right-Of-Way, In Roadway Improperly (Standing, Lying, Working, Playing)",Intersection Marked Crosswalk,Yes,Suspected Minor Injury,None,38.99460408,-77.02659987,"(38.99460408, -77.02659987)"
MCP2737006G,250010121,MONTGOMERY,Injury Crash,03/08/2025 01:31:00 AM,County Route,GLENALLAN AVE,,,,Pedestrian,Single Vehicle,Clear,Dry,Dark - Unknown Lighting,No Controls,"Unknown, Unknown","Suspect of Alcohol Use, Unknown",271495EB-7568-4A82-9F36-11BF5B52515B,Pedestrian,Unknown,Unknown,Unknown,No,Suspected Serious Injury,None,39.0640318,-77.0526093,"(39.0640318, -77.0526093)"
MCP3330002N,250009155,MONTGOMERY,Injury Crash,03/02/2025 08:08:00 AM,County Route,PRICE AVE,GEORGIA AVE,,,Pedestrian,Single Vehicle,Clear,Dry,Daylight,"Other Pavement Marking (excluding edgelines, centerlines, or lane lines)","Not Suspect of Alcohol Use, Not Suspect of Drug Use","Unknown, Unknown",FF96B319-0757-469B-B7E1-E9CA5F488811,Pedestrian,Cross/Enter at Intersection,Unknown,Intersection Marked Crosswalk,No,Suspected Minor Injury,None,39.04010214,-77.05093346,"(39.04010214, -77.05093346)"
DD5612006N,250015847,ROCKVILLE,Injury Crash,04/11/2025 04:54:00 PM,Municipality Route,CHURCH ST (WB/L),MONROE PL,,,Pedestrian,Single Vehicle,Rain,Wet,Daylight,Pedestrian Crossing,"Not Suspect of Alcohol Use, Not Suspect of Drug Use","Not Suspect of Alcohol Use, Not Suspect of Drug Use",3C2D8253-4791-467D-900A-85C6FDA5CDCC,Pedestrian,Cross/Enter at Intersection,None (No Improper Action),Intersection Marked Crosswalk,No,Suspected Minor Injury,None,39.08341211,-77.14695173,"(39.08341211, -77.14695173)"
MCP33950032,250012800,MONTGOMERY,Injury Crash,03/21/2025 04:28:00 PM,County Route,,BEACH DR EAST WEST HWY,,,Cyclist (non-electric),Single Vehicle,Clear,Dry,Daylight,Traffic Control Signal,"Unknown, Unknown","Unknown, Unknown",6F4C902B-BFF8-47D6-A80E-4228B51868DC,Cyclist (non-electric),Unknown,Unknown,Intersection Marked Crosswalk,No,Possible Injury,Helmet,38.99317802,-77.06341918,"(38.99317802, -77.06341918)"
MCP285300B5,250018581,MONTGOMERY,Property Damage Crash,04/28/2025 07:43:00 PM,Maryland (State) Route,UNIVERSITY BLVD E (WB/L),LEXINGTON DR,,,Cyclist (Electric),Single Vehicle,Clear,Dry,Daylight,Traffic Control Signal,"Not Suspect of Alcohol Use, Not Suspect of Drug Use","Not Suspect of Alcohol Use, Not Suspect of Drug Use",E172F4DB-78D4-491F-AE2C-8FF7DF8608B2,Cyclist (Electric),Cross/Enter at Intersection,Unknown,Intersection Marked Crosswalk,No,No Apparent Injury,None,39.01952764,-77.01077837,"(39.01952764, -77.01077837)"
MCP3037006Y,250008357,MONTGOMERY,Property Damage Crash,02/25/2025 03:22:00 PM,County Route,CRYSTAL ROCK DR (SB/L),,,,Cyclist (non-electric),Single Vehicle,Clear,Dry,Daylight,No Controls,"Not Suspect of Alcohol Use, Not Suspect of Drug Use","Not Suspect of Alcohol Use, Not Suspect of Drug Use",D9012D79-EE54-4E72-88E6-0087F498F65C,Cyclist (non-electric),Standing,None (No Improper Action),Travel Lane Other Location,No,No Apparent Injury,Helmet,39.18279567,-77.26388183,"(39.18279567, -77.26388183)"
MCP3411001Y,250009927,MONTGOMERY,Injury Crash,03/06/2025 07:48:00 PM,Spur,,,,,Pedestrian,Single Vehicle,Clear,Dry,Dark - Lighted,Traffic Control Signal,"Not Suspect of Alcohol Use, Not Suspect of Drug Use","Not Suspect of Alcohol Use, Not Suspect of Drug Use",58A1FEED-EF93-45D6-B3D5-427B302DB9E7,Pedestrian,Cross/Enter Not at Intersection,"Not Visible (Dark Clothing, No Lighting, etc.)",Travel Lane Other Location,No,Possible Injury,None,39.02248539,-77.1026802,"(39.02248539, -77.1026802)"
MCP2863003K,250004589,MONTGOMERY,Injury Crash,01/31/2025 07:05:00 PM,Maryland (State) Route,S FREDERICK RD,,,,Pedestrian,Single Vehicle,Rain,Wet,Dark - Not Lighted,No Controls,"Not Suspect of Alcohol Use, Not Suspect of Drug Use","Suspect of Alcohol Use, Not Suspect of Drug Use",3768B155-BDAF-40EA-8548-1167911D168D,Pedestrian,Other,Failure to Yield Right-Of-Way,Travel Lane Other Location,Yes,Suspected Serious Injury,None,39.12888509,-77.18600708,"(39.12888509, -77.18600708)"
MCP31930069,250009746,MONTGOMERY,Injury Crash,03/05/2025 08:46:00 PM,Maryland (State) Route,GEORGIA AVE,,,,Pedestrian,Single Vehicle,Rain,Wet,Dark - Lighted,Traffic Control Signal,"Not Suspect of Alcohol Use, Not Suspect of Drug Use","Not Suspect of Alcohol Use, Not Suspect of Drug Use",76F6CB5F-5EC4-47CC-90E2-3802DB1254FD,Pedestrian,Unknown,Unknown,Intersection Marked Crosswalk,No,Suspected Minor Injury,None,39.03872667,-77.0508055,"(39.03872667, -77.0508055)"
MCP2466005V,250009725,MONTGOMERY,Injury Crash,03/05/2025 05:00:00 PM,County Route,BROAD GREEN DR,,,,Pedestrian,Other,Clear,Wet,Daylight,No Controls,"Unknown, Unknown","Not Suspect of Alcohol Use, Not Suspect of Drug Use",7B79D2C3-F8FE-4013-B953-29AD7757AC29,Pedestrian,Standing,None (No Improper Action),Shoulder/Roadside,No,Suspected Minor Injury,None,39.04479165,-77.19693856,"(39.04479165, -77.19693856)"
MCP2592004N,250009625,MONTGOMERY,Injury Crash,03/05/2025 09:45:00 AM,,,,Parking Lot Way        PARKING LOT IN FRONT OF GAITHERSBURG LIBRARY 18330 MONTGOMERY VILLAGE AVE,,Pedestrian,Single Vehicle,Clear,,Daylight,,"Not Suspect of Alcohol Use, Not Suspect of Drug Use","Not Suspect of Alcohol Use, Not Suspect of Drug Use",FE7246AC-FFEE-44D5-A4D0-CCCED3474C9D,Pedestrian,Cross/Enter Not at Intersection,Unknown,Other,No,Possible Injury,None,39.15842918,-77.20562344,"(39.15842918, -77.20562344)"
MCP3386002J,250008918,MONTGOMERY,Injury Crash,02/28/2025 03:21:00 PM,County Route,CHELTENHAM DR,NORFOLK AVE WOODMONT AVE,,,Pedestrian,Single Vehicle,Clear,Dry,Daylight,Traffic Control Signal,"Not Suspect of Alcohol Use, Not Suspect of Drug Use","Not Suspect of Alcohol Use, Not Suspect of Drug Use",09DA0576-D52F-41A4-8EC9-1B9826FAC32C,Pedestrian,Cross/Enter at Intersection,None (No Improper Action),Intersection Marked Crosswalk,No,Suspected Minor Injury,None,38.98822528,-77.09600223,"(38.98822528, -77.09600223)"
MCP3394001D,250009423,MONTGOMERY,Injury Crash,03/04/2025 06:03:00 AM,County Route,TOWNE RD,MONTROSE PKWY,,,Cyclist (non-electric),Single Vehicle,Clear,Dry,Dark - Lighted,Traffic Control Signal,"Not Suspect of Alcohol Use, Not Suspect of Drug Use","Not Suspect of Alcohol Use, Not Suspect of Drug Use",029CE1DA-0AB2-4963-BA87-66FA5B38FD80,Cyclist (non-electric),Cross/Enter at Intersection,None (No Improper Action),OnStreet Bike Lanes,No,Suspected Minor Injury,Unknown,39.05166076,-77.11890721,"(39.05166076, -77.11890721)"
EJ7907001Q,250010361,GAITHERSBURG,Injury Crash,03/09/2025 05:44:00 PM,County Route,MUDDY BRANCH RD (SB/L),,,,Pedestrian,Single Vehicle,Clear,Dry,Daylight,Traffic Control Signal,"Not Suspect of Alcohol Use, Not Suspect of Drug Use","Not Suspect of Alcohol Use, Not Suspect of Drug Use",5932FF6D-835E-4A07-A596-C7ACC0F23AC7,Pedestrian,Cross/Enter at Intersection,Failure to Yield Right-Of-Way,Intersection Marked Crosswalk,No,Suspected Minor Injury,None,39.13482583,-77.20588133,"(39.13482583, -77.20588133)"
MCP3386002J,250008918,MONTGOMERY,Injury Crash,02/28/2025 03:21:00 PM,County Route,CHELTENHAM DR,NORFOLK AVE WOODMONT AVE,,,Pedestrian,Single Vehicle,Clear,Dry,Daylight,Traffic Control Signal,"Not Suspect of Alcohol Use, Not Suspect of Drug Use","Not Suspect of Alcohol Use, Not Suspect of Drug Use",7C994068-B86A-4DE5-AB66-9B76CDBBB48E,Pedestrian,Cross/Enter at Intersection,None (No Improper Action),Intersection Marked Crosswalk,No,No Apparent Injury,None,38.98822528,-77.09600223,"(38.98822528, -77.09600223)"
MCP3268005K,250015958,MONTGOMERY,Injury Crash,04/10/2025 11:30:00 PM,County Route,,,,,Pedestrian,Single Vehicle,Clear,,Dark - Not Lighted,Pedestrian Crossing Sign,"Unknown, Unknown","Not Suspect of Alcohol Use, Not Suspect of Drug Use",7CB6DD72-DF33-4E21-B827-7C1AD4AAADA7,Pedestrian,Cross/Enter at Intersection,None (No Improper Action),Intersection Marked Crosswalk,No,Suspected Minor Injury,None,39.03897286,-76.99200988,"(39.03897286, -76.99200988)"
MCP33390055,250018965,MONTGOMERY,Injury Crash,04/30/2025 08:20:00 PM,,,,"Parking Stall        NORBECK SAFEWAY
5510 NORBECK ROAD",,Pedestrian,Single Vehicle,Clear,,Dark - Lighted,,"Not Suspect of Alcohol Use, Not Suspect of Drug Use","Not Suspect of Alcohol Use, Not Suspect of Drug Use",52ED4613-9400-4135-BA7F-21D7AE456DC6,Pedestrian,Other,None (No Improper Action),Other,No,Possible Injury,None,39.09441981,-77.11032623,"(39.09441981, -77.11032623)"