Report Number,Local Case Number,Agency Name,ACRS Report Type,Crash Date/Time,Route Type,Road Name,Cross-Street Name,Off-Road Description,Municipality,Related Non-Motorist,Collision Type,Weather,Surface Condition,Light,Traffic Control,Driver Substance Abuse,Non-Motorist Substance Abuse,Person ID,Pedestrian Type,Pedestrian Movement,Pedestrian Actions,Pedestrian Location,At Fault,Injury Severity,Safety Equipment,Latitude,Longitude,Location
DD5681000F,250018113,ROCKVILLE,Injury Crash,04/26/2025 09:20:00 AM,,,,Parking Stall        PARKING LOT IN FRONT OF JERSEY MIKE'S SUBS,,Pedestrian,Single Vehicle,Cloudy,,Daylight,,"Not Suspect of Alcohol Use, Not Suspect of Drug Use","Not Suspect of Alcohol Use, Not Suspect of Drug Use",6E6277C0-27C1-44F0-A3EF-85BAAD7C06D0,Pedestrian,None,None (No Improper Action),NonTrafficway Area,No,Suspected Minor Injury,None,39.0971145,-77.1918468,"(39.0971145, -77.1918468)"
MCP22030094,250016066,MONTGOMERY,Injury Crash,04/13/2025 06:40:00 AM,County Route,,,,,Pedestrian,Single Vehicle,Unknown,,Dark - Unknown Lighting,No Controls,"Unknown, Unknown","Unknown, Unknown",9B53915E-AE93-43CB-8F02-3F52A7BF689F,Pedestrian,Unknown,Unknown,Unknown,No,Suspected Serious Injury,None,39.04759411,-77.0511802,"(39.04759411, -77.0511802)"
MCP2270004P,250015454,MONTGOMERY,Injury Crash,04/09/2025 01:49:00 PM,County Route,MACARTHUR BLVD,,,,Cyclist (non-electric),Single Vehicle,Clear,Dry,Daylight,No Controls,"Not Suspect of Alcohol Use, Not Suspect of Drug Use","Not Suspect of Alcohol Use, Not Suspect of Drug Use",37AB1914-4DCA-4175-A933-49685A60C926,Cyclist (non-electric),Walking/Cycling Along Roadway With Traffic (In or Adjacent to Travel Lane),None (No Improper Action),Travel Lane Other Location,Yes,Suspected Minor Injury,None,38.94555822,-77.12001221,"(38.94555822, -77.12001221)"
MCP30670032,250017560,MONTGOMERY,Injury Crash,04/23/2025 07:35:00 AM,County Route,HOB HILL WAY,MONTGOMERY VILLAGE AVE,,,Pedestrian,Single Vehicle,Clear,Dry,Daylight,Pedestrian Crossing,"Not Suspect of Alcohol Use, Not Suspect of Drug Use","Not Suspect of Alcohol Use, Not Suspect of Drug Use",3E0A6530-F2E8-4BF3-80B9-4F1F4D169A6A,Pedestrian,None,None (No Improper Action),Intersection Marked Crosswalk,No,Suspected Minor Injury,None,39.18695983,-77.19826417,"(39.18695983, -77.19826417)"
MCP3423001D,250010989,MONTGOMERY,Injury Crash,03/13/2025 07:50:00 AM,County Route,FEATHERWOOD ST,,,,Pedestrian,Single Vehicle,Clear,Dry,Daylight,No Controls,"Not Suspect of Alcohol Use, Not Suspect of Drug Use","Not Suspect of Alcohol Use, Not Suspect of Drug Use",1E312939-A106-4EE0-908D-A2FBC7E69A6A,Pedestrian,Getting Off/On Vehicle,None (No Improper Action),Travel Lane Other Location,No,Possible Injury,"Lighting, Reflective Wear (backpack, triangles, etc.)",39.05773683,-76.9712545,"(39.05773683, -76.9712545)"
MCP2445006T,250011609,MONTGOMERY,Injury Crash,03/17/2025 09:36:00 AM,County Route,OBSERVATION DR (SB/L),MILESTONE CENTER DR (NB/L),,,Pedestrian,Single Vehicle,Cloudy,Dry,Daylight,Traffic Control Signal,"Not Suspect of Alcohol Use, Not Suspect of Drug Use","Not Suspect of Alcohol Use, Not Suspect of Drug Use",AEF5C360-D8B8-41BE-A97A-69D3241646F0,Pedestrian,Cross/Enter at Intersection,None (No Improper Action),Intersection Marked Crosswalk,No,Possible Injury,None,39.20382167,-77.25976667,"(39.20382167, -77.25976667)"
EJ7902001S,250010737,GAITHERSBURG,Injury Crash,03/11/2025 08:40:00 PM,Maryland (State) Route,W DIAMOND AVE (WB/L),,,,Scooter (electric),Single Vehicle,Clear,Dry,Dark - Lighted,Traffic Control Signal,"Not Suspect of Alcohol Use, Not Suspect of Drug Use","Not Suspect of Alcohol Use, Not Suspect of Drug Use",7436BCB4-467C-45A8-90DA-038BAE708285,Scooter (electric),Cross/Enter at Intersection,None (No Improper Action),Intersection Marked Crosswalk,No,Suspected Minor Injury,None,39.14022667,-77.20504017,"(39.14022667, -77.20504017)"
MCP23950030,250010491,MONTGOMERY,Injury Crash,03/10/2025 02:41:00 PM,County Route,MILBERN DR,POSTOAK RD,,,Pedestrian,Single Vehicle,Clear,Dry,Daylight,No Controls,"Not Suspect of Alcohol Use, Not Suspect of Drug Use","Unknown, Unknown",465D80FE-919A-440B-896C-11EB345029A7,Pedestrian,Cross/Enter at Intersection,Unknown,Intersection Marked Crosswalk,No,Suspected Serious Injury,None,39.05090721,-77.1772632,"(39.05090721, -77.1772632)"
MCP3427000S,250010250,MONTGOMERY,Injury Crash,03/08/2025 10:04:00 PM,County Route,ODENDHAL AVE (EB/L),ROYAL BONNET CIR,,,Scooter (electric),Single Vehicle,Clear,Dry,Dark - Lighted,No Controls,"Not Suspect of Alcohol Use, Not Suspect of Drug Use","Not Suspect of Alcohol Use, Not Suspect of Drug Use",891C4679-FA5B-4EBC-8B6E-DB1DAF2DAABA,Scooter (electric),Walking/Cycling Along Roadway With Traffic (In or Adjacent to Travel Lane),Unknown,OnStreet Bike Lanes,No,Suspected Serious Injury,None,39.15232397,-77.19420322,"(39.15232397, -77.19420322)"
MCP30900083,250011096,MONTGOMERY,Injury Crash,03/13/2025 04:51:00 PM,Maryland (State) Route,,,,,Cyclist (Electric),Single Vehicle,Clear,Dry,Daylight,No Controls,"Not Suspect of Alcohol Use, Not Suspect of Drug Use","Not Suspect of Alcohol Use, Not Suspect of Drug Use",A226A5C9-12CC-4AC9-BA35-99E07BE845D5,Cyclist (Electric),Walking/Cycling Along Roadway With Traffic (In or Adjacent to Travel Lane),Improper Passing,Shoulder/Roadside,Yes,Suspected Serious Injury,Helmet,39.14289533,-77.13973867,"(39.14289533, -77.13973867)"
MCP2674005Y,250011109,MONTGOMERY,Injury Crash,03/13/2025 05:45:00 PM,,,,Driveway        DRIVE OF 6525 OLNEY LAYTONSVILLE RD,,Cyclist (non-electric),Single Vehicle,Clear,,Daylight,,"Not Suspect of Alcohol Use, Not Suspect of Drug Use","Not Suspect of Alcohol Use, Not Suspect of Drug Use",2344534F-D245-40DA-A98C-E9F57BB4095B,Cyclist (non-electric),Walking/Cycling on Sidewalk,None (No Improper Action),Sidewalk,No,Possible Injury,Helmet,39.19897572,-77.13290312,"(39.19897572, -77.13290312)"
MCP0617006R,250010594,MONTGOMERY,Injury Crash,03/10/2025 04:00:00 PM,,,,Parking Lot Way        PARKING LOT OF GIANT FOOD 3860 INTERNATIONAL DR SILVER SPRING MD,,Pedestrian,Single Vehicle,Clear,,Daylight,,"Unknown, Unknown","Not Suspect of Alcohol Use, Not Suspect of Drug Use",77FCF994-457C-40CD-BD5A-96557EAC599A,Pedestrian,Other,None (No Improper Action),Other,No,Suspected Minor Injury,None,39.10181354,-77.07564686,"(39.10181354, -77.07564686)"
MCP219800H2,250010863,MONTGOMERY,Injury Crash,03/12/2025 02:41:00 PM,Maryland (State) Route,QUINCE ORCHARD RD,,,,Pedestrian,Single Vehicle,Clear,Dry,Daylight,Traffic Control Signal,"Not Suspect of Alcohol Use, Not Suspect of Drug Use","Not Suspect of Alcohol Use, Not Suspect of Drug Use",905F43A3-67D9-4386-813C-D909C9A06F5E,Pedestrian,Cross/Enter at Intersection,None (No Improper Action),Intersection Marked Crosswalk,No,Suspected Serious Injury,None,39.11882921,-77.25173402,"(39.11882921, -77.25173402)"
MCP3379001R,250011687,MONTGOMERY,Injury Crash,03/17/2025 03:44:00 PM,Maryland (State) Route,GERMANTOWN RD (SB/L),,,,Scooter (electric),Single Vehicle,Clear,Dry,Daylight,Traffic Control Signal,"Not Suspect of Alcohol Use, Not Suspect of Drug Use","Not Suspect of Alcohol Use, Not Suspect of Drug Use",3F759634-DB52-4692-B051-955264983B7A,Scooter (electric),Cross/Enter at Intersection,"Failure to Obey Traffic Signs, Signals, or Officer, Failure to Yield Right-Of-Way",Intersection Marked Crosswalk,Yes,Suspected Minor Injury,None,39.16716675,-77.28062683,"(39.16716675, -77.28062683)"
DD5668001M,250012127,ROCKVILLE,Injury Crash,03/19/2025 07:28:00 PM,Other Public Roadway,CROFTON HILL LA,,,,Pedestrian,Single Vehicle,Clear,Dry,Dark - Lighted,No Controls,"Not Suspect of Alcohol Use, Not Suspect of Drug Use","Not Suspect of Alcohol Use, Not Suspect of Drug Use",8B2D4CB1-D4DE-4452-98C4-583CF9081D76,Pedestrian,Walking/Cycling Along Roadway With Traffic (In or Adjacent to Travel Lane),Wrong-Way Riding or Walking,Shared Use Path or Trail,No,Possible Injury,None,39.08976327,-77.18060861,"(39.08976327, -77.18060861)"
MCP27040028,250016484,MONTGOMERY,Injury Crash,04/16/2025 02:32:00 AM,Maryland (State) Route,VEIRS MILL RD (WB/L),,,,Pedestrian,Front to Rear,Clear,Dry,Dark - Lighted,No Controls,"Suspect of Alcohol Use, Not Suspect of Drug Use","Not Suspect of Alcohol Use, Not Suspect of Drug Use",266054BB-735C-4022-925B-18A149CA7111,Pedestrian,Push/Work on Vehicle,"Disabled Vehicle-Related (Working on, Pushing, Leaving/Approaching)",Travel Lane Other Location,No,Suspected Minor Injury,None,39.04837841,-77.068985,"(39.04837841, -77.068985)"
MCP30940063,250017151,MONTGOMERY,Injury Crash,04/20/2025 04:13:00 PM,Maryland (State) Route,,,,,Pedestrian,Single Vehicle,Clear,Dry,Daylight,No Controls,"Not Suspect of Alcohol Use, Not Suspect of Drug Use","Not Suspect of Alcohol Use, Not Suspect of Drug Use",7D8BD404-2E0F-4C93-8E70-6B44DA5793F4,Pedestrian,Cross/Enter Not at Intersection,"Dart/Dash, In Roadway Improperly (Standing, Lying, Working, Playing)",Travel Lane Other Location,Yes,Suspected Minor Injury,None,39.14660424,-77.1458093,"(39.14660424, -77.1458093)"
MCP233900BG,250016781,MONTGOMERY,Injury Crash,04/17/2025 05:13:00 PM,,,,Parking Lot Way        PARK AND RIDE AREA OF 15903 SOMERVILLE RD. SHADY GROVE METRO STATION.,,Pedestrian,Single Vehicle,Clear,,Daylight,,"Not Suspect of Alcohol Use, Not Suspect of Drug Use","Not Suspect of Alcohol Use, Not Suspect of Drug Use",8B030F86-AFB8-46FB-B5C4-76D803C31C5A,Pedestrian,Standing,None (No Improper Action),Other,No,Possible Injury,None,39.11994633,-77.16515667,"(39.11994633, -77.16515667)"
MCP33500041,250017176,MONTGOMERY,Injury Crash,04/20/2025 09:09:00 PM,County Route,RANDOLPH RD (WB/L),,,,Cyclist (Electric),Single Vehicle,Clear,Dry,Dark - Not Lighted,No Controls,"Suspect of Alcohol Use, Not Suspect of Drug Use","Not Suspect of Alcohol Use, Not Suspect of Drug Use",33E001B8-E86C-4E45-8502-51E492E918D2,Cyclist (Electric),Walking/Cycling Along Roadway With Traffic (In or Adjacent to Travel Lane),None (No Improper Action),Travel Lane Other Location,No,Suspected Minor Injury,Unknown,39.05373798,-77.10063348,"(39.05373798, -77.10063348)"
MCP3268005K,250015958,MONTGOMERY,Injury Crash,04/10/2025 11:30:00 PM,County Route,,,,,Pedestrian,Single Vehicle,Clear,,Dark - Not Lighted,Pedestrian Crossing Sign,"Unknown, Unknown","Not Suspect of Alcohol Use, Not Suspect of Drug Use",DAE0B5F4-D996-4577-99F7-09109CB578C3,Pedestrian,Cross/Enter at Intersection,None (No Improper Action),Intersection Marked Crosswalk,No,Suspected Minor Injury,None,39.03897286,-76.99200988,"(39.03897286, -76.99200988)"
MCP3391001X,250015890,MONTGOMERY,Injury Crash,04/11/2025 09:30:00 PM,,,,Parking Aisle        PARKING LOT,,Pedestrian,Single Vehicle,Rain,,Dark - Lighted,,"Not Suspect of Alcohol Use, Not Suspect of Drug Use","Not Suspect of Alcohol Use, Not Suspect of Drug Use",6C71D79C-9758-4CE3-9A56-36BC33953AB1,Pedestrian,Other,None (No Improper Action),Other,No,Suspected Minor Injury,None,39.03946517,-77.05712517,"(39.03946517, -77.05712517)"
MCP2699001W,250014786,MONTGOMERY,Injury Crash,04/04/2025 10:15:00 PM,,,,Driveway        DRIVEWAY OF 5201 RANDOLPH RD,,Pedestrian,Single Vehicle,Clear,,Dark - Unknown Lighting,,,"Not Suspect of Alcohol Use, Not Suspect of Drug Use",54ED8172-8941-429D-BB75-CAC20C8BF3E8,Pedestrian,Other,Entering/Exiting Parked/Standing Vehicle,Other,No,Suspected Serious Injury,None,39.05387811,-77.10338482,"(39.05387811, -77.10338482)"
DD5681000C,250017274,ROCKVILLE,Injury Crash,04/21/2025 01:47:00 PM,,,,Parking Lot Way        METRO BUS PARKING CIRCLE,,Pedestrian,Single Vehicle,Cloudy,,Daylight,,"Not Suspect of Alcohol Use, Not Suspect of Drug Use","Not Suspect of Alcohol Use, Not Suspect of Drug Use",EE26371E-A70F-4793-A77B-2F78D372821F,Pedestrian,Walking/Cycling on Sidewalk,None (No Improper Action),Driveway Access,Yes,Possible Injury,None,39.08527163,-77.14660449,"(39.08527163, -77.14660449)"
DD56480041,250018131,ROCKVILLE,Injury Crash,04/26/2025 11:30:00 AM,,,,"Parking Stall        500 N HORNERS LN ROCKVILLE, MD 20851 - MARYVALE MARKET",,Pedestrian,Single Vehicle,Cloudy,,Daylight,,,"Not Suspect of Alcohol Use, Not Suspect of Drug Use",4BF19F5C-4297-442C-BDEB-D364AA084B7C,Pedestrian,Other,Other,Other,Yes,Suspected Minor Injury,None,39.0909312,-77.1437559,"(39.0909312, -77.1437559)"
HA2372001L,25000768,MCPARK,Injury Crash,04/29/2025 07:15:00 PM,Government Route,BEACH DR,OLD SPRING RD,,,Cyclist (non-electric),Single Vehicle,Clear,Dry,Daylight,No Controls,"Not Suspect of Alcohol Use, Not Suspect of Drug Use","Not Suspect of Alcohol Use, Not Suspect of Drug Use",93558175-7163-4E07-9A06-A2C1FFD479A7,Cyclist (non-electric),Cross/Enter at Intersection,Unknown,Intersection Marked Crosswalk,No,Suspected Minor Injury,Helmet,39.01179769,-77.06792851,"(39.01179769, -77.06792851)"
MCP29050075,250018828,MONTGOMERY,Injury Crash,04/30/2025 08:23:00 AM,Local Route,CAPITAL CRESCENT TR,DORSET AVE (EB/L),,,Pedestrian,Single Vehicle,Cloudy,Wet,Daylight,Pedestrian Crossing,"Not Suspect of Alcohol Use, Not Suspect of Drug Use","Not Suspect of Alcohol Use, Not Suspect of Drug Use",9577C052-A733-492C-B153-9DD124217E81,Pedestrian,Cross/Enter at Intersection,None (No Improper Action),Intersection Marked Crosswalk,No,Possible Injury,None,38.96877864,-77.10251028,"(38.96877864, -77.10251028)"
MCP3201007Z,250017574,MONTGOMERY,Injury Crash,04/23/2025 09:01:00 AM,County Route,SCOTTSBURY DR,SHAKESPEARE BLVD,,,Cyclist (non-electric),Single Vehicle,Clear,Dry,Daylight,No Controls,"Not Suspect of Alcohol Use, Not Suspect of Drug Use","Not Suspect of Alcohol Use, Not Suspect of Drug Use",7CC67F5D-8B6A-4E09-B61B-C238684613D2,Cyclist (non-electric),Cross/Enter at Intersection,Failure to Yield Right-Of-Way,Travel Lane Other Location,Yes,Suspected Minor Injury,Helmet,39.19760395,-77.2396623,"(39.19760395, -77.2396623)"
MCP29050074,250017934,MONTGOMERY,Injury Crash,04/25/2025 08:51:00 AM,County Route,GRANT ST,GREENTREE RD,,,Cyclist (non-electric),Single Vehicle,Clear,Dry,Daylight,Stop Sign,"Not Suspect of Alcohol Use, Not Suspect of Drug Use","Not Suspect of Alcohol Use, Not Suspect of Drug Use",493F7FE8-3E7D-4E8C-AA78-00DBEDC4C097,Cyclist (non-electric),Cross/Enter at Intersection,Dart/Dash,Intersection Marked Crosswalk,Yes,Suspected Minor Injury,Helmet,39.00027589,-77.11222986,"(39.00027589, -77.11222986)"
MCP3330002W,250016733,MONTGOMERY,Injury Crash,04/17/2025 02:18:00 PM,Maryland (State) Route,VEIRS MILL RD,FERRARA AVE FERRARA AVE (SB/L),,,Pedestrian,Single Vehicle,Clear,Dry,Daylight,Pedestrian Crossing Sign,"Not Suspect of Alcohol Use, Not Suspect of Drug Use","Unknown, Unknown",248612A0-5C8C-4E23-BC08-216249585FE3,Pedestrian,Cross/Enter at Intersection,None (No Improper Action),Intersection Marked Crosswalk,No,Suspected Minor Injury,None,39.05295634,-77.07696162,"(39.05295634, -77.07696162)"
MCP34240016,250012382,MONTGOMERY,Injury Crash,03/21/2025 09:37:00 AM,Municipality Route,W DIAMOND AVE,,,,Pedestrian,Single Vehicle,Clear,Dry,Daylight,No Controls,"Not Suspect of Alcohol Use, Not Suspect of Drug Use","Not Suspect of Alcohol Use, Not Suspect of Drug Use",2B17B4AA-F880-479C-A56C-4B1AE2491A83,Pedestrian,Cross/Enter Not at Intersection,"Failure to Obey Traffic Signs, Signals, or Officer, Inattentive (Talking, Eating, etc.)",Travel Lane Other Location,Yes,Suspected Minor Injury,None,39.1408595,-77.19580067,"(39.1408595, -77.19580067)"
MCP2799008C,250008526,MONTGOMERY,Injury Crash,02/26/2025 04:00:00 PM,Maryland (State) Route,PINEY BRANCH RD,,,,Pedestrian,Single Vehicle,Clear,Dry,Daylight,Traffic Control Signal,"Not Suspect of Alcohol Use, Not Suspect of Drug Use","Not Suspect of Alcohol Use, Not Suspect of Drug Use",422A69C4-4230-4E91-BAA2-9659E9DA3B85,Pedestrian,Walking/Cycling Along Roadway With Traffic (In or Adjacent to Travel Lane),"In Roadway Improperly (Standing, Lying, Working, Playing)",Intersection Marked Crosswalk,Yes,Possible Injury,None,38.99386783,-77.00903617,"(38.99386783, -77.00903617)"
MCP3255006S,250013061,MONTGOMERY,Injury Crash,03/25/2025 03:50:00 PM,County Route,CENTER CT (EB/L),,,,Scooter (electric),Single Vehicle,Clear,Dry,Daylight,Stop Sign,"Not Suspect of Alcohol Use, Not Suspect of Drug Use","Not Suspect of Alcohol Use, Not Suspect of Drug Use",C8F8BCC0-F16A-4A32-BCB3-EE6A5A2BD155,Scooter (electric),Cross/Enter at Intersection,None (No Improper Action),Intersection Unmarked Crosswalk,No,Possible Injury,None,39.16790222,-77.2051496,"(39.16790222, -77.2051496)"
MCP156300BB,250012172,MONTGOMERY,Injury Crash,03/20/2025 07:31:00 AM,County Route,WINNETT RD,POMANDER LA,,,Pedestrian,Single Vehicle,Clear,Dry,Daylight,Stop Sign,"Not Suspect of Alcohol Use, Not Suspect of Drug Use","Not Suspect of Alcohol Use, Not Suspect of Drug Use",DFFB8F0F-67F4-49A8-8AF4-A295F15F6D37,Pedestrian,Cross/Enter at Intersection,None (No Improper Action),Intersection Unmarked Crosswalk,No,Suspected Minor Injury,None,38.98053967,-77.06313583,"(38.98053967, -77.06313583)"
DD55380055,250012450,ROCKVILLE,Injury Crash,03/21/2025 03:58:00 PM,Municipality Route,CABIN JOHN PKWY,E LYNFIELD DR,,,Scooter (electric),Single Vehicle,Clear,Dry,Daylight,No Controls,"Not Suspect of Alcohol Use, Not Suspect of Drug Use","Not Suspect of Alcohol Use, Not Suspect of Drug Use",48571C60-8561-4F30-907C-E329D4005FE4,Scooter (electric),Cross/Enter at Intersection,Dart/Dash,Intersection Unmarked Crosswalk,Yes,Suspected Minor Injury,None,39.07466819,-77.15089361,"(39.07466819, -77.15089361)"
MCP2931007N,250012120,MONTGOMERY,Injury Crash,03/19/2025 06:36:00 PM,County Route,TWINBROOK PKWY,,,,Scooter (electric),Single Vehicle,Clear,Dry,Daylight,No Controls,"Not Suspect of Alcohol Use, Not Suspect of Drug Use","Not Suspect of Alcohol Use, Not Suspect of Drug Use",8CA5CF67-4C01-4565-9C3E-0C99371B061F,Scooter (electric),Other,"None (No Improper Action), Unknown",Travel Lane Other Location,Yes,No Apparent Injury,None,39.06827067,-77.11413267,"(39.06827067, -77.11413267)"
MCP302600DL,250012584,MONTGOMERY,Injury Crash,03/21/2025 06:20:00 PM,,,,Parking Lot Way        ENTRANCE / EXIT TO PARKING GARAGE,,Wheelchair (electric),Single Vehicle,Clear,,Unknown,,"Unknown, Unknown","Not Suspect of Alcohol Use, Not Suspect of Drug Use",6FDECB7B-D95E-430C-ADB1-1357DCF3C72D,Wheelchair (electric),Walking/Cycling Along Roadway With Traffic (In or Adjacent to Travel Lane),None (No Improper Action),Driveway Access,No,Suspected Minor Injury,Other,39.04269526,-77.11276741,"(39.04269526, -77.11276741)"
MCP283200BL,250011627,MONTGOMERY,Injury Crash,03/17/2025 10:45:00 AM,Municipality Route,FARRAGUT AVE,LEXINGTON ST,,,Pedestrian,Single Vehicle,Clear,Dry,Daylight,Stop Sign,"Not Suspect of Alcohol Use, Not Suspect of Drug Use","Not Suspect of Alcohol Use, Not Suspect of Drug Use",4255432F-FE24-43BB-83D9-3BA46D745617,Pedestrian,Cross/Enter at Intersection,Other,Intersection Unmarked Crosswalk,No,Possible Injury,None,39.03184022,-77.07236932,"(39.03184022, -77.07236932)"
EJ787300B9,250012892,GAITHERSBURG,Injury Crash,03/24/2025 04:43:00 PM,,,,"Parking Lot Way        PARKING LOT OF 880 RUSSELL AVE GAITHERSBURG, MD 20878",,Pedestrian,Single Vehicle,Clear,,Daylight,,"Not Suspect of Alcohol Use, Not Suspect of Drug Use","Not Suspect of Alcohol Use, Not Suspect of Drug Use",BDFD0DDB-EACB-494F-A517-FAFC9F394D6D,Pedestrian,Other,None (No Improper Action),Other,No,Possible Injury,None,39.15615461,-77.21381064,"(39.15615461, -77.21381064)"
EJ7907001T,250013081,GAITHERSBURG,Property Damage Crash,03/25/2025 05:09:00 PM,Municipality Route,SPECTRUM BLVD SB/L,W WATKINS MILL RD (SB/L),,,Pedestrian,Single Vehicle,Clear,Dry,Daylight,Traffic Control Signal,"Not Suspect of Alcohol Use, Not Suspect of Drug Use","Not Suspect of Alcohol Use, Not Suspect of Drug Use",18B3DC83-4E7E-477E-8AB1-A6C84AA750FA,Pedestrian,Cross/Enter at Intersection,None (No Improper Action),Intersection Marked Crosswalk,No,No Apparent Injury,None,39.15813055,-77.22193192,"(39.15813055, -77.22193192)"
DD5671000Y,250011825,ROCKVILLE,Injury Crash,03/18/2025 11:30:00 AM,Municipality Route,,LEWIS AVE,,,Pedestrian,Single Vehicle,Clear,Dry,Daylight,Stop Sign,"Not Suspect of Alcohol Use, Not Suspect of Drug Use","Not Suspect of Alcohol Use, Not Suspect of Drug Use",D383F06A-6561-4EC2-B3E7-8522AA243C04,Pedestrian,Cross/Enter at Intersection,Unknown,Intersection Marked Crosswalk,No,Suspected Serious Injury,None,39.07497378,-77.134219,"(39.07497378, -77.134219)"
DD56690017,250022434,ROCKVILLE,Injury Crash,05/20/2025 11:24:00 PM,Municipality Route,FIRST ST,,,,Pedestrian,Front to Rear,Clear,Dry,Dark - Lighted,No Controls,"Unknown, Unknown","Not Suspect of Alcohol Use, Not Suspect of Drug Use",56F9AAE2-09D8-4330-A44C-58A0AF791A5E,Pedestrian,Other,Other,Other,No,Suspected Minor Injury,None,39.0887569,-77.1361305,"(39.0887569, -77.1361305)"
MCP2637005X,250012580,MONTGOMERY,Injury Crash,03/22/2025 01:39:00 PM,County Route,PENFOLD CT,,,,"Pedestrian, Wheelchair (non-electric)",Single Vehicle,Cloudy,Dry,Daylight,No Controls,"Not Suspect of Alcohol Use, Not Suspect of Drug Use","Not Suspect of Alcohol Use, Not Suspect of Drug Use",90345DBE-536F-4D67-826F-8AD5AFCFF6FE,Wheelchair (non-electric),Walking/Cycling Along Roadway With Traffic (In or Adjacent to Travel Lane),None (No Improper Action),Travel Lane Other Location,No,Possible Injury,None,39.05540906,-77.20670766,"(39.05540906, -77.20670766)"