Report Number,Local Case Number,Agency Name,ACRS Report Type,Crash Date/Time,Route Type,Road Name,Cross-Street Name,Off-Road Description,Municipality,Related Non-Motorist,Collision Type,Weather,Surface Condition,Light,Traffic Control,Driver Substance Abuse,Non-Motorist Substance Abuse,Person ID,Pedestrian Type,Pedestrian Movement,Pedestrian Actions,Pedestrian Location,At Fault,Injury Severity,Safety Equipment,Latitude,Longitude,Location
DD55380055,250012450,ROCKVILLE,Injury Crash,03/21/2025 03:58:00 PM,Municipality Route,CABIN JOHN PKWY,E LYNFIELD DR,,,Scooter (electric),Single Vehicle,Clear,Dry,Daylight,No Controls,"Not Suspect of Alcohol Use, Not Suspect of Drug Use","Not Suspect of Alcohol Use, Not Suspect of Drug Use",4C9E61DF-DFB9-422B-AA6C-1EEA299BF585,Scooter (electric),Cross/Enter at Intersection,Dart/Dash,Intersection Unmarked Crosswalk,No,Suspected Minor Injury,None,39.07466819,-77.15089361,"(39.07466819, -77.15089361)"
MCP2637005X,250012580,MONTGOMERY,Injury Crash,03/22/2025 01:39:00 PM,County Route,PENFOLD CT,,,,"Pedestrian, Wheelchair (non-electric)",Single Vehicle,Cloudy,Dry,Daylight,No Controls,"Not Suspect of Alcohol Use, Not Suspect of Drug Use","Not Suspect of Alcohol Use, Not Suspect of Drug Use",45C2C1BE-4DC1-47CD-B3A6-87F03A4BE8F4,Pedestrian,Walking/Cycling Along Roadway Against Traffic (In or Adjacent to Travel Lane),None (No Improper Action),Travel Lane Other Location,No,No Apparent Injury,None,39.05540906,-77.20670766,"(39.05540906, -77.20670766)"
MCP2637005Y,250012815,MONTGOMERY,Injury Crash,03/24/2025 11:22:00 AM,County Route,TRAVILAH RD,,,,Pedestrian,Single Vehicle,Rain,Wet,Daylight,Stop Sign,"Not Suspect of Alcohol Use, Not Suspect of Drug Use","Not Suspect of Alcohol Use, Not Suspect of Drug Use",961AE0F6-780E-4EA7-BE0B-D54F4DF5456C,Pedestrian,Cross/Enter at Intersection,None (No Improper Action),Intersection Marked Crosswalk,No,Suspected Minor Injury,None,39.08299151,-77.23209954,"(39.08299151, -77.23209954)"
MCP2931007N,250012120,MONTGOMERY,Injury Crash,03/19/2025 06:36:00 PM,County Route,TWINBROOK PKWY,,,,Scooter (electric),Single Vehicle,Clear,Dry,Daylight,No Controls,"Not Suspect of Alcohol Use, Not Suspect of Drug Use","Not Suspect of Alcohol Use, Not Suspect of Drug Use",8BDD1F28-55DE-4C85-A11E-6042F1FA673F,Scooter (electric),None,"None (No Improper Action), Unknown",Travel Lane Other Location,No,Suspected Serious Injury,None,39.06827067,-77.11413267,"(39.06827067, -77.11413267)"
MCP3258004Y,250011265,MONTGOMERY,Property Damage Crash,03/14/2025 04:29:00 PM,Maryland (State) Route,UNIVERSITY BLVD W,,,,Cyclist (Electric),Single Vehicle,Clear,Dry,Daylight,Traffic Control Signal,"Not Suspect of Alcohol Use, Not Suspect of Drug Use","Not Suspect of Alcohol Use, Not Suspect of Drug Use",16C44B94-1B6A-440E-B8D4-1A0868D97AC2,Cyclist (Electric),Walking/Cycling Along Roadway With Traffic (In or Adjacent to Travel Lane),None (No Improper Action),Other,No,No Apparent Injury,None,39.04138277,-77.04892881,"(39.04138277, -77.04892881)"
MCP2962009Z,250017210,MONTGOMERY,Injury Crash,04/21/2025 08:53:00 AM,Bicycle Route,,KINGSVIEW VILLAGE AVE (NB/L),,,Pedestrian,Single Vehicle,Cloudy,Dry,Daylight,Pedestrian Crossing Sign,"Not Suspect of Alcohol Use, Not Suspect of Drug Use","Not Suspect of Alcohol Use, Not Suspect of Drug Use",2F2AB604-525B-4E88-806D-734D70B59FC4,Pedestrian,Walking/Cycling on Sidewalk,None (No Improper Action),Intersection Marked Crosswalk,No,Suspected Minor Injury,None,39.16072827,-77.27920512,"(39.16072827, -77.27920512)"
MCP2347005H,250017381,MONTGOMERY,Injury Crash,04/23/2025 07:49:00 AM,Ramp,RAMP 2 FR MD 200 WB TO BRIGGS CHANEY RD,,,,Pedestrian,Single Vehicle,Clear,Dry,Daylight,Pedestrian Crossing Sign,"Not Suspect of Alcohol Use, Not Suspect of Drug Use","Not Suspect of Alcohol Use, Not Suspect of Drug Use",18531E22-E343-46EC-BDB1-4A5C2275CACE,Pedestrian,Cross/Enter at Intersection,None (No Improper Action),Intersection Marked Crosswalk,No,Suspected Minor Injury,None,39.07427954,-76.93995673,"(39.07427954, -76.93995673)"
MCP3358002Y,250018672,MONTGOMERY,Property Damage Crash,04/29/2025 10:55:00 AM,Local Route,PERRY AVE,CONNECTICUT AVE (SB/L),,,Cyclist (Electric),Single Vehicle,Clear,Dry,Daylight,Traffic Control Signal,"Not Suspect of Alcohol Use, Not Suspect of Drug Use","Not Suspect of Alcohol Use, Not Suspect of Drug Use",A30A69B6-D76C-4FA0-8BAC-606DAF8CBA99,Cyclist (Electric),Walking/Cycling Along Roadway With Traffic (In or Adjacent to Travel Lane),"Failure to Obey Traffic Signs, Signals, or Officer",Intersection Other,No,No Apparent Injury,Helmet,39.03279503,-77.07516486,"(39.03279503, -77.07516486)"
MCP3190006K,250019790,MONTGOMERY,Injury Crash,05/05/2025 08:08:00 PM,County Route,,GEORGIA AVE,,,Scooter (electric),Single Vehicle,Rain,Wet,Dark - Lighted,Pedestrian Crossing Sign,"Not Suspect of Alcohol Use, Not Suspect of Drug Use","Not Suspect of Alcohol Use, Not Suspect of Drug Use",58842BCC-C176-4970-8AF0-8D654C085D52,Scooter (electric),Cross/Enter at Intersection,None (No Improper Action),Intersection Marked Crosswalk,No,Suspected Minor Injury,None,39.15040469,-77.0661939,"(39.15040469, -77.0661939)"
MCP30680068,250019299,MONTGOMERY,Injury Crash,05/02/2025 06:26:00 PM,Local Route,TRADE ST,,,,Pedestrian,Single Vehicle,Clear,Dry,Daylight,Stop Sign,"Not Suspect of Alcohol Use, Not Suspect of Drug Use","Not Suspect of Alcohol Use, Not Suspect of Drug Use",C3733EEC-B17A-4109-8AA2-5CBB00F62E2A,Pedestrian,Cross/Enter at Intersection,None (No Improper Action),Intersection Marked Crosswalk,No,Suspected Minor Injury,None,39.05104758,-77.11639779,"(39.05104758, -77.11639779)"
MCP26350090,250017893,MONTGOMERY,Fatal Crash,04/24/2025 09:01:00 PM,County Route,SHADY GROVE RD,BLACKWELL RD,,,Pedestrian,Single Vehicle,Clear,Dry,Dark - Lighted,Traffic Control Signal,"Not Suspect of Alcohol Use, Not Suspect of Drug Use","Unknown, Unknown",C1DD3855-3FBC-47E0-92D5-B2A895DFA572,Pedestrian,Cross/Enter at Intersection,Unknown,Unknown,No,Fatal Injury,Unknown,39.10085154,-77.19177496,"(39.10085154, -77.19177496)"
MCP3031006Y,250019612,MONTGOMERY,Injury Crash,05/04/2025 08:15:00 PM,,,,Parking Lot Way        PARKING LOT OF 15000 GOOD HOPE ROAD,,Pedestrian,Single Vehicle,Clear,,Daylight,,"Unknown, Unknown","Not Suspect of Alcohol Use, Not Suspect of Drug Use",89D9265A-D146-4E10-BCD3-B4DB1FAD3B72,Pedestrian,Cross/Enter at Intersection,Unknown,Shoulder/Roadside,No,Possible Injury,None,39.10358272,-76.9821169,"(39.10358272, -76.9821169)"
MCP31110096,250018856,MONTGOMERY,Injury Crash,04/30/2025 11:52:00 AM,County Route,ARLINGTON RD,,,,Pedestrian,Single Vehicle,Clear,Dry,Daylight,Traffic Control Signal,"Not Suspect of Alcohol Use, Not Suspect of Drug Use","Not Suspect of Alcohol Use, Not Suspect of Drug Use",DE73F107-44A1-4A25-9BE2-E215CF6D4832,Pedestrian,Cross/Enter at Intersection,"Dart/Dash, Inattentive (Talking, Eating, etc.)",Intersection Marked Crosswalk,Yes,Possible Injury,None,38.97946486,-77.09862167,"(38.97946486, -77.09862167)"
MCP2270004Q,250019005,MONTGOMERY,Property Damage Crash,05/01/2025 08:35:00 AM,County Route,ROOSEVELT ST,OLD GEORGETOWN RD (SB/L),,,Cyclist (non-electric),Single Vehicle,Clear,Dry,Daylight,Stop Sign,"Not Suspect of Alcohol Use, Not Suspect of Drug Use","Not Suspect of Alcohol Use, Not Suspect of Drug Use",D516A9C8-B2A8-4FFF-B1EE-3E63F35612DB,Cyclist (non-electric),Walking/Cycling on Sidewalk,Failure to Yield Right-Of-Way,Intersection Marked Crosswalk,Yes,No Apparent Injury,None,38.99594801,-77.10958911,"(38.99594801, -77.10958911)"
MCP3096004M,250018971,MONTGOMERY,Injury Crash,04/30/2025 07:30:00 PM,Local Route,BOUNTY COVE CT,CHISHOLM LANDING WAY,,,Scooter (non-Electric),Single Vehicle,Clear,Dry,Daylight,No Controls,"Not Suspect of Alcohol Use, Not Suspect of Drug Use","Not Suspect of Alcohol Use, Not Suspect of Drug Use",BACB968D-F918-433C-8E2A-24436EF023AE,Scooter (non-Electric),Cross/Enter at Intersection,"In Roadway Improperly (Standing, Lying, Working, Playing)",Intersection Other,Yes,Suspected Minor Injury,Unknown,39.09875976,-77.21973191,"(39.09875976, -77.21973191)"
MCP3426001N,250018471,MONTGOMERY,Injury Crash,04/28/2025 12:11:00 PM,Maryland (State) Route,ROCKVILLE PIKE,,,,Pedestrian,Single Vehicle,Clear,Dry,Daylight,No Controls,"Not Suspect of Alcohol Use, Not Suspect of Drug Use","Not Suspect of Alcohol Use, Not Suspect of Drug Use",EB11B3DB-6BD9-466D-81EB-AB41533BDBDC,Pedestrian,Cross/Enter at Intersection,Unknown,Travel Lane Other Location,No,Suspected Serious Injury,Unknown,39.03848093,-77.10844427,"(39.03848093, -77.10844427)"
MCP3352002S,250018954,MONTGOMERY,Property Damage Crash,04/30/2025 01:40:00 PM,County Route,MONTGOMERY VILLAGE AVE (SB/L),CENTER CT,,,Cyclist (Electric),Single Vehicle,Clear,Dry,Daylight,No Controls,"Unknown, Unknown","Not Suspect of Alcohol Use, Not Suspect of Drug Use",09F0CA17-E2FD-4162-9A28-18DBCF5C9CC6,Cyclist (Electric),Walking/Cycling Along Roadway With Traffic (In or Adjacent to Travel Lane),None (No Improper Action),Travel Lane Other Location,No,No Apparent Injury,Helmet,39.16801402,-77.20505374,"(39.16801402, -77.20505374)"
DD5567007V,250019000,ROCKVILLE,Property Damage Crash,05/01/2025 07:54:00 AM,Bicycle Route,,SEVEN LOCKS RD,,,Cyclist (Electric),Single Vehicle,Clear,Dry,Daylight,Traffic Control Signal,"Not Suspect of Alcohol Use, Not Suspect of Drug Use","Not Suspect of Alcohol Use, Not Suspect of Drug Use",DA96E765-501F-405C-A5A9-DE6B67EFD57F,Cyclist (Electric),Cross/Enter at Intersection,"Failure to Obey Traffic Signs, Signals, or Officer",Intersection Marked Crosswalk,No,No Apparent Injury,"Helmet, Other",39.06703834,-77.16172338,"(39.06703834, -77.16172338)"
MCP1233006L,250019300,MONTGOMERY,Injury Crash,05/02/2025 06:31:00 PM,Maryland (State) Route,CONNECTICUT AVE (SB/L),DECATUR AVE,,,Cyclist (Electric),Single Vehicle,Clear,Dry,Daylight,Pedestrian Crossing,"Suspect of Alcohol Use, Unknown","Not Suspect of Alcohol Use, Not Suspect of Drug Use",CFE7C2D3-0B83-4ECF-A18C-B4178535CA9F,Cyclist (Electric),Cross/Enter at Intersection,None (No Improper Action),Intersection Marked Crosswalk,No,Suspected Minor Injury,Helmet,39.03381721,-77.07540322,"(39.03381721, -77.07540322)"
MCP28980065,250019778,MONTGOMERY,Injury Crash,05/05/2025 06:15:00 PM,County Route,CROSS LAUREL DR,BLUNT RD,,,Cyclist (non-electric),Single Vehicle,Clear,Dry,Daylight,Stop Sign,"Not Suspect of Alcohol Use, Not Suspect of Drug Use","Not Suspect of Alcohol Use, Not Suspect of Drug Use",6103156C-4640-41AC-A674-E400E3038090,Cyclist (non-electric),Cross/Enter at Intersection,Failure to Yield Right-Of-Way,Intersection Unmarked Crosswalk,Yes,Possible Injury,None,39.18953575,-77.22873291,"(39.18953575, -77.22873291)"
MCP34240018,250018812,MONTGOMERY,Injury Crash,04/30/2025 03:53:00 AM,,,,Parking Lot Way        ROAD BEHIND 15801 GAITHER DR,,Cyclist (non-electric),Single Vehicle,Rain,,Dark - Not Lighted,,"Not Suspect of Alcohol Use, Not Suspect of Drug Use","Not Suspect of Alcohol Use, Not Suspect of Drug Use",3B1A34FA-C761-4797-8E99-F3900A5AA3B7,Cyclist (non-electric),Cross/Enter at Intersection,Failure to Yield Right-Of-Way,Intersection Other,Yes,Suspected Minor Injury,None,39.11544211,-77.18925842,"(39.11544211, -77.18925842)"
MCP30680068,250019299,MONTGOMERY,Injury Crash,05/02/2025 06:26:00 PM,Local Route,TRADE ST,,,,Pedestrian,Single Vehicle,Clear,Dry,Daylight,Stop Sign,"Not Suspect of Alcohol Use, Not Suspect of Drug Use","Not Suspect of Alcohol Use, Not Suspect of Drug Use",9F10B6BC-A812-460B-A782-C41938BF8E41,Pedestrian,Cross/Enter at Intersection,None (No Improper Action),Intersection Marked Crosswalk,No,Suspected Minor Injury,None,39.05104758,-77.11639779,"(39.05104758, -77.11639779)"
MCP320000FS,250018584,MONTGOMERY,Injury Crash,04/28/2025 08:00:00 PM,Maryland (State) Route,ROCKVILLE PIKE (SB/L),WILSON DR,,,Cyclist (non-electric),Single Vehicle,Clear,Dry,Dusk,Traffic Control Signal,"Not Suspect of Alcohol Use, Not Suspect of Drug Use","Not Suspect of Alcohol Use, Not Suspect of Drug Use",F4616710-BAA6-4CBB-8A3F-5F167027CCCD,Cyclist (non-electric),Cross/Enter at Intersection,"Dart/Dash, Failure to Obey Traffic Signs, Signals, or Officer, Failure to Yield Right-Of-Way",Intersection Marked Crosswalk,Yes,Suspected Minor Injury,Helmet,39.00255353,-77.09729803,"(39.00255353, -77.09729803)"
MCP3355001N,250015040,MONTGOMERY,Injury Crash,04/07/2025 07:34:00 AM,,,,Parking Lot Way        7-11 GAS PUMP,,Pedestrian,Single Vehicle,Rain,,Other,,"Not Suspect of Alcohol Use, Not Suspect of Drug Use","Not Suspect of Alcohol Use, Not Suspect of Drug Use",BDABC756-D33E-40F5-A0BD-24BCF39CFD48,Pedestrian,Standing,None (No Improper Action),NonTrafficway Area,No,Suspected Serious Injury,None,38.98618233,-77.0275905,"(38.98618233, -77.0275905)"
MCP3389000Z,250016666,MONTGOMERY,Injury Crash,04/17/2025 08:56:00 AM,Maryland (State) Route,COLESVILLE RD,,,,Pedestrian,Single Vehicle,Clear,Dry,Daylight,No Controls,"Unknown, Unknown","Not Suspect of Alcohol Use, Not Suspect of Drug Use",CED6D830-ED9B-4DD9-9068-9EB09A352964,Pedestrian,None,None (No Improper Action),NonTrafficway Area,No,Suspected Minor Injury,None,38.99329581,-77.03277381,"(38.99329581, -77.03277381)"
MCP3127004J,250018940,MONTGOMERY,Injury Crash,04/30/2025 06:35:00 PM,County Route,BRADMOOR DR,,,,Cyclist (non-electric),Single Vehicle,Clear,Dry,Daylight,Stop Sign,"Not Suspect of Alcohol Use, Not Suspect of Drug Use","Not Suspect of Alcohol Use, Not Suspect of Drug Use",2961E802-6E05-4D57-ABA8-481038DD2C3B,Cyclist (non-electric),Walking/Cycling Along Roadway With Traffic (In or Adjacent to Travel Lane),None (No Improper Action),Intersection Unmarked Crosswalk,No,Suspected Minor Injury,Helmet,38.99319903,-77.11894625,"(38.99319903, -77.11894625)"
MCP3441000K,250019866,MONTGOMERY,Injury Crash,05/06/2025 12:19:00 PM,County Route,CHESTNUT ST,WISCONSIN AVE,,,Cyclist (Electric),Single Vehicle,Clear,Dry,Daylight,No Controls,"Not Suspect of Alcohol Use, Not Suspect of Drug Use","Not Suspect of Alcohol Use, Not Suspect of Drug Use",6514C085-24E0-4D14-972D-A269FBBC6775,Cyclist (Electric),Walking/Cycling on Sidewalk,None (No Improper Action),Intersection Marked Crosswalk,No,Suspected Minor Injury,None,38.9934644,-77.09608134,"(38.9934644, -77.09608134)"
MCP31110096,250018856,MONTGOMERY,Injury Crash,04/30/2025 11:52:00 AM,County Route,ARLINGTON RD,,,,Pedestrian,Single Vehicle,Clear,Dry,Daylight,Traffic Control Signal,"Not Suspect of Alcohol Use, Not Suspect of Drug Use","Not Suspect of Alcohol Use, Not Suspect of Drug Use",55A30B43-167E-4AC3-AF4F-E725A274C5B2,Pedestrian,Cross/Enter at Intersection,"Dart/Dash, Inattentive (Talking, Eating, etc.)",Intersection Marked Crosswalk,Yes,Possible Injury,None,38.97946486,-77.09862167,"(38.97946486, -77.09862167)"
MCP2939007N,250019601,MONTGOMERY,Injury Crash,05/04/2025 05:15:00 PM,,,,"Private Road        DRIVE WAY OF 28105 RIDGE RD DAMASCUS, MD",,Cyclist (non-electric),Single Vehicle,Clear,,Daylight,,"Not Suspect of Alcohol Use, Not Suspect of Drug Use","Not Suspect of Alcohol Use, Not Suspect of Drug Use",6B90621E-1412-424A-A209-1B542AA78BE5,Cyclist (non-electric),Other,Other,OffStreet Trails or Sidepaths,No,Suspected Minor Injury,Unknown,39.31833178,-77.19482398,"(39.31833178, -77.19482398)"
EJ7891002F,250020676,GAITHERSBURG,Injury Crash,05/10/2025 09:01:00 PM,Ramp,RAMP 1 FR IS 270 NB TO MD 117 WB,,,,Pedestrian,Single Vehicle,Clear,Dry,Dark - Lighted,Traffic Control Signal,"Not Suspect of Alcohol Use, Not Suspect of Drug Use","Suspect of Alcohol Use, Not Suspect of Drug Use",5C9C85B8-054E-4016-AAFB-83D0650D5D7E,Pedestrian,Cross/Enter at Intersection,None (No Improper Action),Intersection Marked Crosswalk,No,Suspected Minor Injury,None,39.14068682,-77.21070021,"(39.14068682, -77.21070021)"
MCP32200056,250020510,MONTGOMERY,Injury Crash,05/09/2025 05:42:00 PM,Municipality Route,WASHINGTONIAN BLVD,,,,Pedestrian,Single Vehicle,Clear,Dry,Daylight,Pedestrian Crossing Sign,"Not Suspect of Alcohol Use, Not Suspect of Drug Use","Not Suspect of Alcohol Use, Not Suspect of Drug Use",AA0BC266-632A-4259-AA17-D105AEE26A83,Pedestrian,Cross/Enter at Intersection,None (No Improper Action),Intersection Marked Crosswalk,No,Possible Injury,None,39.11645959,-77.19923171,"(39.11645959, -77.19923171)"
MCP3446000B,250019637,MONTGOMERY,Injury Crash,05/05/2025 05:50:00 AM,Maryland (State) Route,GEORGIA AVE,,,,Pedestrian,Single Vehicle,Clear,Dry,Dawn,No Controls,"Not Suspect of Alcohol Use, Not Suspect of Drug Use","Not Suspect of Alcohol Use, Not Suspect of Drug Use",E1700068-D8CB-47ED-808A-52173D45A890,Pedestrian,Walking/Cycling Along Roadway With Traffic (In or Adjacent to Travel Lane),Unknown,Shoulder/Roadside,Yes,Possible Injury,None,39.04179456,-77.05172645,"(39.04179456, -77.05172645)"
MCP3230006Y,250020302,MONTGOMERY,Injury Crash,05/08/2025 03:05:00 PM,County Route,TURKEY BRANCH PKWY,INDEPENDENCE ST,,,Scooter (electric),Single Vehicle,Clear,Dry,Daylight,No Controls,"Not Suspect of Alcohol Use, Not Suspect of Drug Use","Not Suspect of Alcohol Use, Not Suspect of Drug Use",9F129704-88F8-4443-ABB7-B7D7ACB1786B,Scooter (electric),Cross/Enter at Intersection,Failure to Yield Right-Of-Way,Intersection Unmarked Crosswalk,No,Suspected Minor Injury,None,39.07575217,-77.08181067,"(39.07575217, -77.08181067)"
MCP137801CQ,250018919,MONTGOMERY,Injury Crash,04/30/2025 04:25:00 PM,Municipality Route,N SUMMIT AVE,E DIAMOND AVE S SUMMIT AVE,,,Pedestrian,Single Vehicle,Cloudy,Dry,Daylight,Traffic Control Signal,"Not Suspect of Alcohol Use, Not Suspect of Drug Use","Not Suspect of Alcohol Use, Not Suspect of Drug Use",CF1B8B0F-4119-4E06-A9A9-24DD8420EFBD,Pedestrian,Cross/Enter at Intersection,None (No Improper Action),Intersection Marked Crosswalk,No,Possible Injury,None,39.14215337,-77.19338117,"(39.14215337, -77.19338117)"
MCP3053008R,250020345,MONTGOMERY,Property Damage Crash,05/08/2025 06:15:00 PM,,,,Parking Lot Way        PARKING LOT OF 12325 GEORGIA AVE,,Cyclist (non-electric),Unknown,Clear,,Daylight,,"Not Suspect of Alcohol Use, Not Suspect of Drug Use","Unknown, Unknown",C199BC61-E835-43A3-8E95-0253D01D196B,Cyclist (non-electric),Cross/Enter Not at Intersection,Dart/Dash,Other,No,No Apparent Injury,None,39.05977367,-77.04914167,"(39.05977367, -77.04914167)"
MCP3352002V,250020659,MONTGOMERY,Injury Crash,05/10/2025 07:25:00 PM,County Route,EMORY GROVE RD,,,,Pedestrian,Single Vehicle,Clear,Dry,Daylight,No Controls,"Not Suspect of Alcohol Use, Not Suspect of Drug Use","Not Suspect of Alcohol Use, Not Suspect of Drug Use",93512BDF-EC45-41D4-9280-1A329151CC95,Pedestrian,Cross/Enter Not at Intersection,None (No Improper Action),Travel Lane Other Location,No,Suspected Minor Injury,None,39.15325669,-77.17374858,"(39.15325669, -77.17374858)"
DD5583009P,250020118,ROCKVILLE,Property Damage Crash,05/07/2025 02:11:00 PM,Spur,,,,,Cyclist (Electric),Single Vehicle,Clear,Dry,Daylight,Pedestrian Crossing Sign,"Not Suspect of Alcohol Use, Not Suspect of Drug Use","Not Suspect of Alcohol Use, Not Suspect of Drug Use",60D3D145-1E39-4B3A-9BAD-4238DD9BBC3E,Cyclist (Electric),Cross/Enter at Intersection,Failure to Yield Right-Of-Way,Intersection Marked Crosswalk,No,No Apparent Injury,None,39.09189755,-77.15368625,"(39.09189755, -77.15368625)"
MCP235800DP,250020405,MONTGOMERY,Injury Crash,05/09/2025 06:49:00 AM,County Route,WESTBARD AVE,,,,Pedestrian,Single Vehicle,Rain,Wet,Daylight,Traffic Control Signal,"Not Suspect of Alcohol Use, Not Suspect of Drug Use","Not Suspect of Alcohol Use, Not Suspect of Drug Use",7D5B7E11-CFB0-4255-9D28-D6D4098E700A,Pedestrian,Cross/Enter at Intersection,None (No Improper Action),Intersection Marked Crosswalk,No,Suspected Minor Injury,None,38.96370034,-77.10657709,"(38.96370034, -77.10657709)"
MCP2231008P,250022097,MONTGOMERY,Injury Crash,05/19/2025 10:58:00 AM,,,,Driveway        PARKING LOT OF 438 N FREDERICK AVE,,Pedestrian,Single Vehicle,Clear,,Daylight,,"Not Suspect of Alcohol Use, Not Suspect of Drug Use","Not Suspect of Alcohol Use, Not Suspect of Drug Use",1448F03F-7AB0-48F7-BA73-379C7C1CF8E2,Pedestrian,Walking/Cycling on Sidewalk,None (No Improper Action),Sidewalk,No,Suspected Minor Injury,None,39.14771349,-77.20618924,"(39.14771349, -77.20618924)"
MCP3208006W,250021341,MONTGOMERY,Injury Crash,05/14/2025 11:00:00 PM,County Route,FENTON ST,SLIGO AVE,,,Pedestrian,Single Vehicle,Clear,,Unknown,Traffic Control Signal,"Unknown, Unknown","Suspect of Alcohol Use, Not Suspect of Drug Use",8E5F4660-66C0-4D1D-A24C-8C7CDEB8C1A6,Pedestrian,Cross/Enter at Intersection,Unknown,Intersection Marked Crosswalk,No,Suspected Minor Injury,None,38.99019397,-77.02389503,"(38.99019397, -77.02389503)"
MCP3050006M,250022405,MONTGOMERY,Injury Crash,05/20/2025 07:33:00 PM,County Route,GLENALLAN AVE (WB/L),,,,Pedestrian,Single Vehicle,Clear,Dry,Daylight,Traffic Control Signal,"Not Suspect of Alcohol Use, Not Suspect of Drug Use, Unknown, Unknown","Not Suspect of Alcohol Use, Not Suspect of Drug Use",7794B5B4-3EAD-4769-A402-60AFD2D33F2C,Pedestrian,Cross/Enter at Intersection,"Dart/Dash, Failure to Yield Right-Of-Way",Intersection Marked Crosswalk,No,Possible Injury,None,39.06317325,-77.0544775,"(39.06317325, -77.0544775)"
MCP2181005J,250021195,MONTGOMERY,Fatal Crash,05/14/2025 05:31:00 AM,Other Public Roadway,W WATKINS MILL RD,,,,Pedestrian,Single Vehicle,Rain,Wet,Dark - Lighted,Flashing Traffic Control Signal,"Unknown, Unknown","Unknown, Unknown",7D47DB54-F9FA-4B8F-8EE4-22009215FC41,Pedestrian,Cross/Enter at Intersection,Unknown,Intersection Marked Crosswalk,No,Fatal Injury,None,39.15797194,-77.22180418,"(39.15797194, -77.22180418)"