Report Number,Local Case Number,Agency Name,ACRS Report Type,Crash Date/Time,Route Type,Road Name,Cross-Street Name,Off-Road Description,Municipality,Related Non-Motorist,Collision Type,Weather,Surface Condition,Light,Traffic Control,Driver Substance Abuse,Non-Motorist Substance Abuse,Person ID,Pedestrian Type,Pedestrian Movement,Pedestrian Actions,Pedestrian Location,At Fault,Injury Severity,Safety Equipment,Latitude,Longitude,Location
MCP284600B8,250020425,MONTGOMERY,Injury Crash,05/09/2025 09:30:00 AM,Maryland (State) Route,MUNCASTER MILL RD,,,,Pedestrian,Unknown,Rain,Wet,Daylight,Pedestrian Crossing,"Not Suspect of Alcohol Use, Not Suspect of Drug Use","Not Suspect of Alcohol Use, Not Suspect of Drug Use",D4FD5ACA-2EA5-4D6D-88E0-14962CEF9228,Pedestrian,Cross/Enter at Intersection,Dart/Dash,Intersection Marked Crosswalk,Yes,Suspected Minor Injury,None,39.10891144,-77.08008727,"(39.10891144, -77.08008727)"
MCP3050006J,250020502,MONTGOMERY,Injury Crash,05/09/2025 04:48:00 PM,Maryland (State) Route,GEORGIA AVE,,,,Pedestrian,Single Vehicle,Clear,Dry,Daylight,No Controls,"Unknown, Unknown","Not Suspect of Alcohol Use, Not Suspect of Drug Use",6CADFB4C-004C-4E3C-AB49-7AAB6BBF7DC2,Pedestrian,Other,None (No Improper Action),Driveway Access,No,Possible Injury,None,39.08463197,-77.07799855,"(39.08463197, -77.07799855)"
MCP22980173,250021436,MONTGOMERY,Injury Crash,05/15/2025 01:27:00 PM,County Route,ASPEN HILL RD,CONNECTICUT AVE (SB/L),,,Cyclist (Electric),Unknown,Clear,Dry,Daylight,Traffic Control Signal,"Not Suspect of Alcohol Use, Not Suspect of Drug Use","Not Suspect of Alcohol Use, Not Suspect of Drug Use",358F002A-D8F5-4721-814A-F86041BACED6,Cyclist (Electric),Walking/Cycling Along Roadway Against Traffic (In or Adjacent to Travel Lane),Failure to Yield Right-Of-Way,Intersection Other,Yes,Suspected Minor Injury,None,39.08023256,-77.08076385,"(39.08023256, -77.08076385)"
MCP2612005M,250020271,MONTGOMERY,Injury Crash,05/07/2025 12:57:00 PM,County Route,GRANDVIEW AVE,WEISMAN RD,,,Pedestrian,Single Vehicle,Clear,Dry,Daylight,Stop Sign,"Unknown, Unknown","Unknown, Unknown",7F0989EF-A3B2-4180-B9B6-E4F92CAE7BD7,Pedestrian,Cross/Enter at Intersection,None (No Improper Action),Intersection Marked Crosswalk,No,Possible Injury,None,39.04308501,-77.05313664,"(39.04308501, -77.05313664)"
DD5673001V,250022139,ROCKVILLE,Injury Crash,05/19/2025 02:23:00 PM,,,,Private Road        PARKING LOT AT FLAGSHIP CAR WASH,,Pedestrian,Single Vehicle,Clear,,Daylight,,"Not Suspect of Alcohol Use, Not Suspect of Drug Use","Not Suspect of Alcohol Use, Not Suspect of Drug Use",F3211CD6-C692-4B79-86D0-03865E96383E,Pedestrian,Standing,None (No Improper Action),Other,No,Suspected Minor Injury,None,39.0578314,-77.11629767,"(39.0578314, -77.11629767)"
MCP3052004K,250021433,MONTGOMERY,Injury Crash,05/15/2025 11:00:00 AM,County Route,,,,,Cyclist (Electric),Single Vehicle,Clear,Dry,Daylight,No Controls,"Not Suspect of Alcohol Use, Not Suspect of Drug Use","Not Suspect of Alcohol Use, Not Suspect of Drug Use",A08CA3D1-D5F7-4C91-B642-FF616A5B9BCA,Cyclist (Electric),Walking/Cycling on Sidewalk,"Failure to Obey Traffic Signs, Signals, or Officer, Not Visible (Dark Clothing, No Lighting, etc.), Wrong-Way Riding or Walking",Driveway Access,Yes,Possible Injury,None,39.1677852,-77.17428102,"(39.1677852, -77.17428102)"
MCP285300B6,250022228,MONTGOMERY,Injury Crash,05/19/2025 09:06:00 PM,US (State),COLUMBIA PIKE,,,,Pedestrian,Single Vehicle,Clear,Dry,Dark - Lighted,No Controls,"Not Suspect of Alcohol Use, Not Suspect of Drug Use","Suspect of Alcohol Use, Not Suspect of Drug Use",BE394FB4-2A91-4F51-8D40-C53F5983C88C,Pedestrian,Walking/Cycling on Sidewalk,"In Roadway Improperly (Standing, Lying, Working, Playing)",Sidewalk,No,Possible Injury,None,39.032216,-77.00361283,"(39.032216, -77.00361283)"
MCP30770025,250021529,MONTGOMERY,Injury Crash,05/15/2025 08:55:00 PM,County Route,TOWN COMMONS BLVD,CENTURY BLVD,,,Pedestrian,Single Vehicle,Clear,Dry,Dark - Lighted,Pedestrian Crossing,"Not Suspect of Alcohol Use, Not Suspect of Drug Use","Not Suspect of Alcohol Use, Not Suspect of Drug Use",F23AB700-1079-4BEF-8897-6EC7A5A0CD6A,Pedestrian,Cross/Enter at Intersection,None (No Improper Action),Intersection Marked Crosswalk,No,Suspected Minor Injury,None,39.18107375,-77.2671538,"(39.18107375, -77.2671538)"
MCP33900023,250022171,MONTGOMERY,Injury Crash,05/19/2025 04:01:00 PM,Local Route,DEERWATER DR,,,,Pedestrian,Unknown,Clear,Dry,Daylight,No Controls,"Unknown, Unknown","Not Suspect of Alcohol Use, Not Suspect of Drug Use",BAF052D5-9B92-400A-A047-3F142EA43F51,Pedestrian,Cross/Enter Not at Intersection,Dart/Dash,Travel Lane Other Location,No,Suspected Minor Injury,None,39.1919257,-77.2800692,"(39.1919257, -77.2800692)"
MCP3233005L,250019138,MONTGOMERY,Injury Crash,05/01/2025 06:01:00 PM,Maryland (State) Route,UNIVERSITY BLVD E,,,,Pedestrian,Single Vehicle,Clear,Dry,Daylight,No Controls,"Not Suspect of Alcohol Use, Not Suspect of Drug Use","Not Suspect of Alcohol Use, Not Suspect of Drug Use",E99309FB-D20D-44BB-B951-F1B0C1A6470C,Pedestrian,Cross/Enter at Intersection,None (No Improper Action),Intersection Marked Crosswalk,No,Suspected Minor Injury,None,39.00353059,-76.99634808,"(39.00353059, -76.99634808)"
MCP27520074,250022783,MONTGOMERY,Injury Crash,05/22/2025 08:38:00 PM,County Route,SEVEN LOCKS RD,TUCKERMAN LA,,,Pedestrian,Single Vehicle,Rain,Wet,Daylight,Traffic Control Signal,"Not Suspect of Alcohol Use, Not Suspect of Drug Use","Not Suspect of Alcohol Use, Not Suspect of Drug Use",93F0AB03-FBE3-4003-967C-3524511CA6A3,Pedestrian,Cross/Enter at Intersection,Dart/Dash,Intersection Marked Crosswalk,No,Suspected Minor Injury,None,39.04090039,-77.15924,"(39.04090039, -77.15924)"
EJ7894005V,250022671,GAITHERSBURG,Injury Crash,05/21/2025 10:30:00 AM,Municipality Route,CHRISTOPHER AVE,,,,Pedestrian,Single Vehicle,Rain,Wet,Daylight,No Controls,"Not Suspect of Alcohol Use, Not Suspect of Drug Use","Not Suspect of Alcohol Use, Not Suspect of Drug Use",EEA17A12-F314-4C7A-8FA8-769629E31DC9,Pedestrian,Other,None (No Improper Action),Other,No,Possible Injury,None,39.15672888,-77.21458782,"(39.15672888, -77.21458782)"
MCP3387002P,250022656,MONTGOMERY,Injury Crash,05/22/2025 10:17:00 AM,,,,Alley        ALLEY BEHIND TECH RD SHOPPING CENTER,,Pedestrian,Single Vehicle,Rain,,Daylight,,"Not Suspect of Alcohol Use, Not Suspect of Drug Use","Not Suspect of Alcohol Use, Not Suspect of Drug Use",17284F14-4D3C-4DD0-B55E-2DE5DE9583D6,Pedestrian,Cross/Enter Not at Intersection,Failure to Yield Right-Of-Way,NonTrafficway Area,Yes,Suspected Minor Injury,None,39.05758728,-76.96672413,"(39.05758728, -76.96672413)"
DM84790024,250023088,TAKOMA,Injury Crash,05/24/2025 07:59:00 PM,Maryland (State) Route,CARROLL AVE,FLOWER AVE,,,Cyclist (Electric),Single Vehicle,Clear,Dry,Daylight,Traffic Control Signal,"Not Suspect of Alcohol Use, Not Suspect of Drug Use","Not Suspect of Alcohol Use, Not Suspect of Drug Use",AE147615-2C08-43D5-8581-794C2F6CD885,Cyclist (Electric),Cross/Enter at Intersection,"Failure to Obey Traffic Signs, Signals, or Officer, Failure to Yield Right-Of-Way",Intersection Marked Crosswalk,Yes,Suspected Minor Injury,None,38.98479604,-76.99852955,"(38.98479604, -76.99852955)"
MCP3460000F,250023413,MONTGOMERY,Injury Crash,05/27/2025 08:41:00 AM,County Route,EWING DR,GREENTREE RD,,,Pedestrian,Angle,Clear,Dry,Daylight,No Controls,"Not Suspect of Alcohol Use, Not Suspect of Drug Use, Not Suspect of Alcohol Use, Not Suspect of Drug Use","Not Suspect of Alcohol Use, Not Suspect of Drug Use",A013246C-B28E-4BC0-8615-44B7ABA9F1F1,Pedestrian,Walking/Cycling on Sidewalk,None (No Improper Action),Shared Use Path or Trail,No,Suspected Serious Injury,Unknown,39.0012327,-77.12319255,"(39.0012327, -77.12319255)"
MCP2939007Q,250022932,MONTGOMERY,Injury Crash,05/23/2025 07:05:00 PM,County Route,NEWCUT RD,SNOWDEN FARM PKW (WB/L)Y,,,Cyclist (non-electric),Single Vehicle,Clear,Dry,Daylight,Traffic Control Signal,"Not Suspect of Alcohol Use, Not Suspect of Drug Use","Unknown, Unknown",B592A5CD-7C5C-4140-A53A-7484ECE35666,Cyclist (non-electric),Cross/Enter at Intersection,"Failure to Obey Traffic Signs, Signals, or Officer, Inattentive (Talking, Eating, etc.), Other",Intersection Other,Yes,Suspected Minor Injury,None,39.22833993,-77.2501832,"(39.22833993, -77.2501832)"
MCP3305004F,250021000,MONTGOMERY,Injury Crash,05/12/2025 09:20:00 PM,County Route,SCHINDLER DR,NEW HAMPSHIRE AVE (SB/L),,,Pedestrian,Single Vehicle,Cloudy,Wet,Dark - Not Lighted,Traffic Control Signal,"Not Suspect of Alcohol Use, Not Suspect of Drug Use","Not Suspect of Alcohol Use, Not Suspect of Drug Use",E4DDFBF8-CD88-4CCF-A574-FDB30CA78EC9,Pedestrian,Cross/Enter at Intersection,Unknown,Intersection Marked Crosswalk,No,Suspected Minor Injury,None,39.03343794,-76.986232,"(39.03343794, -76.986232)"
MCP2756006S,250022742,MONTGOMERY,Injury Crash,05/22/2025 04:48:00 PM,,,,Parking Lot Way        REAR PARKING LOT OF 11135 NEWPORT MILL RD.,,Pedestrian,Single Vehicle,Rain,,Daylight,,"Not Suspect of Alcohol Use, Not Suspect of Drug Use","Not Suspect of Alcohol Use, Not Suspect of Drug Use",ED8B3616-BD39-40ED-8DB6-6C2BD39B536D,Pedestrian,Other,None (No Improper Action),Other,No,Possible Injury,None,39.04001893,-77.06655832,"(39.04001893, -77.06655832)"
MCP3455000C,250018582,MONTGOMERY,Property Damage Crash,04/28/2025 08:00:00 AM,Maryland (State) Route,GEORGIA AVE (SB/L),UNIVERSITY BLVD W,,,Cyclist (Electric),Single Vehicle,Clear,Dry,Daylight,Traffic Control Signal,"Not Suspect of Alcohol Use, Not Suspect of Drug Use","Not Suspect of Alcohol Use, Not Suspect of Drug Use",7F1152D8-906F-45F3-B1B6-BDBE84F983B3,Cyclist (Electric),Cross/Enter at Intersection,"Failure to Obey Traffic Signs, Signals, or Officer",Intersection Other,Yes,No Apparent Injury,None,39.04149693,-77.05177486,"(39.04149693, -77.05177486)"
MCP2270004S,250021950,MONTGOMERY,Injury Crash,05/18/2025 11:00:00 AM,,,,"Parking Lot Way        SHELL GAS STATION
300 EAST GUDE DRIVE
ROCKVILLE, MD 20850",,Pedestrian,Single Vehicle,Clear,,Daylight,,"Not Suspect of Alcohol Use, Not Suspect of Drug Use","Not Suspect of Alcohol Use, Not Suspect of Drug Use",AE04CE2D-B2A9-4B64-B242-C63AB7421D00,Pedestrian,Walking/Cycling Along Roadway With Traffic (In or Adjacent to Travel Lane),None (No Improper Action),Driveway Access,No,Suspected Serious Injury,None,39.10617971,-77.15167737,"(39.10617971, -77.15167737)"
EJ79030040,250010495,GAITHERSBURG,Injury Crash,03/10/2025 02:00:00 PM,,,,Parking Aisle        COSTCO PARKING LOT LOCATED AT 880 RUSSELL AVENUE,,Pedestrian,Single Vehicle,Clear,,Daylight,,"Not Suspect of Alcohol Use, Not Suspect of Drug Use","Not Suspect of Alcohol Use, Not Suspect of Drug Use",A2BA4AFF-9D79-4064-B8BE-C20B5690E8C9,Pedestrian,None,None (No Improper Action),Other,No,Suspected Minor Injury,None,39.15658209,-77.21402032,"(39.15658209, -77.21402032)"
MCP3460000F,250023413,MONTGOMERY,Injury Crash,05/27/2025 08:41:00 AM,County Route,EWING DR,GREENTREE RD,,,Pedestrian,Angle,Clear,Dry,Daylight,Stop Sign,"Not Suspect of Alcohol Use, Not Suspect of Drug Use, Not Suspect of Alcohol Use, Not Suspect of Drug Use","Not Suspect of Alcohol Use, Not Suspect of Drug Use",A013246C-B28E-4BC0-8615-44B7ABA9F1F1,Pedestrian,Walking/Cycling on Sidewalk,None (No Improper Action),Shared Use Path or Trail,No,Suspected Serious Injury,Unknown,39.0012327,-77.12319255,"(39.0012327, -77.12319255)"
DD5674001H,250023796,ROCKVILLE,Injury Crash,05/29/2025 10:09:00 AM,Maryland (State) Route,FREDERICK RD,,,,Pedestrian,Single Vehicle,Cloudy,Dry,Daylight,No Controls,"Not Suspect of Alcohol Use, Not Suspect of Drug Use","Unknown, Unknown",AA802547-FF02-43AF-8950-E663248A490E,Pedestrian,Walking/Cycling Along Roadway Against Traffic (In or Adjacent to Travel Lane),None (No Improper Action),Sidewalk,No,Suspected Minor Injury,None,39.11020885,-77.16039041,"(39.11020885, -77.16039041)"
MCP3423001V,250023054,MONTGOMERY,Injury Crash,05/24/2025 04:45:00 PM,County Route,INDIAN SPRING DR,,,,Pedestrian,Single Vehicle,Clear,Dry,Daylight,No Controls,"Not Suspect of Alcohol Use, Not Suspect of Drug Use","Not Suspect of Alcohol Use, Not Suspect of Drug Use",ED57D443-99E9-4752-8274-95718219DB37,Pedestrian,Standing,None (No Improper Action),Driveway Access,No,Possible Injury,None,39.01569335,-76.99779933,"(39.01569335, -76.99779933)"
MCP91180059,250022019,MONTGOMERY,Injury Crash,05/18/2025 10:28:00 PM,County Route,CENTERHILL ST,VEIRS MILL RD (WB/L),,,Pedestrian,Single Vehicle,Clear,Dry,Dark - Unknown Lighting,Stop Sign,"Not Suspect of Alcohol Use, Not Suspect of Drug Use","Not Suspect of Alcohol Use, Not Suspect of Drug Use",0B6DA1FF-C0B8-4307-B2DA-655DF0012EDB,Pedestrian,Cross/Enter at Intersection,Unknown,Intersection Marked Crosswalk,No,Possible Injury,None,39.05041779,-77.07256584,"(39.05041779, -77.07256584)"
MCP3436000L,250023549,MONTGOMERY,Injury Crash,05/29/2025 06:00:00 PM,County Route,HIDDEN VALLEY LA,,,,Cyclist (non-electric),Single Vehicle,Clear,Dry,Daylight,No Controls,"Not Suspect of Alcohol Use, Not Suspect of Drug Use","Not Suspect of Alcohol Use, Not Suspect of Drug Use",03F12FEF-6B1B-4896-8071-91251B5C56C0,Cyclist (non-electric),Walking/Cycling Along Roadway With Traffic (In or Adjacent to Travel Lane),None (No Improper Action),Other,No,Suspected Minor Injury,Helmet,39.07257664,-76.96414316,"(39.07257664, -76.96414316)"
MCP235300D3,250011815,MONTGOMERY,Injury Crash,03/18/2025 10:45:00 AM,Government Route,BEACH DR,FRANKLIN ST,,,Cyclist (non-electric),Single Vehicle,Cloudy,Dry,Daylight,No Controls,"Not Suspect of Alcohol Use, Not Suspect of Drug Use","Not Suspect of Alcohol Use, Not Suspect of Drug Use",3D934EBE-5F5E-4324-AE87-EFD3AC355273,Cyclist (non-electric),Walking/Cycling Along Roadway With Traffic (In or Adjacent to Travel Lane),None (No Improper Action),Shoulder/Roadside,No,Suspected Minor Injury,Helmet,39.01949057,-77.0976496,"(39.01949057, -77.0976496)"
MCP304800DX,250024313,MONTGOMERY,Injury Crash,06/01/2025 10:00:00 AM,Maryland (State) Route,ROCKVILLE PIKE (SB/L),GOLF LA,,,Cyclist (non-electric),Single Vehicle,Clear,Dry,Daylight,Stop Sign,"Not Suspect of Alcohol Use, Not Suspect of Drug Use","Not Suspect of Alcohol Use, Not Suspect of Drug Use",9E200A95-0A51-49D4-94C9-4D1630658BDB,Cyclist (non-electric),Cross/Enter at Intersection,None (No Improper Action),Intersection Unmarked Crosswalk,No,Suspected Minor Injury,Helmet,39.03703533,-77.1080595,"(39.03703533, -77.1080595)"
MCP1086000L,250023816,MONTGOMERY,Injury Crash,05/29/2025 07:45:00 AM,,,,Parking Aisle        UPPER PARKING LOT AT NORTHWEST HIGH SCHOOL.,,Pedestrian,Single Vehicle,Cloudy,,Daylight,,"Not Suspect of Alcohol Use, Not Suspect of Drug Use","Not Suspect of Alcohol Use, Not Suspect of Drug Use",E60B23C7-191C-424C-AC1C-4E1CEB973CDD,Pedestrian,Other,"Entering/Exiting Parked/Standing Vehicle, Failure to Yield Right-Of-Way, Inattentive (Talking, Eating, etc.)",Other,No,Suspected Minor Injury,None,39.1517401,-77.28177249,"(39.1517401, -77.28177249)"
MCP33860030,250023685,MONTGOMERY,Injury Crash,05/28/2025 03:00:00 PM,Maryland (State) Route,,,,,Pedestrian,Single Vehicle,Rain,Wet,Daylight,Traffic Control Signal,"Not Suspect of Alcohol Use, Not Suspect of Drug Use","Not Suspect of Alcohol Use, Not Suspect of Drug Use",4A73F613-58AF-419F-B850-8BAA73111C36,Pedestrian,Cross/Enter Not at Intersection,"In Roadway Improperly (Standing, Lying, Working, Playing)",Travel Lane Other Location,No,Suspected Minor Injury,None,38.99487788,-77.04531908,"(38.99487788, -77.04531908)"
DM8522004F,250032881,TAKOMA,Property Damage Crash,05/29/2025 03:10:00 PM,Maryland (State) Route,NEW HAMPSHIRE AVE (SB/L),GLENSIDE DR,,,Cyclist (Electric),Single Vehicle,Clear,Dry,Daylight,Traffic Control Signal,"Not Suspect of Alcohol Use, Not Suspect of Drug Use","Not Suspect of Alcohol Use, Not Suspect of Drug Use",80812865-F5D7-4958-89A6-DB4FD7147762,Cyclist (Electric),Cross/Enter at Intersection,None (No Improper Action),Intersection Marked Crosswalk,No,No Apparent Injury,Helmet,38.9816261,-76.98898662,"(38.9816261, -76.98898662)"
MCP3431000T,250023301,MONTGOMERY,Injury Crash,05/26/2025 02:30:00 PM,Private Route,,,,,Scooter (non-Electric),Single Vehicle,Clear,Dry,Daylight,No Controls,"Not Suspect of Alcohol Use, Not Suspect of Drug Use","Not Suspect of Alcohol Use, Not Suspect of Drug Use",CBC8D7E2-F65D-4338-B66F-308816D12428,Scooter (non-Electric),Unknown,Unknown,Other,No,Suspected Minor Injury,None,39.16660202,-77.28694648,"(39.16660202, -77.28694648)"
MCP3328004S,250023227,MONTGOMERY,Injury Crash,05/25/2025 09:00:00 PM,Maryland (State) Route,VEIRS MILL RD (WB/L),,,,Pedestrian,Single Vehicle,Clear,Dry,Dark - Lighted,Pedestrian Crossing Sign,"Not Suspect of Alcohol Use, Not Suspect of Drug Use","Suspect of Alcohol Use, Not Suspect of Drug Use",81D80606-A115-42C6-BFA2-A28E6A8DAA01,Pedestrian,Cross/Enter Not at Intersection,"Dart/Dash, Failure to Yield Right-Of-Way, Not Visible (Dark Clothing, No Lighting, etc.)",Travel Lane Other Location,Yes,Suspected Serious Injury,None,39.04417177,-77.06320304,"(39.04417177, -77.06320304)"
DM8490003F,250024301,TAKOMA,Property Damage Crash,06/01/2025 05:51:00 AM,Municipality Route,LINCOLN AVE,,,,Unknown,Single Vehicle,Unknown,Dry,Daylight,Stop Sign,"Unknown, Unknown","Not Suspect of Alcohol Use, Not Suspect of Drug Use",C5CE9D78-CD3E-4BF1-AA0D-2BE832F44595,Unknown,None,Unknown,Unknown,No,No Apparent Injury,Unknown,38.9810075,-77.0023468,"(38.9810075, -77.0023468)"
MCP30670035,250024332,MONTGOMERY,Injury Crash,06/01/2025 01:00:00 PM,,,,Driveway        18801 SHREMORE DRIVE DERWOOD MD 20855,,Pedestrian,Single Vehicle,Clear,,Daylight,,"Not Suspect of Alcohol Use, Not Suspect of Drug Use","Not Suspect of Alcohol Use, Not Suspect of Drug Use",72070F72-D52A-4100-A168-DFEE61F04D04,Pedestrian,None,"In Roadway Improperly (Standing, Lying, Working, Playing), Other",Driveway Access,No,Suspected Minor Injury,None,39.16390915,-77.1133819,"(39.16390915, -77.1133819)"
DD56690018,250024772,ROCKVILLE,Injury Crash,06/03/2025 08:11:00 PM,,,,Parking Lot Way        PARKING LOT AREA.,,Pedestrian,Single Vehicle,Clear,,Daylight,,"Unknown, Unknown","Not Suspect of Alcohol Use, Not Suspect of Drug Use",71BAC57A-A9CB-4C25-B91E-586AB264753F,Pedestrian,Cross/Enter Not at Intersection,None (No Improper Action),Driveway Access,No,Suspected Minor Injury,None,39.0908808,-77.1519553,"(39.0908808, -77.1519553)"
DD5668001S,250024969,ROCKVILLE,Injury Crash,06/04/2025 09:13:00 PM,Municipality Route,NELSON ST,,,,Pedestrian,Single Vehicle,Clear,Dry,Dark - Lighted,Pedestrian Crossing Sign,"Suspect of Alcohol Use, Not Suspect of Drug Use","Not Suspect of Alcohol Use, Not Suspect of Drug Use",949B7899-F824-45DD-8FBB-A104C244BBAE,Pedestrian,Cross/Enter at Intersection,None (No Improper Action),Intersection Marked Crosswalk,No,Suspected Minor Injury,None,39.09193917,-77.17372029,"(39.09193917, -77.17372029)"
MCP2662003B,250025412,MONTGOMERY,Injury Crash,06/07/2025 04:47:00 PM,County Route,YELLOWWOOD DR,ALLEY CUT THRU CUT,,,Cyclist (non-electric),Single Vehicle,Cloudy,Dry,Daylight,Stop Sign,"Not Suspect of Alcohol Use, Not Suspect of Drug Use","Not Suspect of Alcohol Use, Not Suspect of Drug Use",3CD253A1-9B4D-4CE9-972E-D0052DA73DE3,Cyclist (non-electric),Cross/Enter at Intersection,"Failure to Obey Traffic Signs, Signals, or Officer, Failure to Yield Right-Of-Way",Driveway Access,Yes,Suspected Minor Injury,Helmet,39.235268,-77.23938533,"(39.235268, -77.23938533)"
DD5538005D,250025612,ROCKVILLE,Injury Crash,06/09/2025 08:18:00 AM,Maryland (State) Route,FIRST ST,VEIRS MILL RD,,,Scooter (electric),Single Vehicle,Cloudy,Dry,Daylight,Traffic Control Signal,"Not Suspect of Alcohol Use, Not Suspect of Drug Use","Not Suspect of Alcohol Use, Not Suspect of Drug Use",48953ACC-15B5-4513-99CC-0AFD4A8007D1,Scooter (electric),Cross/Enter at Intersection,Other,Intersection Marked Crosswalk,Yes,Suspected Minor Injury,None,39.07966761,-77.13775854,"(39.07966761, -77.13775854)"
MCP3233005P,250025696,MONTGOMERY,Injury Crash,06/09/2025 02:50:00 PM,County Route,TIMBERWOOD AVE,,,,Pedestrian,Single Vehicle,Clear,Dry,Daylight,Pedestrian Crossing,"Not Suspect of Alcohol Use, Not Suspect of Drug Use","Not Suspect of Alcohol Use, Not Suspect of Drug Use",4F5B2534-8F92-4391-A1C6-C2F4EA882B1A,Pedestrian,Cross/Enter at Intersection,None (No Improper Action),Intersection Marked Crosswalk,No,Suspected Minor Injury,None,39.02151501,-77.01165768,"(39.02151501, -77.01165768)"
MCP913000L0,250025487,MONTGOMERY,Injury Crash,06/08/2025 08:01:00 AM,,,,"Parking Lot Way        PARKING LOT OF MCDONALDS 106 UNIVERSITY BLVD W SILVER SPRING, MD 20901",,Pedestrian,Single Vehicle,Cloudy,,Daylight,,"Not Suspect of Alcohol Use, Not Suspect of Drug Use","Not Suspect of Alcohol Use, Not Suspect of Drug Use",7370707D-36CD-4B00-892D-AADA8D40B025,Pedestrian,Other,None (No Improper Action),Other,No,Suspected Minor Injury,None,39.02046125,-77.01368648,"(39.02046125, -77.01368648)"
MCP3395003G,250024826,MONTGOMERY,Property Damage Crash,06/04/2025 09:59:00 AM,,,,Parking Lot Way        8484 16TH ST PARKING LOT,,Cyclist (Electric),Single Vehicle,Clear,,Daylight,,"Not Suspect of Alcohol Use, Not Suspect of Drug Use","Not Suspect of Alcohol Use, Not Suspect of Drug Use",3AE19CC2-B156-40B8-9678-13FFA88B2BA6,Cyclist (Electric),Unknown,Other,Other,Yes,No Apparent Injury,Helmet,38.99545662,-77.03704674,"(38.99545662, -77.03704674)"