Report Number,Local Case Number,Agency Name,ACRS Report Type,Crash Date/Time,Route Type,Road Name,Cross-Street Name,Off-Road Description,Municipality,Related Non-Motorist,Collision Type,Weather,Surface Condition,Light,Traffic Control,Driver Substance Abuse,Non-Motorist Substance Abuse,Person ID,Pedestrian Type,Pedestrian Movement,Pedestrian Actions,Pedestrian Location,At Fault,Injury Severity,Safety Equipment,Latitude,Longitude,Location
MCP203900CM,250025014,MONTGOMERY,Injury Crash,06/05/2025 08:31:00 AM,Local Route,INDEPENDENCE ST,CONNECTICUT AVE,,,Cyclist (non-electric),Single Vehicle,Cloudy,Dry,Daylight,Traffic Control Signal,"Not Suspect of Alcohol Use, Not Suspect of Drug Use","Not Suspect of Alcohol Use, Not Suspect of Drug Use",2F48D71F-9BD8-434B-B8F9-34FD202E53CA,Cyclist (non-electric),Cross/Enter at Intersection,None (No Improper Action),Intersection Marked Crosswalk,No,Suspected Minor Injury,None,39.07631632,-77.08050136,"(39.07631632, -77.08050136)"
MCP12270028,240062364,MONTGOMERY,Injury Crash,12/31/2024 06:13:00 PM,County Route,E FRANKLIN AVE,UNIVERSITY BLVD E (WB/L),,,Pedestrian,Single Vehicle,Rain,Wet,Dark - Lighted,Pedestrian Crossing,"Not Suspect of Alcohol Use, Not Suspect of Drug Use","Suspect of Alcohol Use, Not Suspect of Drug Use",A6DEC110-93C4-45B1-B56B-CAF296493DF5,Pedestrian,Cross/Enter at Intersection,"Failure to Obey Traffic Signs, Signals, or Officer, In Roadway Improperly (Standing, Lying, Working, Playing), Not Visible (Dark Clothing, No Lighting, etc.)",Intersection Marked Crosswalk,Yes,Suspected Serious Injury,None,39.01210985,-77.00250114,"(39.01210985, -77.00250114)"
MCP3426001Y,250026201,MONTGOMERY,Injury Crash,06/12/2025 07:00:00 AM,County Route,LINDEN AVE,POOKS HILL RD,,,Pedestrian,Single Vehicle,Clear,Dry,Daylight,Stop Sign,"Not Suspect of Alcohol Use, Not Suspect of Drug Use","Not Suspect of Alcohol Use, Not Suspect of Drug Use",4D79D149-820E-4125-A63E-3A6AA1A9472E,Pedestrian,Cross/Enter at Intersection,None (No Improper Action),Intersection Marked Crosswalk,No,Possible Injury,None,39.01425441,-77.10618723,"(39.01425441, -77.10618723)"
MCP3068006D,250026884,MONTGOMERY,Injury Crash,06/16/2025 04:17:00 PM,County Route,NO NAME,GRUBB RD,,,Pedestrian,Single Vehicle,Rain,Wet,Daylight,Traffic Control Signal,"Not Suspect of Alcohol Use, Not Suspect of Drug Use","Not Suspect of Alcohol Use, Not Suspect of Drug Use",184E02FD-D7B9-42B1-8A87-BE1267D05337,Pedestrian,Cross/Enter at Intersection,Dart/Dash,Intersection Marked Crosswalk,Yes,Suspected Minor Injury,None,38.993744,-77.05184567,"(38.993744, -77.05184567)"
EJ7913000K,250026302,GAITHERSBURG,Injury Crash,06/12/2025 09:13:00 PM,Municipality Route,E DIAMOND AVE,N SUMMIT AVE S SUMMIT AVE,,,Pedestrian,Single Vehicle,Clear,Dry,Dark - Lighted,Traffic Control Signal,"Not Suspect of Alcohol Use, Not Suspect of Drug Use","Not Suspect of Alcohol Use, Not Suspect of Drug Use",F39EDF62-83D0-485A-9F4F-B85141A5F4F7,Pedestrian,Cross/Enter at Intersection,Failure to Yield Right-Of-Way,Intersection Marked Crosswalk,Yes,Possible Injury,None,39.14222414,-77.19334541,"(39.14222414, -77.19334541)"
MCP3438000P,250026404,MONTGOMERY,Injury Crash,06/13/2025 01:05:00 PM,County Route,STRATHMORE ST,WOODMONT AVE,,,Pedestrian,Single Vehicle,Clear,Dry,Daylight,Stop Sign,"Not Suspect of Alcohol Use, Not Suspect of Drug Use","Not Suspect of Alcohol Use, Not Suspect of Drug Use",7FC8118C-A3FE-478E-88E3-148F5E1B1E95,Pedestrian,Cross/Enter at Intersection,None (No Improper Action),Intersection Marked Crosswalk,No,Suspected Minor Injury,None,38.97993183,-77.09324767,"(38.97993183, -77.09324767)"
MCP2356004J,250026255,MONTGOMERY,Injury Crash,06/12/2025 05:15:00 PM,Bicycle Route,,REDLAND RD,,,Pedestrian,Single Vehicle,Clear,Dry,Daylight,Traffic Control Signal,"Not Suspect of Alcohol Use, Not Suspect of Drug Use","Not Suspect of Alcohol Use, Not Suspect of Drug Use",FAA11F06-878B-446A-93E2-0C8B4472CDDF,Pedestrian,Cross/Enter at Intersection,None (No Improper Action),Intersection Marked Crosswalk,No,Suspected Minor Injury,None,39.11999006,-77.15984766,"(39.11999006, -77.15984766)"
MCP3411002F,250026292,MONTGOMERY,Injury Crash,06/12/2025 08:30:00 PM,County Route,HILLMEAD RD,,,,Pedestrian,Single Vehicle,Clear,Dry,Daylight,No Controls,,"Not Suspect of Alcohol Use, Not Suspect of Drug Use",EBE0C050-77D9-42CD-AE62-3FA231C25B28,Pedestrian,Standing,None (No Improper Action),Shoulder/Roadside,Yes,Possible Injury,None,39.00165483,-77.130653,"(39.00165483, -77.130653)"
MCP3456000N,250024340,MONTGOMERY,Fatal Crash,06/01/2025 01:57:00 PM,Private Route,,,,,Cyclist (non-electric),Single Vehicle,Cloudy,Dry,Daylight,No Controls,"Not Suspect of Alcohol Use, Not Suspect of Drug Use","Not Suspect of Alcohol Use, Not Suspect of Drug Use",6941AA9C-3E17-4643-BF6B-5BBD64CE5DDF,Cyclist (non-electric),Walking/Cycling Along Roadway With Traffic (In or Adjacent to Travel Lane),Unknown,Travel Lane Other Location,No,Fatal Injury,"Helmet, Lighting, Protective Pads (elbows, knees, shins, etc.), Reflective Wear (backpack, triangles, etc.)",39.10823815,-77.07324083,"(39.10823815, -77.07324083)"
DD5567008S,250027376,ROCKVILLE,Injury Crash,06/19/2025 05:11:00 PM,Local Route,KISS AND RIDE TWINBROOK LOT,BOUIC AVE CHAPMAN AVE,,,Pedestrian,Single Vehicle,Clear,Wet,Daylight,Stop Sign,"Unknown, Unknown","Not Suspect of Alcohol Use, Not Suspect of Drug Use",B16D430A-3F02-48A1-9242-F7D143AE774C,Pedestrian,Cross/Enter at Intersection,None (No Improper Action),Intersection Marked Crosswalk,No,Possible Injury,None,39.06111396,-77.12100136,"(39.06111396, -77.12100136)"
MCP2181005K,250027100,MONTGOMERY,Fatal Crash,06/18/2025 12:54:00 AM,Maryland (State) Route,FREDERICK RD,,,,Pedestrian,Single Vehicle,"Fog, Smog, Smoke",Dry,Dark - Lighted,Flashing Traffic Control Signal,"Suspect of Alcohol Use, Unknown","Suspect of Alcohol Use, Unknown",AE5CB8F3-F83D-4482-B847-3D79F80F66A9,Pedestrian,Standing,"In Roadway Improperly (Standing, Lying, Working, Playing)",Travel Lane Other Location,No,Fatal Injury,None,39.1127206,-77.16205086,"(39.1127206, -77.16205086)"
MCP3126006N,250026708,MONTGOMERY,Injury Crash,06/15/2025 03:28:00 PM,Local Route,COUNTRY SQUIRE WAY,COUNTRY SQUIRE WAY NEWCUT RD,,,Scooter (electric),Single Vehicle,Clear,Dry,Daylight,Stop Sign,"Not Suspect of Alcohol Use, Not Suspect of Drug Use","Not Suspect of Alcohol Use, Not Suspect of Drug Use",B98AB4C8-AE5C-49D5-BF00-91055326DE85,Scooter (electric),Cross/Enter at Intersection,"Failure to Yield Right-Of-Way, None (No Improper Action)",Intersection Unmarked Crosswalk,No,Suspected Minor Injury,None,39.22888005,-77.24959561,"(39.22888005, -77.24959561)"
MCP24550084,250027201,MONTGOMERY,Injury Crash,06/18/2025 01:55:00 PM,,,,Parking Lot Way        PARKING LOT OF 12266 ROCKVILLE PIKE,,Pedestrian,Single Vehicle,Rain,,Daylight,,"Not Suspect of Alcohol Use, Not Suspect of Drug Use","Not Suspect of Alcohol Use, Not Suspect of Drug Use",520F63B2-4E0B-4ED8-8D92-347A7D9E4D4B,Pedestrian,Other,"Failure to Obey Traffic Signs, Signals, or Officer, Failure to Yield Right-Of-Way",Other,No,Possible Injury,None,39.05726706,-77.12255051,"(39.05726706, -77.12255051)"
MCP34570014,250027552,MONTGOMERY,Injury Crash,06/20/2025 05:36:00 PM,County Route,DARCY FOREST DR,FOREST GLEN RD,,,Pedestrian,Single Vehicle,Clear,Dry,Daylight,Stop Sign,"Not Suspect of Alcohol Use, Not Suspect of Drug Use","Not Suspect of Alcohol Use, Not Suspect of Drug Use",DAFCC345-27B0-4748-80A7-27BDCE0E88EE,Pedestrian,Cross/Enter at Intersection,None (No Improper Action),Intersection Marked Crosswalk,No,Suspected Minor Injury,None,39.01538301,-77.04741672,"(39.01538301, -77.04741672)"
DM8494003Z,250027409,TAKOMA,Injury Crash,06/19/2025 09:11:00 PM,Maryland (State) Route,PINEY BRANCH RD,,,,Pedestrian,Unknown,Clear,Wet,Dark - Lighted,Flashing Traffic Control Signal,"Unknown, Unknown","Not Suspect of Alcohol Use, Not Suspect of Drug Use",3D06753C-52EC-4B4E-8A88-75CAA99B51E8,Pedestrian,Cross/Enter at Intersection,Unknown,Intersection Marked Crosswalk,No,Suspected Minor Injury,None,38.98314894,-77.01551686,"(38.98314894, -77.01551686)"
MCP3126006N,250026708,MONTGOMERY,Injury Crash,06/15/2025 03:28:00 PM,Local Route,COUNTRY SQUIRE WAY,COUNTRY SQUIRE WAY NEWCUT RD,,,Scooter (electric),Single Vehicle,Clear,Dry,Daylight,Stop Sign,"Not Suspect of Alcohol Use, Not Suspect of Drug Use","Not Suspect of Alcohol Use, Not Suspect of Drug Use",9885A6CA-7FD0-41B7-B402-38DAAF7992DE,Scooter (electric),Cross/Enter at Intersection,"Failure to Yield Right-Of-Way, None (No Improper Action)",Intersection Unmarked Crosswalk,Yes,Suspected Minor Injury,None,39.22888005,-77.24959561,"(39.22888005, -77.24959561)"
MCP32450076,250027971,MONTGOMERY,Property Damage Crash,06/23/2025 04:11:00 PM,County Route,CINNABAR DR,,,,Pedestrian,Single Vehicle,Clear,Dry,Daylight,No Controls,"Not Suspect of Alcohol Use, Not Suspect of Drug Use","Not Suspect of Alcohol Use, Not Suspect of Drug Use",3DEB0CC1-8837-4765-8FAF-6128C78AD984,Pedestrian,Cross/Enter Not at Intersection,Dart/Dash,Travel Lane Other Location,Yes,No Apparent Injury,None,39.18849316,-77.15759436,"(39.18849316, -77.15759436)"
MCP3079007B,250026687,MONTGOMERY,Injury Crash,06/15/2025 11:00:00 AM,County Route,MIDDLEBROOK RD,GERMANTOWN RD (SB/L),,,Cyclist (non-electric),Single Vehicle,Clear,Dry,Daylight,Traffic Control Signal,"Not Suspect of Alcohol Use, Not Suspect of Drug Use","Not Suspect of Alcohol Use, Not Suspect of Drug Use",53FD185B-6151-439C-91D7-5EB477FB26E8,Cyclist (non-electric),Cross/Enter at Intersection,None (No Improper Action),Intersection Marked Crosswalk,No,Possible Injury,None,39.17882657,-77.26751501,"(39.17882657, -77.26751501)"
MCP3163008T,250027815,MONTGOMERY,Injury Crash,06/13/2025 07:50:00 PM,Maryland (State) Route,UNIVERSITY BLVD W,DRUMM AVE,,,Pedestrian,Single Vehicle,Clear,Dry,Daylight,Pedestrian Crossing,"Unknown, Unknown","Not Suspect of Alcohol Use, Not Suspect of Drug Use",B2686BDB-A713-4F69-AD57-136D886079F5,Pedestrian,Cross/Enter at Intersection,None (No Improper Action),Intersection Marked Crosswalk,No,Suspected Minor Injury,None,39.03679314,-77.06147663,"(39.03679314, -77.06147663)"
MCP0617006Z,250027478,MONTGOMERY,Injury Crash,06/19/2025 01:00:00 PM,,,,Parking Lot Way        PARKING LOT OF 12028 CHERRY HILL RD SILVER SPRING MD (GIANT FOOD),,Pedestrian,Single Vehicle,Clear,,Daylight,,"Unknown, Unknown","Unknown, Unknown",7748D664-D24A-4507-BDEA-1E2481C55957,Pedestrian,None,None (No Improper Action),Other,No,Possible Injury,None,39.05467611,-76.95587864,"(39.05467611, -76.95587864)"
MCP25630023,250016562,MONTGOMERY,Fatal Crash,04/16/2025 12:48:00 PM,,,,Parking Aisle        PARKING LOT OF 515 DOVER RD,,Pedestrian,Other,Clear,,Daylight,,"Not Suspect of Alcohol Use, Not Suspect of Drug Use","Not Suspect of Alcohol Use, Not Suspect of Drug Use",2267B18C-99B8-48AE-BF19-98CFCA30FE0F,Pedestrian,Standing,None (No Improper Action),Other,No,Fatal Injury,None,39.096795,-77.1421295,"(39.096795, -77.1421295)"
MCP25630023,250016562,MONTGOMERY,Fatal Crash,04/16/2025 12:48:00 PM,,,,Parking Aisle        PARKING LOT OF 515 DOVER RD,,Pedestrian,Other,Clear,,Daylight,,"Not Suspect of Alcohol Use, Not Suspect of Drug Use","Not Suspect of Alcohol Use, Not Suspect of Drug Use",5EFF3589-FC31-47A4-B299-24CD29C18C49,Pedestrian,Standing,None (No Improper Action),Other,No,Suspected Serious Injury,None,39.096795,-77.1421295,"(39.096795, -77.1421295)"
MCP2845009M,250027921,MONTGOMERY,Injury Crash,06/23/2025 10:20:00 AM,County Route,DIXON AVE,WAYNE AVE,,,Scooter (electric),Single Vehicle,Clear,Dry,Daylight,Pedestrian Crossing Sign,"Unknown, Unknown","Not Suspect of Alcohol Use, Not Suspect of Drug Use",EA0A87E8-4891-4DB8-B2E6-879C46B9EEDD,Scooter (electric),Cross/Enter at Intersection,None (No Improper Action),Intersection Marked Crosswalk,No,Suspected Minor Injury,Helmet,38.99434464,-77.0279865,"(38.99434464, -77.0279865)"
MCP0617006Z,250027478,MONTGOMERY,Injury Crash,06/19/2025 01:00:00 PM,,,,Parking Lot Way        PARKING LOT OF 12028 CHERRY HILL RD SILVER SPRING MD (GIANT FOOD),,Pedestrian,Single Vehicle,Clear,,Daylight,,"Unknown, Unknown","Unknown, Not Suspect of Drug Use",5BC3DFA5-AB9A-43D7-A075-6AD3E78EDD8C,Pedestrian,Standing,None (No Improper Action),Other,No,Possible Injury,None,39.05467611,-76.95587864,"(39.05467611, -76.95587864)"
MCP3050006Q,250029827,MONTGOMERY,Injury Crash,07/04/2025 07:59:00 PM,Maryland (State) Route,GEORGIA AVE,,,,Pedestrian,Single Vehicle,Clear,Dry,Daylight,Traffic Control Signal,"Unknown, Unknown","Not Suspect of Alcohol Use, Not Suspect of Drug Use",0584C933-10C0-4EFF-A967-FF3E85BA0EDC,Pedestrian,Cross/Enter at Intersection,None (No Improper Action),Intersection Marked Crosswalk,No,Suspected Minor Injury,None,39.07767731,-77.07088914,"(39.07767731, -77.07088914)"
MCP2622004Y,250030600,MONTGOMERY,Injury Crash,07/09/2025 06:39:00 PM,,,,Parking Lot Way        PARKING LOT OF 10113 NEW HAMPSHIRE AVE,,Pedestrian,Single Vehicle,Rain,,Daylight,,"Not Suspect of Alcohol Use, Not Suspect of Drug Use","Not Suspect of Alcohol Use, Not Suspect of Drug Use",C69AF1D4-314B-4C82-B22A-67B672152AE0,Pedestrian,Cross/Enter at Intersection,Unknown,Intersection Marked Crosswalk,No,Possible Injury,None,39.02079749,-76.97548898,"(39.02079749, -76.97548898)"
MCP3090008N,250028837,MONTGOMERY,Injury Crash,06/28/2025 02:41:00 PM,County Route,CAPEHART DR,,,,Cyclist (non-electric),Single Vehicle,Clear,Dry,Daylight,No Controls,"Not Suspect of Alcohol Use, Not Suspect of Drug Use","Not Suspect of Alcohol Use, Not Suspect of Drug Use",8494996B-A767-4D83-8D33-E12278D8A1B8,Cyclist (non-electric),Walking/Cycling Along Roadway Against Traffic (In or Adjacent to Travel Lane),Other,Travel Lane Other Location,Yes,Possible Injury,Unknown,39.16776863,-77.21789662,"(39.16776863, -77.21789662)"
MCP3430000F,250029428,MONTGOMERY,Injury Crash,07/02/2025 02:19:00 PM,County Route,FENTON ST,,,,Pedestrian,Single Vehicle,Clear,Dry,Daylight,No Controls,"Not Suspect of Alcohol Use, Not Suspect of Drug Use","Not Suspect of Alcohol Use, Not Suspect of Drug Use",DEF0DD11-A0F1-4BD3-8585-8C47E1133CE9,Pedestrian,Cross/Enter Not at Intersection,"In Roadway Improperly (Standing, Lying, Working, Playing)",Travel Lane Other Location,No,Suspected Minor Injury,None,38.99191198,-77.02409793,"(38.99191198, -77.02409793)"
MCP33010037,250030983,MONTGOMERY,Property Damage Crash,07/11/2025 10:15:00 PM,County Route,NEW HAMPSHIRE AVE SER RD,,,,Pedestrian,Single Vehicle,Clear,Dry,Dark - Lighted,No Controls,"Unknown, Unknown","Not Suspect of Alcohol Use, Not Suspect of Drug Use",5E05F944-8B35-4218-95A6-078EE2F56901,Pedestrian,Getting Off/On Vehicle,Other,OffStreet Trails or Sidepaths,No,No Apparent Injury,None,39.01174409,-76.97866377,"(39.01174409, -76.97866377)"
MCP3050006P,250026441,MONTGOMERY,Injury Crash,06/13/2025 03:10:00 PM,Private Route,,,,,Cyclist (non-electric),Single Vehicle,Clear,Dry,Daylight,Stop Sign,"Unknown, Unknown","Not Suspect of Alcohol Use, Not Suspect of Drug Use",D4D68A3D-3E55-4531-B187-8D9E09A76A22,Cyclist (non-electric),Other,None (No Improper Action),Midblock Marked Crosswalk,No,Possible Injury,Unknown,39.10118898,-77.07573585,"(39.10118898, -77.07573585)"
MCP2863003V,250031100,MONTGOMERY,Injury Crash,07/12/2025 08:30:00 AM,Other Public Roadway,W WATKINS MILL RD (SB/L),RAMP 2 FR WATKINS MILL RD TO IS 270 NB,,,Cyclist (non-electric),Single Vehicle,Unknown,,Unknown,Traffic Control Signal,"Unknown, Unknown","Not Suspect of Alcohol Use, Not Suspect of Drug Use",553BC94C-8715-4D78-A96F-6C62ED7C136B,Cyclist (non-electric),Cross/Enter at Intersection,Unknown,Intersection Marked Crosswalk,No,Suspected Minor Injury,Unknown,39.15679255,-77.22479893,"(39.15679255, -77.22479893)"
DD56630025,250028444,ROCKVILLE,Injury Crash,06/26/2025 07:28:00 AM,Municipality Route,TOWER OAKS BLVD,,,,Cyclist (non-electric),Single Vehicle,Clear,Dry,Daylight,No Controls,"Not Suspect of Alcohol Use, Not Suspect of Drug Use","Not Suspect of Alcohol Use, Not Suspect of Drug Use",EFC78771-A2A8-43F2-AEFF-85DB0D185776,Cyclist (non-electric),Walking/Cycling Along Roadway With Traffic (In or Adjacent to Travel Lane),None (No Improper Action),OnStreet Buffered Bike Lanes,No,Possible Injury,Helmet,39.0568583,-77.1503252,"(39.0568583, -77.1503252)"
MCP34570016,250030925,MONTGOMERY,Injury Crash,07/11/2025 04:20:00 PM,Maryland (State) Route,,,,,Pedestrian,Single Vehicle,Clear,Dry,Daylight,Traffic Control Signal,"Unknown, Unknown","Not Suspect of Alcohol Use, Not Suspect of Drug Use",E55E8A13-6CA4-45E9-8CFA-70B86FC9F31D,Pedestrian,Cross/Enter at Intersection,Failure to Yield Right-Of-Way,Intersection Marked Crosswalk,No,Suspected Minor Injury,None,38.98759107,-77.02679645,"(38.98759107, -77.02679645)"
MCP3402003T,250030007,MONTGOMERY,Injury Crash,07/06/2025 06:59:00 AM,Ramp,RAMP 7 FR US 29 WB TO MD 650 SB,,,,Cyclist (non-electric),Single Vehicle,Clear,Dry,Daylight,No Controls,"Not Suspect of Alcohol Use, Not Suspect of Drug Use","Not Suspect of Alcohol Use, Not Suspect of Drug Use",1C93A1E7-373B-4894-B7D3-59270C72949B,Cyclist (non-electric),Cross/Enter at Intersection,None (No Improper Action),Intersection Marked Crosswalk,No,Suspected Serious Injury,Helmet,39.04416004,-76.99242322,"(39.04416004, -76.99242322)"
MCP312900CX,250027526,MONTGOMERY,Injury Crash,06/20/2025 04:03:00 PM,Ramp,RAMP 7 FR RANDOLPH RD WB TO MD 97 SB,,,,Pedestrian,Single Vehicle,Clear,Dry,Daylight,Traffic Control Signal,"Not Suspect of Alcohol Use, Not Suspect of Drug Use","Not Suspect of Alcohol Use, Not Suspect of Drug Use",73F8E6B0-A272-4DCD-A42C-BD4DBC4A00C9,Pedestrian,Cross/Enter at Intersection,None (No Improper Action),Intersection Marked Crosswalk,No,Possible Injury,None,39.05842167,-77.04959783,"(39.05842167, -77.04959783)"
MCP3414001X,250029254,MONTGOMERY,Injury Crash,07/01/2025 12:27:00 PM,County Route,FENTON ST,PHILADELPHIA AVE,,,Pedestrian,Single Vehicle,Clear,Dry,Daylight,No Controls,"Not Suspect of Alcohol Use, Not Suspect of Drug Use","Not Suspect of Alcohol Use, Not Suspect of Drug Use",3F3828C8-A462-45E9-8B83-BB608BEF0728,Pedestrian,Cross/Enter at Intersection,Unknown,Intersection Marked Crosswalk,No,Suspected Minor Injury,None,38.98885233,-77.023994,"(38.98885233, -77.023994)"
MCP93180043,250028717,MONTGOMERY,Property Damage Crash,06/27/2025 04:43:00 PM,Maryland (State) Route,,,,,Scooter (electric),Single Vehicle,Clear,Dry,Daylight,No Controls,"Not Suspect of Alcohol Use, Not Suspect of Drug Use","Not Suspect of Alcohol Use, Not Suspect of Drug Use",FA9D033D-BB45-4BF9-A534-27B06EDE1545,Scooter (electric),Other,None (No Improper Action),Driveway Access,No,No Apparent Injury,Unknown,38.99258765,-76.9929002,"(38.99258765, -76.9929002)"
DD57010003,250028402,ROCKVILLE,Injury Crash,06/25/2025 09:14:00 PM,Municipality Route,,,,,Pedestrian,Single Vehicle,Clear,Dry,Dark - Lighted,Traffic Control Signal,"Not Suspect of Alcohol Use, Not Suspect of Drug Use","Not Suspect of Alcohol Use, Not Suspect of Drug Use",AD70911D-7436-4D40-B2BC-20AD7B06C9E8,Pedestrian,Cross/Enter at Intersection,Unknown,Intersection Marked Crosswalk,No,Suspected Minor Injury,None,39.11550679,-77.16624081,"(39.11550679, -77.16624081)"
MCP3355001P,250027484,MONTGOMERY,Injury Crash,06/20/2025 12:18:00 PM,Maryland (State) Route,WAYNE AVE,GEORGIA AVE,,,Pedestrian,Single Vehicle,Clear,Dry,Daylight,Pedestrian Crossing Sign,"Not Suspect of Alcohol Use, Not Suspect of Drug Use","Not Suspect of Alcohol Use, Not Suspect of Drug Use",2ABCC134-FE5A-4B35-A393-955B43E6D6ED,Pedestrian,Cross/Enter at Intersection,None (No Improper Action),Intersection Marked Crosswalk,No,Suspected Minor Injury,None,38.99446385,-77.02660766,"(38.99446385, -77.02660766)"
MCP3381002P,250030808,MONTGOMERY,Injury Crash,07/10/2025 09:16:00 PM,Maryland (State) Route,,,,,Pedestrian,Single Vehicle,Clear,Dry,Dark - Lighted,No Controls,"Not Suspect of Alcohol Use, Not Suspect of Drug Use","Not Suspect of Alcohol Use, Not Suspect of Drug Use",CCD74FF4-A5BA-4E83-A0A4-386279475006,Pedestrian,Getting Off/On Vehicle,"In Roadway Improperly (Standing, Lying, Working, Playing)",Other,Yes,Suspected Minor Injury,None,39.22978775,-77.26801688,"(39.22978775, -77.26801688)"
MCP312900CW,250025829,MONTGOMERY,Property Damage Crash,06/10/2025 10:27:00 AM,Private Route,,,,,"Other Pedestrian (person in a building, skater, personal conveyance, etc.)",Single Vehicle,Clear,Dry,Daylight,No Controls,"Not Suspect of Alcohol Use, Not Suspect of Drug Use, Not Suspect of Alcohol Use, Not Suspect of Drug Use","Not Suspect of Alcohol Use, Not Suspect of Drug Use",2F8F658B-3406-4080-B74C-33F35C23A5C6,"Other Pedestrian (person in a building, skater, personal conveyance, etc.)",None,None (No Improper Action),Other,No,No Apparent Injury,None,39.09486797,-77.07085314,"(39.09486797, -77.07085314)"
MCP30310077,250029046,MONTGOMERY,Injury Crash,06/30/2025 08:40:00 AM,Other Public Roadway,HENDERSON CORNER RD,SENECA CROSSING DR,,,Pedestrian,Single Vehicle,Clear,Dry,Daylight,Flashing Traffic Control Signal,"Not Suspect of Alcohol Use, Not Suspect of Drug Use","Not Suspect of Alcohol Use, Not Suspect of Drug Use",EFDB1E21-4C6D-405C-8CCA-7C239306C1D8,Pedestrian,Cross/Enter at Intersection,None (No Improper Action),Intersection Marked Crosswalk,No,Possible Injury,None,39.20346683,-77.24442317,"(39.20346683, -77.24442317)"
MCP31700049,250030375,MONTGOMERY,Injury Crash,07/08/2025 12:40:00 PM,,,,Parking Lot Way        PARKING LOT OF 20924 FREDERICK RD,,Pedestrian,Single Vehicle,Clear,,Daylight,,"Unknown, Unknown","Not Suspect of Alcohol Use, Not Suspect of Drug Use",6CE3572A-718D-4F10-9B66-A97103E82103,Pedestrian,None,None (No Improper Action),Other,No,Suspected Minor Injury,None,39.20161376,-77.24961592,"(39.20161376, -77.24961592)"