Report Number,Local Case Number,Agency Name,ACRS Report Type,Crash Date/Time,Route Type,Road Name,Cross-Street Name,Off-Road Description,Municipality,Related Non-Motorist,Collision Type,Weather,Surface Condition,Light,Traffic Control,Driver Substance Abuse,Non-Motorist Substance Abuse,Person ID,Pedestrian Type,Pedestrian Movement,Pedestrian Actions,Pedestrian Location,At Fault,Injury Severity,Safety Equipment,Latitude,Longitude,Location
MCP320000GB,250028502,MONTGOMERY,Injury Crash,06/26/2025 12:38:00 PM,County Route,W CEDAR LA,OLD GEORGETOWN RD,,,Cyclist (non-electric),Single Vehicle,Clear,Dry,Daylight,Pedestrian Crossing,"Not Suspect of Alcohol Use, Not Suspect of Drug Use","Not Suspect of Alcohol Use, Not Suspect of Drug Use",90378BD4-4C3B-4369-AC59-477CBE45A38B,Cyclist (non-electric),Cross/Enter at Intersection,None (No Improper Action),Intersection Marked Crosswalk,No,Suspected Minor Injury,None,39.00454138,-77.11057708,"(39.00454138, -77.11057708)"
MCP263900HB,250031315,MONTGOMERY,Injury Crash,07/14/2025 09:43:00 AM,Maryland (State) Route,KEY WEST AVE (WB/L),,,,Cyclist (non-electric),Single Vehicle,Clear,Dry,Daylight,No Controls,"Not Suspect of Alcohol Use, Not Suspect of Drug Use","Not Suspect of Alcohol Use, Not Suspect of Drug Use",03499F59-FD10-4BFD-B88E-9EC5D93724D1,Cyclist (non-electric),Walking/Cycling on Sidewalk,None (No Improper Action),Driveway Access,Yes,Possible Injury,Helmet,39.10562749,-77.1990546,"(39.10562749, -77.1990546)"
DD56440046,250028765,ROCKVILLE,Injury Crash,06/27/2025 09:37:00 PM,Municipality Route,WOOTTON PKWY (EB/L),,,,Pedestrian,Single Vehicle,Rain,Wet,Dark - Not Lighted,No Controls,"Unknown, Unknown","Not Suspect of Alcohol Use, Not Suspect of Drug Use",B3D863FE-E4DD-4220-BCB4-4A9D5A82236A,Pedestrian,Cross/Enter Not at Intersection,"In Roadway Improperly (Standing, Lying, Working, Playing)",Travel Lane Other Location,Yes,Possible Injury,None,39.0690078,-77.16899209,"(39.0690078, -77.16899209)"
DD5674001K,250029139,ROCKVILLE,Injury Crash,06/30/2025 05:17:00 PM,Municipality Route,,,,,Pedestrian,Single Vehicle,Cloudy,Dry,Daylight,No Controls,"Not Suspect of Alcohol Use, Not Suspect of Drug Use","Not Suspect of Alcohol Use, Not Suspect of Drug Use",3D4AFB25-4696-4715-A771-353478509F60,Pedestrian,Cross/Enter Not at Intersection,Dart/Dash,Shared Lane Markings),Yes,Suspected Minor Injury,None,39.0608502,-77.13035406,"(39.0608502, -77.13035406)"
EJ79050039,250028695,GAITHERSBURG,Injury Crash,06/27/2025 03:09:00 PM,Other Public Roadway,W WATKINS MILL RD,,,,Scooter (electric),Single Vehicle,Cloudy,Dry,Daylight,Traffic Control Signal,"Not Suspect of Alcohol Use, Not Suspect of Drug Use","Not Suspect of Alcohol Use, Not Suspect of Drug Use",2BFA19FB-6CB5-428C-B91B-6AC32FC87F68,Scooter (electric),Cross/Enter at Intersection,"Failure to Obey Traffic Signs, Signals, or Officer",Intersection Marked Crosswalk,Yes,Possible Injury,None,39.15916637,-77.21933489,"(39.15916637, -77.21933489)"
MCP3387002W,250031067,MONTGOMERY,Injury Crash,07/12/2025 02:00:00 PM,Spur,,NEW HAMPSHIRE AVE (SB/L),,,Cyclist (non-electric),Single Vehicle,Cloudy,Dry,Daylight,Traffic Control Signal,"Not Suspect of Alcohol Use, Not Suspect of Drug Use","Not Suspect of Alcohol Use, Not Suspect of Drug Use",72966FEE-57FC-44B7-9A4A-855C4035A197,Cyclist (non-electric),Cross/Enter at Intersection,None (No Improper Action),Intersection Marked Crosswalk,No,Suspected Minor Injury,None,39.0394784,-76.99073258,"(39.0394784, -76.99073258)"
MCP308600BX,250029362,MONTGOMERY,Injury Crash,07/02/2025 08:00:00 AM,,,,Parking Lot Way        PARKING LOT OF 20926 FREDERICK  RD GERMANTOWN MD 20874,,Pedestrian,Single Vehicle,Cloudy,,Daylight,,"Not Suspect of Alcohol Use, Not Suspect of Drug Use","Not Suspect of Alcohol Use, Not Suspect of Drug Use",B0C71B40-686D-4EDE-A8A9-B270544FB132,Pedestrian,None,None (No Improper Action),NonTrafficway Area,No,Suspected Minor Injury,None,39.20260479,-77.24906207,"(39.20260479, -77.24906207)"
MCP3051008N,250029851,MONTGOMERY,Injury Crash,07/04/2025 10:50:00 PM,Maryland (State) Route,ROCKVILLE PIKE,,,,Scooter (electric),Single Vehicle,Clear,Dry,Dark - Not Lighted,Traffic Control Signal,"Not Suspect of Alcohol Use, Not Suspect of Drug Use","Not Suspect of Alcohol Use, Not Suspect of Drug Use",1FD5E0B6-E039-4046-913B-F75E53650ED9,Scooter (electric),Walking/Cycling Along Roadway With Traffic (In or Adjacent to Travel Lane),None (No Improper Action),Other,No,Possible Injury,"Helmet, Lighting, Protective Pads (elbows, knees, shins, etc.)",39.02278767,-77.10275583,"(39.02278767, -77.10275583)"
MCP3446000G,250028327,MONTGOMERY,Injury Crash,06/25/2025 12:40:00 PM,County Route,MACDUFF AVE,,,,Pedestrian,Single Vehicle,Clear,Dry,Daylight,No Controls,"Not Suspect of Alcohol Use, Not Suspect of Drug Use","Not Suspect of Alcohol Use, Not Suspect of Drug Use",3024B830-7141-4AD4-A590-5B68680D76E8,Pedestrian,Other Working,"In Roadway Improperly (Standing, Lying, Working, Playing)",Travel Lane Other Location,Yes,Suspected Minor Injury,None,39.1422912,-77.0888234,"(39.1422912, -77.0888234)"
HA25560006,25001318,MCPARK,Injury Crash,07/03/2025 10:20:00 AM,Bicycle Route,,CAPITAL CRESCENT TR LITTLE FALLS PKWY (NB/L),,,Pedestrian,Single Vehicle,Clear,Dry,Daylight,Pedestrian Crossing Sign,"Not Suspect of Alcohol Use, Not Suspect of Drug Use","Not Suspect of Alcohol Use, Not Suspect of Drug Use",014E46E9-8B8A-44A4-BF6D-9CF109BAB83C,Pedestrian,Cross/Enter Not at Intersection,"Dart/Dash, Failure to Obey Traffic Signs, Signals, or Officer",Midblock Marked Crosswalk,No,Possible Injury,None,38.9734963,-77.10115123,"(38.9734963, -77.10115123)"
MCP3376002C,250028348,MONTGOMERY,Injury Crash,06/25/2025 02:30:00 PM,,,,Parking Lot Way        PARKING LOT AROUND 2100  MC MAHON RD,,Cyclist (non-electric),Single Vehicle,Clear,,Daylight,,"Not Suspect of Alcohol Use, Not Suspect of Drug Use","Not Suspect of Alcohol Use, Not Suspect of Drug Use",3C121593-3436-4534-B261-9E02A3B63BDA,Cyclist (non-electric),Walking/Cycling Along Roadway With Traffic (In or Adjacent to Travel Lane),Unknown,Unknown,Yes,Possible Injury,Unknown,39.03323854,-77.04179831,"(39.03323854, -77.04179831)"
MCP1227002B,250030119,MONTGOMERY,Fatal Crash,07/06/2025 09:36:00 PM,Maryland (State) Route,VEIRS MILL RD (WB/L),,,,Pedestrian,Single Vehicle,Clear,Dry,Dark - Lighted,Intersection Ahead Warning Sign,"Not Suspect of Alcohol Use, Not Suspect of Drug Use","Not Suspect of Alcohol Use, Not Suspect of Drug Use",75AEF960-E76D-4EE9-A7F0-B03213E9D728,Pedestrian,Cross/Enter Not at Intersection,Unknown,Travel Lane Other Location,No,Fatal Injury,None,39.04183488,-77.05875871,"(39.04183488, -77.05875871)"
MCP3455000T,250030230,MONTGOMERY,Property Damage Crash,06/30/2025 04:10:00 PM,Maryland (State) Route,UNIVERSITY BLVD W (WB/L),SLIGO CREEK PKWY,,,Cyclist (non-electric),Single Vehicle,Clear,Dry,Daylight,Traffic Control Signal,"Unknown, Unknown","Not Suspect of Alcohol Use, Not Suspect of Drug Use",2E9673CC-A9F2-4053-84E2-6F656C0BE1F6,Cyclist (non-electric),Cross/Enter at Intersection,None (No Improper Action),Intersection Marked Crosswalk,No,No Apparent Injury,Helmet,39.03661471,-77.03049065,"(39.03661471, -77.03049065)"
MCP3387002T,250030033,MONTGOMERY,Injury Crash,07/06/2025 11:36:00 AM,,,,Parking Lot Way        FORCEY BIBLE CHURCH PARKING LOT,,Pedestrian,Single Vehicle,Clear,,Daylight,,"Not Suspect of Alcohol Use, Not Suspect of Drug Use","Not Suspect of Alcohol Use, Not Suspect of Drug Use",FB9697BC-A29F-4223-92F2-55BE1EB1D53B,Pedestrian,Standing,None (No Improper Action),Other,No,Suspected Minor Injury,None,39.06436898,-76.96644317,"(39.06436898, -76.96644317)"
MCP24660069,250031122,MONTGOMERY,Injury Crash,07/12/2025 08:02:00 PM,Local Route,GLENSTONE BLDG 6 7 8 ENT,GLEN RD,,,Cyclist (Electric),Single Vehicle,Clear,Dry,Daylight,No Controls,"Not Suspect of Alcohol Use, Not Suspect of Drug Use","Not Suspect of Alcohol Use, Not Suspect of Drug Use",A08ACFE8-8D65-429C-9D9A-D5A17689C739,Cyclist (Electric),Walking/Cycling Along Roadway With Traffic (In or Adjacent to Travel Lane),None (No Improper Action),Travel Lane Other Location,No,Possible Injury,Helmet,39.06304122,-77.25090093,"(39.06304122, -77.25090093)"
MCP2723009Q,250031783,MONTGOMERY,Injury Crash,07/16/2025 04:20:00 PM,County Route,BONIFANT RD,ALDERTON RD,,,Cyclist (non-electric),Single Vehicle,Clear,Dry,Daylight,No Controls,"Not Suspect of Alcohol Use, Not Suspect of Drug Use","Not Suspect of Alcohol Use, Not Suspect of Drug Use",48CD0EA6-DF86-458A-87DE-5FAF885300E0,Cyclist (non-electric),Walking/Cycling Along Roadway With Traffic (In or Adjacent to Travel Lane),None (No Improper Action),Shoulder/Roadside,No,Suspected Minor Injury,None,39.09349827,-77.0358374,"(39.09349827, -77.0358374)"
DM8505002M,250032290,TAKOMA,Injury Crash,07/19/2025 05:58:00 PM,,,,"Parking Lot Way        IN THE PARKING LOT INFRONT OF 1159 UNIVERISTY BLVD E, TAKOMA PARK, MD, 20912",,Pedestrian,Single Vehicle,Rain,,Daylight,,"Unknown, Unknown","Unknown, Unknown",A7631801-670E-4629-BEDD-5703059FDFCB,Pedestrian,Cross/Enter Not at Intersection,Unknown,Travel Lane Other Location,No,Suspected Minor Injury,None,38.98892033,-76.9892315,"(38.98892033, -76.9892315)"
MCP2181005L,250032210,MONTGOMERY,Fatal Crash,07/18/2025 10:34:00 PM,County Route,TECH RD,COLUMBIA PIKE,,,Pedestrian,Single Vehicle,Clear,Dry,Dark - Lighted,Traffic Control Signal,"Not Suspect of Alcohol Use, Not Suspect of Drug Use","Unknown, Unknown",1E55E042-9BD2-4B1E-8016-A1D662B67340,Pedestrian,Cross/Enter at Intersection,Dart/Dash,Intersection Marked Crosswalk,No,Fatal Injury,None,39.05785436,-76.9683232,"(39.05785436, -76.9683232)"
MCP3409000S,250030829,MONTGOMERY,Injury Crash,07/10/2025 11:27:00 PM,,,,Parking Lot Way        THE EXIT OF THE MCDONALDS PARKING LOT. TURNING RIGHT INTO MONTGOMERY VILLAGE AVE.,,Pedestrian,Single Vehicle,Clear,,Dark - Lighted,,,"Not Suspect of Alcohol Use, Not Suspect of Drug Use",E1640745-B479-4D35-8695-9B80861FD999,Pedestrian,Walking/Cycling on Sidewalk,Unknown,Sidewalk,No,Suspected Minor Injury,None,39.17341239,-77.20404577,"(39.17341239, -77.20404577)"
MCP3292002N,250032316,MONTGOMERY,Injury Crash,07/19/2025 09:15:00 PM,County Route,WASHINGTON GROVE LA,TOWNE CREST DR,,,Pedestrian,Single Vehicle,Clear,Dry,Dark - Lighted,No Controls,"Unknown, Unknown","Not Suspect of Alcohol Use, Not Suspect of Drug Use",DA2BD773-5AA4-4D25-A83B-91830D776434,Pedestrian,Cross/Enter at Intersection,None (No Improper Action),Intersection Marked Crosswalk,No,Possible Injury,None,39.14392255,-77.17326456,"(39.14392255, -77.17326456)"
MCP3463000R,250031478,MONTGOMERY,Injury Crash,07/15/2025 08:00:00 AM,,,,Driveway        DRIVEWAY OF 8041 SNOUFFER SCHOOL RD,,Pedestrian,Single Vehicle,Clear,,Daylight,,"Not Suspect of Alcohol Use, Not Suspect of Drug Use","Not Suspect of Alcohol Use, Not Suspect of Drug Use",275A5D15-D5FC-4306-81DA-32D36ABE691B,Pedestrian,Standing,Other,Driveway Access,Yes,Suspected Minor Injury,None,39.16127691,-77.16340414,"(39.16127691, -77.16340414)"
MCP3407001C,250032308,MONTGOMERY,Injury Crash,07/19/2025 09:00:00 PM,Maryland (State) Route,FREDERICK RD (SB/L),GERMANTOWN RD,,,Pedestrian,Unknown,Clear,Dry,Dark - Lighted,Traffic Control Signal,"Not Suspect of Alcohol Use, Not Suspect of Drug Use","Not Suspect of Alcohol Use, Not Suspect of Drug Use",56B7C81C-0602-453F-996A-C58791D80F7B,Pedestrian,Cross/Enter at Intersection,None (No Improper Action),Intersection Marked Crosswalk,No,Suspected Minor Injury,None,39.19208084,-77.24268448,"(39.19208084, -77.24268448)"
MCP26350092,250031694,MONTGOMERY,Fatal Crash,07/16/2025 10:40:00 AM,Maryland (State) Route,CONNECTICUT AVE,,,,Pedestrian,Single Vehicle,Clear,Dry,Daylight,No Controls,"Not Suspect of Alcohol Use, Not Suspect of Drug Use","Unknown, Unknown",EF2DB3A6-CD77-4C6F-9580-F4BC63AD282F,Pedestrian,Walking/Cycling on Sidewalk,Unknown,Driveway Access,No,Fatal Injury,None,39.03030919,-77.07557466,"(39.03030919, -77.07557466)"
MCP3473000B,250031836,MONTGOMERY,Injury Crash,07/16/2025 09:52:00 PM,Maryland (State) Route,UNIVERSITY BLVD E,,,,Pedestrian,Single Vehicle,Rain,Wet,Dark - Lighted,Traffic Control Signal,"Not Suspect of Alcohol Use, Not Suspect of Drug Use","Not Suspect of Alcohol Use, Not Suspect of Drug Use",5513E85C-44E0-431E-B432-41324FDECC00,Pedestrian,Cross/Enter at Intersection,None (No Improper Action),Intersection Marked Crosswalk,No,Suspected Minor Injury,None,39.01204766,-77.00263386,"(39.01204766, -77.00263386)"
DD56900006,250032304,ROCKVILLE,Injury Crash,07/19/2025 08:44:00 PM,Maryland (State) Route,HUNGERFORD DR (SB/L),,,,Pedestrian,Single Vehicle,Clear,Wet,Dark - Lighted,Traffic Control Signal,"Not Suspect of Alcohol Use, Not Suspect of Drug Use","Not Suspect of Alcohol Use, Not Suspect of Drug Use",D0C91B19-258D-4A94-B3B0-B5E221FA9418,Pedestrian,None,Failure to Yield Right-Of-Way,Shoulder/Roadside,Yes,Suspected Minor Injury,None,39.09408637,-77.15340161,"(39.09408637, -77.15340161)"
MCP30660031,250032928,MONTGOMERY,Injury Crash,07/23/2025 09:35:00 PM,County Route,WOODMONT AVE,,,,Pedestrian,Single Vehicle,Clear,Dry,Dark - Lighted,Traffic Control Signal,"Not Suspect of Alcohol Use, Not Suspect of Drug Use","Not Suspect of Alcohol Use, Not Suspect of Drug Use",105A1B46-31C1-48AB-986C-52DF9BBBE081,Pedestrian,Standing,"In Roadway Improperly (Standing, Lying, Working, Playing)",Other,No,Suspected Serious Injury,None,38.98407173,-77.09624639,"(38.98407173, -77.09624639)"
MCP3050006T,250032542,MONTGOMERY,Property Damage Crash,07/21/2025 05:14:00 PM,Maryland (State) Route,GEORGIA AVE (SB/L),HEATHFIELD RD,,,Cyclist (non-electric),Single Vehicle,Clear,Dry,Daylight,Traffic Control Signal,"Not Suspect of Alcohol Use, Not Suspect of Drug Use","Not Suspect of Alcohol Use, Not Suspect of Drug Use",5FA76DF2-E135-4D6A-80EF-B34C35D85FB2,Cyclist (non-electric),Cross/Enter at Intersection,None (No Improper Action),Intersection Marked Crosswalk,No,No Apparent Injury,None,39.08761658,-77.0797224,"(39.08761658, -77.0797224)"
MCP30850068,250033379,MONTGOMERY,Injury Crash,07/26/2025 08:56:00 PM,Maryland (State) Route,,,,,Scooter (electric),Single Vehicle,Clear,Dry,Dark - Not Lighted,No Controls,"Not Suspect of Alcohol Use, Not Suspect of Drug Use","Unknown, Unknown",584E2004-8769-434F-83D1-A61D1939910A,Scooter (electric),Unknown,Unknown,Intersection Marked Crosswalk,No,Suspected Serious Injury,None,38.99546615,-77.04233931,"(38.99546615, -77.04233931)"
MCP3444000P,250032875,MONTGOMERY,Injury Crash,07/23/2025 03:02:00 PM,Maryland (State) Route,,,,,Pedestrian,Angle,Clear,Dry,Daylight,Traffic Control Signal,"Not Suspect of Alcohol Use, Not Suspect of Drug Use, Not Suspect of Alcohol Use, Not Suspect of Drug Use","Not Suspect of Alcohol Use, Not Suspect of Drug Use",2ED238E5-10DB-44C2-9D0D-DB15CF700DF4,Pedestrian,Standing,None (No Improper Action),Sidewalk,No,Possible Injury,None,38.99817821,-77.00371955,"(38.99817821, -77.00371955)"
MCP285300B9,250033040,MONTGOMERY,Property Damage Crash,07/24/2025 04:12:00 PM,,,,Parking Lot Way        SIDEWALK OF 10203 NEW HAMPSHIRE AVENUE,,Cyclist (Electric),Single Vehicle,Clear,,Daylight,,"Unknown, Unknown","Not Suspect of Alcohol Use, Not Suspect of Drug Use",38012B19-15F4-4473-98EA-6F0377647606,Cyclist (Electric),Walking/Cycling on Sidewalk,None (No Improper Action),Sidewalk,No,No Apparent Injury,None,39.02327833,-76.9779736,"(39.02327833, -76.9779736)"
MCP3126006V,250033242,MONTGOMERY,Property Damage Crash,07/25/2025 07:40:00 PM,,,,Driveway        FRONT YARD OF 26618 RIDGE ROAD,,Pedestrian,Single Vehicle,Clear,,Daylight,,"Unknown, Unknown","Not Suspect of Alcohol Use, Not Suspect of Drug Use",2B14638E-FFDA-4592-8B05-32AF9B485132,Pedestrian,None,None (No Improper Action),Driveway Access,No,No Apparent Injury,None,39.2931775,-77.20495534,"(39.2931775, -77.20495534)"
MCP2291008W,250033014,MONTGOMERY,Injury Crash,07/24/2025 01:43:00 PM,,,,Parking Aisle        PARKING LOT OF 7111 DEMOCRACY BOULEVARD (NORDSTROMS),,Pedestrian,Single Vehicle,Clear,,Daylight,,"Not Suspect of Alcohol Use, Not Suspect of Drug Use","Not Suspect of Alcohol Use, Not Suspect of Drug Use",29F63FA0-F2D3-449C-980B-C469F1BD694C,Pedestrian,Other,None (No Improper Action),Other,No,Suspected Minor Injury,None,39.02362743,-77.14408679,"(39.02362743, -77.14408679)"
MCP3444000P,250032875,MONTGOMERY,Injury Crash,07/23/2025 03:02:00 PM,Maryland (State) Route,,,,,Pedestrian,Angle,Clear,Dry,Daylight,Traffic Control Signal,"Not Suspect of Alcohol Use, Not Suspect of Drug Use, Not Suspect of Alcohol Use, Not Suspect of Drug Use","Not Suspect of Alcohol Use, Not Suspect of Drug Use",7B41805A-E737-482B-85EB-6D3CED217E67,Pedestrian,Standing,None (No Improper Action),Sidewalk,No,Possible Injury,None,38.99817821,-77.00371955,"(38.99817821, -77.00371955)"
MCP3372003Q,250031691,MONTGOMERY,Property Damage Crash,07/16/2025 10:23:00 AM,Maryland (State) Route,OLNEY SANDY SPRING RD,,,,Cyclist (non-electric),Single Vehicle,Clear,Dry,Daylight,No Controls,"Not Suspect of Alcohol Use, Not Suspect of Drug Use","Not Suspect of Alcohol Use, Not Suspect of Drug Use",120A4BA0-FC26-4744-A348-B9895E95A989,Cyclist (non-electric),Other,"Improper Passing, Improper Turn/Merge), Other",Travel Lane Other Location,Yes,No Apparent Injury,"Helmet, Other, Reflectors",39.14604634,-77.04999823,"(39.14604634, -77.04999823)"
MCP22700051,250033704,MONTGOMERY,Injury Crash,07/29/2025 09:45:00 AM,County Route,MACARTHUR BLVD,ERICSSON RD,,,Cyclist (non-electric),Single Vehicle,Clear,Dry,Daylight,Stop Sign,"Not Suspect of Alcohol Use, Not Suspect of Drug Use","Not Suspect of Alcohol Use, Not Suspect of Drug Use",A79BC201-DD05-4B6A-B325-E5662A969302,Cyclist (non-electric),Cross/Enter at Intersection,Failure to Yield Right-Of-Way,Intersection Marked Crosswalk,Yes,Suspected Minor Injury,Helmet,38.97280562,-77.1525608,"(38.97280562, -77.1525608)"
MCP3243001X,250034283,MONTGOMERY,Injury Crash,08/01/2025 02:35:00 PM,Maryland (State) Route,EAST WEST HWY,,,,Cyclist (Electric),Single Vehicle,Cloudy,Dry,Daylight,No Controls,"Not Suspect of Alcohol Use, Not Suspect of Drug Use","Not Suspect of Alcohol Use, Not Suspect of Drug Use",3D96B804-B099-4761-8E3C-965A2C5A3000,Cyclist (Electric),Walking/Cycling Along Roadway With Traffic (In or Adjacent to Travel Lane),None (No Improper Action),Shoulder/Roadside,No,Suspected Minor Injury,None,38.98704833,-77.08403,"(38.98704833, -77.08403)"
MCP32210047,250034138,MONTGOMERY,Injury Crash,07/31/2025 03:22:00 PM,Municipality Route,W KERSEY LA,FALLS RD KERSEY LA,,,Cyclist (non-electric),Single Vehicle,Rain,Wet,Daylight,Traffic Control Signal,"Not Suspect of Alcohol Use, Not Suspect of Drug Use","Not Suspect of Alcohol Use, Not Suspect of Drug Use",87F8A79D-F784-4748-AE8B-5B601CF77D22,Cyclist (non-electric),Cross/Enter at Intersection,None (No Improper Action),Intersection Marked Crosswalk,No,Suspected Minor Injury,Helmet,39.06647462,-77.17413855,"(39.06647462, -77.17413855)"
MCP1534001H,250033739,MONTGOMERY,Property Damage Crash,07/29/2025 12:20:00 PM,Maryland (State) Route,RIDGE RD (SB/L),,,,Occupant Of a Non-Motor Vehicle Transportation Device,Single Vehicle,Clear,Dry,Daylight,No Controls,"Not Suspect of Alcohol Use, Not Suspect of Drug Use","Not Suspect of Alcohol Use, Not Suspect of Drug Use",B48E66DA-1B0E-4820-BB2F-58AB3F1D15D3,Occupant Of a Non-Motor Vehicle Transportation Device,Walking/Cycling on Sidewalk,None (No Improper Action),Driveway Access,No,No Apparent Injury,None,39.2865527,-77.20846614,"(39.2865527, -77.20846614)"
MCP3136007M,250033171,MONTGOMERY,Injury Crash,07/25/2025 01:27:00 PM,County Route,SECOND AVE (NB/L),,,,Pedestrian,Single Vehicle,Clear,Dry,Daylight,Pedestrian Crossing Sign,"Not Suspect of Alcohol Use, Not Suspect of Drug Use","Not Suspect of Alcohol Use, Not Suspect of Drug Use",F597FA52-EC30-4D17-8151-B3DB2476FE5F,Pedestrian,Cross/Enter at Intersection,None (No Improper Action),Intersection Marked Crosswalk,No,Suspected Minor Injury,None,38.99486117,-77.03063183,"(38.99486117, -77.03063183)"
MCP06170072,250034392,MONTGOMERY,Injury Crash,08/01/2025 09:11:00 AM,County Route,HOWARD CHAPEL RD,SUNDOWN RD,,,Cyclist (non-electric),Single Vehicle,Clear,Dry,Daylight,No Controls,"Not Suspect of Alcohol Use, Not Suspect of Drug Use","Not Suspect of Alcohol Use, Not Suspect of Drug Use",F06D7190-A374-44B0-9EA1-E990E1F2047C,Cyclist (non-electric),Walking/Cycling Along Roadway With Traffic (In or Adjacent to Travel Lane),Improper Turn/Merge),Shoulder/Roadside,No,Suspected Serious Injury,"Helmet, Reflectors",39.22375411,-77.07725625,"(39.22375411, -77.07725625)"
MCP27610077,250034085,MONTGOMERY,Injury Crash,07/31/2025 10:04:00 AM,County Route,RIDGE RD,OBSERVATION DR (SB/L),,,Cyclist (non-electric),Single Vehicle,Cloudy,Dry,Daylight,Traffic Control Signal,"Not Suspect of Alcohol Use, Not Suspect of Drug Use","Not Suspect of Alcohol Use, Not Suspect of Drug Use",C55724A6-4389-4AF1-BDC8-52E496826F0B,Cyclist (non-electric),Cross/Enter at Intersection,None (No Improper Action),Intersection Marked Crosswalk,No,Suspected Minor Injury,None,39.20194144,-77.25339824,"(39.20194144, -77.25339824)"
MCP22700052,250033979,MONTGOMERY,Injury Crash,07/30/2025 03:10:00 PM,,,,Parking Lot Way        PARKING LOT OF FACILITY,,Pedestrian,Single Vehicle,Clear,,Daylight,,"Not Suspect of Alcohol Use, Not Suspect of Drug Use","Not Suspect of Alcohol Use, Not Suspect of Drug Use",E33011DA-4847-450C-89E7-F7BC83F2F7CC,Pedestrian,Other,Unknown,Other,No,Suspected Minor Injury,None,39.0396768,-77.158239,"(39.0396768, -77.158239)"