Report Number,Local Case Number,Agency Name,ACRS Report Type,Crash Date/Time,Route Type,Road Name,Cross-Street Name,Off-Road Description,Municipality,Related Non-Motorist,Collision Type,Weather,Surface Condition,Light,Traffic Control,Driver Substance Abuse,Non-Motorist Substance Abuse,Person ID,Pedestrian Type,Pedestrian Movement,Pedestrian Actions,Pedestrian Location,At Fault,Injury Severity,Safety Equipment,Latitude,Longitude,Location
MCP33620062,250036583,MONTGOMERY,Injury Crash,08/16/2025 12:03:00 PM,,,,"Driveway        EXIT OF BLAIR HIGH SCHOOL, ONTO COLESVILLE ROAD NORTHBOUND AT CROSSWALK",,Cyclist (non-electric),Single Vehicle,Clear,,Daylight,,"Unknown, Unknown","Not Suspect of Alcohol Use, Not Suspect of Drug Use",B46D3E18-094C-4702-813C-5432F0D072A7,Cyclist (non-electric),Cross/Enter at Intersection,None (No Improper Action),Intersection Marked Crosswalk,No,Suspected Minor Injury,Helmet,39.01901441,-77.01364108,"(39.01901441, -77.01364108)"
MCP2968005X,250037708,MONTGOMERY,Injury Crash,08/23/2025 11:50:00 AM,Maryland (State) Route,ROCKVILLE PIKE (SB/L),,,,Pedestrian,Single Vehicle,Clear,Dry,Daylight,Stop Sign,"Not Suspect of Alcohol Use, Not Suspect of Drug Use","Not Suspect of Alcohol Use, Not Suspect of Drug Use",477EDA0C-B31B-4B6C-A96D-0B01C3A9B8A1,Pedestrian,Walking/Cycling on Sidewalk,None (No Improper Action),Sidewalk,No,Suspected Minor Injury,None,39.05846583,-77.12126533,"(39.05846583, -77.12126533)"
MCP3230007H,250037215,MONTGOMERY,Injury Crash,08/20/2025 02:20:00 PM,County Route,ASPEN HILL RD,,,,Cyclist (Electric),Single Vehicle,Clear,Dry,Daylight,Pedestrian Crossing Sign,"Not Suspect of Alcohol Use, Not Suspect of Drug Use","Not Suspect of Alcohol Use, Not Suspect of Drug Use",2109CCA7-D98C-4E79-A4AE-BF746E1794E0,Cyclist (Electric),Cross/Enter at Intersection,Other,Intersection Marked Crosswalk,Yes,Suspected Minor Injury,None,39.08021635,-77.08034069,"(39.08021635, -77.08034069)"
MCP284600BN,250037004,MONTGOMERY,Injury Crash,08/19/2025 09:50:00 AM,County Route,GRAND PRE RD,,,,Pedestrian,Single Vehicle,Rain,Wet,Daylight,No Controls,"Not Suspect of Alcohol Use, Not Suspect of Drug Use","Not Suspect of Alcohol Use, Not Suspect of Drug Use",4885F982-64E5-4AB8-AA78-C03D9FF786F8,Pedestrian,Cross/Enter Not at Intersection,Dart/Dash,Intersection Unmarked Crosswalk,No,Suspected Minor Injury,None,39.09273383,-77.07647,"(39.09273383, -77.07647)"
EJ7907002D,250037791,GAITHERSBURG,Injury Crash,08/23/2025 09:45:00 PM,Maryland (State) Route,FREDERICK RD (SB/L),,,,Pedestrian,Single Vehicle,Clear,Dry,Dark - Not Lighted,Traffic Control Signal,"Not Suspect of Alcohol Use, Not Suspect of Drug Use","Not Suspect of Alcohol Use, Not Suspect of Drug Use",57326244-706F-4CAA-AF30-C99C8747D89B,Pedestrian,Cross/Enter at Intersection,None (No Improper Action),Intersection Other,No,Suspected Serious Injury,None,39.12290102,-77.17826828,"(39.12290102, -77.17826828)"
MCP9379005P,250037328,MONTGOMERY,Injury Crash,08/21/2025 08:50:00 AM,Bicycle Route,,BALTIMORE RD,,,Pedestrian,Single Vehicle,Rain,Wet,Daylight,Pedestrian Crossing Sign,"Not Suspect of Alcohol Use, Not Suspect of Drug Use","Not Suspect of Alcohol Use, Not Suspect of Drug Use",BF3B5E69-B983-436C-AFE4-18AE23DA34BF,Pedestrian,Walking/Cycling Along Roadway Against Traffic (In or Adjacent to Travel Lane),None (No Improper Action),Intersection Marked Crosswalk,No,Suspected Minor Injury,None,39.09073675,-77.11498471,"(39.09073675, -77.11498471)"
MCP2181005M,250037163,MONTGOMERY,Fatal Crash,08/20/2025 07:34:00 AM,Maryland (State) Route,FREDERICK RD (SB/L),,,,Pedestrian,Single Vehicle,Rain,Wet,Daylight,Traffic Control Signal,"Not Suspect of Alcohol Use, Not Suspect of Drug Use","Unknown, Unknown",FC32F240-29F9-4D7D-B15A-03A45DDB61A3,Pedestrian,Cross/Enter Not at Intersection,Dart/Dash,Travel Lane Other Location,No,Fatal Injury,None,39.20404173,-77.24598275,"(39.20404173, -77.24598275)"
MCP94190064,250038671,MONTGOMERY,Property Damage Crash,08/28/2025 03:55:00 PM,County Route,MELINDA LA,WOODCREST DR,,,Pedestrian,Single Vehicle,Clear,Dry,Daylight,Stop Sign,"Not Suspect of Alcohol Use, Not Suspect of Drug Use","Not Suspect of Alcohol Use, Not Suspect of Drug Use",BA48F25C-E1BF-4EAE-BA76-64A77FD79F61,Pedestrian,Cross/Enter Not at Intersection,Dart/Dash,Other,No,No Apparent Injury,None,39.09462457,-77.09825856,"(39.09462457, -77.09825856)"
MCP34530011,250037735,MONTGOMERY,Property Damage Crash,08/23/2025 02:48:00 PM,,,,Parking Aisle        DRIVE THRU LANE OF MCDONALD'S,,Pedestrian,Single Vehicle,Clear,,Daylight,,"Unknown, Unknown","Not Suspect of Alcohol Use, Not Suspect of Drug Use",765B15D2-7522-4F91-B945-3B370569D903,Pedestrian,Other,None (No Improper Action),NonTrafficway Area,No,No Apparent Injury,None,39.08271911,-76.94718759,"(39.08271911, -76.94718759)"
DD5567009J,250037220,ROCKVILLE,Injury Crash,08/20/2025 02:26:00 PM,Municipality Route,ATLANTIC AVE (NB/L),VEIRS MILL RD,,,Pedestrian,Single Vehicle,Clear,Dry,Daylight,Traffic Control Signal,"Not Suspect of Alcohol Use, Not Suspect of Drug Use","Suspect of Alcohol Use, Unknown",F1DCAFFF-3C7D-4CF7-8BCA-DFA1923778B8,Pedestrian,Cross/Enter at Intersection,"Dart/Dash, Failure to Obey Traffic Signs, Signals, or Officer, Failure to Yield Right-Of-Way",Intersection Marked Crosswalk,Yes,Suspected Serious Injury,None,39.07500327,-77.11547905,"(39.07500327, -77.11547905)"
EJ7870007N,250038145,GAITHERSBURG,Injury Crash,08/26/2025 12:44:00 PM,,,,"Parking Lot Way        PARKING LOT, 305 METROPOLITAN GROVE WAY, GAITHERSBURG, MD",,Pedestrian,Single Vehicle,Clear,,Daylight,,"Not Suspect of Alcohol Use, Not Suspect of Drug Use","Not Suspect of Alcohol Use, Not Suspect of Drug Use",4375BC3F-60B8-4584-842C-8FDF1DCAFBA2,Pedestrian,Cross/Enter Not at Intersection,None (No Improper Action),Driveway Access,No,Possible Injury,None,39.14887541,-77.22342038,"(39.14887541, -77.22342038)"
MCP27560072,25003831,MONTGOMERY,Injury Crash,08/27/2025 05:02:00 PM,Maryland (State) Route,GEORGIA AVE (SB/L),,,,Pedestrian,Single Vehicle,Clear,Dry,Daylight,No Controls,"Not Suspect of Alcohol Use, Not Suspect of Drug Use","Not Suspect of Alcohol Use, Not Suspect of Drug Use",2491EB3E-2E88-4F6B-BCAB-0A93353093FB,Pedestrian,Cross/Enter Not at Intersection,Dart/Dash,Travel Lane Other Location,Yes,Suspected Minor Injury,None,39.02701719,-77.04685988,"(39.02701719, -77.04685988)"
MCP26080060,250038879,MONTGOMERY,Injury Crash,08/30/2025 04:55:00 PM,,,,Driveway        ON THE LAWN AREA  OF 3 KINGSMAN VIEW CIRCLE,,Pedestrian,Single Vehicle,Clear,,Daylight,,"Not Suspect of Alcohol Use, Not Suspect of Drug Use","Not Suspect of Alcohol Use, Not Suspect of Drug Use",30AB95C5-3B4B-402B-B5C2-03FCA4456088,Pedestrian,Walking/Cycling on Sidewalk,None (No Improper Action),Sidewalk,No,Possible Injury,None,39.0271419,-77.01138092,"(39.0271419, -77.01138092)"
MCP3171002S,250038977,MONTGOMERY,Injury Crash,08/31/2025 12:25:00 PM,,,,Dirt Road/Trail        IN THE FRONT LAWN ON THE SIDEWALK OF 18905 FOUNTAIN HILLS DRIVE GERMANTOWN MD 20874.,,Pedestrian,Unknown,Clear,,Daylight,,"Not Suspect of Alcohol Use, Not Suspect of Drug Use","Not Suspect of Alcohol Use, Not Suspect of Drug Use",37293092-3917-4939-A784-CE23E74791C2,Pedestrian,Other,None (No Improper Action),OffStreet Trails or Sidepaths,No,Suspected Serious Injury,None,39.16472295,-77.27516836,"(39.16472295, -77.27516836)"
MCP2783006Q,250036391,MONTGOMERY,Injury Crash,08/15/2025 12:47:00 AM,Maryland (State) Route,GEORGIA AVE,,,,Pedestrian,Single Vehicle,Clear,Dry,Dark - Lighted,No Controls,"Unknown, Unknown","Unknown, Unknown",70CF1386-DC54-466F-9285-A44E62452534,Pedestrian,Cross/Enter Not at Intersection,Other,Travel Lane Other Location,Yes,Suspected Serious Injury,None,39.06106726,-77.05213999,"(39.06106726, -77.05213999)"
DD5567009P,250038448,ROCKVILLE,Injury Crash,08/28/2025 08:38:00 AM,Municipality Route,W MONTGOMERY AVE,N ADAMS ST S ADAMS ST,,,Pedestrian,Single Vehicle,Clear,Dry,Daylight,No Controls,"Not Suspect of Alcohol Use, Not Suspect of Drug Use, Not Suspect of Alcohol Use, Not Suspect of Drug Use","Not Suspect of Alcohol Use, Not Suspect of Drug Use",B98DFF48-4783-4E02-8F27-197908EBE4D0,Pedestrian,Standing,None (No Improper Action),Sidewalk,No,Suspected Minor Injury,None,39.08414069,-77.15481496,"(39.08414069, -77.15481496)"
MCP320000GH,250037697,MONTGOMERY,Injury Crash,08/23/2025 10:28:00 AM,County Route,S GLEN RD,GLEN RD,,,Cyclist (non-electric),Single Vehicle,Clear,Dry,Daylight,No Controls,"Not Suspect of Alcohol Use, Not Suspect of Drug Use","Not Suspect of Alcohol Use, Not Suspect of Drug Use",910B9211-6B1A-4A17-A7B6-D352D6EFD159,Cyclist (non-electric),Walking/Cycling Along Roadway With Traffic (In or Adjacent to Travel Lane),None (No Improper Action),Travel Lane Other Location,No,Suspected Minor Injury,Helmet,39.04591437,-77.21718449,"(39.04591437, -77.21718449)"
MCP311100B4,250039588,MONTGOMERY,Injury Crash,09/04/2025 07:52:00 AM,County Route,,GLOXINIA DR,,,Pedestrian,Single Vehicle,Clear,Dry,Daylight,Traffic Control Signal,"Not Suspect of Alcohol Use, Not Suspect of Drug Use","Not Suspect of Alcohol Use, Not Suspect of Drug Use",ECABF6B4-69F7-40C0-B2D8-CA77679F259E,Pedestrian,Cross/Enter at Intersection,Dart/Dash,Intersection Marked Crosswalk,No,Possible Injury,None,39.03315271,-77.12136953,"(39.03315271, -77.12136953)"
DD5690000J,250040301,ROCKVILLE,Injury Crash,09/08/2025 03:07:00 PM,,,,Parking Lot Way        PARKING GARAGE ENTERING ROADWAY AT 33 MONROE STREET.,,Cyclist (non-electric),Single Vehicle,Clear,,Daylight,,"Not Suspect of Alcohol Use, Not Suspect of Drug Use","Not Suspect of Alcohol Use, Not Suspect of Drug Use",9EB55DF4-73F2-4947-A90B-496213D53DF6,Cyclist (non-electric),Walking/Cycling on Sidewalk,None (No Improper Action),Sidewalk,No,Possible Injury,None,39.08439812,-77.14907229,"(39.08439812, -77.14907229)"
MCP301000C1,250039420,MONTGOMERY,Injury Crash,09/03/2025 09:55:00 AM,County Route,LONE OAK DR,OLD GEORGETOWN RD (SB/L),,,Cyclist (non-electric),Single Vehicle,Clear,Dry,Daylight,No Controls,"Not Suspect of Alcohol Use, Not Suspect of Drug Use","Not Suspect of Alcohol Use, Not Suspect of Drug Use",8886F770-5BA0-4764-B789-3D67D2FF9934,Cyclist (non-electric),Walking/Cycling Along Roadway With Traffic (In or Adjacent to Travel Lane),None (No Improper Action),OnStreet Bike Lanes,No,Suspected Minor Injury,"Helmet, Protective Pads (elbows, knees, shins, etc.)",39.02078976,-77.12238712,"(39.02078976, -77.12238712)"
MCP2466006B,250038771,MONTGOMERY,Injury Crash,08/29/2025 07:28:00 PM,,,,Parking Aisle        PARKING LOT OF QUINCE ORCHARD HIGH SCHOOL 15800 QUINCE ORCHARD ROAD,,Pedestrian,Single Vehicle,Clear,,Daylight,,"Not Suspect of Alcohol Use, Not Suspect of Drug Use","Not Suspect of Alcohol Use, Not Suspect of Drug Use",61872D0F-301F-4D65-BF26-C857A5E54115,Pedestrian,Other,"Inattentive (Talking, Eating, etc.)",Travel Lane Other Location,Yes,Suspected Minor Injury,None,39.11658561,-77.25398011,"(39.11658561, -77.25398011)"
MCP301000C2,250040138,MONTGOMERY,Injury Crash,09/07/2025 02:00:00 PM,County Route,JONES MILL RD,COQUELIN TERR W COQUELIN TERR,,,Cyclist (non-electric),Single Vehicle,Clear,Dry,Daylight,No Controls,"Not Suspect of Alcohol Use, Not Suspect of Drug Use","Not Suspect of Alcohol Use, Not Suspect of Drug Use",422A11C9-F38D-4054-98AA-E7D7FAC419CA,Cyclist (non-electric),Walking/Cycling Along Roadway With Traffic (In or Adjacent to Travel Lane),None (No Improper Action),Shoulder/Roadside,No,Suspected Minor Injury,"Helmet, Protective Pads (elbows, knees, shins, etc.)",38.99735709,-77.06595076,"(38.99735709, -77.06595076)"
MCP2931008B,250040053,MONTGOMERY,Injury Crash,09/06/2025 07:06:00 PM,,,,Driveway        ENTRANCE T0 12266 ROCKVILLE PIKE,,Pedestrian,Single Vehicle,Clear,,Daylight,,"Not Suspect of Alcohol Use, Not Suspect of Drug Use","Not Suspect of Alcohol Use, Not Suspect of Drug Use",9BAF5733-EFC0-48E9-94AD-F81B0A21162B,Pedestrian,None,None (No Improper Action),Shoulder/Roadside,No,Possible Injury,None,39.05832948,-77.12230564,"(39.05832948, -77.12230564)"
MCP209400PL,250038291,MONTGOMERY,Injury Crash,08/27/2025 08:17:00 AM,Ramp,RAMP 8 FR IS 270Y SB TO DEMOCRACY BLVD,,,,Pedestrian,Single Vehicle,Clear,Dry,Daylight,Yield Sign,"Unknown, Unknown","Not Suspect of Alcohol Use, Not Suspect of Drug Use",CC5DF73E-E5A4-4FF9-BAB5-0255A84FF6CA,Pedestrian,Cross/Enter at Intersection,Dart/Dash,Intersection Marked Crosswalk,Yes,Possible Injury,None,39.02199223,-77.1447585,"(39.02199223, -77.1447585)"
MCP2182003N,250039204,MONTGOMERY,Injury Crash,09/02/2025 07:44:00 AM,County Route,,,,,Pedestrian,Single Vehicle,Clear,Dry,Daylight,Pedestrian Crossing,"Not Suspect of Alcohol Use, Not Suspect of Drug Use","Not Suspect of Alcohol Use, Not Suspect of Drug Use",F51A65DD-DF19-412A-9280-7D638E6F5307,Pedestrian,Cross/Enter at Intersection,Dart/Dash,Intersection Marked Crosswalk,No,Suspected Minor Injury,None,39.04123045,-76.98549347,"(39.04123045, -76.98549347)"
MCP2466006C,250038875,MONTGOMERY,Injury Crash,08/30/2025 04:23:00 PM,Maryland (State) Route,RIVER RD,RIVER RD SENECA RD,,,Cyclist (non-electric),Single Vehicle,Clear,Dry,Daylight,Stop Sign,"Not Suspect of Alcohol Use, Not Suspect of Drug Use","Not Suspect of Alcohol Use, Not Suspect of Drug Use",8B2EB3DC-E76E-419E-AA63-B184340C3670,Cyclist (non-electric),Walking/Cycling Along Roadway With Traffic (In or Adjacent to Travel Lane),None (No Improper Action),Travel Lane Other Location,No,Suspected Minor Injury,"Helmet, Reflectors",39.07882979,-77.32759602,"(39.07882979, -77.32759602)"
EJ78940067,250039196,GAITHERSBURG,Property Damage Crash,09/02/2025 05:02:00 AM,Ramp,RAMP 4 FR IS 270 NB TO WATKINS MILL RD,W WATKINS MILL RD,,,Cyclist (non-electric),Single Vehicle,Clear,Dry,Dark - Not Lighted,Traffic Control Signal,"Not Suspect of Alcohol Use, Not Suspect of Drug Use","Not Suspect of Alcohol Use, Not Suspect of Drug Use",1299D8AC-7C92-45A5-82F9-541B9197BD13,Cyclist (non-electric),Walking/Cycling on Sidewalk,None (No Improper Action),Intersection Marked Crosswalk,No,No Apparent Injury,Unknown,39.15671006,-77.22465824,"(39.15671006, -77.22465824)"
MCP30530097,250039545,MONTGOMERY,Injury Crash,09/03/2025 08:43:00 PM,,,,Private Road        SIDEWALK ENTERANCE,,Cyclist (non-electric),Single Vehicle,Clear,,Dark - Lighted,,"Not Suspect of Alcohol Use, Not Suspect of Drug Use","Not Suspect of Alcohol Use, Not Suspect of Drug Use",E3CDA1C6-90E0-481B-B7CF-AFE09209CA65,Cyclist (non-electric),None,None (No Improper Action),Other,No,Suspected Minor Injury,None,39.05584913,-77.04983793,"(39.05584913, -77.04983793)"
EJ786600GD,250040332,GAITHERSBURG,Injury Crash,09/08/2025 05:16:00 PM,,,,Parking Lot Way        842 MUDDY BRANCH RD,,Pedestrian,Single Vehicle,Clear,,Daylight,,"Not Suspect of Alcohol Use, Not Suspect of Drug Use","Not Suspect of Alcohol Use, Not Suspect of Drug Use",67A3F7E1-4B91-4852-B1C2-DB07D833CFD7,Pedestrian,Cross/Enter Not at Intersection,Unknown,Travel Lane Other Location,No,Suspected Serious Injury,None,39.11502444,-77.21734579,"(39.11502444, -77.21734579)"
DD5644004C,250040480,ROCKVILLE,Injury Crash,09/09/2025 01:58:00 PM,Municipality Route,CRABB AVE,N HORNERS LA,,,Cyclist (non-electric),Single Vehicle,Clear,Dry,Daylight,Stop Sign,"Not Suspect of Alcohol Use, Not Suspect of Drug Use","Not Suspect of Alcohol Use, Not Suspect of Drug Use",E09A0D1C-2FC4-403C-8DC6-C7999536B34C,Cyclist (non-electric),Cross/Enter at Intersection,Dart/Dash,Intersection Marked Crosswalk,Yes,Suspected Minor Injury,None,39.08875226,-77.14344483,"(39.08875226, -77.14344483)"
MCP33620066,250039789,MONTGOMERY,Injury Crash,09/05/2025 11:40:00 AM,,,,"Driveway        TRADER JOES PARKING LOT 
10741 COLUMBIA PIKE",,Pedestrian,Unknown,Clear,,Daylight,,"Unknown, Unknown","Not Suspect of Alcohol Use, Not Suspect of Drug Use",9AC84D0D-093D-4D86-B032-612A1D19DC81,Pedestrian,Cross/Enter at Intersection,None (No Improper Action),Driveway Access,No,Suspected Minor Injury,None,39.03179533,-77.00402059,"(39.03179533, -77.00402059)"
EJ7905003L,250039850,GAITHERSBURG,Injury Crash,09/05/2025 03:32:00 PM,,,,Parking Lot Way        PARKING LOT ENTRY,,Pedestrian,Single Vehicle,Clear,,Daylight,,"Not Suspect of Alcohol Use, Not Suspect of Drug Use","Not Suspect of Alcohol Use, Not Suspect of Drug Use",DF63B32D-5573-4C6D-9AE9-B9F62F6A1A92,Pedestrian,Other,None (No Improper Action),NonTrafficway Area,Yes,Suspected Minor Injury,None,39.11883892,-77.21382815,"(39.11883892, -77.21382815)"
MCP25520085,250121790,MONTGOMERY,Injury Crash,09/09/2025 01:10:00 PM,County Route,QUINCE ORCHARD RD,,,,Cyclist (non-electric),Single Vehicle,Clear,Dry,Daylight,No Controls,"Not Suspect of Alcohol Use, Not Suspect of Drug Use","Not Suspect of Alcohol Use, Not Suspect of Drug Use",D7DB478E-DA23-4978-B3F2-BE03AAA4C2A4,Cyclist (non-electric),Walking/Cycling Along Roadway With Traffic (In or Adjacent to Travel Lane),None (No Improper Action),Travel Lane Other Location,No,Suspected Minor Injury,"Helmet, Protective Pads (elbows, knees, shins, etc.), Reflectors",39.09149124,-77.24870112,"(39.09149124, -77.24870112)"
MCP2678005V,250039453,MONTGOMERY,Injury Crash,09/03/2025 01:17:00 PM,Maryland (State) Route,VEIRS MILL RD,CONNECTICUT AVE,,,Scooter (electric),Single Vehicle,Clear,Dry,Daylight,Traffic Control Signal,"Not Suspect of Alcohol Use, Not Suspect of Drug Use","Not Suspect of Alcohol Use, Not Suspect of Drug Use",F2EBE164-8F16-4644-9E50-4719E8A9C7E1,Scooter (electric),Cross/Enter at Intersection,"Failure to Obey Traffic Signs, Signals, or Officer",Intersection Marked Crosswalk,Yes,Suspected Minor Injury,None,39.05139017,-77.07480508,"(39.05139017, -77.07480508)"
MCP33470034,250040503,MONTGOMERY,Injury Crash,09/09/2025 03:00:00 PM,County Route,MARINELLI RD (EB/L),ROCKVILLE PIKE (SB/L),,,Pedestrian,Single Vehicle,Clear,Dry,Daylight,Traffic Control Signal,"Not Suspect of Alcohol Use, Not Suspect of Drug Use","Not Suspect of Alcohol Use, Not Suspect of Drug Use",8EE6C008-4531-4FBD-86A8-E4C18879932B,Pedestrian,Cross/Enter at Intersection,None (No Improper Action),Intersection Marked Crosswalk,No,Suspected Minor Injury,None,39.04702869,-77.11287836,"(39.04702869, -77.11287836)"
MCP3408001S,250039778,MONTGOMERY,Injury Crash,09/05/2025 09:15:00 AM,County Route,PIERCE DR,LEXINGTON DR,,,Pedestrian,Single Vehicle,Clear,Dry,Daylight,Traffic Control Signal,"Unknown, Unknown","Not Suspect of Alcohol Use, Not Suspect of Drug Use",D7F1A98C-4284-4F23-A4DE-F312E2E337D4,Pedestrian,Cross/Enter at Intersection,None (No Improper Action),Intersection Marked Crosswalk,No,Possible Injury,None,39.02012244,-77.01058555,"(39.02012244, -77.01058555)"
MCP22980185,250040955,MONTGOMERY,Injury Crash,09/12/2025 08:46:00 AM,Other Public Roadway,OBSERVATION DR,,,,Pedestrian,Single Vehicle,Clear,Wet,Daylight,Stop Sign,"Unknown, Unknown","Not Suspect of Alcohol Use, Not Suspect of Drug Use",14DEED85-F854-4F12-88F6-A5FC0022A83C,Pedestrian,Cross/Enter at Intersection,None (No Improper Action),Intersection Marked Crosswalk,No,Possible Injury,None,39.18743818,-77.24876419,"(39.18743818, -77.24876419)"
EJ7906002N,250040171,GAITHERSBURG,Injury Crash,09/07/2025 06:53:00 PM,Municipality Route,CHESTERTOWN ST,,,,Pedestrian,Single Vehicle,Clear,Dry,Daylight,No Controls,"Not Suspect of Alcohol Use, Not Suspect of Drug Use","Not Suspect of Alcohol Use, Not Suspect of Drug Use",A81335BE-B93D-48E0-99E1-D01BDB464D4E,Pedestrian,Other,Unknown,Travel Lane Other Location,No,Suspected Serious Injury,None,39.12297083,-77.24117883,"(39.12297083, -77.24117883)"
MCP209400PN,250040613,MONTGOMERY,Injury Crash,09/10/2025 08:52:00 AM,County Route,MOHICAN RD,MACARTHUR BLVD,,,Pedestrian,Single Vehicle,Rain,Wet,Daylight,No Controls,"Not Suspect of Alcohol Use, Not Suspect of Drug Use","Not Suspect of Alcohol Use, Not Suspect of Drug Use",82EE1B4E-4401-474A-9606-692FC89EA07A,Pedestrian,Cross/Enter Not at Intersection,Dart/Dash,Travel Lane Other Location,Yes,Suspected Serious Injury,None,38.96097698,-77.13300019,"(38.96097698, -77.13300019)"
MCP32690049,250033093,MONTGOMERY,Injury Crash,07/24/2025 11:11:00 PM,US (State),COLUMBIA PIKE,,,,Pedestrian,Single Vehicle,Clear,Dry,Dark - Lighted,Traffic Control Signal,"Unknown, Unknown","Not Suspect of Alcohol Use, Not Suspect of Drug Use",9284834A-D907-435B-9F43-3F0EE1D57179,Pedestrian,Cross/Enter at Intersection,None (No Improper Action),Intersection Marked Crosswalk,No,Suspected Minor Injury,None,39.05790487,-76.9683369,"(39.05790487, -76.9683369)"
MCP3230007K,250039331,MONTGOMERY,Property Damage Crash,09/02/2025 05:30:00 PM,Maryland (State) Route,NEW HAMPSHIRE AVE,BRIGGS CHANEY RD,,,Cyclist (non-electric),Single Vehicle,Clear,Dry,Daylight,Traffic Control Signal,"Not Suspect of Alcohol Use, Not Suspect of Drug Use","Not Suspect of Alcohol Use, Not Suspect of Drug Use",BE2C400E-EF16-4496-9A9D-39CD30B6FE5D,Cyclist (non-electric),Cross/Enter at Intersection,None (No Improper Action),Intersection Marked Crosswalk,No,No Apparent Injury,None,39.1085623,-76.99782201,"(39.1085623, -76.99782201)"
MCP32750037,250038259,MONTGOMERY,Injury Crash,08/26/2025 10:16:00 PM,County Route,SWEETBRIAR PKWY,,,,Unknown,Other,Clear,Dry,Dark - Lighted,No Controls,"Not Suspect of Alcohol Use, Not Suspect of Drug Use, Not Suspect of Alcohol Use, Not Suspect of Drug Use","Not Suspect of Alcohol Use, Not Suspect of Drug Use",57264E99-A3C9-44C2-9DEF-45C518373021,Unknown,None,None (No Improper Action),Other,No,No Apparent Injury,None,39.02396249,-76.97292481,"(39.02396249, -76.97292481)"