Report Number,Local Case Number,Agency Name,ACRS Report Type,Crash Date/Time,Route Type,Road Name,Cross-Street Name,Off-Road Description,Municipality,Related Non-Motorist,Collision Type,Weather,Surface Condition,Light,Traffic Control,Driver Substance Abuse,Non-Motorist Substance Abuse,Person ID,Pedestrian Type,Pedestrian Movement,Pedestrian Actions,Pedestrian Location,At Fault,Injury Severity,Safety Equipment,Latitude,Longitude,Location
MCP32750035,250038432,MONTGOMERY,Injury Crash,08/28/2025 04:21:00 AM,Municipality Route,FENTON ST,,,,Scooter (electric),Single Vehicle,Clear,Dry,Dark - Lighted,No Controls,"Unknown, Unknown","Not Suspect of Alcohol Use, Not Suspect of Drug Use",6068D1D1-10F2-4CD9-88B5-75D138E899AA,Scooter (electric),Cross/Enter at Intersection,None (No Improper Action),Intersection Marked Crosswalk,No,Suspected Minor Injury,Helmet,38.98267528,-77.02094095,"(38.98267528, -77.02094095)"
MCP243600JY,250040443,MONTGOMERY,Injury Crash,09/08/2025 07:15:00 PM,County Route,FORT SUMNER DR,BROOKEWAY DR,,,Cyclist (non-electric),Single Vehicle,Clear,Dry,Daylight,Stop Sign,"Not Suspect of Alcohol Use, Not Suspect of Drug Use","Not Suspect of Alcohol Use, Not Suspect of Drug Use",219B54E0-4AEF-4EE2-9EB3-83804690C8D5,Cyclist (non-electric),Walking/Cycling Along Roadway With Traffic (In or Adjacent to Travel Lane),None (No Improper Action),Intersection Other,No,Suspected Minor Injury,Helmet,38.95532229,-77.11316122,"(38.95532229, -77.11316122)"
MCP3074006M,250040524,MONTGOMERY,Injury Crash,09/09/2025 05:15:00 PM,County Route,,,,,Cyclist (non-electric),Single Vehicle,Clear,Dry,Daylight,No Controls,"Not Suspect of Alcohol Use, Not Suspect of Drug Use","Not Suspect of Alcohol Use, Not Suspect of Drug Use",EA210BB8-A7AD-4645-B888-D1BB7FE1D948,Cyclist (non-electric),Walking/Cycling Along Roadway With Traffic (In or Adjacent to Travel Lane),None (No Improper Action),OnStreet Buffered Bike Lanes,No,Suspected Minor Injury,Helmet,39.01588066,-77.03820376,"(39.01588066, -77.03820376)"
MCP29160035,250040411,MONTGOMERY,Injury Crash,09/09/2025 09:00:00 AM,Maryland (State) Route,OLNEY SANDY SPRING RD,,,,Pedestrian,Single Vehicle,Clear,Dry,Daylight,No Controls,"Not Suspect of Alcohol Use, Not Suspect of Drug Use","Not Suspect of Alcohol Use, Not Suspect of Drug Use",A5BCDDFF-94E8-48A2-88D7-B00A48F3F6BD,Pedestrian,Walking/Cycling Along Roadway With Traffic (In or Adjacent to Travel Lane),None (No Improper Action),Shoulder/Roadside,No,Suspected Minor Injury,None,39.14627615,-77.04020721,"(39.14627615, -77.04020721)"
MCP3384001Q,250040328,MONTGOMERY,Injury Crash,09/08/2025 02:35:00 PM,Government Route,SLIGO CREEK PKWY,COLESVILLE RD COLESVILLE RD (SB/L) ST ANDREWS WAY,,,Cyclist (non-electric),Single Vehicle,Clear,Dry,Daylight,Traffic Control Signal,"Not Suspect of Alcohol Use, Not Suspect of Drug Use","Not Suspect of Alcohol Use, Not Suspect of Drug Use",2A7F8EF2-6EB0-4F9B-B085-6FBED75759F7,Cyclist (non-electric),Cross/Enter at Intersection,None (No Improper Action),Intersection Marked Crosswalk,No,Suspected Minor Injury,Helmet,39.00768624,-77.02008906,"(39.00768624, -77.02008906)"
MCP3408001W,250041127,MONTGOMERY,Injury Crash,09/13/2025 10:19:00 AM,County Route,13TH ST,,,,Pedestrian,Single Vehicle,Clear,Dry,Daylight,Traffic Control Signal,"Not Suspect of Alcohol Use, Not Suspect of Drug Use","Not Suspect of Alcohol Use, Not Suspect of Drug Use",A078C1D1-E67A-4956-B7B4-57518A68DC1D,Pedestrian,Cross/Enter at Intersection,None (No Improper Action),Intersection Marked Crosswalk,No,Suspected Minor Injury,None,38.98736426,-77.02679136,"(38.98736426, -77.02679136)"
MCP34140023,250039214,MONTGOMERY,Injury Crash,09/02/2025 09:20:00 AM,County Route,DIXON AVE,,,,Pedestrian,Single Vehicle,Clear,Dry,Other,No Controls,"Unknown, Unknown","Not Suspect of Alcohol Use, Not Suspect of Drug Use",174FF5B2-8A61-41CF-8C76-862844FBDF0B,Pedestrian,Standing,None (No Improper Action),Other,No,Suspected Serious Injury,None,38.99361622,-77.02798006,"(38.99361622, -77.02798006)"
DD5653005G,250042967,ROCKVILLE,Injury Crash,09/24/2025 02:06:00 PM,Municipality Route,HALPINE RD (EB/L),ROCKVILLE PIKE (SB/L),,,Pedestrian,Single Vehicle,Cloudy,Dry,Daylight,Traffic Control Signal,"Not Suspect of Alcohol Use, Not Suspect of Drug Use","Not Suspect of Alcohol Use, Not Suspect of Drug Use",887B7F6D-1588-413A-B4B4-0BF862BE5E40,Pedestrian,None,None (No Improper Action),Intersection Marked Crosswalk,No,Suspected Minor Injury,None,39.0617344,-77.12424583,"(39.0617344, -77.12424583)"
MCP1227002D,250042552,MONTGOMERY,Fatal Crash,09/21/2025 09:14:00 PM,Maryland (State) Route,UNIVERSITY BLVD W (WB/L),,,,Pedestrian,Single Vehicle,Clear,Dry,Dark - Lighted,Pedestrian Crossing Sign,"Not Suspect of Alcohol Use, Not Suspect of Drug Use","Unknown, Unknown",DD0202F3-2A0C-4823-96FE-C4D66C8B000D,Pedestrian,Cross/Enter at Intersection,Unknown,Intersection Other,No,Fatal Injury,None,39.0353116,-77.06818582,"(39.0353116, -77.06818582)"
MCP33300033,250040664,MONTGOMERY,Injury Crash,09/10/2025 01:30:00 PM,County Route,KENSINGTON BLVD,GRANDVIEW AVE,,,Pedestrian,Single Vehicle,Rain,Wet,Daylight,Stop Sign,"Not Suspect of Alcohol Use, Not Suspect of Drug Use","Not Suspect of Alcohol Use, Not Suspect of Drug Use",4775C951-80F0-4E44-9349-6ACEAC87F606,Pedestrian,Cross/Enter at Intersection,None (No Improper Action),Intersection Marked Crosswalk,No,Suspected Minor Injury,None,39.04172642,-77.05317159,"(39.04172642, -77.05317159)"
DD5631006D,250042112,ROCKVILLE,Injury Crash,09/18/2025 07:00:00 PM,Municipality Route,N HORNERS LA,HOWARD AVE,,,Scooter (electric),Unknown,Clear,Dry,Dark - Lighted,Pedestrian Crossing Sign,"Not Suspect of Alcohol Use, Not Suspect of Drug Use","Unknown, Unknown",50F1DD11-3DAE-41E1-A805-416174170AD3,Scooter (electric),Unknown,Unknown,Intersection Marked Crosswalk,No,Possible Injury,None,39.09093304,-77.14346222,"(39.09093304, -77.14346222)"
MCP12270029,250018231,MONTGOMERY,Fatal Crash,04/26/2025 09:59:00 PM,County Route,ASPEN HILL RD (SB/L),GEORGIA AVE,,,Pedestrian,Single Vehicle,Clear,Dry,Dark - Lighted,Pedestrian Crossing,"Not Suspect of Alcohol Use, Not Suspect of Drug Use","Suspect of Alcohol Use, Suspect of Drug Use",66384293-7DC1-47BE-90A0-B55F775C2970,Pedestrian,Cross/Enter Not at Intersection,Failure to Yield Right-Of-Way,Travel Lane Other Location,Yes,Fatal Injury,None,39.08082916,-77.07518121,"(39.08082916, -77.07518121)"
MCP3445000W,250042143,MONTGOMERY,Injury Crash,09/19/2025 07:45:00 AM,Local Route,NO NAME,ROCKVILLE PIKE S WOOD RD,,,Pedestrian,Single Vehicle,Clear,Dry,Daylight,Traffic Control Signal,"Not Suspect of Alcohol Use, Not Suspect of Drug Use","Not Suspect of Alcohol Use, Not Suspect of Drug Use",409C8276-BE7F-443A-8421-39E3369E2AC6,Pedestrian,Cross/Enter Not at Intersection,Failure to Yield Right-Of-Way,Travel Lane Other Location,Yes,Suspected Minor Injury,None,38.99952445,-77.09682509,"(38.99952445, -77.09682509)"
MCP28180057,250042147,MONTGOMERY,Injury Crash,09/19/2025 07:40:00 AM,,,,"Parking Lot Way        REAR PARKING LOT OF ROCKVILLE HIGH SCHOOL. 2100 BALTIMORE RD. ROCKVILLE, MD 20851",,Pedestrian,Single Vehicle,Clear,,Daylight,,"Not Suspect of Alcohol Use, Not Suspect of Drug Use","Not Suspect of Alcohol Use, Not Suspect of Drug Use",BCA424BC-A9AF-4B8D-AD63-B783FEC0BBB4,Pedestrian,Other,None (No Improper Action),Other,No,Suspected Minor Injury,None,39.08867233,-77.11833723,"(39.08867233, -77.11833723)"
MCP23950037,250042096,MONTGOMERY,Injury Crash,09/18/2025 07:56:00 PM,County Route,DUFIEF MILL RD,,,,Pedestrian,Single Vehicle,Clear,Dry,Dark - Unknown Lighting,No Controls,"Not Suspect of Alcohol Use, Not Suspect of Drug Use","Not Suspect of Alcohol Use, Not Suspect of Drug Use",563B4C4E-4D18-424C-859F-B0BBDED53416,Pedestrian,Cross/Enter Not at Intersection,"Not Visible (Dark Clothing, No Lighting, etc.)",Intersection Other,No,Suspected Serious Injury,None,39.09362389,-77.23311606,"(39.09362389, -77.23311606)"
MCP2855005S,250041506,MONTGOMERY,Injury Crash,09/15/2025 05:33:00 PM,Maryland (State) Route,,,,,Pedestrian,Single Vehicle,Clear,Dry,Daylight,Traffic Control Signal,"Not Suspect of Alcohol Use, Not Suspect of Drug Use","Not Suspect of Alcohol Use, Not Suspect of Drug Use",8CE3CFE2-45A4-4009-A263-1103CF7BC5BA,Pedestrian,Cross/Enter Not at Intersection,Failure to Yield Right-Of-Way,Intersection Other,Yes,Possible Injury,None,38.99817733,-77.00313533,"(38.99817733, -77.00313533)"
MCP3374003L,250041620,MONTGOMERY,Injury Crash,09/15/2025 03:40:00 PM,County Route,ROOSEVELT ST,OLD GEORGETOWN RD,,,Cyclist (non-electric),Single Vehicle,Clear,Dry,Daylight,Stop Sign,"Not Suspect of Alcohol Use, Not Suspect of Drug Use","Not Suspect of Alcohol Use, Not Suspect of Drug Use",05726F9E-1A54-4A1B-B4C4-861E2E9F19E7,Cyclist (non-electric),Walking/Cycling on Sidewalk,None (No Improper Action),Intersection Other,No,Suspected Minor Injury,Unknown,38.99585387,-77.10877253,"(38.99585387, -77.10877253)"
MCP32620066,250040689,MONTGOMERY,Injury Crash,09/10/2025 03:30:00 PM,US (State),COLUMBIA PIKE,,,,Pedestrian,Unknown,Clear,Dry,Daylight,Traffic Control Signal,"Not Suspect of Alcohol Use, Not Suspect of Drug Use","Not Suspect of Alcohol Use, Not Suspect of Drug Use",E9A84AB3-F665-463F-AF35-E0673A6C21AE,Pedestrian,None,None (No Improper Action),Intersection Marked Crosswalk,No,Suspected Minor Injury,None,39.07320197,-76.95565145,"(39.07320197, -76.95565145)"
DD57060002,250041847,ROCKVILLE,Property Damage Crash,09/17/2025 03:29:00 PM,Crossover,,ROCKVILLE PIKE,,,Pedestrian,Single Vehicle,Cloudy,Dry,Daylight,Traffic Control Signal,"Not Suspect of Alcohol Use, Not Suspect of Drug Use","Not Suspect of Alcohol Use, Not Suspect of Drug Use",23D3704B-6E3A-4C49-AAF1-FD26BD6F18ED,Pedestrian,Walking/Cycling on Sidewalk,None (No Improper Action),Intersection Marked Crosswalk,No,No Apparent Injury,None,39.06308408,-77.12489274,"(39.06308408, -77.12489274)"
MCP3422001Z,250039458,MONTGOMERY,Injury Crash,09/03/2025 01:55:00 PM,County Route,CEDAR ST,WAYNE AVE,,,Pedestrian,Single Vehicle,Clear,Dry,Daylight,"Person (including flagger, law enforcement, crossing guard, etc.","Unknown, Unknown","Not Suspect of Alcohol Use, Not Suspect of Drug Use",275C809B-ADCF-46CF-8C05-818D26D2F631,Pedestrian,Standing,None (No Improper Action),Travel Lane Other Location,No,Suspected Minor Injury,None,38.99720129,-77.02182264,"(38.99720129, -77.02182264)"
MCP2710004L,250041683,MONTGOMERY,Injury Crash,09/16/2025 04:20:00 PM,,,,"Parking Lot Way        2223 BEL PRE RD, PARKING LOT,  IFO ALDI, CROSSWALK",,Pedestrian,Single Vehicle,Rain,,Daylight,,"Not Suspect of Alcohol Use, Not Suspect of Drug Use","Not Suspect of Alcohol Use, Not Suspect of Drug Use",D998DE90-34E7-4AF9-B6E8-965D7F1C2CF2,Pedestrian,Other,None (No Improper Action),Other,No,Possible Injury,None,39.09194015,-77.04735531,"(39.09194015, -77.04735531)"
MCP34080023,250044195,MONTGOMERY,Injury Crash,10/01/2025 03:30:00 PM,,,,Parking Lot Way        PARKING LOT BY HOME GOODS.,,Pedestrian,Single Vehicle,Clear,,Daylight,,"Unknown, Unknown","Not Suspect of Alcohol Use, Not Suspect of Drug Use",F4283D73-A83C-444C-A6FF-A142CA04D83B,Pedestrian,Standing,None (No Improper Action),Other,No,Possible Injury,None,39.04403897,-77.10532704,"(39.04403897, -77.10532704)"
MCP3233005W,250044013,MONTGOMERY,Injury Crash,09/30/2025 03:26:00 PM,Maryland (State) Route,PINEY BRANCH RD,,,,Pedestrian,Single Vehicle,Clear,Dry,Daylight,Pedestrian Crossing Sign,"Unknown, Unknown","Not Suspect of Alcohol Use, Not Suspect of Drug Use",7FA6FF7B-000D-4F6E-BD93-A1BB3EE4FD5F,Pedestrian,Cross/Enter at Intersection,None (No Improper Action),Intersection Marked Crosswalk,No,Suspected Minor Injury,None,38.99997688,-76.99068693,"(38.99997688, -76.99068693)"
MCP3076004H,250043875,MONTGOMERY,Injury Crash,09/30/2025 05:31:00 PM,Municipality Route,TULIP DR,,,,Pedestrian,Unknown,Clear,Dry,Daylight,No Controls,"Not Suspect of Alcohol Use, Not Suspect of Drug Use","Not Suspect of Alcohol Use, Not Suspect of Drug Use",EE597BC7-46D4-4E68-89F9-1BB50B4599FE,Pedestrian,Other,None (No Improper Action),Other,No,Possible Injury,None,39.13741002,-77.18876045,"(39.13741002, -77.18876045)"
MCP2231008Z,250043625,MONTGOMERY,Injury Crash,09/28/2025 12:21:00 PM,Crossover,,DARNESTOWN RD (WB/L),,,Pedestrian,Single Vehicle,Clear,Dry,Daylight,Traffic Control Signal,"Not Suspect of Alcohol Use, Not Suspect of Drug Use","Not Suspect of Alcohol Use, Not Suspect of Drug Use",05972374-ED1A-47E5-A46E-D4BE2B1DC2B7,Pedestrian,Cross/Enter at Intersection,None (No Improper Action),Intersection Marked Crosswalk,No,Suspected Minor Injury,None,39.11747399,-77.25108189,"(39.11747399, -77.25108189)"
MCP2872002Y,250043099,MONTGOMERY,Injury Crash,09/25/2025 07:30:00 AM,County Route,LANARK WAY,COLESVILLE RD,,,Pedestrian,Single Vehicle,Rain,Wet,Dark - Lighted,Traffic Control Signal,"Not Suspect of Alcohol Use, Not Suspect of Drug Use","Unknown, Unknown",3BFFD94F-9A6D-4D7A-B6EF-4D6000C16E71,Pedestrian,Cross/Enter at Intersection,Unknown,Intersection Marked Crosswalk,No,Suspected Minor Injury,None,39.01854526,-77.01425544,"(39.01854526, -77.01425544)"
MCP26350093,250042860,MONTGOMERY,Fatal Crash,09/23/2025 07:27:00 PM,Maryland (State) Route,VEIRS MILL RD,,,,Pedestrian,Single Vehicle,Clear,Dry,Dusk,No Controls,"Unknown, Unknown","Unknown, Unknown",2DACC53A-9A56-45F4-A197-B557AD4A9047,Pedestrian,Cross/Enter Not at Intersection,Unknown,Travel Lane Other Location,No,Fatal Injury,Unknown,39.03945312,-77.05452246,"(39.03945312, -77.05452246)"
MCP3211003W,250043264,MONTGOMERY,Injury Crash,09/26/2025 07:54:00 AM,Other Public Roadway,WIMS RD,,,,Pedestrian,Single Vehicle,Clear,Dry,Daylight,No Controls,"Not Suspect of Alcohol Use, Not Suspect of Drug Use","Not Suspect of Alcohol Use, Not Suspect of Drug Use",94C66428-2BB2-49C6-AA8D-3640A21CE3B3,Pedestrian,Cross/Enter at Intersection,None (No Improper Action),Intersection Marked Crosswalk,No,Suspected Minor Injury,None,39.22618536,-77.2640231,"(39.22618536, -77.2640231)"
MCP3411002Z,250043379,MONTGOMERY,Injury Crash,09/26/2025 05:19:00 PM,Spur,,,,,Cyclist (Electric),Single Vehicle,Clear,Dry,Daylight,Traffic Control Signal,"Not Suspect of Alcohol Use, Not Suspect of Drug Use","Not Suspect of Alcohol Use, Not Suspect of Drug Use",CCEBA4D2-A977-433E-BC93-BD7A363091C4,Cyclist (Electric),Cross/Enter at Intersection,Failure to Yield Right-Of-Way,Intersection Marked Crosswalk,No,Possible Injury,Helmet,39.05575183,-77.14964666,"(39.05575183, -77.14964666)"
MCP320000GN,250043185,MONTGOMERY,Injury Crash,09/25/2025 03:56:00 PM,County Route,,WOODGLEN DR (NB/L),,,Cyclist (non-electric),Single Vehicle,Cloudy,Dry,Daylight,Stop Sign,"Not Suspect of Alcohol Use, Not Suspect of Drug Use","Not Suspect of Alcohol Use, Not Suspect of Drug Use",88E9ABE2-7DCD-467B-B693-A5A1C4C3AB4E,Cyclist (non-electric),Walking/Cycling Along Roadway With Traffic (In or Adjacent to Travel Lane),Unknown,Intersection Marked Crosswalk,No,Suspected Minor Injury,None,39.04333806,-77.11336977,"(39.04333806, -77.11336977)"
MCP3284002P,250036981,MONTGOMERY,Injury Crash,08/18/2025 03:24:00 AM,US (State),COLUMBIA PIKE (SB/L),,,,Pedestrian,Single Vehicle,Clear,Dry,Dark - Lighted,No Controls,"Not Suspect of Alcohol Use, Not Suspect of Drug Use","Unknown, Unknown",C4E6CB8B-1393-4209-89C6-BBC3E2D48FFA,Pedestrian,Walking/Cycling Along Roadway With Traffic (In or Adjacent to Travel Lane),"In Roadway Improperly (Standing, Lying, Working, Playing)",Travel Lane Other Location,Yes,Suspected Serious Injury,None,39.08985772,-76.94265212,"(39.08985772, -76.94265212)"
MCP29390084,250043232,MONTGOMERY,Injury Crash,09/25/2025 06:40:00 PM,County Route,TRENTWORTH WAY,,,,Cyclist (non-electric),Unknown,Clear,Dry,Daylight,No Controls,"Unknown, Unknown","Not Suspect of Alcohol Use, Not Suspect of Drug Use",6E3AF5F5-E402-4386-A202-1BB10E9B5D3A,Cyclist (non-electric),Standing,Unknown,Sidewalk,No,Possible Injury,Unknown,39.22120867,-77.26481017,"(39.22120867, -77.26481017)"
MCP296500BJ,250040784,MONTGOMERY,Injury Crash,09/11/2025 06:56:00 AM,,,,"Parking Lot Way        15509 NEW HAMPSHIARE AVE, SILVER SPRING, MD 20905",,Pedestrian,Single Vehicle,Cloudy,,Dawn,,"Unknown, Unknown","Not Suspect of Alcohol Use, Not Suspect of Drug Use",AF679595-FA97-42E3-8DA5-D5AAC0A17C36,Pedestrian,Other,None (No Improper Action),Other,No,Suspected Minor Injury,None,39.1102339,-76.99575384,"(39.1102339, -76.99575384)"
MCP2730005M,250042961,MONTGOMERY,Injury Crash,09/24/2025 08:30:00 AM,Maryland (State) Route,GERMANTOWN RD,,,,Pedestrian,Single Vehicle,Cloudy,Dry,Daylight,Traffic Control Signal,"Not Suspect of Alcohol Use, Not Suspect of Drug Use","Not Suspect of Alcohol Use, Not Suspect of Drug Use",E2C54929-0AFE-475D-9D14-D7E2EBF322D5,Pedestrian,Other,Entering/Exiting Parked/Standing Vehicle,Travel Lane Other Location,Yes,Suspected Minor Injury,None,39.18085012,-77.26272257,"(39.18085012, -77.26272257)"
MCP3040008J,250043228,MONTGOMERY,Injury Crash,09/25/2025 09:06:00 PM,,,,Service Road        PARKING LOT SERVICE ROAD BEHIND CALIFORNIA TORTILLA 18101 VILLAGE CENTER DR,,Pedestrian,Single Vehicle,Clear,,Dark - Not Lighted,,"Unknown, Unknown","Not Suspect of Alcohol Use, Not Suspect of Drug Use",2C5E9EE1-5DF7-48D1-8D8E-7406E5AB28A6,Pedestrian,Walking/Cycling Along Roadway With Traffic (In or Adjacent to Travel Lane),None (No Improper Action),OffStreet Trails or Sidepaths,No,Suspected Minor Injury,None,39.15253251,-77.06325866,"(39.15253251, -77.06325866)"
DD5604005P,250042043,ROCKVILLE,Injury Crash,09/18/2025 03:25:00 PM,Municipality Route,N WASHINGTON ST,,,,Cyclist (non-electric),Single Vehicle,Clear,Dry,Daylight,No Controls,"Not Suspect of Alcohol Use, Not Suspect of Drug Use","Not Suspect of Alcohol Use, Not Suspect of Drug Use",11EC0F51-D225-47C9-9A85-8128B06741F3,Cyclist (non-electric),Walking/Cycling Along Roadway With Traffic (In or Adjacent to Travel Lane),Improper Turn/Merge),Travel Lane Other Location,Yes,Suspected Minor Injury,Helmet,39.0902574,-77.15362682,"(39.0902574, -77.15362682)"
MCP3290004H,250042607,MONTGOMERY,Injury Crash,09/22/2025 10:30:00 AM,Maryland (State) Route,FOREST GLEN RD,,,,Cyclist (Electric),Single Vehicle,Clear,Dry,Daylight,No Controls,"Not Suspect of Alcohol Use, Not Suspect of Drug Use","Not Suspect of Alcohol Use, Not Suspect of Drug Use",B134BC13-8A3F-473E-9CF0-95F107EEB9A2,Cyclist (Electric),Walking/Cycling Along Roadway With Traffic (In or Adjacent to Travel Lane),Improper Passing,Shared Lane Markings),Yes,Suspected Minor Injury,Helmet,39.01467739,-77.05474731,"(39.01467739, -77.05474731)"
MCP1233006R,250043506,MONTGOMERY,Injury Crash,09/27/2025 04:01:00 PM,Maryland (State) Route,ROCKVILLE PIKE (SB/L),,,,Cyclist (Electric),Single Vehicle,Cloudy,Dry,Daylight,Traffic Control Signal,"Not Suspect of Alcohol Use, Not Suspect of Drug Use","Not Suspect of Alcohol Use, Not Suspect of Drug Use",DA17F380-638D-4079-AA42-F6FA3D69492D,Cyclist (Electric),Walking/Cycling Along Roadway With Traffic (In or Adjacent to Travel Lane),None (No Improper Action),Travel Lane Other Location,Yes,Suspected Serious Injury,Helmet,39.04685383,-77.11290883,"(39.04685383, -77.11290883)"
MCP30900091,250044975,MONTGOMERY,Injury Crash,10/06/2025 06:32:00 PM,County Route,ROYAL BONNET CIR (SB/L),ROYAL BONNET TERR,,,Pedestrian,Single Vehicle,Clear,Dry,Daylight,Stop Sign,"Not Suspect of Alcohol Use, Not Suspect of Drug Use","Not Suspect of Alcohol Use, Not Suspect of Drug Use",6BF43D83-0E8F-48A7-8C79-F8D228C7173E,Pedestrian,Cross/Enter at Intersection,Dart/Dash,Intersection Unmarked Crosswalk,Yes,Possible Injury,None,39.15301172,-77.19421826,"(39.15301172, -77.19421826)"
MCP33070038,250044642,MONTGOMERY,Injury Crash,10/04/2025 01:45:00 PM,,,,Parking Lot Way        PARKING LOT OF ASPEN MANOR SHOPPING CENTER,,Pedestrian,Single Vehicle,Clear,,Daylight,,"Unknown, Unknown","Not Suspect of Alcohol Use, Not Suspect of Drug Use",1C4BF54F-B303-4A57-84E3-20187701D156,Pedestrian,Walking/Cycling on Sidewalk,None (No Improper Action),Other,No,Possible Injury,None,39.07981724,-77.07356358,"(39.07981724, -77.07356358)"
MCP32620068,250043837,MONTGOMERY,Injury Crash,09/29/2025 05:26:00 PM,,,,Parking Lot Way        PARKING LOT OF 11661 LOCKWOOD DRIVE,,Pedestrian,Single Vehicle,Clear,,Daylight,,"Not Suspect of Alcohol Use, Not Suspect of Drug Use","Not Suspect of Alcohol Use, Not Suspect of Drug Use",63A72598-9906-4E77-A833-7ECBB6DC8746,Pedestrian,Other,Failure to Yield Right-Of-Way,Other,Yes,Suspected Minor Injury,None,39.04115237,-76.98401291,"(39.04115237, -76.98401291)"
MCP3170004C,250044027,MONTGOMERY,Injury Crash,09/30/2025 07:12:00 PM,County Route,WATERS LANDING DR,WYNNFIELD DR,,,Pedestrian,Single Vehicle,Clear,Dry,Dark - Not Lighted,Stop Sign,"Not Suspect of Alcohol Use, Not Suspect of Drug Use","Not Suspect of Alcohol Use, Not Suspect of Drug Use",94ABC502-4743-4E3F-978F-75EEC00A642E,Pedestrian,Cross/Enter at Intersection,None (No Improper Action),Intersection Marked Crosswalk,No,Suspected Minor Injury,None,39.19138807,-77.28058491,"(39.19138807, -77.28058491)"
MCP32080076,250043429,MONTGOMERY,Injury Crash,09/25/2025 10:00:00 PM,,,,Parking Lot Way        PARKING LOT OF 833 WAYNE AVE,,Cyclist (non-electric),Single Vehicle,Clear,,Dark - Lighted,,"Unknown, Unknown","Not Suspect of Alcohol Use, Not Suspect of Drug Use",B042D3CC-3E3E-49AA-9A80-9A7A9E346239,Cyclist (non-electric),Unknown,Unknown,Other,No,Possible Injury,Unknown,38.99664585,-77.02309982,"(38.99664585, -77.02309982)"