Report Number,Local Case Number,Agency Name,ACRS Report Type,Crash Date/Time,Route Type,Road Name,Cross-Street Name,Off-Road Description,Municipality,Related Non-Motorist,Collision Type,Weather,Surface Condition,Light,Traffic Control,Driver Substance Abuse,Non-Motorist Substance Abuse,Person ID,Pedestrian Type,Pedestrian Movement,Pedestrian Actions,Pedestrian Location,At Fault,Injury Severity,Safety Equipment,Latitude,Longitude,Location
MCP3068006P,250044677,MONTGOMERY,Property Damage Crash,10/04/2025 06:06:00 PM,County Route,WOODMONT AVE,EDGEMOOR LA EDGEMOOR LA (WB/L),,,Cyclist (non-electric),Single Vehicle,Clear,Dry,Daylight,Traffic Control Signal,"Not Suspect of Alcohol Use, Not Suspect of Drug Use","Not Suspect of Alcohol Use, Not Suspect of Drug Use",2578FAB4-DC97-45D5-ACCA-8C453186B90D,Cyclist (non-electric),Cross/Enter at Intersection,None (No Improper Action),Intersection Marked Crosswalk,No,No Apparent Injury,None,38.98467867,-77.09671767,"(38.98467867, -77.09671767)"
MCP3138008B,250044265,MONTGOMERY,Injury Crash,10/02/2025 05:49:00 AM,County Route,SHOREFIELD RD,GEORGIA AVE (SB/L),,,Pedestrian,Single Vehicle,Clear,Dry,Dark - Lighted,No Controls,"Not Suspect of Alcohol Use, Not Suspect of Drug Use","Not Suspect of Alcohol Use, Not Suspect of Drug Use",B9861DDD-80A8-49F9-8355-4E37C5CA30E0,Pedestrian,Cross/Enter at Intersection,"Not Visible (Dark Clothing, No Lighting, etc.)",Intersection Marked Crosswalk,No,Possible Injury,None,39.05302299,-77.05118267,"(39.05302299, -77.05118267)"
EJ7913001F,250044427,GAITHERSBURG,Injury Crash,10/03/2025 09:30:00 AM,,,,Driveway        405 S FREDERICK DRIVEWAY EXIT TO ENTER NORTHBOUND S FREDERICK AVE,,Cyclist (non-electric),Single Vehicle,Clear,,Daylight,,"Not Suspect of Alcohol Use, Not Suspect of Drug Use","Not Suspect of Alcohol Use, Not Suspect of Drug Use",DB0AFAAA-BF34-45F2-BFAD-5CC4AF4DB9A1,Cyclist (non-electric),Walking/Cycling on Sidewalk,None (No Improper Action),Driveway Access,No,Suspected Minor Injury,None,39.13637762,-77.19244543,"(39.13637762, -77.19244543)"
MCP3423002F,250044420,MONTGOMERY,Injury Crash,10/03/2025 08:11:00 AM,County Route,LOCKWOOD DR,,,,Cyclist (Electric),Single Vehicle,Clear,Dry,Daylight,No Controls,"Not Suspect of Alcohol Use, Not Suspect of Drug Use","Not Suspect of Alcohol Use, Not Suspect of Drug Use",5CD94000-6E8F-4149-B53C-3156BAA165C4,Cyclist (Electric),Walking/Cycling Along Roadway With Traffic (In or Adjacent to Travel Lane),None (No Improper Action),Travel Lane Other Location,No,Suspected Minor Injury,Helmet,39.03389917,-77.000405,"(39.03389917, -77.000405)"
MCP235300DF,250042930,MONTGOMERY,Injury Crash,09/24/2025 10:19:00 AM,County Route,,CONNECTOR RD,,,Cyclist (non-electric),Single Vehicle,Cloudy,Wet,Daylight,Traffic Control Signal,"Not Suspect of Alcohol Use, Not Suspect of Drug Use","Not Suspect of Alcohol Use, Not Suspect of Drug Use",52EB7AF5-34A8-470C-BCF2-61E2E5ADB293,Cyclist (non-electric),Cross/Enter at Intersection,None (No Improper Action),Intersection Marked Crosswalk,No,Suspected Minor Injury,"Helmet, Reflective Wear (backpack, triangles, etc.)",38.96460737,-77.13603942,"(38.96460737, -77.13603942)"
DD5604005S,250043985,ROCKVILLE,Injury Crash,09/30/2025 03:42:00 PM,Municipality Route,FALLSMEAD WAY,,,,Cyclist (non-electric),Single Vehicle,Clear,Dry,Daylight,No Controls,"Not Suspect of Alcohol Use, Not Suspect of Drug Use","Not Suspect of Alcohol Use, Not Suspect of Drug Use",EE7F0008-5286-4203-A1C5-A86E09BBBBA5,Cyclist (non-electric),Walking/Cycling on Sidewalk,None (No Improper Action),Sidewalk,No,Suspected Minor Injury,Helmet,39.07362533,-77.169709,"(39.07362533, -77.169709)"
MCP34440014,250043516,MONTGOMERY,Injury Crash,09/27/2025 05:07:00 PM,County Route,GRACE CHURCH RD,SECOND AVE,,,Scooter (electric),Single Vehicle,Clear,Dry,Daylight,Stop Sign,"Not Suspect of Alcohol Use, Not Suspect of Drug Use","Not Suspect of Alcohol Use, Not Suspect of Drug Use",326B6CCB-DC89-4FF9-8C3B-B888B53878CE,Scooter (electric),Cross/Enter at Intersection,"Failure to Obey Traffic Signs, Signals, or Officer, Failure to Yield Right-Of-Way, Inattentive (Talking, Eating, etc.)",Shoulder/Roadside,Yes,Possible Injury,None,39.00408276,-77.04105905,"(39.00408276, -77.04105905)"
MCP31920069,250038544,MONTGOMERY,Property Damage Crash,08/28/2025 05:29:00 PM,County Route,KENDALL ST,RANDOLPH RD,,,Cyclist (non-electric),Single Vehicle,Clear,Dry,Daylight,No Controls,"Not Suspect of Alcohol Use, Not Suspect of Drug Use","Not Suspect of Alcohol Use, Not Suspect of Drug Use",A8C8713B-F5DE-43CF-BCC8-5E8F56057AA0,Cyclist (non-electric),Walking/Cycling on Sidewalk,"Inattentive (Talking, Eating, etc.)",Intersection Other,Yes,No Apparent Injury,None,39.05943829,-77.06032409,"(39.05943829, -77.06032409)"
HA2433001G,25001788,MCPARK,Injury Crash,08/19/2025 07:44:00 PM,,,,,,Scooter (electric),Single Vehicle,Clear,Dry,Dark - Lighted,Stop Sign,"Not Suspect of Alcohol Use, Not Suspect of Drug Use","Not Suspect of Alcohol Use, Not Suspect of Drug Use",2E4D4B5E-21DA-415C-92A5-98ECE5B89521,Scooter (electric),Cross/Enter at Intersection,"Dart/Dash, Improper Passing, Improper Turn/Merge), Not Visible (Dark Clothing, No Lighting, etc.), Wrong-Way Riding or Walking",Intersection Unmarked Crosswalk,No,Suspected Minor Injury,None,39.02912907,-77.14728814,"(39.02912907, -77.14728814)"
MCP137801DV,250045424,MONTGOMERY,Injury Crash,10/09/2025 03:01:00 PM,,,,Parking Lot Way        PARKING LOT OF 12401 DALEWOOD DR,,Pedestrian,Single Vehicle,Clear,,Daylight,,"Unknown, Unknown","Not Suspect of Alcohol Use, Not Suspect of Drug Use",072D0EFB-7557-44D9-8AC0-FD0A25BC534B,Pedestrian,Standing,None (No Improper Action),Other,No,Suspected Minor Injury,None,39.0595053,-77.06867229,"(39.0595053, -77.06867229)"
DD556700B5,250045224,ROCKVILLE,Injury Crash,10/08/2025 12:28:00 PM,,,,,,Pedestrian,Single Vehicle,Clear,Dry,Daylight,Pedestrian Crossing Sign,"Not Suspect of Alcohol Use, Not Suspect of Drug Use","Not Suspect of Alcohol Use, Not Suspect of Drug Use",7ADD8657-D8DB-4379-8A21-B1F87E5BC7A5,Pedestrian,Cross/Enter at Intersection,Dart/Dash,Intersection Marked Crosswalk,No,Suspected Serious Injury,None,39.11472688,-77.16721465,"(39.11472688, -77.16721465)"
EJ79080034,250044767,GAITHERSBURG,Injury Crash,10/05/2025 01:30:00 PM,,,,,,"Occupant of Motor Vehicle Not in Transport, Pedestrian",Single Vehicle,Clear,Dry,Daylight,No Controls,"Not Suspect of Alcohol Use, Not Suspect of Drug Use","Not Suspect of Alcohol Use, Not Suspect of Drug Use",6AF30C2E-6A6A-4D25-B73E-5A948AFAB426,Pedestrian,Getting Off/On Vehicle,None (No Improper Action),NonTrafficway Area,No,Possible Injury,None,39.126516,-77.20512567,"(39.126516, -77.20512567)"
MCP2603006Z,250044811,MONTGOMERY,Injury Crash,10/05/2025 03:34:00 PM,,,,,,Cyclist (non-electric),Single Vehicle,Clear,Dry,Daylight,No Controls,"Unknown, Unknown","Not Suspect of Alcohol Use, Not Suspect of Drug Use",32F0A0F6-5555-46E4-BBA6-4B12F4B49374,Cyclist (non-electric),Walking/Cycling on Sidewalk,Unknown,Driveway Access,No,Suspected Minor Injury,Helmet,39.1177309,-77.25183801,"(39.1177309, -77.25183801)"
EJ79080034,250044767,GAITHERSBURG,Injury Crash,10/05/2025 01:30:00 PM,,,,,,"Occupant of Motor Vehicle Not in Transport, Pedestrian",Single Vehicle,Clear,Dry,Daylight,No Controls,"Not Suspect of Alcohol Use, Not Suspect of Drug Use","Not Suspect of Alcohol Use, Not Suspect of Drug Use",9A56931B-5057-4160-B964-046557265C83,Occupant of Motor Vehicle Not in Transport,Getting Off/On Vehicle,None (No Improper Action),NonTrafficway Area,No,Suspected Serious Injury,None,39.126516,-77.20512567,"(39.126516, -77.20512567)"
MCP3329004V,250045292,MONTGOMERY,Injury Crash,10/08/2025 06:07:00 PM,,,,Parking Lot Way        PARKING LOT OF 11556 LOCKWOOD DR,,Pedestrian,Single Vehicle,Clear,,Daylight,,"Not Suspect of Alcohol Use, Not Suspect of Drug Use","Not Suspect of Alcohol Use, Not Suspect of Drug Use",7A484C2B-084C-4D8E-AE8E-AE3D99F143F3,Pedestrian,Other,Other,Other,No,Suspected Minor Injury,None,39.04301972,-76.98315592,"(39.04301972, -76.98315592)"
MCP25630026,250030192,MONTGOMERY,Fatal Crash,07/07/2025 11:39:00 AM,,,,,,Pedestrian,Single Vehicle,Clear,Dry,Daylight,Curve Ahead Warning Sign,"Not Suspect of Alcohol Use, Not Suspect of Drug Use","Not Suspect of Alcohol Use, Not Suspect of Drug Use",C62C459E-F54C-4F25-9CAB-069F672ED7C4,Pedestrian,Walking/Cycling on Sidewalk,None (No Improper Action),Sidewalk,No,Fatal Injury,None,39.14144708,-77.13803748,"(39.14144708, -77.13803748)"
EJ7916000W,250045123,GAITHERSBURG,Injury Crash,10/07/2025 05:40:00 PM,,,,,,Pedestrian,Unknown,Cloudy,Dry,Daylight,Traffic Control Signal,"Not Suspect of Alcohol Use, Not Suspect of Drug Use, Not Suspect of Alcohol Use, Not Suspect of Drug Use, Unknown, Unknown","Not Suspect of Alcohol Use, Not Suspect of Drug Use",F33740A2-FDF6-4C63-BA58-F5B0079C79AA,Pedestrian,Cross/Enter at Intersection,None (No Improper Action),Intersection Marked Crosswalk,No,No Apparent Injury,Unknown,39.14831753,-77.23781669,"(39.14831753, -77.23781669)"
DD5604005V,250046032,ROCKVILLE,Injury Crash,10/13/2025 04:47:00 PM,,,,,,Pedestrian,Single Vehicle,Clear,Dry,Daylight,Traffic Control Signal,"Not Suspect of Alcohol Use, Not Suspect of Drug Use","Not Suspect of Alcohol Use, Not Suspect of Drug Use",EE38DF7D-36EB-4A93-A839-0D3D3073AFE7,Pedestrian,Cross/Enter at Intersection,None (No Improper Action),Intersection Marked Crosswalk,No,Possible Injury,None,39.06420372,-77.12613616,"(39.06420372, -77.12613616)"
MCP25630027,250045429,MONTGOMERY,Fatal Crash,10/09/2025 03:12:00 PM,,,,,,Cyclist (non-electric),Single Vehicle,Clear,Dry,Daylight,Pedestrian Crossing Sign,"Not Suspect of Alcohol Use, Not Suspect of Drug Use","Not Suspect of Alcohol Use, Not Suspect of Drug Use",491F4477-88D0-4BC6-981D-E22BF1A9629D,Cyclist (non-electric),Cross/Enter at Intersection,Unknown,Intersection Marked Crosswalk,No,Fatal Injury,Helmet,39.08976697,-77.10529675,"(39.08976697, -77.10529675)"
MCP3401002C,250045011,MONTGOMERY,Injury Crash,10/07/2025 05:32:00 AM,,,,,,Pedestrian,Single Vehicle,Clear,Dry,Dark - Not Lighted,No Controls,"Not Suspect of Alcohol Use, Not Suspect of Drug Use","Not Suspect of Alcohol Use, Not Suspect of Drug Use",AC7519B8-6B45-4B2E-9C9B-FBA4A5BB2F88,Pedestrian,Walking/Cycling Along Roadway With Traffic (In or Adjacent to Travel Lane),Unknown,Travel Lane Other Location,No,Suspected Serious Injury,None,39.04775317,-76.98482317,"(39.04775317, -76.98482317)"
MCP3436001F,250044143,MONTGOMERY,Injury Crash,10/01/2025 01:26:00 PM,,,,,,Pedestrian,Single Vehicle,Clear,Dry,Daylight,Pedestrian Crossing,"Not Suspect of Alcohol Use, Not Suspect of Drug Use","Not Suspect of Alcohol Use, Not Suspect of Drug Use",DD019E45-8A34-4989-8BD6-489CB348AD3A,Pedestrian,Cross/Enter at Intersection,None (No Improper Action),Midblock Marked Crosswalk,No,Suspected Minor Injury,None,38.99822937,-77.03064285,"(38.99822937, -77.03064285)"
MCP3228006T,250045436,MONTGOMERY,Injury Crash,10/09/2025 04:06:00 PM,,,,,,Pedestrian,Single Vehicle,Clear,Dry,Daylight,Stop Sign,"Not Suspect of Alcohol Use, Not Suspect of Drug Use","Not Suspect of Alcohol Use, Not Suspect of Drug Use",AEDD37AF-51C3-4D54-9F1F-E7EF88C77908,Pedestrian,Cross/Enter at Intersection,Failure to Yield Right-Of-Way,Intersection Marked Crosswalk,No,Suspected Minor Injury,None,38.98566543,-77.02291417,"(38.98566543, -77.02291417)"
MCP3312006V,250045411,MONTGOMERY,Injury Crash,10/09/2025 02:00:00 PM,,,,Parking Aisle        PARKING LOT OF 15618 OLD COLUMBIA PIKE,,Pedestrian,Single Vehicle,Clear,,Daylight,,"Not Suspect of Alcohol Use, Not Suspect of Drug Use","Not Suspect of Alcohol Use, Not Suspect of Drug Use",C3EECE48-BE96-4BEA-B0F8-AC7B7ED1E427,Pedestrian,Walking/Cycling Along Roadway Against Traffic (In or Adjacent to Travel Lane),None (No Improper Action),Other,No,Suspected Minor Injury,None,39.11298382,-76.93506472,"(39.11298382, -76.93506472)"
DD562000CP,250041832,ROCKVILLE,Property Damage Crash,09/17/2025 12:28:00 PM,,,,,,Pedestrian,Single Vehicle,Cloudy,Dry,Daylight,No Controls,"Not Suspect of Alcohol Use, Not Suspect of Drug Use","Not Suspect of Alcohol Use, Not Suspect of Drug Use",60388359-732C-4F22-9B8D-CF95802FAD93,Pedestrian,Cross/Enter Not at Intersection,None (No Improper Action),Travel Lane Other Location,No,No Apparent Injury,None,39.09948456,-77.15952203,"(39.09948456, -77.15952203)"
DM84930052,250038512,TAKOMA,Injury Crash,08/28/2025 03:06:00 PM,,,,,,Cyclist (Electric),Single Vehicle,Clear,Dry,Daylight,No Controls,"Not Suspect of Alcohol Use, Not Suspect of Drug Use","Not Suspect of Alcohol Use, Not Suspect of Drug Use",7B21378F-7865-4BFC-85BC-834357A1BF47,Cyclist (Electric),Cross/Enter at Intersection,None (No Improper Action),Intersection Marked Crosswalk,No,Suspected Minor Injury,None,38.98057787,-77.00387256,"(38.98057787, -77.00387256)"
MCP3402004J,250045694,MONTGOMERY,Injury Crash,10/11/2025 07:45:00 AM,,,,,,Pedestrian,Single Vehicle,Clear,Dry,Daylight,No Controls,"Not Suspect of Alcohol Use, Not Suspect of Drug Use","Unknown, Not Suspect of Drug Use",A17D652D-CE84-48BD-8ED2-EEB80CE1A173,Pedestrian,Cross/Enter Not at Intersection,Other,Shoulder/Roadside,Yes,Suspected Serious Injury,None,39.04610607,-76.98632883,"(39.04610607, -76.98632883)"
MCP34040028,250045531,MONTGOMERY,Injury Crash,10/10/2025 07:59:00 AM,,,,,,Cyclist (non-electric),Single Vehicle,Clear,Dry,Daylight,No Controls,"Not Suspect of Alcohol Use, Not Suspect of Drug Use","Not Suspect of Alcohol Use, Not Suspect of Drug Use",C7C5F13F-81D7-4190-8802-BC6DC3560C33,Cyclist (non-electric),Walking/Cycling on Sidewalk,None (No Improper Action),Intersection Unmarked Crosswalk,No,Suspected Minor Injury,None,39.0189715,-77.00851861,"(39.0189715, -77.00851861)"
MCP2059008Z,250045712,MONTGOMERY,Property Damage Crash,10/11/2025 11:29:00 AM,,,,"Driveway        PARKING LOT ACCESS TO GIANT, 7142 ARLINGTON RD, BETHESDA, MD",,Occupant Of a Non-Motor Vehicle Transportation Device,Single Vehicle,Clear,,Daylight,,"Unknown, Unknown","Not Suspect of Alcohol Use, Not Suspect of Drug Use",36F60126-F2D4-4921-B828-A81797D065B1,Occupant Of a Non-Motor Vehicle Transportation Device,Walking/Cycling on Sidewalk,None (No Improper Action),Driveway Access,No,No Apparent Injury,None,38.9816165,-77.09857629,"(38.9816165, -77.09857629)"
MCP3456000Z,250045953,MONTGOMERY,Injury Crash,10/13/2025 10:50:00 AM,,,,Parking Lot Way        GAS STATION PUMP AREA,,Pedestrian,Single Vehicle,Rain,,Daylight,,"Not Suspect of Alcohol Use, Not Suspect of Drug Use","Not Suspect of Alcohol Use, Not Suspect of Drug Use",691BCB76-8EEE-46E2-9779-5EEE693A4D60,Pedestrian,Other,None (No Improper Action),Other,No,Suspected Minor Injury,None,39.150761,-77.062383,"(39.150761, -77.062383)"
DD5653005L,250046680,ROCKVILLE,Injury Crash,10/17/2025 12:01:00 PM,Maryland (State) Route,ROCKVILLE PIKE,,,,Cyclist (Electric),Single Vehicle,Clear,Dry,Daylight,Stop Sign,"Not Suspect of Alcohol Use, Not Suspect of Drug Use","Not Suspect of Alcohol Use, Not Suspect of Drug Use",7A60445F-B75F-45C3-B2FB-0C9BCC88B5E6,Cyclist (Electric),Cross/Enter at Intersection,None (No Improper Action),Sidewalk,No,Suspected Minor Injury,None,39.0718896,-77.13280976,"(39.0718896, -77.13280976)"
MCP27300053,250016207,MONTGOMERY,Injury Crash,04/11/2025 03:30:00 PM,County Route,FALCONBRIDGE DR,JONES LA,,,Pedestrian,Single Vehicle,Clear,Wet,Daylight,Traffic Control Signal,"Unknown, Unknown","Not Suspect of Alcohol Use, Not Suspect of Drug Use",88BA6CB9-5182-4684-B475-4F30EE5F9BA6,Pedestrian,Standing,None (No Improper Action),Intersection Marked Crosswalk,No,Possible Injury,None,39.10395897,-77.26446587,"(39.10395897, -77.26446587)"
MCP209400PT,250046291,MONTGOMERY,Injury Crash,10/15/2025 07:48:00 AM,County Route,MONTROSE RD,,,,Scooter (electric),Single Vehicle,Clear,Dry,Dawn,Pedestrian Crossing,"Not Suspect of Alcohol Use, Not Suspect of Drug Use","Not Suspect of Alcohol Use, Not Suspect of Drug Use",A648BC71-FD7F-4A56-9FE1-2608AFC40DC6,Scooter (electric),Cross/Enter at Intersection,None (No Improper Action),Midblock Marked Crosswalk,No,Suspected Serious Injury,None,39.05509967,-77.14686633,"(39.05509967, -77.14686633)"
MCP2361003J,250045597,MONTGOMERY,Injury Crash,10/10/2025 03:16:00 PM,County Route,RANDOLPH RD (WB/L),,,,Cyclist (Electric),Single Vehicle,Clear,Dry,Daylight,"Other Pavement Marking (excluding edgelines, centerlines, or lane lines)","Not Suspect of Alcohol Use, Not Suspect of Drug Use","Not Suspect of Alcohol Use, Not Suspect of Drug Use",21FE0824-9179-40BB-9C16-BCE1CEE62C0B,Cyclist (Electric),Walking/Cycling Along Roadway With Traffic (In or Adjacent to Travel Lane),None (No Improper Action),Travel Lane Other Location,No,Suspected Minor Injury,Helmet,39.06529075,-77.03713729,"(39.06529075, -77.03713729)"
MCP34940004,250046212,MONTGOMERY,Injury Crash,10/14/2025 04:06:00 PM,County Route,SEMINARY PL,BROOKVILLE RD SEMINARY RD,,,Pedestrian,Single Vehicle,Clear,Dry,Daylight,Stop Sign,"Not Suspect of Alcohol Use, Not Suspect of Drug Use","Not Suspect of Alcohol Use, Not Suspect of Drug Use",43CFCF9F-5A7D-4FF3-9EAC-EB4B5061B208,Pedestrian,Cross/Enter at Intersection,None (No Improper Action),Intersection Marked Crosswalk,No,Suspected Minor Injury,Unknown,39.00978017,-77.04431783,"(39.00978017, -77.04431783)"
DD5657002V,250046466,ROCKVILLE,Injury Crash,10/16/2025 07:40:00 AM,,,,Service Road        NEW UNDER CONSTRUCTION COMMUNITY,,Pedestrian,Single Vehicle,Clear,,Daylight,,"Not Suspect of Alcohol Use, Not Suspect of Drug Use","Not Suspect of Alcohol Use, Not Suspect of Drug Use",B08BA24D-3E39-4E11-A198-D186F1DC6F91,Pedestrian,Other Working,None (No Improper Action),Other,No,Suspected Minor Injury,Unknown,39.11983149,-77.1762059,"(39.11983149, -77.1762059)"
MCP30500072,250045864,MONTGOMERY,Injury Crash,10/12/2025 03:35:00 PM,Maryland (State) Route,GEORGIA AVE,,,,Scooter (electric),Single Vehicle,Clear,Dry,Daylight,Stop Sign,"Unknown, Unknown","Not Suspect of Alcohol Use, Not Suspect of Drug Use",5B08D698-4223-4784-8396-1799868B62B0,Scooter (electric),Cross/Enter at Intersection,None (No Improper Action),Driveway Access,No,Suspected Minor Injury,None,39.0803202,-77.07435803,"(39.0803202, -77.07435803)"
MCP3382002Q,250045853,MONTGOMERY,Injury Crash,10/12/2025 02:01:00 PM,Maryland (State) Route,VEIRS MILL RD (WB/L),HAVARD ST,,,Pedestrian,Single Vehicle,Clear,Dry,Daylight,No Controls,"Unknown, Unknown","Not Suspect of Alcohol Use, Not Suspect of Drug Use",46323673-220C-40F2-B475-EFB6F9576786,Pedestrian,Cross/Enter Not at Intersection,Dart/Dash,Intersection Other,Yes,Suspected Minor Injury,None,39.0583535,-77.08625218,"(39.0583535, -77.08625218)"
MCP3271006B,250046445,MONTGOMERY,Injury Crash,10/15/2025 08:50:00 PM,Maryland (State) Route,RIVER RD,,,,Pedestrian,Single Vehicle,Clear,Dry,Dark - Not Lighted,Pedestrian Crossing Sign,"Not Suspect of Alcohol Use, Not Suspect of Drug Use","Not Suspect of Alcohol Use, Not Suspect of Drug Use",C830B56C-88E9-4C83-B891-F781EDF03067,Pedestrian,Unknown,"Not Visible (Dark Clothing, No Lighting, etc.)",Unknown,No,Suspected Serious Injury,None,38.96468655,-77.10355319,"(38.96468655, -77.10355319)"
MCP311100BC,250042142,MONTGOMERY,Injury Crash,09/19/2025 07:20:00 AM,County Route,CHELTENHAM DR,PEARL ST,,,Pedestrian,Single Vehicle,Clear,Dry,Daylight,Stop Sign,"Not Suspect of Alcohol Use, Not Suspect of Drug Use","Not Suspect of Alcohol Use, Not Suspect of Drug Use",43B573E1-90AF-49C0-BCF0-CA4AC13353D6,Pedestrian,Cross/Enter at Intersection,None (No Improper Action),Intersection Unmarked Crosswalk,No,Suspected Serious Injury,None,38.98857218,-77.09170852,"(38.98857218, -77.09170852)"
MCP3382002S,250046984,MONTGOMERY,Injury Crash,10/19/2025 03:25:00 PM,County Route,ILFORD RD,,,,Pedestrian,Single Vehicle,Clear,Dry,Daylight,No Controls,"Not Suspect of Alcohol Use, Not Suspect of Drug Use","Not Suspect of Alcohol Use, Not Suspect of Drug Use",E6B0BB64-6DD7-4C90-A409-70F0AC96C9C0,Pedestrian,Cross/Enter Not at Intersection,Dart/Dash,Shoulder/Roadside,Yes,Suspected Serious Injury,None,39.058411,-77.07857833,"(39.058411, -77.07857833)"
MCP2760007L,250046591,MONTGOMERY,Injury Crash,10/16/2025 06:00:00 PM,County Route,MONTGOMERY VILLAGE AVE (SB/L),STEDWICK RD,,,Cyclist (Electric),Single Vehicle,Clear,Dry,Dark - Lighted,Traffic Control Signal,"Unknown, Unknown","Not Suspect of Alcohol Use, Not Suspect of Drug Use",355DB7C6-6356-4F44-BBFC-438A4F3E1E8A,Cyclist (Electric),Cross/Enter at Intersection,"Not Visible (Dark Clothing, No Lighting, etc.)",Intersection Marked Crosswalk,No,Possible Injury,Helmet,39.16973204,-77.20446624,"(39.16973204, -77.20446624)"
MCP2637006C,250047232,MONTGOMERY,Injury Crash,10/21/2025 08:08:00 AM,Maryland (State) Route,DARNESTOWN RD (WB/L),,,,Pedestrian,Single Vehicle,Clear,Dry,Daylight,Traffic Control Signal,"Not Suspect of Alcohol Use, Not Suspect of Drug Use","Not Suspect of Alcohol Use, Not Suspect of Drug Use",B05EB472-FFEA-48EF-86A3-9414169E9EA0,Pedestrian,Cross/Enter at Intersection,None (No Improper Action),Intersection Marked Crosswalk,No,Suspected Minor Injury,None,39.11602017,-77.24661333,"(39.11602017, -77.24661333)"
MCP285900JW,250046341,MONTGOMERY,Property Damage Crash,10/15/2025 12:40:00 PM,Municipality Route,BANK ST (EB/L),QUINCE ORCHARD RD QUINCE ORCHARD RD (SB/L),,,Pedestrian,Single Vehicle,Clear,Dry,Daylight,Traffic Control Signal,"Not Suspect of Alcohol Use, Not Suspect of Drug Use","Not Suspect of Alcohol Use, Not Suspect of Drug Use",D0001767-4F9A-443B-B9F5-F5237D057D3A,Pedestrian,Cross/Enter at Intersection,None (No Improper Action),Intersection Marked Crosswalk,No,No Apparent Injury,None,39.14002761,-77.22188436,"(39.14002761, -77.22188436)"